iteration,p0_avg_heads,p0_avg_tails,p1_avg_heads,p1_avg_tails,p0_best_response,p1_best_response,full_exploitability
1,1.000000,0.000000,0.500000,0.500000,0,1,5.000000e-01
2,1.000000,0.000000,0.333333,0.666667,0,1,6.666667e-01
3,0.750000,0.250000,0.250000,0.750000,1,1,5.000000e-01
4,0.600000,0.400000,0.200000,0.800000,1,1,4.000000e-01
5,0.500000,0.500000,0.166667,0.833333,1,1,3.333333e-01
6,0.428571,0.571429,0.285714,0.714286,1,0,2.857143e-01
7,0.375000,0.625000,0.375000,0.625000,1,0,2.500000e-01
8,0.333333,0.666667,0.444444,0.555556,1,0,2.222222e-01
9,0.300000,0.700000,0.500000,0.500000,1,0,2.000000e-01
10,0.363636,0.636364,0.545455,0.454545,0,0,1.818182e-01
11,0.416667,0.583333,0.583333,0.416667,0,0,1.666667e-01
12,0.461538,0.538462,0.615385,0.384615,0,0,1.538462e-01
13,0.500000,0.500000,0.642857,0.357143,0,0,1.428571e-01
14,0.533333,0.466667,0.666667,0.333333,0,0,2.000000e-01
15,0.562500,0.437500,0.625000,0.375000,0,1,1.875000e-01
16,0.588235,0.411765,0.588235,0.411765,0,1,1.764706e-01
17,0.611111,0.388889,0.555556,0.444444,0,1,1.666667e-01
18,0.631579,0.368421,0.526316,0.473684,0,1,1.578947e-01
19,0.650000,0.350000,0.500000,0.500000,0,1,1.500000e-01
20,0.666667,0.333333,0.476190,0.523810,0,1,1.904762e-01
21,0.636364,0.363636,0.454545,0.545455,1,1,1.818182e-01
22,0.608696,0.391304,0.434783,0.565217,1,1,1.739130e-01
23,0.583333,0.416667,0.416667,0.583333,1,1,1.666667e-01
24,0.560000,0.440000,0.400000,0.600000,1,1,1.600000e-01
25,0.538462,0.461538,0.384615,0.615385,1,1,1.538462e-01
26,0.518519,0.481481,0.370370,0.629630,1,1,1.481481e-01
27,0.500000,0.500000,0.357143,0.642857,1,1,1.428571e-01
28,0.482759,0.517241,0.379310,0.620690,1,0,1.379310e-01
29,0.466667,0.533333,0.400000,0.600000,1,0,1.333333e-01
30,0.451613,0.548387,0.419355,0.580645,1,0,1.290323e-01
31,0.437500,0.562500,0.437500,0.562500,1,0,1.250000e-01
32,0.424242,0.575758,0.454545,0.545455,1,0,1.212121e-01
33,0.411765,0.588235,0.470588,0.529412,1,0,1.176471e-01
34,0.400000,0.600000,0.485714,0.514286,1,0,1.142857e-01
35,0.388889,0.611111,0.500000,0.500000,1,0,1.111111e-01
36,0.405405,0.594595,0.513514,0.486486,0,0,1.081081e-01
37,0.421053,0.578947,0.526316,0.473684,0,0,1.052632e-01
38,0.435897,0.564103,0.538462,0.461538,0,0,1.025641e-01
39,0.450000,0.550000,0.550000,0.450000,0,0,1.000000e-01
40,0.463415,0.536585,0.560976,0.439024,0,0,9.756098e-02
41,0.476190,0.523810,0.571429,0.428571,0,0,9.523810e-02
42,0.488372,0.511628,0.581395,0.418605,0,0,9.302326e-02
43,0.500000,0.500000,0.590909,0.409091,0,0,9.090909e-02
44,0.511111,0.488889,0.600000,0.400000,0,0,1.111111e-01
45,0.521739,0.478261,0.586957,0.413043,0,1,1.086957e-01
46,0.531915,0.468085,0.574468,0.425532,0,1,1.063830e-01
47,0.541667,0.458333,0.562500,0.437500,0,1,1.041667e-01
48,0.551020,0.448980,0.551020,0.448980,0,1,1.020408e-01
49,0.560000,0.440000,0.540000,0.460000,0,1,1.000000e-01
50,0.568627,0.431373,0.529412,0.470588,0,1,9.803922e-02
51,0.576923,0.423077,0.519231,0.480769,0,1,9.615385e-02
52,0.584906,0.415094,0.509434,0.490566,0,1,9.433962e-02
53,0.592593,0.407407,0.500000,0.500000,0,1,9.259259e-02
54,0.600000,0.400000,0.490909,0.509091,0,1,1.090909e-01
55,0.589286,0.410714,0.482143,0.517857,1,1,1.071429e-01
56,0.578947,0.421053,0.473684,0.526316,1,1,1.052632e-01
57,0.568966,0.431034,0.465517,0.534483,1,1,1.034483e-01
58,0.559322,0.440678,0.457627,0.542373,1,1,1.016949e-01
59,0.550000,0.450000,0.450000,0.550000,1,1,1.000000e-01
60,0.540984,0.459016,0.442623,0.557377,1,1,9.836066e-02
61,0.532258,0.467742,0.435484,0.564516,1,1,9.677419e-02
62,0.523810,0.476190,0.428571,0.571429,1,1,9.523810e-02
63,0.515625,0.484375,0.421875,0.578125,1,1,9.375000e-02
64,0.507692,0.492308,0.415385,0.584615,1,1,9.230769e-02
65,0.500000,0.500000,0.409091,0.590909,1,1,9.090909e-02
66,0.492537,0.507463,0.417910,0.582090,1,0,8.955224e-02
67,0.485294,0.514706,0.426471,0.573529,1,0,8.823529e-02
68,0.478261,0.521739,0.434783,0.565217,1,0,8.695652e-02
69,0.471429,0.528571,0.442857,0.557143,1,0,8.571429e-02
70,0.464789,0.535211,0.450704,0.549296,1,0,8.450704e-02
71,0.458333,0.541667,0.458333,0.541667,1,0,8.333333e-02
72,0.452055,0.547945,0.465753,0.534247,1,0,8.219178e-02
73,0.445946,0.554054,0.472973,0.527027,1,0,8.108108e-02
74,0.440000,0.560000,0.480000,0.520000,1,0,8.000000e-02
75,0.434211,0.565789,0.486842,0.513158,1,0,7.894737e-02
76,0.428571,0.571429,0.493506,0.506494,1,0,7.792208e-02
77,0.423077,0.576923,0.500000,0.500000,1,0,7.692308e-02
78,0.430380,0.569620,0.506329,0.493671,0,0,7.594937e-02
79,0.437500,0.562500,0.512500,0.487500,0,0,7.500000e-02
80,0.444444,0.555556,0.518519,0.481481,0,0,7.407407e-02
81,0.451220,0.548780,0.524390,0.475610,0,0,7.317073e-02
82,0.457831,0.542169,0.530120,0.469880,0,0,7.228916e-02
83,0.464286,0.535714,0.535714,0.464286,0,0,7.142857e-02
84,0.470588,0.529412,0.541176,0.458824,0,0,7.058824e-02
85,0.476744,0.523256,0.546512,0.453488,0,0,6.976744e-02
86,0.482759,0.517241,0.551724,0.448276,0,0,6.896552e-02
87,0.488636,0.511364,0.556818,0.443182,0,0,6.818182e-02
88,0.494382,0.505618,0.561798,0.438202,0,0,6.741573e-02
89,0.500000,0.500000,0.566667,0.433333,0,0,6.666667e-02
90,0.505495,0.494505,0.571429,0.428571,0,0,7.692308e-02
91,0.510870,0.489130,0.565217,0.434783,0,1,7.608696e-02
92,0.516129,0.483871,0.559140,0.440860,0,1,7.526882e-02
93,0.521277,0.478723,0.553191,0.446809,0,1,7.446809e-02
94,0.526316,0.473684,0.547368,0.452632,0,1,7.368421e-02
95,0.531250,0.468750,0.541667,0.458333,0,1,7.291667e-02
96,0.536082,0.463918,0.536082,0.463918,0,1,7.216495e-02
97,0.540816,0.459184,0.530612,0.469388,0,1,7.142857e-02
98,0.545455,0.454545,0.525253,0.474747,0,1,7.070707e-02
99,0.550000,0.450000,0.520000,0.480000,0,1,7.000000e-02
100,0.554455,0.445545,0.514851,0.485149,0,1,6.930693e-02
101,0.558824,0.441176,0.509804,0.490196,0,1,6.862745e-02
102,0.563107,0.436893,0.504854,0.495146,0,1,6.796117e-02
103,0.567308,0.432692,0.500000,0.500000,0,1,6.730769e-02
104,0.571429,0.428571,0.495238,0.504762,0,1,7.619048e-02
105,0.566038,0.433962,0.490566,0.509434,1,1,7.547170e-02
106,0.560748,0.439252,0.485981,0.514019,1,1,7.476636e-02
107,0.555556,0.444444,0.481481,0.518519,1,1,7.407407e-02
108,0.550459,0.449541,0.477064,0.522936,1,1,7.339450e-02
109,0.545455,0.454545,0.472727,0.527273,1,1,7.272727e-02
110,0.540541,0.459459,0.468468,0.531532,1,1,7.207207e-02
111,0.535714,0.464286,0.464286,0.535714,1,1,7.142857e-02
112,0.530973,0.469027,0.460177,0.539823,1,1,7.079646e-02
113,0.526316,0.473684,0.456140,0.543860,1,1,7.017544e-02
114,0.521739,0.478261,0.452174,0.547826,1,1,6.956522e-02
115,0.517241,0.482759,0.448276,0.551724,1,1,6.896552e-02
116,0.512821,0.487179,0.444444,0.555556,1,1,6.837607e-02
117,0.508475,0.491525,0.440678,0.559322,1,1,6.779661e-02
118,0.504202,0.495798,0.436975,0.563025,1,1,6.722689e-02
119,0.500000,0.500000,0.433333,0.566667,1,1,6.666667e-02
120,0.495868,0.504132,0.438017,0.561983,1,0,6.611570e-02
121,0.491803,0.508197,0.442623,0.557377,1,0,6.557377e-02
122,0.487805,0.512195,0.447154,0.552846,1,0,6.504065e-02
123,0.483871,0.516129,0.451613,0.548387,1,0,6.451613e-02
124,0.480000,0.520000,0.456000,0.544000,1,0,6.400000e-02
125,0.476190,0.523810,0.460317,0.539683,1,0,6.349206e-02
126,0.472441,0.527559,0.464567,0.535433,1,0,6.299213e-02
127,0.468750,0.531250,0.468750,0.531250,1,0,6.250000e-02
128,0.465116,0.534884,0.472868,0.527132,1,0,6.201550e-02
129,0.461538,0.538462,0.476923,0.523077,1,0,6.153846e-02
130,0.458015,0.541985,0.480916,0.519084,1,0,6.106870e-02
131,0.454545,0.545455,0.484848,0.515152,1,0,6.060606e-02
132,0.451128,0.548872,0.488722,0.511278,1,0,6.015038e-02
133,0.447761,0.552239,0.492537,0.507463,1,0,5.970149e-02
134,0.444444,0.555556,0.496296,0.503704,1,0,5.925926e-02
135,0.441176,0.558824,0.500000,0.500000,1,0,5.882353e-02
136,0.445255,0.554745,0.503650,0.496350,0,0,5.839416e-02
137,0.449275,0.550725,0.507246,0.492754,0,0,5.797101e-02
138,0.453237,0.546763,0.510791,0.489209,0,0,5.755396e-02
139,0.457143,0.542857,0.514286,0.485714,0,0,5.714286e-02
140,0.460993,0.539007,0.517730,0.482270,0,0,5.673759e-02
141,0.464789,0.535211,0.521127,0.478873,0,0,5.633803e-02
142,0.468531,0.531469,0.524476,0.475524,0,0,5.594406e-02
143,0.472222,0.527778,0.527778,0.472222,0,0,5.555556e-02
144,0.475862,0.524138,0.531034,0.468966,0,0,5.517241e-02
145,0.479452,0.520548,0.534247,0.465753,0,0,5.479452e-02
146,0.482993,0.517007,0.537415,0.462585,0,0,5.442177e-02
147,0.486486,0.513514,0.540541,0.459459,0,0,5.405405e-02
148,0.489933,0.510067,0.543624,0.456376,0,0,5.369128e-02
149,0.493333,0.506667,0.546667,0.453333,0,0,5.333333e-02
150,0.496689,0.503311,0.549669,0.450331,0,0,5.298013e-02
151,0.500000,0.500000,0.552632,0.447368,0,0,5.263158e-02
152,0.503268,0.496732,0.555556,0.444444,0,0,5.882353e-02
153,0.506494,0.493506,0.551948,0.448052,0,1,5.844156e-02
154,0.509677,0.490323,0.548387,0.451613,0,1,5.806452e-02
155,0.512821,0.487179,0.544872,0.455128,0,1,5.769231e-02
156,0.515924,0.484076,0.541401,0.458599,0,1,5.732484e-02
157,0.518987,0.481013,0.537975,0.462025,0,1,5.696203e-02
158,0.522013,0.477987,0.534591,0.465409,0,1,5.660377e-02
159,0.525000,0.475000,0.531250,0.468750,0,1,5.625000e-02
160,0.527950,0.472050,0.527950,0.472050,0,1,5.590062e-02
161,0.530864,0.469136,0.524691,0.475309,0,1,5.555556e-02
162,0.533742,0.466258,0.521472,0.478528,0,1,5.521472e-02
163,0.536585,0.463415,0.518293,0.481707,0,1,5.487805e-02
164,0.539394,0.460606,0.515152,0.484848,0,1,5.454545e-02
165,0.542169,0.457831,0.512048,0.487952,0,1,5.421687e-02
166,0.544910,0.455090,0.508982,0.491018,0,1,5.389222e-02
167,0.547619,0.452381,0.505952,0.494048,0,1,5.357143e-02
168,0.550296,0.449704,0.502959,0.497041,0,1,5.325444e-02
169,0.552941,0.447059,0.500000,0.500000,0,1,5.294118e-02
170,0.555556,0.444444,0.497076,0.502924,0,1,5.847953e-02
171,0.552326,0.447674,0.494186,0.505814,1,1,5.813953e-02
172,0.549133,0.450867,0.491329,0.508671,1,1,5.780347e-02
173,0.545977,0.454023,0.488506,0.511494,1,1,5.747126e-02
174,0.542857,0.457143,0.485714,0.514286,1,1,5.714286e-02
175,0.539773,0.460227,0.482955,0.517045,1,1,5.681818e-02
176,0.536723,0.463277,0.480226,0.519774,1,1,5.649718e-02
177,0.533708,0.466292,0.477528,0.522472,1,1,5.617978e-02
178,0.530726,0.469274,0.474860,0.525140,1,1,5.586592e-02
179,0.527778,0.472222,0.472222,0.527778,1,1,5.555556e-02
180,0.524862,0.475138,0.469613,0.530387,1,1,5.524862e-02
181,0.521978,0.478022,0.467033,0.532967,1,1,5.494505e-02
182,0.519126,0.480874,0.464481,0.535519,1,1,5.464481e-02
183,0.516304,0.483696,0.461957,0.538043,1,1,5.434783e-02
184,0.513514,0.486486,0.459459,0.540541,1,1,5.405405e-02
185,0.510753,0.489247,0.456989,0.543011,1,1,5.376344e-02
186,0.508021,0.491979,0.454545,0.545455,1,1,5.347594e-02
187,0.505319,0.494681,0.452128,0.547872,1,1,5.319149e-02
188,0.502646,0.497354,0.449735,0.550265,1,1,5.291005e-02
189,0.500000,0.500000,0.447368,0.552632,1,1,5.263158e-02
190,0.497382,0.502618,0.450262,0.549738,1,0,5.235602e-02
191,0.494792,0.505208,0.453125,0.546875,1,0,5.208333e-02
192,0.492228,0.507772,0.455959,0.544041,1,0,5.181347e-02
193,0.489691,0.510309,0.458763,0.541237,1,0,5.154639e-02
194,0.487179,0.512821,0.461538,0.538462,1,0,5.128205e-02
195,0.484694,0.515306,0.464286,0.535714,1,0,5.102041e-02
196,0.482234,0.517766,0.467005,0.532995,1,0,5.076142e-02
197,0.479798,0.520202,0.469697,0.530303,1,0,5.050505e-02
198,0.477387,0.522613,0.472362,0.527638,1,0,5.025126e-02
199,0.475000,0.525000,0.475000,0.525000,1,0,5.000000e-02
200,0.472637,0.527363,0.477612,0.522388,1,0,4.975124e-02
201,0.470297,0.529703,0.480198,0.519802,1,0,4.950495e-02
202,0.467980,0.532020,0.482759,0.517241,1,0,4.926108e-02
203,0.465686,0.534314,0.485294,0.514706,1,0,4.901961e-02
204,0.463415,0.536585,0.487805,0.512195,1,0,4.878049e-02
205,0.461165,0.538835,0.490291,0.509709,1,0,4.854369e-02
206,0.458937,0.541063,0.492754,0.507246,1,0,4.830918e-02
207,0.456731,0.543269,0.495192,0.504808,1,0,4.807692e-02
208,0.454545,0.545455,0.497608,0.502392,1,0,4.784689e-02
209,0.452381,0.547619,0.500000,0.500000,1,0,4.761905e-02
210,0.454976,0.545024,0.502370,0.497630,0,0,4.739336e-02
211,0.457547,0.542453,0.504717,0.495283,0,0,4.716981e-02
212,0.460094,0.539906,0.507042,0.492958,0,0,4.694836e-02
213,0.462617,0.537383,0.509346,0.490654,0,0,4.672897e-02
214,0.465116,0.534884,0.511628,0.488372,0,0,4.651163e-02
215,0.467593,0.532407,0.513889,0.486111,0,0,4.629630e-02
216,0.470046,0.529954,0.516129,0.483871,0,0,4.608295e-02
217,0.472477,0.527523,0.518349,0.481651,0,0,4.587156e-02
218,0.474886,0.525114,0.520548,0.479452,0,0,4.566210e-02
219,0.477273,0.522727,0.522727,0.477273,0,0,4.545455e-02
220,0.479638,0.520362,0.524887,0.475113,0,0,4.524887e-02
221,0.481982,0.518018,0.527027,0.472973,0,0,4.504505e-02
222,0.484305,0.515695,0.529148,0.470852,0,0,4.484305e-02
223,0.486607,0.513393,0.531250,0.468750,0,0,4.464286e-02
224,0.488889,0.511111,0.533333,0.466667,0,0,4.444444e-02
225,0.491150,0.508850,0.535398,0.464602,0,0,4.424779e-02
226,0.493392,0.506608,0.537445,0.462555,0,0,4.405286e-02
227,0.495614,0.504386,0.539474,0.460526,0,0,4.385965e-02
228,0.497817,0.502183,0.541485,0.458515,0,0,4.366812e-02
229,0.500000,0.500000,0.543478,0.456522,0,0,4.347826e-02
230,0.502165,0.497835,0.545455,0.454545,0,0,4.761905e-02
231,0.504310,0.495690,0.543103,0.456897,0,1,4.741379e-02
232,0.506438,0.493562,0.540773,0.459227,0,1,4.721030e-02
233,0.508547,0.491453,0.538462,0.461538,0,1,4.700855e-02
234,0.510638,0.489362,0.536170,0.463830,0,1,4.680851e-02
235,0.512712,0.487288,0.533898,0.466102,0,1,4.661017e-02
236,0.514768,0.485232,0.531646,0.468354,0,1,4.641350e-02
237,0.516807,0.483193,0.529412,0.470588,0,1,4.621849e-02
238,0.518828,0.481172,0.527197,0.472803,0,1,4.602510e-02
239,0.520833,0.479167,0.525000,0.475000,0,1,4.583333e-02
240,0.522822,0.477178,0.522822,0.477178,0,1,4.564315e-02
241,0.524793,0.475207,0.520661,0.479339,0,1,4.545455e-02
242,0.526749,0.473251,0.518519,0.481481,0,1,4.526749e-02
243,0.528689,0.471311,0.516393,0.483607,0,1,4.508197e-02
244,0.530612,0.469388,0.514286,0.485714,0,1,4.489796e-02
245,0.532520,0.467480,0.512195,0.487805,0,1,4.471545e-02
246,0.534413,0.465587,0.510121,0.489879,0,1,4.453441e-02
247,0.536290,0.463710,0.508065,0.491935,0,1,4.435484e-02
248,0.538153,0.461847,0.506024,0.493976,0,1,4.417671e-02
249,0.540000,0.460000,0.504000,0.496000,0,1,4.400000e-02
250,0.541833,0.458167,0.501992,0.498008,0,1,4.382470e-02
251,0.543651,0.456349,0.500000,0.500000,0,1,4.365079e-02
252,0.545455,0.454545,0.498024,0.501976,0,1,4.743083e-02
253,0.543307,0.456693,0.496063,0.503937,1,1,4.724409e-02
254,0.541176,0.458824,0.494118,0.505882,1,1,4.705882e-02
255,0.539062,0.460938,0.492188,0.507812,1,1,4.687500e-02
256,0.536965,0.463035,0.490272,0.509728,1,1,4.669261e-02
257,0.534884,0.465116,0.488372,0.511628,1,1,4.651163e-02
258,0.532819,0.467181,0.486486,0.513514,1,1,4.633205e-02
259,0.530769,0.469231,0.484615,0.515385,1,1,4.615385e-02
260,0.528736,0.471264,0.482759,0.517241,1,1,4.597701e-02
261,0.526718,0.473282,0.480916,0.519084,1,1,4.580153e-02
262,0.524715,0.475285,0.479087,0.520913,1,1,4.562738e-02
263,0.522727,0.477273,0.477273,0.522727,1,1,4.545455e-02
264,0.520755,0.479245,0.475472,0.524528,1,1,4.528302e-02
265,0.518797,0.481203,0.473684,0.526316,1,1,4.511278e-02
266,0.516854,0.483146,0.471910,0.528090,1,1,4.494382e-02
267,0.514925,0.485075,0.470149,0.529851,1,1,4.477612e-02
268,0.513011,0.486989,0.468401,0.531599,1,1,4.460967e-02
269,0.511111,0.488889,0.466667,0.533333,1,1,4.444444e-02
270,0.509225,0.490775,0.464945,0.535055,1,1,4.428044e-02
271,0.507353,0.492647,0.463235,0.536765,1,1,4.411765e-02
272,0.505495,0.494505,0.461538,0.538462,1,1,4.395604e-02
273,0.503650,0.496350,0.459854,0.540146,1,1,4.379562e-02
274,0.501818,0.498182,0.458182,0.541818,1,1,4.363636e-02
275,0.500000,0.500000,0.456522,0.543478,1,1,4.347826e-02
276,0.498195,0.501805,0.458484,0.541516,1,0,4.332130e-02
277,0.496403,0.503597,0.460432,0.539568,1,0,4.316547e-02
278,0.494624,0.505376,0.462366,0.537634,1,0,4.301075e-02
279,0.492857,0.507143,0.464286,0.535714,1,0,4.285714e-02
280,0.491103,0.508897,0.466192,0.533808,1,0,4.270463e-02
281,0.489362,0.510638,0.468085,0.531915,1,0,4.255319e-02
282,0.487633,0.512367,0.469965,0.530035,1,0,4.240283e-02
283,0.485915,0.514085,0.471831,0.528169,1,0,4.225352e-02
284,0.484211,0.515789,0.473684,0.526316,1,0,4.210526e-02
285,0.482517,0.517483,0.475524,0.524476,1,0,4.195804e-02
286,0.480836,0.519164,0.477352,0.522648,1,0,4.181185e-02
287,0.479167,0.520833,0.479167,0.520833,1,0,4.166667e-02
288,0.477509,0.522491,0.480969,0.519031,1,0,4.152249e-02
289,0.475862,0.524138,0.482759,0.517241,1,0,4.137931e-02
290,0.474227,0.525773,0.484536,0.515464,1,0,4.123711e-02
291,0.472603,0.527397,0.486301,0.513699,1,0,4.109589e-02
292,0.470990,0.529010,0.488055,0.511945,1,0,4.095563e-02
293,0.469388,0.530612,0.489796,0.510204,1,0,4.081633e-02
294,0.467797,0.532203,0.491525,0.508475,1,0,4.067797e-02
295,0.466216,0.533784,0.493243,0.506757,1,0,4.054054e-02
296,0.464646,0.535354,0.494949,0.505051,1,0,4.040404e-02
297,0.463087,0.536913,0.496644,0.503356,1,0,4.026846e-02
298,0.461538,0.538462,0.498328,0.501672,1,0,4.013378e-02
299,0.460000,0.540000,0.500000,0.500000,1,0,4.000000e-02
300,0.461794,0.538206,0.501661,0.498339,0,0,3.986711e-02
301,0.463576,0.536424,0.503311,0.496689,0,0,3.973510e-02
302,0.465347,0.534653,0.504950,0.495050,0,0,3.960396e-02
303,0.467105,0.532895,0.506579,0.493421,0,0,3.947368e-02
304,0.468852,0.531148,0.508197,0.491803,0,0,3.934426e-02
305,0.470588,0.529412,0.509804,0.490196,0,0,3.921569e-02
306,0.472313,0.527687,0.511401,0.488599,0,0,3.908795e-02
307,0.474026,0.525974,0.512987,0.487013,0,0,3.896104e-02
308,0.475728,0.524272,0.514563,0.485437,0,0,3.883495e-02
309,0.477419,0.522581,0.516129,0.483871,0,0,3.870968e-02
310,0.479100,0.520900,0.517685,0.482315,0,0,3.858521e-02
311,0.480769,0.519231,0.519231,0.480769,0,0,3.846154e-02
312,0.482428,0.517572,0.520767,0.479233,0,0,3.833866e-02
313,0.484076,0.515924,0.522293,0.477707,0,0,3.821656e-02
314,0.485714,0.514286,0.523810,0.476190,0,0,3.809524e-02
315,0.487342,0.512658,0.525316,0.474684,0,0,3.797468e-02
316,0.488959,0.511041,0.526814,0.473186,0,0,3.785489e-02
317,0.490566,0.509434,0.528302,0.471698,0,0,3.773585e-02
318,0.492163,0.507837,0.529781,0.470219,0,0,3.761755e-02
319,0.493750,0.506250,0.531250,0.468750,0,0,3.750000e-02
320,0.495327,0.504673,0.532710,0.467290,0,0,3.738318e-02
321,0.496894,0.503106,0.534161,0.465839,0,0,3.726708e-02
322,0.498452,0.501548,0.535604,0.464396,0,0,3.715170e-02
323,0.500000,0.500000,0.537037,0.462963,0,0,3.703704e-02
324,0.501538,0.498462,0.538462,0.461538,0,0,4.000000e-02
325,0.503067,0.496933,0.536810,0.463190,0,1,3.987730e-02
326,0.504587,0.495413,0.535168,0.464832,0,1,3.975535e-02
327,0.506098,0.493902,0.533537,0.466463,0,1,3.963415e-02
328,0.507599,0.492401,0.531915,0.468085,0,1,3.951368e-02
329,0.509091,0.490909,0.530303,0.469697,0,1,3.939394e-02
330,0.510574,0.489426,0.528701,0.471299,0,1,3.927492e-02
331,0.512048,0.487952,0.527108,0.472892,0,1,3.915663e-02
332,0.513514,0.486486,0.525526,0.474474,0,1,3.903904e-02
333,0.514970,0.485030,0.523952,0.476048,0,1,3.892216e-02
334,0.516418,0.483582,0.522388,0.477612,0,1,3.880597e-02
335,0.517857,0.482143,0.520833,0.479167,0,1,3.869048e-02
336,0.519288,0.480712,0.519288,0.480712,0,1,3.857567e-02
337,0.520710,0.479290,0.517751,0.482249,0,1,3.846154e-02
338,0.522124,0.477876,0.516224,0.483776,0,1,3.834808e-02
339,0.523529,0.476471,0.514706,0.485294,0,1,3.823529e-02
340,0.524927,0.475073,0.513196,0.486804,0,1,3.812317e-02
341,0.526316,0.473684,0.511696,0.488304,0,1,3.801170e-02
342,0.527697,0.472303,0.510204,0.489796,0,1,3.790087e-02
343,0.529070,0.470930,0.508721,0.491279,0,1,3.779070e-02
344,0.530435,0.469565,0.507246,0.492754,0,1,3.768116e-02
345,0.531792,0.468208,0.505780,0.494220,0,1,3.757225e-02
346,0.533141,0.466859,0.504323,0.495677,0,1,3.746398e-02
347,0.534483,0.465517,0.502874,0.497126,0,1,3.735632e-02
348,0.535817,0.464183,0.501433,0.498567,0,1,3.724928e-02
349,0.537143,0.462857,0.500000,0.500000,0,1,3.714286e-02
350,0.538462,0.461538,0.498575,0.501425,0,1,3.988604e-02
351,0.536932,0.463068,0.497159,0.502841,1,1,3.977273e-02
352,0.535411,0.464589,0.495751,0.504249,1,1,3.966006e-02
353,0.533898,0.466102,0.494350,0.505650,1,1,3.954802e-02
354,0.532394,0.467606,0.492958,0.507042,1,1,3.943662e-02
355,0.530899,0.469101,0.491573,0.508427,1,1,3.932584e-02
356,0.529412,0.470588,0.490196,0.509804,1,1,3.921569e-02
357,0.527933,0.472067,0.488827,0.511173,1,1,3.910615e-02
358,0.526462,0.473538,0.487465,0.512535,1,1,3.899721e-02
359,0.525000,0.475000,0.486111,0.513889,1,1,3.888889e-02
360,0.523546,0.476454,0.484765,0.515235,1,1,3.878116e-02
361,0.522099,0.477901,0.483425,0.516575,1,1,3.867403e-02
362,0.520661,0.479339,0.482094,0.517906,1,1,3.856749e-02
363,0.519231,0.480769,0.480769,0.519231,1,1,3.846154e-02
364,0.517808,0.482192,0.479452,0.520548,1,1,3.835616e-02
365,0.516393,0.483607,0.478142,0.521858,1,1,3.825137e-02
366,0.514986,0.485014,0.476839,0.523161,1,1,3.814714e-02
367,0.513587,0.486413,0.475543,0.524457,1,1,3.804348e-02
368,0.512195,0.487805,0.474255,0.525745,1,1,3.794038e-02
369,0.510811,0.489189,0.472973,0.527027,1,1,3.783784e-02
370,0.509434,0.490566,0.471698,0.528302,1,1,3.773585e-02
371,0.508065,0.491935,0.470430,0.529570,1,1,3.763441e-02
372,0.506702,0.493298,0.469169,0.530831,1,1,3.753351e-02
373,0.505348,0.494652,0.467914,0.532086,1,1,3.743316e-02
374,0.504000,0.496000,0.466667,0.533333,1,1,3.733333e-02
375,0.502660,0.497340,0.465426,0.534574,1,1,3.723404e-02
376,0.501326,0.498674,0.464191,0.535809,1,1,3.713528e-02
377,0.500000,0.500000,0.462963,0.537037,1,1,3.703704e-02
378,0.498681,0.501319,0.464380,0.535620,1,0,3.693931e-02
379,0.497368,0.502632,0.465789,0.534211,1,0,3.684211e-02
380,0.496063,0.503937,0.467192,0.532808,1,0,3.674541e-02
381,0.494764,0.505236,0.468586,0.531414,1,0,3.664921e-02
382,0.493473,0.506527,0.469974,0.530026,1,0,3.655352e-02
383,0.492188,0.507812,0.471354,0.528646,1,0,3.645833e-02
384,0.490909,0.509091,0.472727,0.527273,1,0,3.636364e-02
385,0.489637,0.510363,0.474093,0.525907,1,0,3.626943e-02
386,0.488372,0.511628,0.475452,0.524548,1,0,3.617571e-02
387,0.487113,0.512887,0.476804,0.523196,1,0,3.608247e-02
388,0.485861,0.514139,0.478149,0.521851,1,0,3.598972e-02
389,0.484615,0.515385,0.479487,0.520513,1,0,3.589744e-02
390,0.483376,0.516624,0.480818,0.519182,1,0,3.580563e-02
391,0.482143,0.517857,0.482143,0.517857,1,0,3.571429e-02
392,0.480916,0.519084,0.483461,0.516539,1,0,3.562341e-02
393,0.479695,0.520305,0.484772,0.515228,1,0,3.553299e-02
394,0.478481,0.521519,0.486076,0.513924,1,0,3.544304e-02
395,0.477273,0.522727,0.487374,0.512626,1,0,3.535354e-02
396,0.476071,0.523929,0.488665,0.511335,1,0,3.526448e-02
397,0.474874,0.525126,0.489950,0.510050,1,0,3.517588e-02
398,0.473684,0.526316,0.491228,0.508772,1,0,3.508772e-02
399,0.472500,0.527500,0.492500,0.507500,1,0,3.500000e-02
400,0.471322,0.528678,0.493766,0.506234,1,0,3.491272e-02
401,0.470149,0.529851,0.495025,0.504975,1,0,3.482587e-02
402,0.468983,0.531017,0.496278,0.503722,1,0,3.473945e-02
403,0.467822,0.532178,0.497525,0.502475,1,0,3.465347e-02
404,0.466667,0.533333,0.498765,0.501235,1,0,3.456790e-02
405,0.465517,0.534483,0.500000,0.500000,1,0,3.448276e-02
406,0.466830,0.533170,0.501229,0.498771,0,0,3.439803e-02
407,0.468137,0.531863,0.502451,0.497549,0,0,3.431373e-02
408,0.469438,0.530562,0.503667,0.496333,0,0,3.422983e-02
409,0.470732,0.529268,0.504878,0.495122,0,0,3.414634e-02
410,0.472019,0.527981,0.506083,0.493917,0,0,3.406326e-02
411,0.473301,0.526699,0.507282,0.492718,0,0,3.398058e-02
412,0.474576,0.525424,0.508475,0.491525,0,0,3.389831e-02
413,0.475845,0.524155,0.509662,0.490338,0,0,3.381643e-02
414,0.477108,0.522892,0.510843,0.489157,0,0,3.373494e-02
415,0.478365,0.521635,0.512019,0.487981,0,0,3.365385e-02
416,0.479616,0.520384,0.513189,0.486811,0,0,3.357314e-02
417,0.480861,0.519139,0.514354,0.485646,0,0,3.349282e-02
418,0.482100,0.517900,0.515513,0.484487,0,0,3.341289e-02
419,0.483333,0.516667,0.516667,0.483333,0,0,3.333333e-02
420,0.484561,0.515439,0.517815,0.482185,0,0,3.325416e-02
421,0.485782,0.514218,0.518957,0.481043,0,0,3.317536e-02
422,0.486998,0.513002,0.520095,0.479905,0,0,3.309693e-02
423,0.488208,0.511792,0.521226,0.478774,0,0,3.301887e-02
424,0.489412,0.510588,0.522353,0.477647,0,0,3.294118e-02
425,0.490610,0.509390,0.523474,0.476526,0,0,3.286385e-02
426,0.491803,0.508197,0.524590,0.475410,0,0,3.278689e-02
427,0.492991,0.507009,0.525701,0.474299,0,0,3.271028e-02
428,0.494172,0.505828,0.526807,0.473193,0,0,3.263403e-02
429,0.495349,0.504651,0.527907,0.472093,0,0,3.255814e-02
430,0.496520,0.503480,0.529002,0.470998,0,0,3.248260e-02
431,0.497685,0.502315,0.530093,0.469907,0,0,3.240741e-02
432,0.498845,0.501155,0.531178,0.468822,0,0,3.233256e-02
433,0.500000,0.500000,0.532258,0.467742,0,0,3.225806e-02
434,0.501149,0.498851,0.533333,0.466667,0,0,3.448276e-02
435,0.502294,0.497706,0.532110,0.467890,0,1,3.440367e-02
436,0.503432,0.496568,0.530892,0.469108,0,1,3.432494e-02
437,0.504566,0.495434,0.529680,0.470320,0,1,3.424658e-02
438,0.505695,0.494305,0.528474,0.471526,0,1,3.416856e-02
439,0.506818,0.493182,0.527273,0.472727,0,1,3.409091e-02
440,0.507937,0.492063,0.526077,0.473923,0,1,3.401361e-02
441,0.509050,0.490950,0.524887,0.475113,0,1,3.393665e-02
442,0.510158,0.489842,0.523702,0.476298,0,1,3.386005e-02
443,0.511261,0.488739,0.522523,0.477477,0,1,3.378378e-02
444,0.512360,0.487640,0.521348,0.478652,0,1,3.370787e-02
445,0.513453,0.486547,0.520179,0.479821,0,1,3.363229e-02
446,0.514541,0.485459,0.519016,0.480984,0,1,3.355705e-02
447,0.515625,0.484375,0.517857,0.482143,0,1,3.348214e-02
448,0.516704,0.483296,0.516704,0.483296,0,1,3.340757e-02
449,0.517778,0.482222,0.515556,0.484444,0,1,3.333333e-02
450,0.518847,0.481153,0.514412,0.485588,0,1,3.325942e-02
451,0.519912,0.480088,0.513274,0.486726,0,1,3.318584e-02
452,0.520971,0.479029,0.512141,0.487859,0,1,3.311258e-02
453,0.522026,0.477974,0.511013,0.488987,0,1,3.303965e-02
454,0.523077,0.476923,0.509890,0.490110,0,1,3.296703e-02
455,0.524123,0.475877,0.508772,0.491228,0,1,3.289474e-02
456,0.525164,0.474836,0.507659,0.492341,0,1,3.282276e-02
457,0.526201,0.473799,0.506550,0.493450,0,1,3.275109e-02
458,0.527233,0.472767,0.505447,0.494553,0,1,3.267974e-02
459,0.528261,0.471739,0.504348,0.495652,0,1,3.260870e-02
460,0.529284,0.470716,0.503254,0.496746,0,1,3.253796e-02
461,0.530303,0.469697,0.502165,0.497835,0,1,3.246753e-02
462,0.531317,0.468683,0.501080,0.498920,0,1,3.239741e-02
463,0.532328,0.467672,0.500000,0.500000,0,1,3.232759e-02
464,0.533333,0.466667,0.498925,0.501075,0,1,3.440860e-02
465,0.532189,0.467811,0.497854,0.502146,1,1,3.433476e-02
466,0.531049,0.468951,0.496788,0.503212,1,1,3.426124e-02
467,0.529915,0.470085,0.495726,0.504274,1,1,3.418803e-02
468,0.528785,0.471215,0.494670,0.505330,1,1,3.411514e-02
469,0.527660,0.472340,0.493617,0.506383,1,1,3.404255e-02
470,0.526539,0.473461,0.492569,0.507431,1,1,3.397028e-02
471,0.525424,0.474576,0.491525,0.508475,1,1,3.389831e-02
472,0.524313,0.475687,0.490486,0.509514,1,1,3.382664e-02
473,0.523207,0.476793,0.489451,0.510549,1,1,3.375527e-02
474,0.522105,0.477895,0.488421,0.511579,1,1,3.368421e-02
475,0.521008,0.478992,0.487395,0.512605,1,1,3.361345e-02
476,0.519916,0.480084,0.486373,0.513627,1,1,3.354298e-02
477,0.518828,0.481172,0.485356,0.514644,1,1,3.347280e-02
478,0.517745,0.482255,0.484342,0.515658,1,1,3.340292e-02
479,0.516667,0.483333,0.483333,0.516667,1,1,3.333333e-02
480,0.515593,0.484407,0.482328,0.517672,1,1,3.326403e-02
481,0.514523,0.485477,0.481328,0.518672,1,1,3.319502e-02
482,0.513458,0.486542,0.480331,0.519669,1,1,3.312629e-02
483,0.512397,0.487603,0.479339,0.520661,1,1,3.305785e-02
484,0.511340,0.488660,0.478351,0.521649,1,1,3.298969e-02
485,0.510288,0.489712,0.477366,0.522634,1,1,3.292181e-02
486,0.509240,0.490760,0.476386,0.523614,1,1,3.285421e-02
487,0.508197,0.491803,0.475410,0.524590,1,1,3.278689e-02
488,0.507157,0.492843,0.474438,0.525562,1,1,3.271984e-02
489,0.506122,0.493878,0.473469,0.526531,1,1,3.265306e-02
490,0.505092,0.494908,0.472505,0.527495,1,1,3.258656e-02
491,0.504065,0.495935,0.471545,0.528455,1,1,3.252033e-02
492,0.503043,0.496957,0.470588,0.529412,1,1,3.245436e-02
493,0.502024,0.497976,0.469636,0.530364,1,1,3.238866e-02
494,0.501010,0.498990,0.468687,0.531313,1,1,3.232323e-02
495,0.500000,0.500000,0.467742,0.532258,1,1,3.225806e-02
496,0.498994,0.501006,0.468813,0.531187,1,0,3.219316e-02
497,0.497992,0.502008,0.469880,0.530120,1,0,3.212851e-02
498,0.496994,0.503006,0.470942,0.529058,1,0,3.206413e-02
499,0.496000,0.504000,0.472000,0.528000,1,0,3.200000e-02
500,0.495010,0.504990,0.473054,0.526946,1,0,3.193613e-02
501,0.494024,0.505976,0.474104,0.525896,1,0,3.187251e-02
502,0.493042,0.506958,0.475149,0.524851,1,0,3.180915e-02
503,0.492063,0.507937,0.476190,0.523810,1,0,3.174603e-02
504,0.491089,0.508911,0.477228,0.522772,1,0,3.168317e-02
505,0.490119,0.509881,0.478261,0.521739,1,0,3.162055e-02
506,0.489152,0.510848,0.479290,0.520710,1,0,3.155819e-02
507,0.488189,0.511811,0.480315,0.519685,1,0,3.149606e-02
508,0.487230,0.512770,0.481336,0.518664,1,0,3.143418e-02
509,0.486275,0.513725,0.482353,0.517647,1,0,3.137255e-02
510,0.485323,0.514677,0.483366,0.516634,1,0,3.131115e-02
511,0.484375,0.515625,0.484375,0.515625,1,0,3.125000e-02
512,0.483431,0.516569,0.485380,0.514620,1,0,3.118908e-02
513,0.482490,0.517510,0.486381,0.513619,1,0,3.112840e-02
514,0.481553,0.518447,0.487379,0.512621,1,0,3.106796e-02
515,0.480620,0.519380,0.488372,0.511628,1,0,3.100775e-02
516,0.479691,0.520309,0.489362,0.510638,1,0,3.094778e-02
517,0.478764,0.521236,0.490347,0.509653,1,0,3.088803e-02
518,0.477842,0.522158,0.491329,0.508671,1,0,3.082852e-02
519,0.476923,0.523077,0.492308,0.507692,1,0,3.076923e-02
520,0.476008,0.523992,0.493282,0.506718,1,0,3.071017e-02
521,0.475096,0.524904,0.494253,0.505747,1,0,3.065134e-02
522,0.474187,0.525813,0.495220,0.504780,1,0,3.059273e-02
523,0.473282,0.526718,0.496183,0.503817,1,0,3.053435e-02
524,0.472381,0.527619,0.497143,0.502857,1,0,3.047619e-02
525,0.471483,0.528517,0.498099,0.501901,1,0,3.041825e-02
526,0.470588,0.529412,0.499051,0.500949,1,0,3.036053e-02
527,0.469697,0.530303,0.500000,0.500000,1,0,3.030303e-02
528,0.470699,0.529301,0.500945,0.499055,0,0,3.024575e-02
529,0.471698,0.528302,0.501887,0.498113,0,0,3.018868e-02
530,0.472693,0.527307,0.502825,0.497175,0,0,3.013183e-02
531,0.473684,0.526316,0.503759,0.496241,0,0,3.007519e-02
532,0.474672,0.525328,0.504690,0.495310,0,0,3.001876e-02
533,0.475655,0.524345,0.505618,0.494382,0,0,2.996255e-02
534,0.476636,0.523364,0.506542,0.493458,0,0,2.990654e-02
535,0.477612,0.522388,0.507463,0.492537,0,0,2.985075e-02
536,0.478585,0.521415,0.508380,0.491620,0,0,2.979516e-02
537,0.479554,0.520446,0.509294,0.490706,0,0,2.973978e-02
538,0.480519,0.519481,0.510204,0.489796,0,0,2.968460e-02
539,0.481481,0.518519,0.511111,0.488889,0,0,2.962963e-02
540,0.482440,0.517560,0.512015,0.487985,0,0,2.957486e-02
541,0.483395,0.516605,0.512915,0.487085,0,0,2.952030e-02
542,0.484346,0.515654,0.513812,0.486188,0,0,2.946593e-02
543,0.485294,0.514706,0.514706,0.485294,0,0,2.941176e-02
544,0.486239,0.513761,0.515596,0.484404,0,0,2.935780e-02
545,0.487179,0.512821,0.516484,0.483516,0,0,2.930403e-02
546,0.488117,0.511883,0.517367,0.482633,0,0,2.925046e-02
547,0.489051,0.510949,0.518248,0.481752,0,0,2.919708e-02
548,0.489982,0.510018,0.519126,0.480874,0,0,2.914390e-02
549,0.490909,0.509091,0.520000,0.480000,0,0,2.909091e-02
550,0.491833,0.508167,0.520871,0.479129,0,0,2.903811e-02
551,0.492754,0.507246,0.521739,0.478261,0,0,2.898551e-02
552,0.493671,0.506329,0.522604,0.477396,0,0,2.893309e-02
553,0.494585,0.505415,0.523466,0.476534,0,0,2.888087e-02
554,0.495495,0.504505,0.524324,0.475676,0,0,2.882883e-02
555,0.496403,0.503597,0.525180,0.474820,0,0,2.877698e-02
556,0.497307,0.502693,0.526032,0.473968,0,0,2.872531e-02
557,0.498208,0.501792,0.526882,0.473118,0,0,2.867384e-02
558,0.499106,0.500894,0.527728,0.472272,0,0,2.862254e-02
559,0.500000,0.500000,0.528571,0.471429,0,0,2.857143e-02
560,0.500891,0.499109,0.529412,0.470588,0,0,3.030303e-02
561,0.501779,0.498221,0.528470,0.471530,0,1,3.024911e-02
562,0.502664,0.497336,0.527531,0.472469,0,1,3.019538e-02
563,0.503546,0.496454,0.526596,0.473404,0,1,3.014184e-02
564,0.504425,0.495575,0.525664,0.474336,0,1,3.008850e-02
565,0.505300,0.494700,0.524735,0.475265,0,1,3.003534e-02
566,0.506173,0.493827,0.523810,0.476190,0,1,2.998236e-02
567,0.507042,0.492958,0.522887,0.477113,0,1,2.992958e-02
568,0.507909,0.492091,0.521968,0.478032,0,1,2.987698e-02
569,0.508772,0.491228,0.521053,0.478947,0,1,2.982456e-02
570,0.509632,0.490368,0.520140,0.479860,0,1,2.977233e-02
571,0.510490,0.489510,0.519231,0.480769,0,1,2.972028e-02
572,0.511344,0.488656,0.518325,0.481675,0,1,2.966841e-02
573,0.512195,0.487805,0.517422,0.482578,0,1,2.961672e-02
574,0.513043,0.486957,0.516522,0.483478,0,1,2.956522e-02
575,0.513889,0.486111,0.515625,0.484375,0,1,2.951389e-02
576,0.514731,0.485269,0.514731,0.485269,0,1,2.946274e-02
577,0.515571,0.484429,0.513841,0.486159,0,1,2.941176e-02
578,0.516408,0.483592,0.512953,0.487047,0,1,2.936097e-02
579,0.517241,0.482759,0.512069,0.487931,0,1,2.931034e-02
580,0.518072,0.481928,0.511188,0.488812,0,1,2.925990e-02
581,0.518900,0.481100,0.510309,0.489691,0,1,2.920962e-02
582,0.519726,0.480274,0.509434,0.490566,0,1,2.915952e-02
583,0.520548,0.479452,0.508562,0.491438,0,1,2.910959e-02
584,0.521368,0.478632,0.507692,0.492308,0,1,2.905983e-02
585,0.522184,0.477816,0.506826,0.493174,0,1,2.901024e-02
586,0.522998,0.477002,0.505963,0.494037,0,1,2.896082e-02
587,0.523810,0.476190,0.505102,0.494898,0,1,2.891156e-02
588,0.524618,0.475382,0.504244,0.495756,0,1,2.886248e-02
589,0.525424,0.474576,0.503390,0.496610,0,1,2.881356e-02
590,0.526227,0.473773,0.502538,0.497462,0,1,2.876481e-02
591,0.527027,0.472973,0.501689,0.498311,0,1,2.871622e-02
592,0.527825,0.472175,0.500843,0.499157,0,1,2.866779e-02
593,0.528620,0.471380,0.500000,0.500000,0,1,2.861953e-02
594,0.529412,0.470588,0.499160,0.500840,0,1,3.025210e-02
595,0.528523,0.471477,0.498322,0.501678,1,1,3.020134e-02
596,0.527638,0.472362,0.497487,0.502513,1,1,3.015075e-02
597,0.526756,0.473244,0.496656,0.503344,1,1,3.010033e-02
598,0.525876,0.474124,0.495826,0.504174,1,1,3.005008e-02
599,0.525000,0.475000,0.495000,0.505000,1,1,3.000000e-02
600,0.524126,0.475874,0.494176,0.505824,1,1,2.995008e-02
601,0.523256,0.476744,0.493355,0.506645,1,1,2.990033e-02
602,0.522388,0.477612,0.492537,0.507463,1,1,2.985075e-02
603,0.521523,0.478477,0.491722,0.508278,1,1,2.980132e-02
604,0.520661,0.479339,0.490909,0.509091,1,1,2.975207e-02
605,0.519802,0.480198,0.490099,0.509901,1,1,2.970297e-02
606,0.518946,0.481054,0.489292,0.510708,1,1,2.965404e-02
607,0.518092,0.481908,0.488487,0.511513,1,1,2.960526e-02
608,0.517241,0.482759,0.487685,0.512315,1,1,2.955665e-02
609,0.516393,0.483607,0.486885,0.513115,1,1,2.950820e-02
610,0.515548,0.484452,0.486088,0.513912,1,1,2.945990e-02
611,0.514706,0.485294,0.485294,0.514706,1,1,2.941176e-02
612,0.513866,0.486134,0.484502,0.515498,1,1,2.936378e-02
613,0.513029,0.486971,0.483713,0.516287,1,1,2.931596e-02
614,0.512195,0.487805,0.482927,0.517073,1,1,2.926829e-02
615,0.511364,0.488636,0.482143,0.517857,1,1,2.922078e-02
616,0.510535,0.489465,0.481361,0.518639,1,1,2.917342e-02
617,0.509709,0.490291,0.480583,0.519417,1,1,2.912621e-02
618,0.508885,0.491115,0.479806,0.520194,1,1,2.907916e-02
619,0.508065,0.491935,0.479032,0.520968,1,1,2.903226e-02
620,0.507246,0.492754,0.478261,0.521739,1,1,2.898551e-02
621,0.506431,0.493569,0.477492,0.522508,1,1,2.893891e-02
622,0.505618,0.494382,0.476726,0.523274,1,1,2.889246e-02
623,0.504808,0.495192,0.475962,0.524038,1,1,2.884615e-02
624,0.504000,0.496000,0.475200,0.524800,1,1,2.880000e-02
625,0.503195,0.496805,0.474441,0.525559,1,1,2.875399e-02
626,0.502392,0.497608,0.473684,0.526316,1,1,2.870813e-02
627,0.501592,0.498408,0.472930,0.527070,1,1,2.866242e-02
628,0.500795,0.499205,0.472178,0.527822,1,1,2.861685e-02
629,0.500000,0.500000,0.471429,0.528571,1,1,2.857143e-02
630,0.499208,0.500792,0.472266,0.527734,1,0,2.852615e-02
631,0.498418,0.501582,0.473101,0.526899,1,0,2.848101e-02
632,0.497630,0.502370,0.473934,0.526066,1,0,2.843602e-02
633,0.496845,0.503155,0.474763,0.525237,1,0,2.839117e-02
634,0.496063,0.503937,0.475591,0.524409,1,0,2.834646e-02
635,0.495283,0.504717,0.476415,0.523585,1,0,2.830189e-02
636,0.494505,0.505495,0.477237,0.522763,1,0,2.825746e-02
637,0.493730,0.506270,0.478056,0.521944,1,0,2.821317e-02
638,0.492958,0.507042,0.478873,0.521127,1,0,2.816901e-02
639,0.492188,0.507812,0.479687,0.520312,1,0,2.812500e-02
640,0.491420,0.508580,0.480499,0.519501,1,0,2.808112e-02
641,0.490654,0.509346,0.481308,0.518692,1,0,2.803738e-02
642,0.489891,0.510109,0.482115,0.517885,1,0,2.799378e-02
643,0.489130,0.510870,0.482919,0.517081,1,0,2.795031e-02
644,0.488372,0.511628,0.483721,0.516279,1,0,2.790698e-02
645,0.487616,0.512384,0.484520,0.515480,1,0,2.786378e-02
646,0.486862,0.513138,0.485317,0.514683,1,0,2.782071e-02
647,0.486111,0.513889,0.486111,0.513889,1,0,2.777778e-02
648,0.485362,0.514638,0.486903,0.513097,1,0,2.773498e-02
649,0.484615,0.515385,0.487692,0.512308,1,0,2.769231e-02
650,0.483871,0.516129,0.488479,0.511521,1,0,2.764977e-02
651,0.483129,0.516871,0.489264,0.510736,1,0,2.760736e-02
652,0.482389,0.517611,0.490046,0.509954,1,0,2.756508e-02
653,0.481651,0.518349,0.490826,0.509174,1,0,2.752294e-02
654,0.480916,0.519084,0.491603,0.508397,1,0,2.748092e-02
655,0.480183,0.519817,0.492378,0.507622,1,0,2.743902e-02
656,0.479452,0.520548,0.493151,0.506849,1,0,2.739726e-02
657,0.478723,0.521277,0.493921,0.506079,1,0,2.735562e-02
658,0.477997,0.522003,0.494689,0.505311,1,0,2.731411e-02
659,0.477273,0.522727,0.495455,0.504545,1,0,2.727273e-02
660,0.476551,0.523449,0.496218,0.503782,1,0,2.723147e-02
661,0.475831,0.524169,0.496979,0.503021,1,0,2.719033e-02
662,0.475113,0.524887,0.497738,0.502262,1,0,2.714932e-02
663,0.474398,0.525602,0.498494,0.501506,1,0,2.710843e-02
664,0.473684,0.526316,0.499248,0.500752,1,0,2.706767e-02
665,0.472973,0.527027,0.500000,0.500000,1,0,2.702703e-02
666,0.473763,0.526237,0.500750,0.499250,0,0,2.698651e-02
667,0.474551,0.525449,0.501497,0.498503,0,0,2.694611e-02
668,0.475336,0.524664,0.502242,0.497758,0,0,2.690583e-02
669,0.476119,0.523881,0.502985,0.497015,0,0,2.686567e-02
670,0.476900,0.523100,0.503726,0.496274,0,0,2.682563e-02
671,0.477679,0.522321,0.504464,0.495536,0,0,2.678571e-02
672,0.478455,0.521545,0.505201,0.494799,0,0,2.674591e-02
673,0.479228,0.520772,0.505935,0.494065,0,0,2.670623e-02
674,0.480000,0.520000,0.506667,0.493333,0,0,2.666667e-02
675,0.480769,0.519231,0.507396,0.492604,0,0,2.662722e-02
676,0.481536,0.518464,0.508124,0.491876,0,0,2.658789e-02
677,0.482301,0.517699,0.508850,0.491150,0,0,2.654867e-02
678,0.483063,0.516937,0.509573,0.490427,0,0,2.650957e-02
679,0.483824,0.516176,0.510294,0.489706,0,0,2.647059e-02
680,0.484581,0.515419,0.511013,0.488987,0,0,2.643172e-02
681,0.485337,0.514663,0.511730,0.488270,0,0,2.639296e-02
682,0.486091,0.513909,0.512445,0.487555,0,0,2.635432e-02
683,0.486842,0.513158,0.513158,0.486842,0,0,2.631579e-02
684,0.487591,0.512409,0.513869,0.486131,0,0,2.627737e-02
685,0.488338,0.511662,0.514577,0.485423,0,0,2.623907e-02
686,0.489083,0.510917,0.515284,0.484716,0,0,2.620087e-02
687,0.489826,0.510174,0.515988,0.484012,0,0,2.616279e-02
688,0.490566,0.509434,0.516691,0.483309,0,0,2.612482e-02
689,0.491304,0.508696,0.517391,0.482609,0,0,2.608696e-02
690,0.492041,0.507959,0.518090,0.481910,0,0,2.604920e-02
691,0.492775,0.507225,0.518786,0.481214,0,0,2.601156e-02
692,0.493506,0.506494,0.519481,0.480519,0,0,2.597403e-02
693,0.494236,0.505764,0.520173,0.479827,0,0,2.593660e-02
694,0.494964,0.505036,0.520863,0.479137,0,0,2.589928e-02
695,0.495690,0.504310,0.521552,0.478448,0,0,2.586207e-02
696,0.496413,0.503587,0.522238,0.477762,0,0,2.582496e-02
697,0.497135,0.502865,0.522923,0.477077,0,0,2.578797e-02
698,0.497854,0.502146,0.523605,0.476395,0,0,2.575107e-02
699,0.498571,0.501429,0.524286,0.475714,0,0,2.571429e-02
700,0.499287,0.500713,0.524964,0.475036,0,0,2.567760e-02
701,0.500000,0.500000,0.525641,0.474359,0,0,2.564103e-02
702,0.500711,0.499289,0.526316,0.473684,0,0,2.702703e-02
703,0.501420,0.498580,0.525568,0.474432,0,1,2.698864e-02
704,0.502128,0.497872,0.524823,0.475177,0,1,2.695035e-02
705,0.502833,0.497167,0.524079,0.475921,0,1,2.691218e-02
706,0.503536,0.496464,0.523338,0.476662,0,1,2.687412e-02
707,0.504237,0.495763,0.522599,0.477401,0,1,2.683616e-02
708,0.504937,0.495063,0.521862,0.478138,0,1,2.679831e-02
709,0.505634,0.494366,0.521127,0.478873,0,1,2.676056e-02
710,0.506329,0.493671,0.520394,0.479606,0,1,2.672293e-02
711,0.507022,0.492978,0.519663,0.480337,0,1,2.668539e-02
712,0.507714,0.492286,0.518934,0.481066,0,1,2.664797e-02
713,0.508403,0.491597,0.518207,0.481793,0,1,2.661064e-02
714,0.509091,0.490909,0.517483,0.482517,0,1,2.657343e-02
715,0.509777,0.490223,0.516760,0.483240,0,1,2.653631e-02
716,0.510460,0.489540,0.516039,0.483961,0,1,2.649930e-02
717,0.511142,0.488858,0.515320,0.484680,0,1,2.646240e-02
718,0.511822,0.488178,0.514604,0.485396,0,1,2.642559e-02
719,0.512500,0.487500,0.513889,0.486111,0,1,2.638889e-02
720,0.513176,0.486824,0.513176,0.486824,0,1,2.635229e-02
721,0.513850,0.486150,0.512465,0.487535,0,1,2.631579e-02
722,0.514523,0.485477,0.511757,0.488243,0,1,2.627939e-02
723,0.515193,0.484807,0.511050,0.488950,0,1,2.624309e-02
724,0.515862,0.484138,0.510345,0.489655,0,1,2.620690e-02
725,0.516529,0.483471,0.509642,0.490358,0,1,2.617080e-02
726,0.517194,0.482806,0.508941,0.491059,0,1,2.613480e-02
727,0.517857,0.482143,0.508242,0.491758,0,1,2.609890e-02
728,0.518519,0.481481,0.507545,0.492455,0,1,2.606310e-02
729,0.519178,0.480822,0.506849,0.493151,0,1,2.602740e-02
730,0.519836,0.480164,0.506156,0.493844,0,1,2.599179e-02
731,0.520492,0.479508,0.505464,0.494536,0,1,2.595628e-02
732,0.521146,0.478854,0.504775,0.495225,0,1,2.592087e-02
733,0.521798,0.478202,0.504087,0.495913,0,1,2.588556e-02
734,0.522449,0.477551,0.503401,0.496599,0,1,2.585034e-02
735,0.523098,0.476902,0.502717,0.497283,0,1,2.581522e-02
736,0.523745,0.476255,0.502035,0.497965,0,1,2.578019e-02
737,0.524390,0.475610,0.501355,0.498645,0,1,2.574526e-02
738,0.525034,0.474966,0.500677,0.499323,0,1,2.571042e-02
739,0.525676,0.474324,0.500000,0.500000,0,1,2.567568e-02
740,0.526316,0.473684,0.499325,0.500675,0,1,2.699055e-02
741,0.525606,0.474394,0.498652,0.501348,1,1,2.695418e-02
742,0.524899,0.475101,0.497981,0.502019,1,1,2.691790e-02
743,0.524194,0.475806,0.497312,0.502688,1,1,2.688172e-02
744,0.523490,0.476510,0.496644,0.503356,1,1,2.684564e-02
745,0.522788,0.477212,0.495979,0.504021,1,1,2.680965e-02
746,0.522088,0.477912,0.495315,0.504685,1,1,2.677376e-02
747,0.521390,0.478610,0.494652,0.505348,1,1,2.673797e-02
748,0.520694,0.479306,0.493992,0.506008,1,1,2.670227e-02
749,0.520000,0.480000,0.493333,0.506667,1,1,2.666667e-02
750,0.519308,0.480692,0.492676,0.507324,1,1,2.663116e-02
751,0.518617,0.481383,0.492021,0.507979,1,1,2.659574e-02
752,0.517928,0.482072,0.491368,0.508632,1,1,2.656042e-02
753,0.517241,0.482759,0.490716,0.509284,1,1,2.652520e-02
754,0.516556,0.483444,0.490066,0.509934,1,1,2.649007e-02
755,0.515873,0.484127,0.489418,0.510582,1,1,2.645503e-02
756,0.515192,0.484808,0.488771,0.511229,1,1,2.642008e-02
757,0.514512,0.485488,0.488127,0.511873,1,1,2.638522e-02
758,0.513834,0.486166,0.487484,0.512516,1,1,2.635046e-02
759,0.513158,0.486842,0.486842,0.513158,1,1,2.631579e-02
760,0.512484,0.487516,0.486202,0.513798,1,1,2.628121e-02
761,0.511811,0.488189,0.485564,0.514436,1,1,2.624672e-02
762,0.511140,0.488860,0.484928,0.515072,1,1,2.621232e-02
763,0.510471,0.489529,0.484293,0.515707,1,1,2.617801e-02
764,0.509804,0.490196,0.483660,0.516340,1,1,2.614379e-02
765,0.509138,0.490862,0.483029,0.516971,1,1,2.610966e-02
766,0.508475,0.491525,0.482399,0.517601,1,1,2.607562e-02
767,0.507812,0.492188,0.481771,0.518229,1,1,2.604167e-02
768,0.507152,0.492848,0.481144,0.518856,1,1,2.600780e-02
769,0.506494,0.493506,0.480519,0.519481,1,1,2.597403e-02
770,0.505837,0.494163,0.479896,0.520104,1,1,2.594034e-02
771,0.505181,0.494819,0.479275,0.520725,1,1,2.590674e-02
772,0.504528,0.495472,0.478655,0.521345,1,1,2.587322e-02
773,0.503876,0.496124,0.478036,0.521964,1,1,2.583979e-02
774,0.503226,0.496774,0.477419,0.522581,1,1,2.580645e-02
775,0.502577,0.497423,0.476804,0.523196,1,1,2.577320e-02
776,0.501931,0.498069,0.476190,0.523810,1,1,2.574003e-02
777,0.501285,0.498715,0.475578,0.524422,1,1,2.570694e-02
778,0.500642,0.499358,0.474968,0.525032,1,1,2.567394e-02
779,0.500000,0.500000,0.474359,0.525641,1,1,2.564103e-02
780,0.499360,0.500640,0.475032,0.524968,1,0,2.560819e-02
781,0.498721,0.501279,0.475703,0.524297,1,0,2.557545e-02
782,0.498084,0.501916,0.476373,0.523627,1,0,2.554278e-02
783,0.497449,0.502551,0.477041,0.522959,1,0,2.551020e-02
784,0.496815,0.503185,0.477707,0.522293,1,0,2.547771e-02
785,0.496183,0.503817,0.478372,0.521628,1,0,2.544529e-02
786,0.495553,0.504447,0.479034,0.520966,1,0,2.541296e-02
787,0.494924,0.505076,0.479695,0.520305,1,0,2.538071e-02
788,0.494297,0.505703,0.480355,0.519645,1,0,2.534854e-02
789,0.493671,0.506329,0.481013,0.518987,1,0,2.531646e-02
790,0.493047,0.506953,0.481669,0.518331,1,0,2.528445e-02
791,0.492424,0.507576,0.482323,0.517677,1,0,2.525253e-02
792,0.491803,0.508197,0.482976,0.517024,1,0,2.522068e-02
793,0.491184,0.508816,0.483627,0.516373,1,0,2.518892e-02
794,0.490566,0.509434,0.484277,0.515723,1,0,2.515723e-02
795,0.489950,0.510050,0.484925,0.515075,1,0,2.512563e-02
796,0.489335,0.510665,0.485571,0.514429,1,0,2.509410e-02
797,0.488722,0.511278,0.486216,0.513784,1,0,2.506266e-02
798,0.488110,0.511890,0.486859,0.513141,1,0,2.503129e-02
799,0.487500,0.512500,0.487500,0.512500,1,0,2.500000e-02
800,0.486891,0.513109,0.488140,0.511860,1,0,2.496879e-02
801,0.486284,0.513716,0.488778,0.511222,1,0,2.493766e-02
802,0.485679,0.514321,0.489415,0.510585,1,0,2.490660e-02
803,0.485075,0.514925,0.490050,0.509950,1,0,2.487562e-02
804,0.484472,0.515528,0.490683,0.509317,1,0,2.484472e-02
805,0.483871,0.516129,0.491315,0.508685,1,0,2.481390e-02
806,0.483271,0.516729,0.491945,0.508055,1,0,2.478315e-02
807,0.482673,0.517327,0.492574,0.507426,1,0,2.475248e-02
808,0.482077,0.517923,0.493201,0.506799,1,0,2.472188e-02
809,0.481481,0.518519,0.493827,0.506173,1,0,2.469136e-02
810,0.480888,0.519112,0.494451,0.505549,1,0,2.466091e-02
811,0.480296,0.519704,0.495074,0.504926,1,0,2.463054e-02
812,0.479705,0.520295,0.495695,0.504305,1,0,2.460025e-02
813,0.479115,0.520885,0.496314,0.503686,1,0,2.457002e-02
814,0.478528,0.521472,0.496933,0.503067,1,0,2.453988e-02
815,0.477941,0.522059,0.497549,0.502451,1,0,2.450980e-02
816,0.477356,0.522644,0.498164,0.501836,1,0,2.447980e-02
817,0.476773,0.523227,0.498778,0.501222,1,0,2.444988e-02
818,0.476190,0.523810,0.499389,0.500611,1,0,2.442002e-02
819,0.475610,0.524390,0.500000,0.500000,1,0,2.439024e-02
820,0.476248,0.523752,0.500609,0.499391,0,0,2.436054e-02
821,0.476886,0.523114,0.501217,0.498783,0,0,2.433090e-02
822,0.477521,0.522479,0.501823,0.498177,0,0,2.430134e-02
823,0.478155,0.521845,0.502427,0.497573,0,0,2.427184e-02
824,0.478788,0.521212,0.503030,0.496970,0,0,2.424242e-02
825,0.479419,0.520581,0.503632,0.496368,0,0,2.421308e-02
826,0.480048,0.519952,0.504232,0.495768,0,0,2.418380e-02
827,0.480676,0.519324,0.504831,0.495169,0,0,2.415459e-02
828,0.481303,0.518697,0.505428,0.494572,0,0,2.412545e-02
829,0.481928,0.518072,0.506024,0.493976,0,0,2.409639e-02
830,0.482551,0.517449,0.506619,0.493381,0,0,2.406739e-02
831,0.483173,0.516827,0.507212,0.492788,0,0,2.403846e-02
832,0.483794,0.516206,0.507803,0.492197,0,0,2.400960e-02
833,0.484412,0.515588,0.508393,0.491607,0,0,2.398082e-02
834,0.485030,0.514970,0.508982,0.491018,0,0,2.395210e-02
835,0.485646,0.514354,0.509569,0.490431,0,0,2.392344e-02
836,0.486260,0.513740,0.510155,0.489845,0,0,2.389486e-02
837,0.486874,0.513126,0.510740,0.489260,0,0,2.386635e-02
838,0.487485,0.512515,0.511323,0.488677,0,0,2.383790e-02
839,0.488095,0.511905,0.511905,0.488095,0,0,2.380952e-02
840,0.488704,0.511296,0.512485,0.487515,0,0,2.378121e-02
841,0.489311,0.510689,0.513064,0.486936,0,0,2.375297e-02
842,0.489917,0.510083,0.513642,0.486358,0,0,2.372479e-02
843,0.490521,0.509479,0.514218,0.485782,0,0,2.369668e-02
844,0.491124,0.508876,0.514793,0.485207,0,0,2.366864e-02
845,0.491726,0.508274,0.515366,0.484634,0,0,2.364066e-02
846,0.492326,0.507674,0.515939,0.484061,0,0,2.361275e-02
847,0.492925,0.507075,0.516509,0.483491,0,0,2.358491e-02
848,0.493522,0.506478,0.517079,0.482921,0,0,2.355713e-02
849,0.494118,0.505882,0.517647,0.482353,0,0,2.352941e-02
850,0.494712,0.505288,0.518214,0.481786,0,0,2.350176e-02
851,0.495305,0.504695,0.518779,0.481221,0,0,2.347418e-02
852,0.495897,0.504103,0.519343,0.480657,0,0,2.344666e-02
853,0.496487,0.503513,0.519906,0.480094,0,0,2.341920e-02
854,0.497076,0.502924,0.520468,0.479532,0,0,2.339181e-02
855,0.497664,0.502336,0.521028,0.478972,0,0,2.336449e-02
856,0.498250,0.501750,0.521587,0.478413,0,0,2.333722e-02
857,0.498834,0.501166,0.522145,0.477855,0,0,2.331002e-02
858,0.499418,0.500582,0.522701,0.477299,0,0,2.328289e-02
859,0.500000,0.500000,0.523256,0.476744,0,0,2.325581e-02
860,0.500581,0.499419,0.523810,0.476190,0,0,2.439024e-02
861,0.501160,0.498840,0.523202,0.476798,0,1,2.436195e-02
862,0.501738,0.498262,0.522596,0.477404,0,1,2.433372e-02
863,0.502315,0.497685,0.521991,0.478009,0,1,2.430556e-02
864,0.502890,0.497110,0.521387,0.478613,0,1,2.427746e-02
865,0.503464,0.496536,0.520785,0.479215,0,1,2.424942e-02
866,0.504037,0.495963,0.520185,0.479815,0,1,2.422145e-02
867,0.504608,0.495392,0.519585,0.480415,0,1,2.419355e-02
868,0.505178,0.494822,0.518987,0.481013,0,1,2.416571e-02
869,0.505747,0.494253,0.518391,0.481609,0,1,2.413793e-02
870,0.506315,0.493685,0.517796,0.482204,0,1,2.411022e-02
871,0.506881,0.493119,0.517202,0.482798,0,1,2.408257e-02
872,0.507446,0.492554,0.516609,0.483391,0,1,2.405498e-02
873,0.508009,0.491991,0.516018,0.483982,0,1,2.402746e-02
874,0.508571,0.491429,0.515429,0.484571,0,1,2.400000e-02
875,0.509132,0.490868,0.514840,0.485160,0,1,2.397260e-02
876,0.509692,0.490308,0.514253,0.485747,0,1,2.394527e-02
877,0.510251,0.489749,0.513667,0.486333,0,1,2.391800e-02
878,0.510808,0.489192,0.513083,0.486917,0,1,2.389078e-02
879,0.511364,0.488636,0.512500,0.487500,0,1,2.386364e-02
880,0.511918,0.488082,0.511918,0.488082,0,1,2.383655e-02
881,0.512472,0.487528,0.511338,0.488662,0,1,2.380952e-02
882,0.513024,0.486976,0.510759,0.489241,0,1,2.378256e-02
883,0.513575,0.486425,0.510181,0.489819,0,1,2.375566e-02
884,0.514124,0.485876,0.509605,0.490395,0,1,2.372881e-02
885,0.514673,0.485327,0.509029,0.490971,0,1,2.370203e-02
886,0.515220,0.484780,0.508455,0.491545,0,1,2.367531e-02
887,0.515766,0.484234,0.507883,0.492117,0,1,2.364865e-02
888,0.516310,0.483690,0.507312,0.492688,0,1,2.362205e-02
889,0.516854,0.483146,0.506742,0.493258,0,1,2.359551e-02
890,0.517396,0.482604,0.506173,0.493827,0,1,2.356902e-02
891,0.517937,0.482063,0.505605,0.494395,0,1,2.354260e-02
892,0.518477,0.481523,0.505039,0.494961,0,1,2.351624e-02
893,0.519016,0.480984,0.504474,0.495526,0,1,2.348993e-02
894,0.519553,0.480447,0.503911,0.496089,0,1,2.346369e-02
895,0.520089,0.479911,0.503348,0.496652,0,1,2.343750e-02
896,0.520624,0.479376,0.502787,0.497213,0,1,2.341137e-02
897,0.521158,0.478842,0.502227,0.497773,0,1,2.338530e-02
898,0.521691,0.478309,0.501669,0.498331,0,1,2.335929e-02
899,0.522222,0.477778,0.501111,0.498889,0,1,2.333333e-02
900,0.522752,0.477248,0.500555,0.499445,0,1,2.330744e-02
901,0.523282,0.476718,0.500000,0.500000,0,1,2.328160e-02
902,0.523810,0.476190,0.499446,0.500554,0,1,2.436323e-02
903,0.523230,0.476770,0.498894,0.501106,1,1,2.433628e-02
904,0.522652,0.477348,0.498343,0.501657,1,1,2.430939e-02
905,0.522075,0.477925,0.497792,0.502208,1,1,2.428256e-02
906,0.521499,0.478501,0.497244,0.502756,1,1,2.425579e-02
907,0.520925,0.479075,0.496696,0.503304,1,1,2.422907e-02
908,0.520352,0.479648,0.496150,0.503850,1,1,2.420242e-02
909,0.519780,0.480220,0.495604,0.504396,1,1,2.417582e-02
910,0.519210,0.480790,0.495060,0.504940,1,1,2.414929e-02
911,0.518640,0.481360,0.494518,0.505482,1,1,2.412281e-02
912,0.518072,0.481928,0.493976,0.506024,1,1,2.409639e-02
913,0.517505,0.482495,0.493435,0.506565,1,1,2.407002e-02
914,0.516940,0.483060,0.492896,0.507104,1,1,2.404372e-02
915,0.516376,0.483624,0.492358,0.507642,1,1,2.401747e-02
916,0.515812,0.484188,0.491821,0.508179,1,1,2.399128e-02
917,0.515251,0.484749,0.491285,0.508715,1,1,2.396514e-02
918,0.514690,0.485310,0.490751,0.509249,1,1,2.393906e-02
919,0.514130,0.485870,0.490217,0.509783,1,1,2.391304e-02
920,0.513572,0.486428,0.489685,0.510315,1,1,2.388708e-02
921,0.513015,0.486985,0.489154,0.510846,1,1,2.386117e-02
922,0.512459,0.487541,0.488624,0.511376,1,1,2.383532e-02
923,0.511905,0.488095,0.488095,0.511905,1,1,2.380952e-02
924,0.511351,0.488649,0.487568,0.512432,1,1,2.378378e-02
925,0.510799,0.489201,0.487041,0.512959,1,1,2.375810e-02
926,0.510248,0.489752,0.486516,0.513484,1,1,2.373247e-02
927,0.509698,0.490302,0.485991,0.514009,1,1,2.370690e-02
928,0.509150,0.490850,0.485468,0.514532,1,1,2.368138e-02
929,0.508602,0.491398,0.484946,0.515054,1,1,2.365591e-02
930,0.508056,0.491944,0.484425,0.515575,1,1,2.363050e-02
931,0.507511,0.492489,0.483906,0.516094,1,1,2.360515e-02
932,0.506967,0.493033,0.483387,0.516613,1,1,2.357985e-02
933,0.506424,0.493576,0.482869,0.517131,1,1,2.355460e-02
934,0.505882,0.494118,0.482353,0.517647,1,1,2.352941e-02
935,0.505342,0.494658,0.481838,0.518162,1,1,2.350427e-02
936,0.504803,0.495197,0.481323,0.518677,1,1,2.347919e-02
937,0.504264,0.495736,0.480810,0.519190,1,1,2.345416e-02
938,0.503727,0.496273,0.480298,0.519702,1,1,2.342918e-02
939,0.503191,0.496809,0.479787,0.520213,1,1,2.340426e-02
940,0.502657,0.497343,0.479277,0.520723,1,1,2.337938e-02
941,0.502123,0.497877,0.478769,0.521231,1,1,2.335456e-02
942,0.501591,0.498409,0.478261,0.521739,1,1,2.332980e-02
943,0.501059,0.498941,0.477754,0.522246,1,1,2.330508e-02
944,0.500529,0.499471,0.477249,0.522751,1,1,2.328042e-02
945,0.500000,0.500000,0.476744,0.523256,1,1,2.325581e-02
946,0.499472,0.500528,0.477297,0.522703,1,0,2.323126e-02
947,0.498945,0.501055,0.477848,0.522152,1,0,2.320675e-02
948,0.498419,0.501581,0.478398,0.521602,1,0,2.318230e-02
949,0.497895,0.502105,0.478947,0.521053,1,0,2.315789e-02
950,0.497371,0.502629,0.479495,0.520505,1,0,2.313354e-02
951,0.496849,0.503151,0.480042,0.519958,1,0,2.310924e-02
952,0.496327,0.503673,0.480588,0.519412,1,0,2.308499e-02
953,0.495807,0.504193,0.481132,0.518868,1,0,2.306080e-02
954,0.495288,0.504712,0.481675,0.518325,1,0,2.303665e-02
955,0.494770,0.505230,0.482218,0.517782,1,0,2.301255e-02
956,0.494253,0.505747,0.482759,0.517241,1,0,2.298851e-02
957,0.493737,0.506263,0.483299,0.516701,1,0,2.296451e-02
958,0.493222,0.506778,0.483837,0.516163,1,0,2.294056e-02
959,0.492708,0.507292,0.484375,0.515625,1,0,2.291667e-02
960,0.492196,0.507804,0.484912,0.515088,1,0,2.289282e-02
961,0.491684,0.508316,0.485447,0.514553,1,0,2.286902e-02
962,0.491173,0.508827,0.485981,0.514019,1,0,2.284528e-02
963,0.490664,0.509336,0.486515,0.513485,1,0,2.282158e-02
964,0.490155,0.509845,0.487047,0.512953,1,0,2.279793e-02
965,0.489648,0.510352,0.487578,0.512422,1,0,2.277433e-02
966,0.489142,0.510858,0.488108,0.511892,1,0,2.275078e-02
967,0.488636,0.511364,0.488636,0.511364,1,0,2.272727e-02
968,0.488132,0.511868,0.489164,0.510836,1,0,2.270382e-02
969,0.487629,0.512371,0.489691,0.510309,1,0,2.268041e-02
970,0.487127,0.512873,0.490216,0.509784,1,0,2.265705e-02
971,0.486626,0.513374,0.490741,0.509259,1,0,2.263374e-02
972,0.486125,0.513875,0.491264,0.508736,1,0,2.261048e-02
973,0.485626,0.514374,0.491786,0.508214,1,0,2.258727e-02
974,0.485128,0.514872,0.492308,0.507692,1,0,2.256410e-02
975,0.484631,0.515369,0.492828,0.507172,1,0,2.254098e-02
976,0.484135,0.515865,0.493347,0.506653,1,0,2.251791e-02
977,0.483640,0.516360,0.493865,0.506135,1,0,2.249489e-02
978,0.483146,0.516854,0.494382,0.505618,1,0,2.247191e-02
979,0.482653,0.517347,0.494898,0.505102,1,0,2.244898e-02
980,0.482161,0.517839,0.495413,0.504587,1,0,2.242610e-02
981,0.481670,0.518330,0.495927,0.504073,1,0,2.240326e-02
982,0.481180,0.518820,0.496439,0.503561,1,0,2.238047e-02
983,0.480691,0.519309,0.496951,0.503049,1,0,2.235772e-02
984,0.480203,0.519797,0.497462,0.502538,1,0,2.233503e-02
985,0.479716,0.520284,0.497972,0.502028,1,0,2.231237e-02
986,0.479230,0.520770,0.498480,0.501520,1,0,2.228977e-02
987,0.478745,0.521255,0.498988,0.501012,1,0,2.226721e-02
988,0.478261,0.521739,0.499494,0.500506,1,0,2.224469e-02
989,0.477778,0.522222,0.500000,0.500000,1,0,2.222222e-02
990,0.478305,0.521695,0.500505,0.499495,0,0,2.219980e-02
991,0.478831,0.521169,0.501008,0.498992,0,0,2.217742e-02
992,0.479355,0.520645,0.501511,0.498489,0,0,2.215509e-02
993,0.479879,0.520121,0.502012,0.497988,0,0,2.213280e-02
994,0.480402,0.519598,0.502513,0.497487,0,0,2.211055e-02
995,0.480924,0.519076,0.503012,0.496988,0,0,2.208835e-02
996,0.481444,0.518556,0.503511,0.496489,0,0,2.206620e-02
997,0.481964,0.518036,0.504008,0.495992,0,0,2.204409e-02
998,0.482482,0.517518,0.504505,0.495495,0,0,2.202202e-02
999,0.483000,0.517000,0.505000,0.495000,0,0,2.200000e-02
1000,0.483516,0.516484,0.505495,0.494505,0,0,2.197802e-02
1001,0.484032,0.515968,0.505988,0.494012,0,0,2.195609e-02
1002,0.484546,0.515454,0.506481,0.493519,0,0,2.193420e-02
1003,0.485060,0.514940,0.506972,0.493028,0,0,2.191235e-02
1004,0.485572,0.514428,0.507463,0.492537,0,0,2.189055e-02
1005,0.486083,0.513917,0.507952,0.492048,0,0,2.186879e-02
1006,0.486594,0.513406,0.508441,0.491559,0,0,2.184707e-02
1007,0.487103,0.512897,0.508929,0.491071,0,0,2.182540e-02
1008,0.487611,0.512389,0.509415,0.490585,0,0,2.180377e-02
1009,0.488119,0.511881,0.509901,0.490099,0,0,2.178218e-02
1010,0.488625,0.511375,0.510386,0.489614,0,0,2.176063e-02
1011,0.489130,0.510870,0.510870,0.489130,0,0,2.173913e-02
1012,0.489635,0.510365,0.511352,0.488648,0,0,2.171767e-02
1013,0.490138,0.509862,0.511834,0.488166,0,0,2.169625e-02
1014,0.490640,0.509360,0.512315,0.487685,0,0,2.167488e-02
1015,0.491142,0.508858,0.512795,0.487205,0,0,2.165354e-02
1016,0.491642,0.508358,0.513274,0.486726,0,0,2.163225e-02
1017,0.492141,0.507859,0.513752,0.486248,0,0,2.161100e-02
1018,0.492640,0.507360,0.514230,0.485770,0,0,2.158979e-02
1019,0.493137,0.506863,0.514706,0.485294,0,0,2.156863e-02
1020,0.493634,0.506366,0.515181,0.484819,0,0,2.154750e-02
1021,0.494129,0.505871,0.515656,0.484344,0,0,2.152642e-02
1022,0.494624,0.505376,0.516129,0.483871,0,0,2.150538e-02
1023,0.495117,0.504883,0.516602,0.483398,0,0,2.148438e-02
1024,0.495610,0.504390,0.517073,0.482927,0,0,2.146341e-02
1025,0.496101,0.503899,0.517544,0.482456,0,0,2.144250e-02
1026,0.496592,0.503408,0.518014,0.481986,0,0,2.142162e-02
1027,0.497082,0.502918,0.518482,0.481518,0,0,2.140078e-02
1028,0.497570,0.502430,0.518950,0.481050,0,0,2.137998e-02
1029,0.498058,0.501942,0.519417,0.480583,0,0,2.135922e-02
1030,0.498545,0.501455,0.519884,0.480116,0,0,2.133851e-02
1031,0.499031,0.500969,0.520349,0.479651,0,0,2.131783e-02
1032,0.499516,0.500484,0.520813,0.479187,0,0,2.129719e-02
1033,0.500000,0.500000,0.521277,0.478723,0,0,2.127660e-02
1034,0.500483,0.499517,0.521739,0.478261,0,0,2.222222e-02
1035,0.500965,0.499035,0.521236,0.478764,0,1,2.220077e-02
1036,0.501446,0.498554,0.520733,0.479267,0,1,2.217936e-02
1037,0.501927,0.498073,0.520231,0.479769,0,1,2.215800e-02
1038,0.502406,0.497594,0.519731,0.480269,0,1,2.213667e-02
1039,0.502885,0.497115,0.519231,0.480769,0,1,2.211538e-02
1040,0.503362,0.496638,0.518732,0.481268,0,1,2.209414e-02
1041,0.503839,0.496161,0.518234,0.481766,0,1,2.207294e-02
1042,0.504314,0.495686,0.517737,0.482263,0,1,2.205177e-02
1043,0.504789,0.495211,0.517241,0.482759,0,1,2.203065e-02
1044,0.505263,0.494737,0.516746,0.483254,0,1,2.200957e-02
1045,0.505736,0.494264,0.516252,0.483748,0,1,2.198853e-02
1046,0.506208,0.493792,0.515759,0.484241,0,1,2.196753e-02
1047,0.506679,0.493321,0.515267,0.484733,0,1,2.194656e-02
1048,0.507150,0.492850,0.514776,0.485224,0,1,2.192564e-02
1049,0.507619,0.492381,0.514286,0.485714,0,1,2.190476e-02
1050,0.508088,0.491912,0.513796,0.486204,0,1,2.188392e-02
1051,0.508555,0.491445,0.513308,0.486692,0,1,2.186312e-02
1052,0.509022,0.490978,0.512821,0.487179,0,1,2.184236e-02
1053,0.509488,0.490512,0.512334,0.487666,0,1,2.182163e-02
1054,0.509953,0.490047,0.511848,0.488152,0,1,2.180095e-02
1055,0.510417,0.489583,0.511364,0.488636,0,1,2.178030e-02
1056,0.510880,0.489120,0.510880,0.489120,0,1,2.175970e-02
1057,0.511342,0.488658,0.510397,0.489603,0,1,2.173913e-02
1058,0.511804,0.488196,0.509915,0.490085,0,1,2.171860e-02
1059,0.512264,0.487736,0.509434,0.490566,0,1,2.169811e-02
1060,0.512724,0.487276,0.508954,0.491046,0,1,2.167766e-02
1061,0.513183,0.486817,0.508475,0.491525,0,1,2.165725e-02
1062,0.513641,0.486359,0.507996,0.492004,0,1,2.163688e-02
1063,0.514098,0.485902,0.507519,0.492481,0,1,2.161654e-02
1064,0.514554,0.485446,0.507042,0.492958,0,1,2.159624e-02
1065,0.515009,0.484991,0.506567,0.493433,0,1,2.157598e-02
1066,0.515464,0.484536,0.506092,0.493908,0,1,2.155576e-02
1067,0.515918,0.484082,0.505618,0.494382,0,1,2.153558e-02
1068,0.516370,0.483630,0.505145,0.494855,0,1,2.151543e-02
1069,0.516822,0.483178,0.504673,0.495327,0,1,2.149533e-02
1070,0.517274,0.482726,0.504202,0.495798,0,1,2.147526e-02
1071,0.517724,0.482276,0.503731,0.496269,0,1,2.145522e-02
1072,0.518173,0.481827,0.503262,0.496738,0,1,2.143523e-02
1073,0.518622,0.481378,0.502793,0.497207,0,1,2.141527e-02
1074,0.519070,0.480930,0.502326,0.497674,0,1,2.139535e-02
1075,0.519517,0.480483,0.501859,0.498141,0,1,2.137546e-02
1076,0.519963,0.480037,0.501393,0.498607,0,1,2.135562e-02
1077,0.520408,0.479592,0.500928,0.499072,0,1,2.133581e-02
1078,0.520853,0.479147,0.500463,0.499537,0,1,2.131603e-02
1079,0.521296,0.478704,0.500000,0.500000,0,1,2.129630e-02
1080,0.521739,0.478261,0.499537,0.500463,0,1,2.220167e-02
1081,0.521257,0.478743,0.499076,0.500924,1,1,2.218115e-02
1082,0.520776,0.479224,0.498615,0.501385,1,1,2.216066e-02
1083,0.520295,0.479705,0.498155,0.501845,1,1,2.214022e-02
1084,0.519816,0.480184,0.497696,0.502304,1,1,2.211982e-02
1085,0.519337,0.480663,0.497238,0.502762,1,1,2.209945e-02
1086,0.518859,0.481141,0.496780,0.503220,1,1,2.207912e-02
1087,0.518382,0.481618,0.496324,0.503676,1,1,2.205882e-02
1088,0.517906,0.482094,0.495868,0.504132,1,1,2.203857e-02
1089,0.517431,0.482569,0.495413,0.504587,1,1,2.201835e-02
1090,0.516957,0.483043,0.494959,0.505041,1,1,2.199817e-02
1091,0.516484,0.483516,0.494505,0.505495,1,1,2.197802e-02
1092,0.516011,0.483989,0.494053,0.505947,1,1,2.195791e-02
1093,0.515539,0.484461,0.493601,0.506399,1,1,2.193784e-02
1094,0.515068,0.484932,0.493151,0.506849,1,1,2.191781e-02
1095,0.514599,0.485401,0.492701,0.507299,1,1,2.189781e-02
1096,0.514129,0.485871,0.492252,0.507748,1,1,2.187785e-02
1097,0.513661,0.486339,0.491803,0.508197,1,1,2.185792e-02
1098,0.513194,0.486806,0.491356,0.508644,1,1,2.183803e-02
1099,0.512727,0.487273,0.490909,0.509091,1,1,2.181818e-02
1100,0.512262,0.487738,0.490463,0.509537,1,1,2.179837e-02
1101,0.511797,0.488203,0.490018,0.509982,1,1,2.177858e-02
1102,0.511333,0.488667,0.489574,0.510426,1,1,2.175884e-02
1103,0.510870,0.489130,0.489130,0.510870,1,1,2.173913e-02
1104,0.510407,0.489593,0.488688,0.511312,1,1,2.171946e-02
1105,0.509946,0.490054,0.488246,0.511754,1,1,2.169982e-02
1106,0.509485,0.490515,0.487805,0.512195,1,1,2.168022e-02
1107,0.509025,0.490975,0.487365,0.512635,1,1,2.166065e-02
1108,0.508566,0.491434,0.486925,0.513075,1,1,2.164112e-02
1109,0.508108,0.491892,0.486486,0.513514,1,1,2.162162e-02
1110,0.507651,0.492349,0.486049,0.513951,1,1,2.160216e-02
1111,0.507194,0.492806,0.485612,0.514388,1,1,2.158273e-02
1112,0.506739,0.493261,0.485175,0.514825,1,1,2.156334e-02
1113,0.506284,0.493716,0.484740,0.515260,1,1,2.154399e-02
1114,0.505830,0.494170,0.484305,0.515695,1,1,2.152466e-02
1115,0.505376,0.494624,0.483871,0.516129,1,1,2.150538e-02
1116,0.504924,0.495076,0.483438,0.516562,1,1,2.148612e-02
1117,0.504472,0.495528,0.483005,0.516995,1,1,2.146691e-02
1118,0.504021,0.495979,0.482574,0.517426,1,1,2.144772e-02
1119,0.503571,0.496429,0.482143,0.517857,1,1,2.142857e-02
1120,0.503122,0.496878,0.481713,0.518287,1,1,2.140946e-02
1121,0.502674,0.497326,0.481283,0.518717,1,1,2.139037e-02
1122,0.502226,0.497774,0.480855,0.519145,1,1,2.137133e-02
1123,0.501779,0.498221,0.480427,0.519573,1,1,2.135231e-02
1124,0.501333,0.498667,0.480000,0.520000,1,1,2.133333e-02
1125,0.500888,0.499112,0.479574,0.520426,1,1,2.131439e-02
1126,0.500444,0.499556,0.479148,0.520852,1,1,2.129547e-02
1127,0.500000,0.500000,0.478723,0.521277,1,1,2.127660e-02
1128,0.499557,0.500443,0.479185,0.520815,1,0,2.125775e-02
1129,0.499115,0.500885,0.479646,0.520354,1,0,2.123894e-02
1130,0.498674,0.501326,0.480106,0.519894,1,0,2.122016e-02
1131,0.498233,0.501767,0.480565,0.519435,1,0,2.120141e-02
1132,0.497793,0.502207,0.481024,0.518976,1,0,2.118270e-02
1133,0.497354,0.502646,0.481481,0.518519,1,0,2.116402e-02
1134,0.496916,0.503084,0.481938,0.518062,1,0,2.114537e-02
1135,0.496479,0.503521,0.482394,0.517606,1,0,2.112676e-02
1136,0.496042,0.503958,0.482850,0.517150,1,0,2.110818e-02
1137,0.495606,0.504394,0.483304,0.516696,1,0,2.108963e-02
1138,0.495171,0.504829,0.483758,0.516242,1,0,2.107112e-02
1139,0.494737,0.505263,0.484211,0.515789,1,0,2.105263e-02
1140,0.494303,0.505697,0.484663,0.515337,1,0,2.103418e-02
1141,0.493870,0.506130,0.485114,0.514886,1,0,2.101576e-02
1142,0.493438,0.506562,0.485564,0.514436,1,0,2.099738e-02
1143,0.493007,0.506993,0.486014,0.513986,1,0,2.097902e-02
1144,0.492576,0.507424,0.486463,0.513537,1,0,2.096070e-02
1145,0.492147,0.507853,0.486911,0.513089,1,0,2.094241e-02
1146,0.491718,0.508282,0.487358,0.512642,1,0,2.092415e-02
1147,0.491289,0.508711,0.487805,0.512195,1,0,2.090592e-02
1148,0.490862,0.509138,0.488251,0.511749,1,0,2.088773e-02
1149,0.490435,0.509565,0.488696,0.511304,1,0,2.086957e-02
1150,0.490009,0.509991,0.489140,0.510860,1,0,2.085143e-02
1151,0.489583,0.510417,0.489583,0.510417,1,0,2.083333e-02
1152,0.489159,0.510841,0.490026,0.509974,1,0,2.081526e-02
1153,0.488735,0.511265,0.490468,0.509532,1,0,2.079723e-02
1154,0.488312,0.511688,0.490909,0.509091,1,0,2.077922e-02
1155,0.487889,0.512111,0.491349,0.508651,1,0,2.076125e-02
1156,0.487468,0.512532,0.491789,0.508211,1,0,2.074330e-02
1157,0.487047,0.512953,0.492228,0.507772,1,0,2.072539e-02
1158,0.486626,0.513374,0.492666,0.507334,1,0,2.070751e-02
1159,0.486207,0.513793,0.493103,0.506897,1,0,2.068966e-02
1160,0.485788,0.514212,0.493540,0.506460,1,0,2.067183e-02
1161,0.485370,0.514630,0.493976,0.506024,1,0,2.065404e-02
1162,0.484953,0.515047,0.494411,0.505589,1,0,2.063629e-02
1163,0.484536,0.515464,0.494845,0.505155,1,0,2.061856e-02
1164,0.484120,0.515880,0.495279,0.504721,1,0,2.060086e-02
1165,0.483705,0.516295,0.495712,0.504288,1,0,2.058319e-02
1166,0.483290,0.516710,0.496144,0.503856,1,0,2.056555e-02
1167,0.482877,0.517123,0.496575,0.503425,1,0,2.054795e-02
1168,0.482464,0.517536,0.497006,0.502994,1,0,2.053037e-02
1169,0.482051,0.517949,0.497436,0.502564,1,0,2.051282e-02
1170,0.481640,0.518360,0.497865,0.502135,1,0,2.049530e-02
1171,0.481229,0.518771,0.498294,0.501706,1,0,2.047782e-02
1172,0.480818,0.519182,0.498721,0.501279,1,0,2.046036e-02
1173,0.480409,0.519591,0.499148,0.500852,1,0,2.044293e-02
1174,0.480000,0.520000,0.499574,0.500426,1,0,2.042553e-02
1175,0.479592,0.520408,0.500000,0.500000,1,0,2.040816e-02
1176,0.480034,0.519966,0.500425,0.499575,0,0,2.039082e-02
1177,0.480475,0.519525,0.500849,0.499151,0,0,2.037351e-02
1178,0.480916,0.519084,0.501272,0.498728,0,0,2.035623e-02
1179,0.481356,0.518644,0.501695,0.498305,0,0,2.033898e-02
1180,0.481795,0.518205,0.502117,0.497883,0,0,2.032176e-02
1181,0.482234,0.517766,0.502538,0.497462,0,0,2.030457e-02
1182,0.482671,0.517329,0.502959,0.497041,0,0,2.028740e-02
1183,0.483108,0.516892,0.503378,0.496622,0,0,2.027027e-02
1184,0.483544,0.516456,0.503797,0.496203,0,0,2.025316e-02
1185,0.483980,0.516020,0.504216,0.495784,0,0,2.023609e-02
1186,0.484414,0.515586,0.504634,0.495366,0,0,2.021904e-02
1187,0.484848,0.515152,0.505051,0.494949,0,0,2.020202e-02
1188,0.485282,0.514718,0.505467,0.494533,0,0,2.018503e-02
1189,0.485714,0.514286,0.505882,0.494118,0,0,2.016807e-02
1190,0.486146,0.513854,0.506297,0.493703,0,0,2.015113e-02
1191,0.486577,0.513423,0.506711,0.493289,0,0,2.013423e-02
1192,0.487008,0.512992,0.507125,0.492875,0,0,2.011735e-02
1193,0.487437,0.512563,0.507538,0.492462,0,0,2.010050e-02
1194,0.487866,0.512134,0.507950,0.492050,0,0,2.008368e-02
1195,0.488294,0.511706,0.508361,0.491639,0,0,2.006689e-02
1196,0.488722,0.511278,0.508772,0.491228,0,0,2.005013e-02
1197,0.489149,0.510851,0.509182,0.490818,0,0,2.003339e-02
1198,0.489575,0.510425,0.509591,0.490409,0,0,2.001668e-02
1199,0.490000,0.510000,0.510000,0.490000,0,0,2.000000e-02
1200,0.490425,0.509575,0.510408,0.489592,0,0,1.998335e-02
1201,0.490849,0.509151,0.510815,0.489185,0,0,1.996672e-02
1202,0.491272,0.508728,0.511222,0.488778,0,0,1.995012e-02
1203,0.491694,0.508306,0.511628,0.488372,0,0,1.993355e-02
1204,0.492116,0.507884,0.512033,0.487967,0,0,1.991701e-02
1205,0.492537,0.507463,0.512438,0.487562,0,0,1.990050e-02
1206,0.492958,0.507042,0.512842,0.487158,0,0,1.988401e-02
1207,0.493377,0.506623,0.513245,0.486755,0,0,1.986755e-02
1208,0.493797,0.506203,0.513648,0.486352,0,0,1.985112e-02
1209,0.494215,0.505785,0.514050,0.485950,0,0,1.983471e-02
1210,0.494633,0.505367,0.514451,0.485549,0,0,1.981833e-02
1211,0.495050,0.504950,0.514851,0.485149,0,0,1.980198e-02
1212,0.495466,0.504534,0.515251,0.484749,0,0,1.978566e-02
1213,0.495881,0.504119,0.515651,0.484349,0,0,1.976936e-02
1214,0.496296,0.503704,0.516049,0.483951,0,0,1.975309e-02
1215,0.496711,0.503289,0.516447,0.483553,0,0,1.973684e-02
1216,0.497124,0.502876,0.516845,0.483155,0,0,1.972062e-02
1217,0.497537,0.502463,0.517241,0.482759,0,0,1.970443e-02
1218,0.497949,0.502051,0.517637,0.482363,0,0,1.968827e-02
1219,0.498361,0.501639,0.518033,0.481967,0,0,1.967213e-02
1220,0.498771,0.501229,0.518428,0.481572,0,0,1.965602e-02
1221,0.499182,0.500818,0.518822,0.481178,0,0,1.963993e-02
1222,0.499591,0.500409,0.519215,0.480785,0,0,1.962388e-02
1223,0.500000,0.500000,0.519608,0.480392,0,0,1.960784e-02
1224,0.500408,0.499592,0.520000,0.480000,0,0,2.040816e-02
1225,0.500816,0.499184,0.519576,0.480424,0,1,2.039152e-02
1226,0.501222,0.498778,0.519152,0.480848,0,1,2.037490e-02
1227,0.501629,0.498371,0.518730,0.481270,0,1,2.035831e-02
1228,0.502034,0.497966,0.518308,0.481692,0,1,2.034174e-02
1229,0.502439,0.497561,0.517886,0.482114,0,1,2.032520e-02
1230,0.502843,0.497157,0.517465,0.482535,0,1,2.030869e-02
1231,0.503247,0.496753,0.517045,0.482955,0,1,2.029221e-02
1232,0.503650,0.496350,0.516626,0.483374,0,1,2.027575e-02
1233,0.504052,0.495948,0.516207,0.483793,0,1,2.025932e-02
1234,0.504453,0.495547,0.515789,0.484211,0,1,2.024291e-02
1235,0.504854,0.495146,0.515372,0.484628,0,1,2.022654e-02
1236,0.505255,0.494745,0.514956,0.485044,0,1,2.021019e-02
1237,0.505654,0.494346,0.514540,0.485460,0,1,2.019386e-02
1238,0.506053,0.493947,0.514124,0.485876,0,1,2.017756e-02
1239,0.506452,0.493548,0.513710,0.486290,0,1,2.016129e-02
1240,0.506849,0.493151,0.513296,0.486704,0,1,2.014504e-02
1241,0.507246,0.492754,0.512882,0.487118,0,1,2.012882e-02
1242,0.507643,0.492357,0.512470,0.487530,0,1,2.011263e-02
1243,0.508039,0.491961,0.512058,0.487942,0,1,2.009646e-02
1244,0.508434,0.491566,0.511647,0.488353,0,1,2.008032e-02
1245,0.508828,0.491172,0.511236,0.488764,0,1,2.006421e-02
1246,0.509222,0.490778,0.510826,0.489174,0,1,2.004812e-02
1247,0.509615,0.490385,0.510417,0.489583,0,1,2.003205e-02
1248,0.510008,0.489992,0.510008,0.489992,0,1,2.001601e-02
1249,0.510400,0.489600,0.509600,0.490400,0,1,2.000000e-02
1250,0.510791,0.489209,0.509193,0.490807,0,1,1.998401e-02
1251,0.511182,0.488818,0.508786,0.491214,0,1,1.996805e-02
1252,0.511572,0.488428,0.508380,0.491620,0,1,1.995211e-02
1253,0.511962,0.488038,0.507974,0.492026,0,1,1.993620e-02
1254,0.512351,0.487649,0.507570,0.492430,0,1,1.992032e-02
1255,0.512739,0.487261,0.507166,0.492834,0,1,1.990446e-02
1256,0.513126,0.486874,0.506762,0.493238,0,1,1.988862e-02
1257,0.513514,0.486486,0.506359,0.493641,0,1,1.987281e-02
1258,0.513900,0.486100,0.505957,0.494043,0,1,1.985703e-02
1259,0.514286,0.485714,0.505556,0.494444,0,1,1.984127e-02
1260,0.514671,0.485329,0.505155,0.494845,0,1,1.982554e-02
1261,0.515055,0.484945,0.504754,0.495246,0,1,1.980983e-02
1262,0.515439,0.484561,0.504355,0.495645,0,1,1.979414e-02
1263,0.515823,0.484177,0.503956,0.496044,0,1,1.977848e-02
1264,0.516206,0.483794,0.503557,0.496443,0,1,1.976285e-02
1265,0.516588,0.483412,0.503160,0.496840,0,1,1.974724e-02
1266,0.516969,0.483031,0.502762,0.497238,0,1,1.973165e-02
1267,0.517350,0.482650,0.502366,0.497634,0,1,1.971609e-02
1268,0.517730,0.482270,0.501970,0.498030,0,1,1.970055e-02
1269,0.518110,0.481890,0.501575,0.498425,0,1,1.968504e-02
1270,0.518489,0.481511,0.501180,0.498820,0,1,1.966955e-02
1271,0.518868,0.481132,0.500786,0.499214,0,1,1.965409e-02
1272,0.519246,0.480754,0.500393,0.499607,0,1,1.963865e-02
1273,0.519623,0.480377,0.500000,0.500000,0,1,1.962323e-02
1274,0.520000,0.480000,0.499608,0.500392,0,1,2.039216e-02
1275,0.519592,0.480408,0.499216,0.500784,1,1,2.037618e-02
1276,0.519186,0.480814,0.498825,0.501175,1,1,2.036022e-02
1277,0.518779,0.481221,0.498435,0.501565,1,1,2.034429e-02
1278,0.518374,0.481626,0.498045,0.501955,1,1,2.032838e-02
1279,0.517969,0.482031,0.497656,0.502344,1,1,2.031250e-02
1280,0.517564,0.482436,0.497268,0.502732,1,1,2.029664e-02
1281,0.517161,0.482839,0.496880,0.503120,1,1,2.028081e-02
1282,0.516758,0.483242,0.496493,0.503507,1,1,2.026500e-02
1283,0.516355,0.483645,0.496106,0.503894,1,1,2.024922e-02
1284,0.515953,0.484047,0.495720,0.504280,1,1,2.023346e-02
1285,0.515552,0.484448,0.495334,0.504666,1,1,2.021773e-02
1286,0.515152,0.484848,0.494949,0.505051,1,1,2.020202e-02
1287,0.514752,0.485248,0.494565,0.505435,1,1,2.018634e-02
1288,0.514352,0.485648,0.494182,0.505818,1,1,2.017067e-02
1289,0.513953,0.486047,0.493798,0.506202,1,1,2.015504e-02
1290,0.513555,0.486445,0.493416,0.506584,1,1,2.013943e-02
1291,0.513158,0.486842,0.493034,0.506966,1,1,2.012384e-02
1292,0.512761,0.487239,0.492653,0.507347,1,1,2.010828e-02
1293,0.512365,0.487635,0.492272,0.507728,1,1,2.009274e-02
1294,0.511969,0.488031,0.491892,0.508108,1,1,2.007722e-02
1295,0.511574,0.488426,0.491512,0.508488,1,1,2.006173e-02
1296,0.511180,0.488820,0.491133,0.508867,1,1,2.004626e-02
1297,0.510786,0.489214,0.490755,0.509245,1,1,2.003082e-02
1298,0.510393,0.489607,0.490377,0.509623,1,1,2.001540e-02
1299,0.510000,0.490000,0.490000,0.510000,1,1,2.000000e-02
1300,0.509608,0.490392,0.489623,0.510377,1,1,1.998463e-02
1301,0.509217,0.490783,0.489247,0.510753,1,1,1.996928e-02
1302,0.508826,0.491174,0.488872,0.511128,1,1,1.995395e-02
1303,0.508436,0.491564,0.488497,0.511503,1,1,1.993865e-02
1304,0.508046,0.491954,0.488123,0.511877,1,1,1.992337e-02
1305,0.507657,0.492343,0.487749,0.512251,1,1,1.990812e-02
1306,0.507269,0.492731,0.487376,0.512624,1,1,1.989288e-02
1307,0.506881,0.493119,0.487003,0.512997,1,1,1.987768e-02
1308,0.506494,0.493506,0.486631,0.513369,1,1,1.986249e-02
1309,0.506107,0.493893,0.486260,0.513740,1,1,1.984733e-02
1310,0.505721,0.494279,0.485889,0.514111,1,1,1.983219e-02
1311,0.505335,0.494665,0.485518,0.514482,1,1,1.981707e-02
1312,0.504950,0.495050,0.485149,0.514851,1,1,1.980198e-02
1313,0.504566,0.495434,0.484779,0.515221,1,1,1.978691e-02
1314,0.504183,0.495817,0.484411,0.515589,1,1,1.977186e-02
1315,0.503799,0.496201,0.484043,0.515957,1,1,1.975684e-02
1316,0.503417,0.496583,0.483675,0.516325,1,1,1.974184e-02
1317,0.503035,0.496965,0.483308,0.516692,1,1,1.972686e-02
1318,0.502654,0.497346,0.482942,0.517058,1,1,1.971190e-02
1319,0.502273,0.497727,0.482576,0.517424,1,1,1.969697e-02
1320,0.501893,0.498107,0.482210,0.517790,1,1,1.968206e-02
1321,0.501513,0.498487,0.481846,0.518154,1,1,1.966717e-02
1322,0.501134,0.498866,0.481481,0.518519,1,1,1.965231e-02
1323,0.500755,0.499245,0.481118,0.518882,1,1,1.963746e-02
1324,0.500377,0.499623,0.480755,0.519245,1,1,1.962264e-02
1325,0.500000,0.500000,0.480392,0.519608,1,1,1.960784e-02
1326,0.499623,0.500377,0.480784,0.519216,1,0,1.959307e-02
1327,0.499247,0.500753,0.481175,0.518825,1,0,1.957831e-02
1328,0.498871,0.501129,0.481565,0.518435,1,0,1.956358e-02
1329,0.498496,0.501504,0.481955,0.518045,1,0,1.954887e-02
1330,0.498122,0.501878,0.482344,0.517656,1,0,1.953418e-02
1331,0.497748,0.502252,0.482733,0.517267,1,0,1.951952e-02
1332,0.497374,0.502626,0.483121,0.516879,1,0,1.950488e-02
1333,0.497001,0.502999,0.483508,0.516492,1,0,1.949025e-02
1334,0.496629,0.503371,0.483895,0.516105,1,0,1.947566e-02
1335,0.496257,0.503743,0.484281,0.515719,1,0,1.946108e-02
1336,0.495886,0.504114,0.484667,0.515333,1,0,1.944652e-02
1337,0.495516,0.504484,0.485052,0.514948,1,0,1.943199e-02
1338,0.495146,0.504854,0.485437,0.514563,1,0,1.941748e-02
1339,0.494776,0.505224,0.485821,0.514179,1,0,1.940299e-02
1340,0.494407,0.505593,0.486204,0.513796,1,0,1.938852e-02
1341,0.494039,0.505961,0.486587,0.513413,1,0,1.937407e-02
1342,0.493671,0.506329,0.486969,0.513031,1,0,1.935964e-02
1343,0.493304,0.506696,0.487351,0.512649,1,0,1.934524e-02
1344,0.492937,0.507063,0.487732,0.512268,1,0,1.933086e-02
1345,0.492571,0.507429,0.488113,0.511887,1,0,1.931649e-02
1346,0.492205,0.507795,0.488493,0.511507,1,0,1.930215e-02
1347,0.491840,0.508160,0.488872,0.511128,1,0,1.928783e-02
1348,0.491475,0.508525,0.489251,0.510749,1,0,1.927354e-02
1349,0.491111,0.508889,0.489630,0.510370,1,0,1.925926e-02
1350,0.490748,0.509252,0.490007,0.509993,1,0,1.924500e-02
1351,0.490385,0.509615,0.490385,0.509615,1,0,1.923077e-02
1352,0.490022,0.509978,0.490761,0.509239,1,0,1.921656e-02
1353,0.489660,0.510340,0.491137,0.508863,1,0,1.920236e-02
1354,0.489299,0.510701,0.491513,0.508487,1,0,1.918819e-02
1355,0.488938,0.511062,0.491888,0.508112,1,0,1.917404e-02
1356,0.488578,0.511422,0.492262,0.507738,1,0,1.915991e-02
1357,0.488218,0.511782,0.492636,0.507364,1,0,1.914580e-02
1358,0.487859,0.512141,0.493010,0.506990,1,0,1.913171e-02
1359,0.487500,0.512500,0.493382,0.506618,1,0,1.911765e-02
1360,0.487142,0.512858,0.493755,0.506245,1,0,1.910360e-02
1361,0.486784,0.513216,0.494126,0.505874,1,0,1.908957e-02
1362,0.486427,0.513573,0.494497,0.505503,1,0,1.907557e-02
1363,0.486070,0.513930,0.494868,0.505132,1,0,1.906158e-02
1364,0.485714,0.514286,0.495238,0.504762,1,0,1.904762e-02
1365,0.485359,0.514641,0.495608,0.504392,1,0,1.903367e-02
1366,0.485004,0.514996,0.495977,0.504023,1,0,1.901975e-02
1367,0.484649,0.515351,0.496345,0.503655,1,0,1.900585e-02
1368,0.484295,0.515705,0.496713,0.503287,1,0,1.899196e-02
1369,0.483942,0.516058,0.497080,0.502920,1,0,1.897810e-02
1370,0.483589,0.516411,0.497447,0.502553,1,0,1.896426e-02
1371,0.483236,0.516764,0.497813,0.502187,1,0,1.895044e-02
1372,0.482884,0.517116,0.498179,0.501821,1,0,1.893664e-02
1373,0.482533,0.517467,0.498544,0.501456,1,0,1.892285e-02
1374,0.482182,0.517818,0.498909,0.501091,1,0,1.890909e-02
1375,0.481831,0.518169,0.499273,0.500727,1,0,1.889535e-02
1376,0.481481,0.518519,0.499637,0.500363,1,0,1.888163e-02
1377,0.481132,0.518868,0.500000,0.500000,1,0,1.886792e-02
1378,0.481508,0.518492,0.500363,0.499637,0,0,1.885424e-02
1379,0.481884,0.518116,0.500725,0.499275,0,0,1.884058e-02
1380,0.482259,0.517741,0.501086,0.498914,0,0,1.882694e-02
1381,0.482634,0.517366,0.501447,0.498553,0,0,1.881331e-02
1382,0.483008,0.516992,0.501808,0.498192,0,0,1.879971e-02
1383,0.483382,0.516618,0.502168,0.497832,0,0,1.878613e-02
1384,0.483755,0.516245,0.502527,0.497473,0,0,1.877256e-02
1385,0.484127,0.515873,0.502886,0.497114,0,0,1.875902e-02
1386,0.484499,0.515501,0.503244,0.496756,0,0,1.874549e-02
1387,0.484870,0.515130,0.503602,0.496398,0,0,1.873199e-02
1388,0.485241,0.514759,0.503960,0.496040,0,0,1.871850e-02
1389,0.485612,0.514388,0.504317,0.495683,0,0,1.870504e-02
1390,0.485981,0.514019,0.504673,0.495327,0,0,1.869159e-02
1391,0.486351,0.513649,0.505029,0.494971,0,0,1.867816e-02
1392,0.486719,0.513281,0.505384,0.494616,0,0,1.866475e-02
1393,0.487088,0.512912,0.505739,0.494261,0,0,1.865136e-02
1394,0.487455,0.512545,0.506093,0.493907,0,0,1.863799e-02
1395,0.487822,0.512178,0.506447,0.493553,0,0,1.862464e-02
1396,0.488189,0.511811,0.506800,0.493200,0,0,1.861131e-02
1397,0.488555,0.511445,0.507153,0.492847,0,0,1.859800e-02
1398,0.488921,0.511079,0.507505,0.492495,0,0,1.858470e-02
1399,0.489286,0.510714,0.507857,0.492143,0,0,1.857143e-02
1400,0.489650,0.510350,0.508208,0.491792,0,0,1.855817e-02
1401,0.490014,0.509986,0.508559,0.491441,0,0,1.854494e-02
1402,0.490378,0.509622,0.508909,0.491091,0,0,1.853172e-02
1403,0.490741,0.509259,0.509259,0.490741,0,0,1.851852e-02
1404,0.491103,0.508897,0.509609,0.490391,0,0,1.850534e-02
1405,0.491465,0.508535,0.509957,0.490043,0,0,1.849218e-02
1406,0.491827,0.508173,0.510306,0.489694,0,0,1.847903e-02
1407,0.492188,0.507812,0.510653,0.489347,0,0,1.846591e-02
1408,0.492548,0.507452,0.511001,0.488999,0,0,1.845280e-02
1409,0.492908,0.507092,0.511348,0.488652,0,0,1.843972e-02
1410,0.493267,0.506733,0.511694,0.488306,0,0,1.842665e-02
1411,0.493626,0.506374,0.512040,0.487960,0,0,1.841360e-02
1412,0.493984,0.506016,0.512385,0.487615,0,0,1.840057e-02
1413,0.494342,0.505658,0.512730,0.487270,0,0,1.838755e-02
1414,0.494700,0.505300,0.513074,0.486926,0,0,1.837456e-02
1415,0.495056,0.504944,0.513418,0.486582,0,0,1.836158e-02
1416,0.495413,0.504587,0.513761,0.486239,0,0,1.834862e-02
1417,0.495769,0.504231,0.514104,0.485896,0,0,1.833568e-02
1418,0.496124,0.503876,0.514447,0.485553,0,0,1.832276e-02
1419,0.496479,0.503521,0.514789,0.485211,0,0,1.830986e-02
1420,0.496833,0.503167,0.515130,0.484870,0,0,1.829697e-02
1421,0.497187,0.502813,0.515471,0.484529,0,0,1.828411e-02
1422,0.497540,0.502460,0.515812,0.484188,0,0,1.827126e-02
1423,0.497893,0.502107,0.516152,0.483848,0,0,1.825843e-02
1424,0.498246,0.501754,0.516491,0.483509,0,0,1.824561e-02
1425,0.498597,0.501403,0.516830,0.483170,0,0,1.823282e-02
1426,0.498949,0.501051,0.517169,0.482831,0,0,1.822004e-02
1427,0.499300,0.500700,0.517507,0.482493,0,0,1.820728e-02
1428,0.499650,0.500350,0.517845,0.482155,0,0,1.819454e-02
1429,0.500000,0.500000,0.518182,0.481818,0,0,1.818182e-02
1430,0.500349,0.499651,0.518519,0.481481,0,0,1.886792e-02
1431,0.500698,0.499302,0.518156,0.481844,0,1,1.885475e-02
1432,0.501047,0.498953,0.517795,0.482205,0,1,1.884159e-02
1433,0.501395,0.498605,0.517434,0.482566,0,1,1.882845e-02
1434,0.501742,0.498258,0.517073,0.482927,0,1,1.881533e-02
1435,0.502089,0.497911,0.516713,0.483287,0,1,1.880223e-02
1436,0.502436,0.497564,0.516354,0.483646,0,1,1.878914e-02
1437,0.502782,0.497218,0.515994,0.484006,0,1,1.877608e-02
1438,0.503127,0.496873,0.515636,0.484364,0,1,1.876303e-02
1439,0.503472,0.496528,0.515278,0.484722,0,1,1.875000e-02
1440,0.503817,0.496183,0.514920,0.485080,0,1,1.873699e-02
1441,0.504161,0.495839,0.514563,0.485437,0,1,1.872399e-02
1442,0.504505,0.495495,0.514207,0.485793,0,1,1.871102e-02
1443,0.504848,0.495152,0.513850,0.486150,0,1,1.869806e-02
1444,0.505190,0.494810,0.513495,0.486505,0,1,1.868512e-02
1445,0.505533,0.494467,0.513140,0.486860,0,1,1.867220e-02
1446,0.505874,0.494126,0.512785,0.487215,0,1,1.865930e-02
1447,0.506215,0.493785,0.512431,0.487569,0,1,1.864641e-02
1448,0.506556,0.493444,0.512077,0.487923,0,1,1.863354e-02
1449,0.506897,0.493103,0.511724,0.488276,0,1,1.862069e-02
1450,0.507236,0.492764,0.511371,0.488629,0,1,1.860786e-02
1451,0.507576,0.492424,0.511019,0.488981,0,1,1.859504e-02
1452,0.507915,0.492085,0.510668,0.489332,0,1,1.858224e-02
1453,0.508253,0.491747,0.510316,0.489684,0,1,1.856946e-02
1454,0.508591,0.491409,0.509966,0.490034,0,1,1.855670e-02
1455,0.508929,0.491071,0.509615,0.490385,0,1,1.854396e-02
1456,0.509266,0.490734,0.509266,0.490734,0,1,1.853123e-02
1457,0.509602,0.490398,0.508916,0.491084,0,1,1.851852e-02
1458,0.509938,0.490062,0.508568,0.491432,0,1,1.850583e-02
1459,0.510274,0.489726,0.508219,0.491781,0,1,1.849315e-02
1460,0.510609,0.489391,0.507871,0.492129,0,1,1.848049e-02
1461,0.510944,0.489056,0.507524,0.492476,0,1,1.846785e-02
1462,0.511278,0.488722,0.507177,0.492823,0,1,1.845523e-02
1463,0.511612,0.488388,0.506831,0.493169,0,1,1.844262e-02
1464,0.511945,0.488055,0.506485,0.493515,0,1,1.843003e-02
1465,0.512278,0.487722,0.506139,0.493861,0,1,1.841746e-02
1466,0.512611,0.487389,0.505794,0.494206,0,1,1.840491e-02
1467,0.512943,0.487057,0.505450,0.494550,0,1,1.839237e-02
1468,0.513274,0.486726,0.505106,0.494894,0,1,1.837985e-02
1469,0.513605,0.486395,0.504762,0.495238,0,1,1.836735e-02
1470,0.513936,0.486064,0.504419,0.495581,0,1,1.835486e-02
1471,0.514266,0.485734,0.504076,0.495924,0,1,1.834239e-02
1472,0.514596,0.485404,0.503734,0.496266,0,1,1.832994e-02
1473,0.514925,0.485075,0.503392,0.496608,0,1,1.831750e-02
1474,0.515254,0.484746,0.503051,0.496949,0,1,1.830508e-02
1475,0.515583,0.484417,0.502710,0.497290,0,1,1.829268e-02
1476,0.515911,0.484089,0.502370,0.497630,0,1,1.828030e-02
1477,0.516238,0.483762,0.502030,0.497970,0,1,1.826793e-02
1478,0.516565,0.483435,0.501690,0.498310,0,1,1.825558e-02
1479,0.516892,0.483108,0.501351,0.498649,0,1,1.824324e-02
1480,0.517218,0.482782,0.501013,0.498987,0,1,1.823093e-02
1481,0.517544,0.482456,0.500675,0.499325,0,1,1.821862e-02
1482,0.517869,0.482131,0.500337,0.499663,0,1,1.820634e-02
1483,0.518194,0.481806,0.500000,0.500000,0,1,1.819407e-02
1484,0.518519,0.481481,0.499663,0.500337,0,1,1.885522e-02
1485,0.518170,0.481830,0.499327,0.500673,1,1,1.884253e-02
1486,0.517821,0.482179,0.498991,0.501009,1,1,1.882986e-02
1487,0.517473,0.482527,0.498656,0.501344,1,1,1.881720e-02
1488,0.517126,0.482874,0.498321,0.501679,1,1,1.880457e-02
1489,0.516779,0.483221,0.497987,0.502013,1,1,1.879195e-02
1490,0.516432,0.483568,0.497653,0.502347,1,1,1.877934e-02
1491,0.516086,0.483914,0.497319,0.502681,1,1,1.876676e-02
1492,0.515740,0.484260,0.496986,0.503014,1,1,1.875419e-02
1493,0.515395,0.484605,0.496653,0.503347,1,1,1.874163e-02
1494,0.515050,0.484950,0.496321,0.503679,1,1,1.872910e-02
1495,0.514706,0.485294,0.495989,0.504011,1,1,1.871658e-02
1496,0.514362,0.485638,0.495658,0.504342,1,1,1.870407e-02
1497,0.514019,0.485981,0.495327,0.504673,1,1,1.869159e-02
1498,0.513676,0.486324,0.494997,0.505003,1,1,1.867912e-02
1499,0.513333,0.486667,0.494667,0.505333,1,1,1.866667e-02
1500,0.512991,0.487009,0.494337,0.505663,1,1,1.865423e-02
1501,0.512650,0.487350,0.494008,0.505992,1,1,1.864181e-02
1502,0.512309,0.487691,0.493679,0.506321,1,1,1.862941e-02
1503,0.511968,0.488032,0.493351,0.506649,1,1,1.861702e-02
1504,0.511628,0.488372,0.493023,0.506977,1,1,1.860465e-02
1505,0.511288,0.488712,0.492696,0.507304,1,1,1.859230e-02
1506,0.510949,0.489051,0.492369,0.507631,1,1,1.857996e-02
1507,0.510610,0.489390,0.492042,0.507958,1,1,1.856764e-02
1508,0.510272,0.489728,0.491716,0.508284,1,1,1.855533e-02
1509,0.509934,0.490066,0.491391,0.508609,1,1,1.854305e-02
1510,0.509596,0.490404,0.491066,0.508934,1,1,1.853077e-02
1511,0.509259,0.490741,0.490741,0.509259,1,1,1.851852e-02
1512,0.508923,0.491077,0.490416,0.509584,1,1,1.850628e-02
1513,0.508587,0.491413,0.490092,0.509908,1,1,1.849406e-02
1514,0.508251,0.491749,0.489769,0.510231,1,1,1.848185e-02
1515,0.507916,0.492084,0.489446,0.510554,1,1,1.846966e-02
1516,0.507581,0.492419,0.489123,0.510877,1,1,1.845748e-02
1517,0.507246,0.492754,0.488801,0.511199,1,1,1.844532e-02
1518,0.506912,0.493088,0.488479,0.511521,1,1,1.843318e-02
1519,0.506579,0.493421,0.488158,0.511842,1,1,1.842105e-02
1520,0.506246,0.493754,0.487837,0.512163,1,1,1.840894e-02
1521,0.505913,0.494087,0.487516,0.512484,1,1,1.839685e-02
1522,0.505581,0.494419,0.487196,0.512804,1,1,1.838477e-02
1523,0.505249,0.494751,0.486877,0.513123,1,1,1.837270e-02
1524,0.504918,0.495082,0.486557,0.513443,1,1,1.836066e-02
1525,0.504587,0.495413,0.486239,0.513761,1,1,1.834862e-02
1526,0.504257,0.495743,0.485920,0.514080,1,1,1.833661e-02
1527,0.503927,0.496073,0.485602,0.514398,1,1,1.832461e-02
1528,0.503597,0.496403,0.485284,0.514716,1,1,1.831262e-02
1529,0.503268,0.496732,0.484967,0.515033,1,1,1.830065e-02
1530,0.502939,0.497061,0.484651,0.515349,1,1,1.828870e-02
1531,0.502611,0.497389,0.484334,0.515666,1,1,1.827676e-02
1532,0.502283,0.497717,0.484018,0.515982,1,1,1.826484e-02
1533,0.501956,0.498044,0.483703,0.516297,1,1,1.825293e-02
1534,0.501629,0.498371,0.483388,0.516612,1,1,1.824104e-02
1535,0.501302,0.498698,0.483073,0.516927,1,1,1.822917e-02
1536,0.500976,0.499024,0.482759,0.517241,1,1,1.821731e-02
1537,0.500650,0.499350,0.482445,0.517555,1,1,1.820546e-02
1538,0.500325,0.499675,0.482131,0.517869,1,1,1.819363e-02
1539,0.500000,0.500000,0.481818,0.518182,1,1,1.818182e-02
1540,0.499676,0.500324,0.482154,0.517846,1,0,1.817002e-02
1541,0.499351,0.500649,0.482490,0.517510,1,0,1.815824e-02
1542,0.499028,0.500972,0.482826,0.517174,1,0,1.814647e-02
1543,0.498705,0.501295,0.483161,0.516839,1,0,1.813472e-02
1544,0.498382,0.501618,0.483495,0.516505,1,0,1.812298e-02
1545,0.498060,0.501940,0.483829,0.516171,1,0,1.811125e-02
1546,0.497738,0.502262,0.484163,0.515837,1,0,1.809955e-02
1547,0.497416,0.502584,0.484496,0.515504,1,0,1.808786e-02
1548,0.497095,0.502905,0.484829,0.515171,1,0,1.807618e-02
1549,0.496774,0.503226,0.485161,0.514839,1,0,1.806452e-02
1550,0.496454,0.503546,0.485493,0.514507,1,0,1.805287e-02
1551,0.496134,0.503866,0.485825,0.514175,1,0,1.804124e-02
1552,0.495815,0.504185,0.486156,0.513844,1,0,1.802962e-02
1553,0.495495,0.504505,0.486486,0.513514,1,0,1.801802e-02
1554,0.495177,0.504823,0.486817,0.513183,1,0,1.800643e-02
1555,0.494859,0.505141,0.487147,0.512853,1,0,1.799486e-02
1556,0.494541,0.505459,0.487476,0.512524,1,0,1.798330e-02
1557,0.494223,0.505777,0.487805,0.512195,1,0,1.797176e-02
1558,0.493906,0.506094,0.488133,0.511867,1,0,1.796023e-02
1559,0.493590,0.506410,0.488462,0.511538,1,0,1.794872e-02
1560,0.493274,0.506726,0.488789,0.511211,1,0,1.793722e-02
1561,0.492958,0.507042,0.489117,0.510883,1,0,1.792574e-02
1562,0.492642,0.507358,0.489443,0.510557,1,0,1.791427e-02
1563,0.492327,0.507673,0.489770,0.510230,1,0,1.790281e-02
1564,0.492013,0.507987,0.490096,0.509904,1,0,1.789137e-02
1565,0.491699,0.508301,0.490421,0.509579,1,0,1.787995e-02
1566,0.491385,0.508615,0.490747,0.509253,1,0,1.786854e-02
1567,0.491071,0.508929,0.491071,0.508929,1,0,1.785714e-02
1568,0.490758,0.509242,0.491396,0.508604,1,0,1.784576e-02
1569,0.490446,0.509554,0.491720,0.508280,1,0,1.783439e-02
1570,0.490134,0.509866,0.492043,0.507957,1,0,1.782304e-02
1571,0.489822,0.510178,0.492366,0.507634,1,0,1.781170e-02
1572,0.489510,0.510490,0.492689,0.507311,1,0,1.780038e-02
1573,0.489199,0.510801,0.493011,0.506989,1,0,1.778907e-02
1574,0.488889,0.511111,0.493333,0.506667,1,0,1.777778e-02
1575,0.488579,0.511421,0.493655,0.506345,1,0,1.776650e-02
1576,0.488269,0.511731,0.493976,0.506024,1,0,1.775523e-02
1577,0.487959,0.512041,0.494297,0.505703,1,0,1.774398e-02
1578,0.487650,0.512350,0.494617,0.505383,1,0,1.773274e-02
1579,0.487342,0.512658,0.494937,0.505063,1,0,1.772152e-02
1580,0.487034,0.512966,0.495256,0.504744,1,0,1.771031e-02
1581,0.486726,0.513274,0.495575,0.504425,1,0,1.769912e-02
1582,0.486418,0.513582,0.495894,0.504106,1,0,1.768793e-02
1583,0.486111,0.513889,0.496212,0.503788,1,0,1.767677e-02
1584,0.485804,0.514196,0.496530,0.503470,1,0,1.766562e-02
1585,0.485498,0.514502,0.496847,0.503153,1,0,1.765448e-02
1586,0.485192,0.514808,0.497164,0.502836,1,0,1.764335e-02
1587,0.484887,0.515113,0.497481,0.502519,1,0,1.763224e-02
1588,0.484581,0.515419,0.497797,0.502203,1,0,1.762115e-02
1589,0.484277,0.515723,0.498113,0.501887,1,0,1.761006e-02
1590,0.483972,0.516028,0.498429,0.501571,1,0,1.759899e-02
1591,0.483668,0.516332,0.498744,0.501256,1,0,1.758794e-02
1592,0.483365,0.516635,0.499058,0.500942,1,0,1.757690e-02
1593,0.483061,0.516939,0.499373,0.500627,1,0,1.756587e-02
1594,0.482759,0.517241,0.499687,0.500313,1,0,1.755486e-02
1595,0.482456,0.517544,0.500000,0.500000,1,0,1.754386e-02
1596,0.482780,0.517220,0.500313,0.499687,0,0,1.753287e-02
1597,0.483104,0.516896,0.500626,0.499374,0,0,1.752190e-02
1598,0.483427,0.516573,0.500938,0.499062,0,0,1.751094e-02
1599,0.483750,0.516250,0.501250,0.498750,0,0,1.750000e-02
1600,0.484072,0.515928,0.501562,0.498438,0,0,1.748907e-02
1601,0.484395,0.515605,0.501873,0.498127,0,0,1.747815e-02
1602,0.484716,0.515284,0.502183,0.497817,0,0,1.746725e-02
1603,0.485037,0.514963,0.502494,0.497506,0,0,1.745636e-02
1604,0.485358,0.514642,0.502804,0.497196,0,0,1.744548e-02
1605,0.485679,0.514321,0.503113,0.496887,0,0,1.743462e-02
1606,0.485999,0.514001,0.503423,0.496577,0,0,1.742377e-02
1607,0.486318,0.513682,0.503731,0.496269,0,0,1.741294e-02
1608,0.486638,0.513362,0.504040,0.495960,0,0,1.740211e-02
1609,0.486957,0.513043,0.504348,0.495652,0,0,1.739130e-02
1610,0.487275,0.512725,0.504655,0.495345,0,0,1.738051e-02
1611,0.487593,0.512407,0.504963,0.495037,0,0,1.736973e-02
1612,0.487911,0.512089,0.505270,0.494730,0,0,1.735896e-02
1613,0.488228,0.511772,0.505576,0.494424,0,0,1.734820e-02
1614,0.488545,0.511455,0.505882,0.494118,0,0,1.733746e-02
1615,0.488861,0.511139,0.506188,0.493812,0,0,1.732673e-02
1616,0.489177,0.510823,0.506494,0.493506,0,0,1.731602e-02
1617,0.489493,0.510507,0.506799,0.493201,0,0,1.730532e-02
1618,0.489809,0.510191,0.507103,0.492897,0,0,1.729463e-02
1619,0.490123,0.509877,0.507407,0.492593,0,0,1.728395e-02
1620,0.490438,0.509562,0.507711,0.492289,0,0,1.727329e-02
1621,0.490752,0.509248,0.508015,0.491985,0,0,1.726264e-02
1622,0.491066,0.508934,0.508318,0.491682,0,0,1.725200e-02
1623,0.491379,0.508621,0.508621,0.491379,0,0,1.724138e-02
1624,0.491692,0.508308,0.508923,0.491077,0,0,1.723077e-02
1625,0.492005,0.507995,0.509225,0.490775,0,0,1.722017e-02
1626,0.492317,0.507683,0.509527,0.490473,0,0,1.720959e-02
1627,0.492629,0.507371,0.509828,0.490172,0,0,1.719902e-02
1628,0.492940,0.507060,0.510129,0.489871,0,0,1.718846e-02
1629,0.493252,0.506748,0.510429,0.489571,0,0,1.717791e-02
1630,0.493562,0.506438,0.510730,0.489270,0,0,1.716738e-02
1631,0.493873,0.506127,0.511029,0.488971,0,0,1.715686e-02
1632,0.494182,0.505818,0.511329,0.488671,0,0,1.714636e-02
1633,0.494492,0.505508,0.511628,0.488372,0,0,1.713586e-02
1634,0.494801,0.505199,0.511927,0.488073,0,0,1.712538e-02
1635,0.495110,0.504890,0.512225,0.487775,0,0,1.711491e-02
1636,0.495418,0.504582,0.512523,0.487477,0,0,1.710446e-02
1637,0.495726,0.504274,0.512821,0.487179,0,0,1.709402e-02
1638,0.496034,0.503966,0.513118,0.486882,0,0,1.708359e-02
1639,0.496341,0.503659,0.513415,0.486585,0,0,1.707317e-02
1640,0.496648,0.503352,0.513711,0.486289,0,0,1.706277e-02
1641,0.496955,0.503045,0.514007,0.485993,0,0,1.705238e-02
1642,0.497261,0.502739,0.514303,0.485697,0,0,1.704200e-02
1643,0.497567,0.502433,0.514599,0.485401,0,0,1.703163e-02
1644,0.497872,0.502128,0.514894,0.485106,0,0,1.702128e-02
1645,0.498177,0.501823,0.515188,0.484812,0,0,1.701094e-02
1646,0.498482,0.501518,0.515483,0.484517,0,0,1.700061e-02
1647,0.498786,0.501214,0.515777,0.484223,0,0,1.699029e-02
1648,0.499090,0.500910,0.516070,0.483930,0,0,1.697999e-02
1649,0.499394,0.500606,0.516364,0.483636,0,0,1.696970e-02
1650,0.499697,0.500303,0.516657,0.483343,0,0,1.695942e-02
1651,0.500000,0.500000,0.516949,0.483051,0,0,1.694915e-02
1652,0.500302,0.499698,0.517241,0.482759,0,0,1.754386e-02
1653,0.500605,0.499395,0.516929,0.483071,0,1,1.753325e-02
1654,0.500906,0.499094,0.516616,0.483384,0,1,1.752266e-02
1655,0.501208,0.498792,0.516304,0.483696,0,1,1.751208e-02
1656,0.501509,0.498491,0.515993,0.484007,0,1,1.750151e-02
1657,0.501809,0.498191,0.515682,0.484318,0,1,1.749095e-02
1658,0.502110,0.497890,0.515371,0.484629,0,1,1.748041e-02
1659,0.502410,0.497590,0.515060,0.484940,0,1,1.746988e-02
1660,0.502709,0.497291,0.514750,0.485250,0,1,1.745936e-02
1661,0.503008,0.496992,0.514440,0.485560,0,1,1.744886e-02
1662,0.503307,0.496693,0.514131,0.485869,0,1,1.743836e-02
1663,0.503606,0.496394,0.513822,0.486178,0,1,1.742788e-02
1664,0.503904,0.496096,0.513514,0.486486,0,1,1.741742e-02
1665,0.504202,0.495798,0.513205,0.486795,0,1,1.740696e-02
1666,0.504499,0.495501,0.512897,0.487103,0,1,1.739652e-02
1667,0.504796,0.495204,0.512590,0.487410,0,1,1.738609e-02
1668,0.505093,0.494907,0.512283,0.487717,0,1,1.737567e-02
1669,0.505389,0.494611,0.511976,0.488024,0,1,1.736527e-02
1670,0.505685,0.494315,0.511670,0.488330,0,1,1.735488e-02
1671,0.505981,0.494019,0.511364,0.488636,0,1,1.734450e-02
1672,0.506276,0.493724,0.511058,0.488942,0,1,1.733413e-02
1673,0.506571,0.493429,0.510753,0.489247,0,1,1.732378e-02
1674,0.506866,0.493134,0.510448,0.489552,0,1,1.731343e-02
1675,0.507160,0.492840,0.510143,0.489857,0,1,1.730310e-02
1676,0.507454,0.492546,0.509839,0.490161,0,1,1.729278e-02
1677,0.507747,0.492253,0.509535,0.490465,0,1,1.728248e-02
1678,0.508041,0.491959,0.509232,0.490768,0,1,1.727219e-02
1679,0.508333,0.491667,0.508929,0.491071,0,1,1.726190e-02
1680,0.508626,0.491374,0.508626,0.491374,0,1,1.725164e-02
1681,0.508918,0.491082,0.508323,0.491677,0,1,1.724138e-02
1682,0.509210,0.490790,0.508021,0.491979,0,1,1.723113e-02
1683,0.509501,0.490499,0.507720,0.492280,0,1,1.722090e-02
1684,0.509792,0.490208,0.507418,0.492582,0,1,1.721068e-02
1685,0.510083,0.489917,0.507117,0.492883,0,1,1.720047e-02
1686,0.510373,0.489627,0.506817,0.493183,0,1,1.719028e-02
1687,0.510664,0.489336,0.506517,0.493483,0,1,1.718009e-02
1688,0.510953,0.489047,0.506217,0.493783,0,1,1.716992e-02
1689,0.511243,0.488757,0.505917,0.494083,0,1,1.715976e-02
1690,0.511532,0.488468,0.505618,0.494382,0,1,1.714962e-02
1691,0.511820,0.488180,0.505319,0.494681,0,1,1.713948e-02
1692,0.512109,0.487891,0.505021,0.494979,0,1,1.712936e-02
1693,0.512397,0.487603,0.504723,0.495277,0,1,1.711924e-02
1694,0.512684,0.487316,0.504425,0.495575,0,1,1.710914e-02
1695,0.512972,0.487028,0.504127,0.495873,0,1,1.709906e-02
1696,0.513259,0.486741,0.503830,0.496170,0,1,1.708898e-02
1697,0.513545,0.486455,0.503534,0.496466,0,1,1.707892e-02
1698,0.513832,0.486168,0.503237,0.496763,0,1,1.706886e-02
1699,0.514118,0.485882,0.502941,0.497059,0,1,1.705882e-02
1700,0.514403,0.485597,0.502646,0.497354,0,1,1.704879e-02
1701,0.514689,0.485311,0.502350,0.497650,0,1,1.703878e-02
1702,0.514974,0.485026,0.502055,0.497945,0,1,1.702877e-02
1703,0.515258,0.484742,0.501761,0.498239,0,1,1.701878e-02
1704,0.515543,0.484457,0.501466,0.498534,0,1,1.700880e-02
1705,0.515826,0.484174,0.501172,0.498828,0,1,1.699883e-02
1706,0.516110,0.483890,0.500879,0.499121,0,1,1.698887e-02
1707,0.516393,0.483607,0.500585,0.499415,0,1,1.697892e-02
1708,0.516676,0.483324,0.500293,0.499707,0,1,1.696899e-02
1709,0.516959,0.483041,0.500000,0.500000,0,1,1.695906e-02
1710,0.517241,0.482759,0.499708,0.500292,0,1,1.753361e-02
1711,0.516939,0.483061,0.499416,0.500584,1,1,1.752336e-02
1712,0.516637,0.483363,0.499124,0.500876,1,1,1.751313e-02
1713,0.516336,0.483664,0.498833,0.501167,1,1,1.750292e-02
1714,0.516035,0.483965,0.498542,0.501458,1,1,1.749271e-02
1715,0.515734,0.484266,0.498252,0.501748,1,1,1.748252e-02
1716,0.515434,0.484566,0.497962,0.502038,1,1,1.747234e-02
1717,0.515134,0.484866,0.497672,0.502328,1,1,1.746217e-02
1718,0.514834,0.485166,0.497382,0.502618,1,1,1.745201e-02
1719,0.514535,0.485465,0.497093,0.502907,1,1,1.744186e-02
1720,0.514236,0.485764,0.496804,0.503196,1,1,1.743173e-02
1721,0.513937,0.486063,0.496516,0.503484,1,1,1.742160e-02
1722,0.513639,0.486361,0.496228,0.503772,1,1,1.741149e-02
1723,0.513341,0.486659,0.495940,0.504060,1,1,1.740139e-02
1724,0.513043,0.486957,0.495652,0.504348,1,1,1.739130e-02
1725,0.512746,0.487254,0.495365,0.504635,1,1,1.738123e-02
1726,0.512449,0.487551,0.495078,0.504922,1,1,1.737116e-02
1727,0.512153,0.487847,0.494792,0.505208,1,1,1.736111e-02
1728,0.511857,0.488143,0.494505,0.505495,1,1,1.735107e-02
1729,0.511561,0.488439,0.494220,0.505780,1,1,1.734104e-02
1730,0.511265,0.488735,0.493934,0.506066,1,1,1.733102e-02
1731,0.510970,0.489030,0.493649,0.506351,1,1,1.732102e-02
1732,0.510675,0.489325,0.493364,0.506636,1,1,1.731102e-02
1733,0.510381,0.489619,0.493080,0.506920,1,1,1.730104e-02
1734,0.510086,0.489914,0.492795,0.507205,1,1,1.729107e-02
1735,0.509793,0.490207,0.492512,0.507488,1,1,1.728111e-02
1736,0.509499,0.490501,0.492228,0.507772,1,1,1.727116e-02
1737,0.509206,0.490794,0.491945,0.508055,1,1,1.726122e-02
1738,0.508913,0.491087,0.491662,0.508338,1,1,1.725129e-02
1739,0.508621,0.491379,0.491379,0.508621,1,1,1.724138e-02
1740,0.508329,0.491671,0.491097,0.508903,1,1,1.723148e-02
1741,0.508037,0.491963,0.490815,0.509185,1,1,1.722158e-02
1742,0.507745,0.492255,0.490534,0.509466,1,1,1.721170e-02
1743,0.507454,0.492546,0.490252,0.509748,1,1,1.720183e-02
1744,0.507163,0.492837,0.489971,0.510029,1,1,1.719198e-02
1745,0.506873,0.493127,0.489691,0.510309,1,1,1.718213e-02
1746,0.506583,0.493417,0.489410,0.510590,1,1,1.717230e-02
1747,0.506293,0.493707,0.489130,0.510870,1,1,1.716247e-02
1748,0.506003,0.493997,0.488851,0.511149,1,1,1.715266e-02
1749,0.505714,0.494286,0.488571,0.511429,1,1,1.714286e-02
1750,0.505425,0.494575,0.488292,0.511708,1,1,1.713307e-02
1751,0.505137,0.494863,0.488014,0.511986,1,1,1.712329e-02
1752,0.504849,0.495151,0.487735,0.512265,1,1,1.711352e-02
1753,0.504561,0.495439,0.487457,0.512543,1,1,1.710376e-02
1754,0.504274,0.495726,0.487179,0.512821,1,1,1.709402e-02
1755,0.503986,0.496014,0.486902,0.513098,1,1,1.708428e-02
1756,0.503699,0.496301,0.486625,0.513375,1,1,1.707456e-02
1757,0.503413,0.496587,0.486348,0.513652,1,1,1.706485e-02
1758,0.503127,0.496873,0.486072,0.513928,1,1,1.705514e-02
1759,0.502841,0.497159,0.485795,0.514205,1,1,1.704545e-02
1760,0.502555,0.497445,0.485520,0.514480,1,1,1.703578e-02
1761,0.502270,0.497730,0.485244,0.514756,1,1,1.702611e-02
1762,0.501985,0.498015,0.484969,0.515031,1,1,1.701645e-02
1763,0.501701,0.498299,0.484694,0.515306,1,1,1.700680e-02
1764,0.501416,0.498584,0.484419,0.515581,1,1,1.699717e-02
1765,0.501133,0.498867,0.484145,0.515855,1,1,1.698754e-02
1766,0.500849,0.499151,0.483871,0.516129,1,1,1.697793e-02
1767,0.500566,0.499434,0.483597,0.516403,1,1,1.696833e-02
1768,0.500283,0.499717,0.483324,0.516676,1,1,1.695873e-02
1769,0.500000,0.500000,0.483051,0.516949,1,1,1.694915e-02
1770,0.499718,0.500282,0.483343,0.516657,1,0,1.693958e-02
1771,0.499436,0.500564,0.483634,0.516366,1,0,1.693002e-02
1772,0.499154,0.500846,0.483926,0.516074,1,0,1.692047e-02
1773,0.498873,0.501127,0.484216,0.515784,1,0,1.691094e-02
1774,0.498592,0.501408,0.484507,0.515493,1,0,1.690141e-02
1775,0.498311,0.501689,0.484797,0.515203,1,0,1.689189e-02
1776,0.498030,0.501970,0.485087,0.514913,1,0,1.688239e-02
1777,0.497750,0.502250,0.485377,0.514623,1,0,1.687289e-02
1778,0.497470,0.502530,0.485666,0.514334,1,0,1.686341e-02
1779,0.497191,0.502809,0.485955,0.514045,1,0,1.685393e-02
1780,0.496912,0.503088,0.486244,0.513756,1,0,1.684447e-02
1781,0.496633,0.503367,0.486532,0.513468,1,0,1.683502e-02
1782,0.496354,0.503646,0.486820,0.513180,1,0,1.682557e-02
1783,0.496076,0.503924,0.487108,0.512892,1,0,1.681614e-02
1784,0.495798,0.504202,0.487395,0.512605,1,0,1.680672e-02
1785,0.495521,0.504479,0.487682,0.512318,1,0,1.679731e-02
1786,0.495243,0.504757,0.487969,0.512031,1,0,1.678791e-02
1787,0.494966,0.505034,0.488255,0.511745,1,0,1.677852e-02
1788,0.494690,0.505310,0.488541,0.511459,1,0,1.676914e-02
1789,0.494413,0.505587,0.488827,0.511173,1,0,1.675978e-02
1790,0.494137,0.505863,0.489112,0.510888,1,0,1.675042e-02
1791,0.493862,0.506138,0.489397,0.510603,1,0,1.674107e-02
1792,0.493586,0.506414,0.489682,0.510318,1,0,1.673173e-02
1793,0.493311,0.506689,0.489967,0.510033,1,0,1.672241e-02
1794,0.493036,0.506964,0.490251,0.509749,1,0,1.671309e-02
1795,0.492762,0.507238,0.490535,0.509465,1,0,1.670379e-02
1796,0.492487,0.507513,0.490818,0.509182,1,0,1.669449e-02
1797,0.492214,0.507786,0.491101,0.508899,1,0,1.668521e-02
1798,0.491940,0.508060,0.491384,0.508616,1,0,1.667593e-02
1799,0.491667,0.508333,0.491667,0.508333,1,0,1.666667e-02
1800,0.491394,0.508606,0.491949,0.508051,1,0,1.665741e-02
1801,0.491121,0.508879,0.492231,0.507769,1,0,1.664817e-02
1802,0.490849,0.509151,0.492512,0.507488,1,0,1.663894e-02
1803,0.490576,0.509424,0.492794,0.507206,1,0,1.662971e-02
1804,0.490305,0.509695,0.493075,0.506925,1,0,1.662050e-02
1805,0.490033,0.509967,0.493355,0.506645,1,0,1.661130e-02
1806,0.489762,0.510238,0.493636,0.506364,1,0,1.660210e-02
1807,0.489491,0.510509,0.493916,0.506084,1,0,1.659292e-02
1808,0.489221,0.510779,0.494196,0.505804,1,0,1.658375e-02
1809,0.488950,0.511050,0.494475,0.505525,1,0,1.657459e-02
1810,0.488680,0.511320,0.494754,0.505246,1,0,1.656543e-02
1811,0.488411,0.511589,0.495033,0.504967,1,0,1.655629e-02
1812,0.488141,0.511859,0.495312,0.504688,1,0,1.654716e-02
1813,0.487872,0.512128,0.495590,0.504410,1,0,1.653804e-02
1814,0.487603,0.512397,0.495868,0.504132,1,0,1.652893e-02
1815,0.487335,0.512665,0.496145,0.503855,1,0,1.651982e-02
1816,0.487067,0.512933,0.496423,0.503577,1,0,1.651073e-02
1817,0.486799,0.513201,0.496700,0.503300,1,0,1.650165e-02
1818,0.486531,0.513469,0.496976,0.503024,1,0,1.649258e-02
1819,0.486264,0.513736,0.497253,0.502747,1,0,1.648352e-02
1820,0.485997,0.514003,0.497529,0.502471,1,0,1.647446e-02
1821,0.485730,0.514270,0.497805,0.502195,1,0,1.646542e-02
1822,0.485464,0.514536,0.498080,0.501920,1,0,1.645639e-02
1823,0.485197,0.514803,0.498355,0.501645,1,0,1.644737e-02
1824,0.484932,0.515068,0.498630,0.501370,1,0,1.643836e-02
1825,0.484666,0.515334,0.498905,0.501095,1,0,1.642935e-02
1826,0.484401,0.515599,0.499179,0.500821,1,0,1.642036e-02
1827,0.484136,0.515864,0.499453,0.500547,1,0,1.641138e-02
1828,0.483871,0.516129,0.499727,0.500273,1,0,1.640241e-02
1829,0.483607,0.516393,0.500000,0.500000,1,0,1.639344e-02
1830,0.483889,0.516111,0.500273,0.499727,0,0,1.638449e-02
1831,0.484170,0.515830,0.500546,0.499454,0,0,1.637555e-02
1832,0.484452,0.515548,0.500818,0.499182,0,0,1.636661e-02
1833,0.484733,0.515267,0.501091,0.498909,0,0,1.635769e-02
1834,0.485014,0.514986,0.501362,0.498638,0,0,1.634877e-02
1835,0.485294,0.514706,0.501634,0.498366,0,0,1.633987e-02
1836,0.485574,0.514426,0.501905,0.498095,0,0,1.633097e-02
1837,0.485854,0.514146,0.502176,0.497824,0,0,1.632209e-02
1838,0.486134,0.513866,0.502447,0.497553,0,0,1.631321e-02
1839,0.486413,0.513587,0.502717,0.497283,0,0,1.630435e-02
1840,0.486692,0.513308,0.502988,0.497012,0,0,1.629549e-02
1841,0.486971,0.513029,0.503257,0.496743,0,0,1.628664e-02
1842,0.487249,0.512751,0.503527,0.496473,0,0,1.627781e-02
1843,0.487527,0.512473,0.503796,0.496204,0,0,1.626898e-02
1844,0.487805,0.512195,0.504065,0.495935,0,0,1.626016e-02
1845,0.488082,0.511918,0.504334,0.495666,0,0,1.625135e-02
1846,0.488360,0.511640,0.504602,0.495398,0,0,1.624256e-02
1847,0.488636,0.511364,0.504870,0.495130,0,0,1.623377e-02
1848,0.488913,0.511087,0.505138,0.494862,0,0,1.622499e-02
1849,0.489189,0.510811,0.505405,0.494595,0,0,1.621622e-02
1850,0.489465,0.510535,0.505673,0.494327,0,0,1.620746e-02
1851,0.489741,0.510259,0.505940,0.494060,0,0,1.619870e-02
1852,0.490016,0.509984,0.506206,0.493794,0,0,1.618996e-02
1853,0.490291,0.509709,0.506472,0.493528,0,0,1.618123e-02
1854,0.490566,0.509434,0.506739,0.493261,0,0,1.617251e-02
1855,0.490841,0.509159,0.507004,0.492996,0,0,1.616379e-02
1856,0.491115,0.508885,0.507270,0.492730,0,0,1.615509e-02
1857,0.491389,0.508611,0.507535,0.492465,0,0,1.614639e-02
1858,0.491662,0.508338,0.507800,0.492200,0,0,1.613771e-02
1859,0.491935,0.508065,0.508065,0.491935,0,0,1.612903e-02
1860,0.492208,0.507792,0.508329,0.491671,0,0,1.612037e-02
1861,0.492481,0.507519,0.508593,0.491407,0,0,1.611171e-02
1862,0.492754,0.507246,0.508857,0.491143,0,0,1.610306e-02
1863,0.493026,0.506974,0.509120,0.490880,0,0,1.609442e-02
1864,0.493298,0.506702,0.509383,0.490617,0,0,1.608579e-02
1865,0.493569,0.506431,0.509646,0.490354,0,0,1.607717e-02
1866,0.493840,0.506160,0.509909,0.490091,0,0,1.606856e-02
1867,0.494111,0.505889,0.510171,0.489829,0,0,1.605996e-02
1868,0.494382,0.505618,0.510433,0.489567,0,0,1.605136e-02
1869,0.494652,0.505348,0.510695,0.489305,0,0,1.604278e-02
1870,0.494923,0.505077,0.510957,0.489043,0,0,1.603421e-02
1871,0.495192,0.504808,0.511218,0.488782,0,0,1.602564e-02
1872,0.495462,0.504538,0.511479,0.488521,0,0,1.601708e-02
1873,0.495731,0.504269,0.511740,0.488260,0,0,1.600854e-02
1874,0.496000,0.504000,0.512000,0.488000,0,0,1.600000e-02
1875,0.496269,0.503731,0.512260,0.487740,0,0,1.599147e-02
1876,0.496537,0.503463,0.512520,0.487480,0,0,1.598295e-02
1877,0.496805,0.503195,0.512780,0.487220,0,0,1.597444e-02
1878,0.497073,0.502927,0.513039,0.486961,0,0,1.596594e-02
1879,0.497340,0.502660,0.513298,0.486702,0,0,1.595745e-02
1880,0.497608,0.502392,0.513557,0.486443,0,0,1.594896e-02
1881,0.497875,0.502125,0.513815,0.486185,0,0,1.594049e-02
1882,0.498141,0.501859,0.514073,0.485927,0,0,1.593202e-02
1883,0.498408,0.501592,0.514331,0.485669,0,0,1.592357e-02
1884,0.498674,0.501326,0.514589,0.485411,0,0,1.591512e-02
1885,0.498940,0.501060,0.514846,0.485154,0,0,1.590668e-02
1886,0.499205,0.500795,0.515103,0.484897,0,0,1.589825e-02
1887,0.499470,0.500530,0.515360,0.484640,0,0,1.588983e-02
1888,0.499735,0.500265,0.515617,0.484383,0,0,1.588142e-02
1889,0.500000,0.500000,0.515873,0.484127,0,0,1.587302e-02
1890,0.500264,0.499736,0.516129,0.483871,0,0,1.639344e-02
1891,0.500529,0.499471,0.515856,0.484144,0,1,1.638478e-02
1892,0.500792,0.499208,0.515584,0.484416,0,1,1.637612e-02
1893,0.501056,0.498944,0.515312,0.484688,0,1,1.636748e-02
1894,0.501319,0.498681,0.515040,0.484960,0,1,1.635884e-02
1895,0.501582,0.498418,0.514768,0.485232,0,1,1.635021e-02
1896,0.501845,0.498155,0.514497,0.485503,0,1,1.634159e-02
1897,0.502107,0.497893,0.514226,0.485774,0,1,1.633298e-02
1898,0.502370,0.497630,0.513955,0.486045,0,1,1.632438e-02
1899,0.502632,0.497368,0.513684,0.486316,0,1,1.631579e-02
1900,0.502893,0.497107,0.513414,0.486586,0,1,1.630721e-02
1901,0.503155,0.496845,0.513144,0.486856,0,1,1.629863e-02
1902,0.503416,0.496584,0.512874,0.487126,0,1,1.629007e-02
1903,0.503676,0.496324,0.512605,0.487395,0,1,1.628151e-02
1904,0.503937,0.496063,0.512336,0.487664,0,1,1.627297e-02
1905,0.504197,0.495803,0.512067,0.487933,0,1,1.626443e-02
1906,0.504457,0.495543,0.511799,0.488201,0,1,1.625590e-02
1907,0.504717,0.495283,0.511530,0.488470,0,1,1.624738e-02
1908,0.504976,0.495024,0.511262,0.488738,0,1,1.623887e-02
1909,0.505236,0.494764,0.510995,0.489005,0,1,1.623037e-02
1910,0.505495,0.494505,0.510727,0.489273,0,1,1.622187e-02
1911,0.505753,0.494247,0.510460,0.489540,0,1,1.621339e-02
1912,0.506012,0.493988,0.510193,0.489807,0,1,1.620491e-02
1913,0.506270,0.493730,0.509927,0.490073,0,1,1.619645e-02
1914,0.506527,0.493473,0.509661,0.490339,0,1,1.618799e-02
1915,0.506785,0.493215,0.509395,0.490605,0,1,1.617954e-02
1916,0.507042,0.492958,0.509129,0.490871,0,1,1.617110e-02
1917,0.507299,0.492701,0.508863,0.491137,0,1,1.616267e-02
1918,0.507556,0.492444,0.508598,0.491402,0,1,1.615425e-02
1919,0.507812,0.492188,0.508333,0.491667,0,1,1.614583e-02
1920,0.508069,0.491931,0.508069,0.491931,0,1,1.613743e-02
1921,0.508325,0.491675,0.507804,0.492196,0,1,1.612903e-02
1922,0.508580,0.491420,0.507540,0.492460,0,1,1.612064e-02
1923,0.508836,0.491164,0.507277,0.492723,0,1,1.611227e-02
1924,0.509091,0.490909,0.507013,0.492987,0,1,1.610390e-02
1925,0.509346,0.490654,0.506750,0.493250,0,1,1.609553e-02
1926,0.509600,0.490400,0.506487,0.493513,0,1,1.608718e-02
1927,0.509855,0.490145,0.506224,0.493776,0,1,1.607884e-02
1928,0.510109,0.489891,0.505962,0.494038,0,1,1.607050e-02
1929,0.510363,0.489637,0.505699,0.494301,0,1,1.606218e-02
1930,0.510616,0.489384,0.505438,0.494562,0,1,1.605386e-02
1931,0.510870,0.489130,0.505176,0.494824,0,1,1.604555e-02
1932,0.511123,0.488877,0.504915,0.495085,0,1,1.603725e-02
1933,0.511375,0.488625,0.504654,0.495346,0,1,1.602896e-02
1934,0.511628,0.488372,0.504393,0.495607,0,1,1.602067e-02
1935,0.511880,0.488120,0.504132,0.495868,0,1,1.601240e-02
1936,0.512132,0.487868,0.503872,0.496128,0,1,1.600413e-02
1937,0.512384,0.487616,0.503612,0.496388,0,1,1.599587e-02
1938,0.512635,0.487365,0.503352,0.496648,0,1,1.598762e-02
1939,0.512887,0.487113,0.503093,0.496907,0,1,1.597938e-02
1940,0.513138,0.486862,0.502834,0.497166,0,1,1.597115e-02
1941,0.513388,0.486612,0.502575,0.497425,0,1,1.596292e-02
1942,0.513639,0.486361,0.502316,0.497684,0,1,1.595471e-02
1943,0.513889,0.486111,0.502058,0.497942,0,1,1.594650e-02
1944,0.514139,0.485861,0.501799,0.498201,0,1,1.593830e-02
1945,0.514388,0.485612,0.501542,0.498458,0,1,1.593011e-02
1946,0.514638,0.485362,0.501284,0.498716,0,1,1.592193e-02
1947,0.514887,0.485113,0.501027,0.498973,0,1,1.591376e-02
1948,0.515136,0.484864,0.500770,0.499230,0,1,1.590559e-02
1949,0.515385,0.484615,0.500513,0.499487,0,1,1.589744e-02
1950,0.515633,0.484367,0.500256,0.499744,0,1,1.588929e-02
1951,0.515881,0.484119,0.500000,0.500000,0,1,1.588115e-02
1952,0.516129,0.483871,0.499744,0.500256,0,1,1.638505e-02
1953,0.515865,0.484135,0.499488,0.500512,1,1,1.637666e-02
1954,0.515601,0.484399,0.499233,0.500767,1,1,1.636829e-02
1955,0.515337,0.484663,0.498978,0.501022,1,1,1.635992e-02
1956,0.515074,0.484926,0.498723,0.501277,1,1,1.635156e-02
1957,0.514811,0.485189,0.498468,0.501532,1,1,1.634321e-02
1958,0.514548,0.485452,0.498213,0.501787,1,1,1.633486e-02
1959,0.514286,0.485714,0.497959,0.502041,1,1,1.632653e-02
1960,0.514023,0.485977,0.497705,0.502295,1,1,1.631820e-02
1961,0.513761,0.486239,0.497452,0.502548,1,1,1.630989e-02
1962,0.513500,0.486500,0.497198,0.502802,1,1,1.630158e-02
1963,0.513238,0.486762,0.496945,0.503055,1,1,1.629328e-02
1964,0.512977,0.487023,0.496692,0.503308,1,1,1.628499e-02
1965,0.512716,0.487284,0.496439,0.503561,1,1,1.627670e-02
1966,0.512456,0.487544,0.496187,0.503813,1,1,1.626843e-02
1967,0.512195,0.487805,0.495935,0.504065,1,1,1.626016e-02
1968,0.511935,0.488065,0.495683,0.504317,1,1,1.625190e-02
1969,0.511675,0.488325,0.495431,0.504569,1,1,1.624365e-02
1970,0.511416,0.488584,0.495180,0.504820,1,1,1.623541e-02
1971,0.511156,0.488844,0.494929,0.505071,1,1,1.622718e-02
1972,0.510897,0.489103,0.494678,0.505322,1,1,1.621896e-02
1973,0.510638,0.489362,0.494428,0.505572,1,1,1.621074e-02
1974,0.510380,0.489620,0.494177,0.505823,1,1,1.620253e-02
1975,0.510121,0.489879,0.493927,0.506073,1,1,1.619433e-02
1976,0.509863,0.490137,0.493677,0.506323,1,1,1.618614e-02
1977,0.509606,0.490394,0.493428,0.506572,1,1,1.617796e-02
1978,0.509348,0.490652,0.493178,0.506822,1,1,1.616978e-02
1979,0.509091,0.490909,0.492929,0.507071,1,1,1.616162e-02
1980,0.508834,0.491166,0.492680,0.507320,1,1,1.615346e-02
1981,0.508577,0.491423,0.492432,0.507568,1,1,1.614531e-02
1982,0.508321,0.491679,0.492184,0.507816,1,1,1.613717e-02
1983,0.508065,0.491935,0.491935,0.508065,1,1,1.612903e-02
1984,0.507809,0.492191,0.491688,0.508312,1,1,1.612091e-02
1985,0.507553,0.492447,0.491440,0.508560,1,1,1.611279e-02
1986,0.507297,0.492703,0.491193,0.508807,1,1,1.610468e-02
1987,0.507042,0.492958,0.490946,0.509054,1,1,1.609658e-02
1988,0.506787,0.493213,0.490699,0.509301,1,1,1.608849e-02
1989,0.506533,0.493467,0.490452,0.509548,1,1,1.608040e-02
1990,0.506278,0.493722,0.490206,0.509794,1,1,1.607233e-02
1991,0.506024,0.493976,0.489960,0.510040,1,1,1.606426e-02
1992,0.505770,0.494230,0.489714,0.510286,1,1,1.605620e-02
1993,0.505517,0.494483,0.489468,0.510532,1,1,1.604814e-02
1994,0.505263,0.494737,0.489223,0.510777,1,1,1.604010e-02
1995,0.505010,0.494990,0.488978,0.511022,1,1,1.603206e-02
1996,0.504757,0.495243,0.488733,0.511267,1,1,1.602404e-02
1997,0.504505,0.495495,0.488488,0.511512,1,1,1.601602e-02
1998,0.504252,0.495748,0.488244,0.511756,1,1,1.600800e-02
1999,0.504000,0.496000,0.488000,0.512000,1,1,1.600000e-02
2000,0.503748,0.496252,0.487756,0.512244,1,1,1.599200e-02
2001,0.503497,0.496503,0.487512,0.512488,1,1,1.598402e-02
2002,0.503245,0.496755,0.487269,0.512731,1,1,1.597604e-02
2003,0.502994,0.497006,0.487026,0.512974,1,1,1.596806e-02
2004,0.502743,0.497257,0.486783,0.513217,1,1,1.596010e-02
2005,0.502493,0.497507,0.486540,0.513460,1,1,1.595214e-02
2006,0.502242,0.497758,0.486298,0.513702,1,1,1.594420e-02
2007,0.501992,0.498008,0.486056,0.513944,1,1,1.593625e-02
2008,0.501742,0.498258,0.485814,0.514186,1,1,1.592832e-02
2009,0.501493,0.498507,0.485572,0.514428,1,1,1.592040e-02
2010,0.501243,0.498757,0.485331,0.514669,1,1,1.591248e-02
2011,0.500994,0.499006,0.485089,0.514911,1,1,1.590457e-02
2012,0.500745,0.499255,0.484848,0.515152,1,1,1.589667e-02
2013,0.500497,0.499503,0.484608,0.515392,1,1,1.588878e-02
2014,0.500248,0.499752,0.484367,0.515633,1,1,1.588089e-02
2015,0.500000,0.500000,0.484127,0.515873,1,1,1.587302e-02
2016,0.499752,0.500248,0.484383,0.515617,1,0,1.586515e-02
2017,0.499504,0.500496,0.484638,0.515362,1,0,1.585728e-02
2018,0.499257,0.500743,0.484894,0.515106,1,0,1.584943e-02
2019,0.499010,0.500990,0.485149,0.514851,1,0,1.584158e-02
2020,0.498763,0.501237,0.485403,0.514597,1,0,1.583375e-02
2021,0.498516,0.501484,0.485658,0.514342,1,0,1.582591e-02
2022,0.498270,0.501730,0.485912,0.514088,1,0,1.581809e-02
2023,0.498024,0.501976,0.486166,0.513834,1,0,1.581028e-02
2024,0.497778,0.502222,0.486420,0.513580,1,0,1.580247e-02
2025,0.497532,0.502468,0.486673,0.513327,1,0,1.579467e-02
2026,0.497287,0.502713,0.486926,0.513074,1,0,1.578688e-02
2027,0.497041,0.502959,0.487179,0.512821,1,0,1.577909e-02
2028,0.496796,0.503204,0.487432,0.512568,1,0,1.577132e-02
2029,0.496552,0.503448,0.487685,0.512315,1,0,1.576355e-02
2030,0.496307,0.503693,0.487937,0.512063,1,0,1.575579e-02
2031,0.496063,0.503937,0.488189,0.511811,1,0,1.574803e-02
2032,0.495819,0.504181,0.488441,0.511559,1,0,1.574029e-02
2033,0.495575,0.504425,0.488692,0.511308,1,0,1.573255e-02
2034,0.495332,0.504668,0.488943,0.511057,1,0,1.572482e-02
2035,0.495088,0.504912,0.489194,0.510806,1,0,1.571709e-02
2036,0.494845,0.505155,0.489445,0.510555,1,0,1.570938e-02
2037,0.494603,0.505397,0.489696,0.510304,1,0,1.570167e-02
2038,0.494360,0.505640,0.489946,0.510054,1,0,1.569397e-02
2039,0.494118,0.505882,0.490196,0.509804,1,0,1.568627e-02
2040,0.493876,0.506124,0.490446,0.509554,1,0,1.567859e-02
2041,0.493634,0.506366,0.490695,0.509305,1,0,1.567091e-02
2042,0.493392,0.506608,0.490945,0.509055,1,0,1.566324e-02
2043,0.493151,0.506849,0.491194,0.508806,1,0,1.565558e-02
2044,0.492910,0.507090,0.491443,0.508557,1,0,1.564792e-02
2045,0.492669,0.507331,0.491691,0.508309,1,0,1.564027e-02
2046,0.492428,0.507572,0.491939,0.508061,1,0,1.563263e-02
2047,0.492188,0.507812,0.492188,0.507812,1,0,1.562500e-02
2048,0.491947,0.508053,0.492435,0.507565,1,0,1.561737e-02
2049,0.491707,0.508293,0.492683,0.507317,1,0,1.560976e-02
2050,0.491468,0.508532,0.492930,0.507070,1,0,1.560215e-02
2051,0.491228,0.508772,0.493177,0.506823,1,0,1.559454e-02
2052,0.490989,0.509011,0.493424,0.506576,1,0,1.558695e-02
2053,0.490750,0.509250,0.493671,0.506329,1,0,1.557936e-02
2054,0.490511,0.509489,0.493917,0.506083,1,0,1.557178e-02
2055,0.490272,0.509728,0.494163,0.505837,1,0,1.556420e-02
2056,0.490034,0.509966,0.494409,0.505591,1,0,1.555664e-02
2057,0.489796,0.510204,0.494655,0.505345,1,0,1.554908e-02
2058,0.489558,0.510442,0.494900,0.505100,1,0,1.554153e-02
2059,0.489320,0.510680,0.495146,0.504854,1,0,1.553398e-02
2060,0.489083,0.510917,0.495391,0.504609,1,0,1.552644e-02
2061,0.488846,0.511154,0.495635,0.504365,1,0,1.551891e-02
2062,0.488609,0.511391,0.495880,0.504120,1,0,1.551139e-02
2063,0.488372,0.511628,0.496124,0.503876,1,0,1.550388e-02
2064,0.488136,0.511864,0.496368,0.503632,1,0,1.549637e-02
2065,0.487899,0.512101,0.496612,0.503388,1,0,1.548887e-02
2066,0.487663,0.512337,0.496855,0.503145,1,0,1.548137e-02
2067,0.487427,0.512573,0.497099,0.502901,1,0,1.547389e-02
2068,0.487192,0.512808,0.497342,0.502658,1,0,1.546641e-02
2069,0.486957,0.513043,0.497585,0.502415,1,0,1.545894e-02
2070,0.486721,0.513279,0.497827,0.502173,1,0,1.545147e-02
2071,0.486486,0.513514,0.498069,0.501931,1,0,1.544402e-02
2072,0.486252,0.513748,0.498312,0.501688,1,0,1.543657e-02
2073,0.486017,0.513983,0.498554,0.501446,1,0,1.542912e-02
2074,0.485783,0.514217,0.498795,0.501205,1,0,1.542169e-02
2075,0.485549,0.514451,0.499037,0.500963,1,0,1.541426e-02
2076,0.485315,0.514685,0.499278,0.500722,1,0,1.540684e-02
2077,0.485082,0.514918,0.499519,0.500481,1,0,1.539942e-02
2078,0.484848,0.515152,0.499759,0.500241,1,0,1.539202e-02
2079,0.484615,0.515385,0.500000,0.500000,1,0,1.538462e-02
2080,0.484863,0.515137,0.500240,0.499760,0,0,1.537722e-02
2081,0.485110,0.514890,0.500480,0.499520,0,0,1.536984e-02
2082,0.485358,0.514642,0.500720,0.499280,0,0,1.536246e-02
2083,0.485605,0.514395,0.500960,0.499040,0,0,1.535509e-02
2084,0.485851,0.514149,0.501199,0.498801,0,0,1.534772e-02
2085,0.486098,0.513902,0.501438,0.498562,0,0,1.534036e-02
2086,0.486344,0.513656,0.501677,0.498323,0,0,1.533301e-02
2087,0.486590,0.513410,0.501916,0.498084,0,0,1.532567e-02
2088,0.486836,0.513164,0.502154,0.497846,0,0,1.531833e-02
2089,0.487081,0.512919,0.502392,0.497608,0,0,1.531100e-02
2090,0.487327,0.512673,0.502630,0.497370,0,0,1.530368e-02
2091,0.487572,0.512428,0.502868,0.497132,0,0,1.529637e-02
2092,0.487817,0.512183,0.503106,0.496894,0,0,1.528906e-02
2093,0.488061,0.511939,0.503343,0.496657,0,0,1.528176e-02
2094,0.488305,0.511695,0.503580,0.496420,0,0,1.527446e-02
2095,0.488550,0.511450,0.503817,0.496183,0,0,1.526718e-02
2096,0.488794,0.511206,0.504053,0.495947,0,0,1.525990e-02
2097,0.489037,0.510963,0.504290,0.495710,0,0,1.525262e-02
2098,0.489281,0.510719,0.504526,0.495474,0,0,1.524535e-02
2099,0.489524,0.510476,0.504762,0.495238,0,0,1.523810e-02
2100,0.489767,0.510233,0.504998,0.495002,0,0,1.523084e-02
2101,0.490010,0.509990,0.505233,0.494767,0,0,1.522360e-02
2102,0.490252,0.509748,0.505468,0.494532,0,0,1.521636e-02
2103,0.490494,0.509506,0.505703,0.494297,0,0,1.520913e-02
2104,0.490736,0.509264,0.505938,0.494062,0,0,1.520190e-02
2105,0.490978,0.509022,0.506173,0.493827,0,0,1.519468e-02
2106,0.491220,0.508780,0.506407,0.493593,0,0,1.518747e-02
2107,0.491461,0.508539,0.506641,0.493359,0,0,1.518027e-02
2108,0.491702,0.508298,0.506875,0.493125,0,0,1.517307e-02
2109,0.491943,0.508057,0.507109,0.492891,0,0,1.516588e-02
2110,0.492184,0.507816,0.507342,0.492658,0,0,1.515869e-02
2111,0.492424,0.507576,0.507576,0.492424,0,0,1.515152e-02
2112,0.492664,0.507336,0.507809,0.492191,0,0,1.514434e-02
2113,0.492904,0.507096,0.508042,0.491958,0,0,1.513718e-02
2114,0.493144,0.506856,0.508274,0.491726,0,0,1.513002e-02
2115,0.493384,0.506616,0.508507,0.491493,0,0,1.512287e-02
2116,0.493623,0.506377,0.508739,0.491261,0,0,1.511573e-02
2117,0.493862,0.506138,0.508971,0.491029,0,0,1.510859e-02
2118,0.494101,0.505899,0.509202,0.490798,0,0,1.510146e-02
2119,0.494340,0.505660,0.509434,0.490566,0,0,1.509434e-02
2120,0.494578,0.505422,0.509665,0.490335,0,0,1.508722e-02
2121,0.494816,0.505184,0.509896,0.490104,0,0,1.508011e-02
2122,0.495054,0.504946,0.510127,0.489873,0,0,1.507301e-02
2123,0.495292,0.504708,0.510358,0.489642,0,0,1.506591e-02
2124,0.495529,0.504471,0.510588,0.489412,0,0,1.505882e-02
2125,0.495767,0.504233,0.510818,0.489182,0,0,1.505174e-02
2126,0.496004,0.503996,0.511048,0.488952,0,0,1.504466e-02
2127,0.496241,0.503759,0.511278,0.488722,0,0,1.503759e-02
2128,0.496477,0.503523,0.511508,0.488492,0,0,1.503053e-02
2129,0.496714,0.503286,0.511737,0.488263,0,0,1.502347e-02
2130,0.496950,0.503050,0.511966,0.488034,0,0,1.501642e-02
2131,0.497186,0.502814,0.512195,0.487805,0,0,1.500938e-02
2132,0.497421,0.502579,0.512424,0.487576,0,0,1.500234e-02
2133,0.497657,0.502343,0.512652,0.487348,0,0,1.499531e-02
2134,0.497892,0.502108,0.512881,0.487119,0,0,1.498829e-02
2135,0.498127,0.501873,0.513109,0.486891,0,0,1.498127e-02
2136,0.498362,0.501638,0.513336,0.486664,0,0,1.497426e-02
2137,0.498597,0.501403,0.513564,0.486436,0,0,1.496726e-02
2138,0.498831,0.501169,0.513791,0.486209,0,0,1.496026e-02
2139,0.499065,0.500935,0.514019,0.485981,0,0,1.495327e-02
2140,0.499299,0.500701,0.514246,0.485754,0,0,1.494629e-02
2141,0.499533,0.500467,0.514472,0.485528,0,0,1.493931e-02
2142,0.499767,0.500233,0.514699,0.485301,0,0,1.493234e-02
2143,0.500000,0.500000,0.514925,0.485075,0,0,1.492537e-02
2144,0.500233,0.499767,0.515152,0.484848,0,0,1.538462e-02
2145,0.500466,0.499534,0.514911,0.485089,0,1,1.537745e-02
2146,0.500699,0.499301,0.514672,0.485328,0,1,1.537028e-02
2147,0.500931,0.499069,0.514432,0.485568,0,1,1.536313e-02
2148,0.501163,0.498837,0.514193,0.485807,0,1,1.535598e-02
2149,0.501395,0.498605,0.513953,0.486047,0,1,1.534884e-02
2150,0.501627,0.498373,0.513715,0.486285,0,1,1.534170e-02
2151,0.501859,0.498141,0.513476,0.486524,0,1,1.533457e-02
2152,0.502090,0.497910,0.513237,0.486763,0,1,1.532745e-02
2153,0.502321,0.497679,0.512999,0.487001,0,1,1.532033e-02
2154,0.502552,0.497448,0.512761,0.487239,0,1,1.531323e-02
2155,0.502783,0.497217,0.512523,0.487477,0,1,1.530612e-02
2156,0.503013,0.496987,0.512286,0.487714,0,1,1.529903e-02
2157,0.503244,0.496756,0.512048,0.487952,0,1,1.529194e-02
2158,0.503474,0.496526,0.511811,0.488189,0,1,1.528485e-02
2159,0.503704,0.496296,0.511574,0.488426,0,1,1.527778e-02
2160,0.503933,0.496067,0.511337,0.488663,0,1,1.527071e-02
2161,0.504163,0.495837,0.511101,0.488899,0,1,1.526364e-02
2162,0.504392,0.495608,0.510865,0.489135,0,1,1.525659e-02
2163,0.504621,0.495379,0.510628,0.489372,0,1,1.524954e-02
2164,0.504850,0.495150,0.510393,0.489607,0,1,1.524249e-02
2165,0.505078,0.494922,0.510157,0.489843,0,1,1.523546e-02
2166,0.505307,0.494693,0.509922,0.490078,0,1,1.522843e-02
2167,0.505535,0.494465,0.509686,0.490314,0,1,1.522140e-02
2168,0.505763,0.494237,0.509451,0.490549,0,1,1.521438e-02
2169,0.505991,0.494009,0.509217,0.490783,0,1,1.520737e-02
2170,0.506218,0.493782,0.508982,0.491018,0,1,1.520037e-02
2171,0.506446,0.493554,0.508748,0.491252,0,1,1.519337e-02
2172,0.506673,0.493327,0.508514,0.491486,0,1,1.518638e-02
2173,0.506900,0.493100,0.508280,0.491720,0,1,1.517939e-02
2174,0.507126,0.492874,0.508046,0.491954,0,1,1.517241e-02
2175,0.507353,0.492647,0.507812,0.492188,0,1,1.516544e-02
2176,0.507579,0.492421,0.507579,0.492421,0,1,1.515847e-02
2177,0.507805,0.492195,0.507346,0.492654,0,1,1.515152e-02
2178,0.508031,0.491969,0.507113,0.492887,0,1,1.514456e-02
2179,0.508257,0.491743,0.506881,0.493119,0,1,1.513761e-02
2180,0.508482,0.491518,0.506648,0.493352,0,1,1.513067e-02
2181,0.508708,0.491292,0.506416,0.493584,0,1,1.512374e-02
2182,0.508933,0.491067,0.506184,0.493816,0,1,1.511681e-02
2183,0.509158,0.490842,0.505952,0.494048,0,1,1.510989e-02
2184,0.509382,0.490618,0.505721,0.494279,0,1,1.510297e-02
2185,0.509607,0.490393,0.505489,0.494511,0,1,1.509607e-02
2186,0.509831,0.490169,0.505258,0.494742,0,1,1.508916e-02
2187,0.510055,0.489945,0.505027,0.494973,0,1,1.508227e-02
2188,0.510279,0.489721,0.504797,0.495203,0,1,1.507538e-02
2189,0.510502,0.489498,0.504566,0.495434,0,1,1.506849e-02
2190,0.510726,0.489274,0.504336,0.495664,0,1,1.506162e-02
2191,0.510949,0.489051,0.504106,0.495894,0,1,1.505474e-02
2192,0.511172,0.488828,0.503876,0.496124,0,1,1.504788e-02
2193,0.511395,0.488605,0.503646,0.496354,0,1,1.504102e-02
2194,0.511617,0.488383,0.503417,0.496583,0,1,1.503417e-02
2195,0.511840,0.488160,0.503188,0.496812,0,1,1.502732e-02
2196,0.512062,0.487938,0.502959,0.497041,0,1,1.502048e-02
2197,0.512284,0.487716,0.502730,0.497270,0,1,1.501365e-02
2198,0.512506,0.487494,0.502501,0.497499,0,1,1.500682e-02
2199,0.512727,0.487273,0.502273,0.497727,0,1,1.500000e-02
2200,0.512949,0.487051,0.502045,0.497955,0,1,1.499318e-02
2201,0.513170,0.486830,0.501817,0.498183,0,1,1.498638e-02
2202,0.513391,0.486609,0.501589,0.498411,0,1,1.497957e-02
2203,0.513612,0.486388,0.501361,0.498639,0,1,1.497278e-02
2204,0.513832,0.486168,0.501134,0.498866,0,1,1.496599e-02
2205,0.514053,0.485947,0.500907,0.499093,0,1,1.495920e-02
2206,0.514273,0.485727,0.500680,0.499320,0,1,1.495242e-02
2207,0.514493,0.485507,0.500453,0.499547,0,1,1.494565e-02
2208,0.514713,0.485287,0.500226,0.499774,0,1,1.493889e-02
2209,0.514932,0.485068,0.500000,0.500000,0,1,1.493213e-02
2210,0.515152,0.484848,0.499774,0.500226,0,1,1.537766e-02
2211,0.514919,0.485081,0.499548,0.500452,1,1,1.537071e-02
2212,0.514686,0.485314,0.499322,0.500678,1,1,1.536376e-02
2213,0.514453,0.485547,0.499097,0.500903,1,1,1.535682e-02
2214,0.514221,0.485779,0.498871,0.501129,1,1,1.534989e-02
2215,0.513989,0.486011,0.498646,0.501354,1,1,1.534296e-02
2216,0.513757,0.486243,0.498421,0.501579,1,1,1.533604e-02
2217,0.513526,0.486474,0.498197,0.501803,1,1,1.532913e-02
2218,0.513294,0.486706,0.497972,0.502028,1,1,1.532222e-02
2219,0.513063,0.486937,0.497748,0.502252,1,1,1.531532e-02
2220,0.512832,0.487168,0.497524,0.502476,1,1,1.530842e-02
2221,0.512601,0.487399,0.497300,0.502700,1,1,1.530153e-02
2222,0.512371,0.487629,0.497076,0.502924,1,1,1.529465e-02
2223,0.512140,0.487860,0.496853,0.503147,1,1,1.528777e-02
2224,0.511910,0.488090,0.496629,0.503371,1,1,1.528090e-02
2225,0.511680,0.488320,0.496406,0.503594,1,1,1.527403e-02
2226,0.511450,0.488550,0.496183,0.503817,1,1,1.526718e-02
2227,0.511221,0.488779,0.495961,0.504039,1,1,1.526032e-02
2228,0.510991,0.489009,0.495738,0.504262,1,1,1.525348e-02
2229,0.510762,0.489238,0.495516,0.504484,1,1,1.524664e-02
2230,0.510533,0.489467,0.495294,0.504706,1,1,1.523980e-02
2231,0.510305,0.489695,0.495072,0.504928,1,1,1.523297e-02
2232,0.510076,0.489924,0.494850,0.505150,1,1,1.522615e-02
2233,0.509848,0.490152,0.494628,0.505372,1,1,1.521934e-02
2234,0.509620,0.490380,0.494407,0.505593,1,1,1.521253e-02
2235,0.509392,0.490608,0.494186,0.505814,1,1,1.520572e-02
2236,0.509164,0.490836,0.493965,0.506035,1,1,1.519893e-02
2237,0.508937,0.491063,0.493744,0.506256,1,1,1.519214e-02
2238,0.508709,0.491291,0.493524,0.506476,1,1,1.518535e-02
2239,0.508482,0.491518,0.493304,0.506696,1,1,1.517857e-02
2240,0.508255,0.491745,0.493083,0.506917,1,1,1.517180e-02
2241,0.508029,0.491971,0.492864,0.507136,1,1,1.516503e-02
2242,0.507802,0.492198,0.492644,0.507356,1,1,1.515827e-02
2243,0.507576,0.492424,0.492424,0.507576,1,1,1.515152e-02
2244,0.507350,0.492650,0.492205,0.507795,1,1,1.514477e-02
2245,0.507124,0.492876,0.491986,0.508014,1,1,1.513802e-02
2246,0.506898,0.493102,0.491767,0.508233,1,1,1.513129e-02
2247,0.506673,0.493327,0.491548,0.508452,1,1,1.512456e-02
2248,0.506447,0.493553,0.491329,0.508671,1,1,1.511783e-02
2249,0.506222,0.493778,0.491111,0.508889,1,1,1.511111e-02
2250,0.505997,0.494003,0.490893,0.509107,1,1,1.510440e-02
2251,0.505773,0.494227,0.490675,0.509325,1,1,1.509769e-02
2252,0.505548,0.494452,0.490457,0.509543,1,1,1.509099e-02
2253,0.505324,0.494676,0.490240,0.509760,1,1,1.508429e-02
2254,0.505100,0.494900,0.490022,0.509978,1,1,1.507761e-02
2255,0.504876,0.495124,0.489805,0.510195,1,1,1.507092e-02
2256,0.504652,0.495348,0.489588,0.510412,1,1,1.506424e-02
2257,0.504429,0.495571,0.489371,0.510629,1,1,1.505757e-02
2258,0.504205,0.495795,0.489154,0.510846,1,1,1.505091e-02
2259,0.503982,0.496018,0.488938,0.511062,1,1,1.504425e-02
2260,0.503759,0.496241,0.488722,0.511278,1,1,1.503759e-02
2261,0.503537,0.496463,0.488506,0.511494,1,1,1.503095e-02
2262,0.503314,0.496686,0.488290,0.511710,1,1,1.502430e-02
2263,0.503092,0.496908,0.488074,0.511926,1,1,1.501767e-02
2264,0.502870,0.497130,0.487859,0.512141,1,1,1.501104e-02
2265,0.502648,0.497352,0.487643,0.512357,1,1,1.500441e-02
2266,0.502426,0.497574,0.487428,0.512572,1,1,1.499779e-02
2267,0.502205,0.497795,0.487213,0.512787,1,1,1.499118e-02
2268,0.501983,0.498017,0.486999,0.513001,1,1,1.498457e-02
2269,0.501762,0.498238,0.486784,0.513216,1,1,1.497797e-02
2270,0.501541,0.498459,0.486570,0.513430,1,1,1.497138e-02
2271,0.501320,0.498680,0.486356,0.513644,1,1,1.496479e-02
2272,0.501100,0.498900,0.486142,0.513858,1,1,1.495821e-02
2273,0.500880,0.499120,0.485928,0.514072,1,1,1.495163e-02
2274,0.500659,0.499341,0.485714,0.514286,1,1,1.494505e-02
2275,0.500439,0.499561,0.485501,0.514499,1,1,1.493849e-02
2276,0.500220,0.499780,0.485288,0.514712,1,1,1.493193e-02
2277,0.500000,0.500000,0.485075,0.514925,1,1,1.492537e-02
2278,0.499781,0.500219,0.485301,0.514699,1,0,1.491882e-02
2279,0.499561,0.500439,0.485526,0.514474,1,0,1.491228e-02
2280,0.499342,0.500658,0.485752,0.514248,1,0,1.490574e-02
2281,0.499124,0.500876,0.485977,0.514023,1,0,1.489921e-02
2282,0.498905,0.501095,0.486202,0.513798,1,0,1.489269e-02
2283,0.498687,0.501313,0.486427,0.513573,1,0,1.488616e-02
2284,0.498468,0.501532,0.486652,0.513348,1,0,1.487965e-02
2285,0.498250,0.501750,0.486877,0.513123,1,0,1.487314e-02
2286,0.498032,0.501968,0.487101,0.512899,1,0,1.486664e-02
2287,0.497815,0.502185,0.487325,0.512675,1,0,1.486014e-02
2288,0.497597,0.502403,0.487549,0.512451,1,0,1.485365e-02
2289,0.497380,0.502620,0.487773,0.512227,1,0,1.484716e-02
2290,0.497163,0.502837,0.487997,0.512003,1,0,1.484068e-02
2291,0.496946,0.503054,0.488220,0.511780,1,0,1.483421e-02
2292,0.496729,0.503271,0.488443,0.511557,1,0,1.482774e-02
2293,0.496513,0.503487,0.488666,0.511334,1,0,1.482127e-02
2294,0.496296,0.503704,0.488889,0.511111,1,0,1.481481e-02
2295,0.496080,0.503920,0.489111,0.510889,1,0,1.480836e-02
2296,0.495864,0.504136,0.489334,0.510666,1,0,1.480192e-02
2297,0.495648,0.504352,0.489556,0.510444,1,0,1.479547e-02
2298,0.495433,0.504567,0.489778,0.510222,1,0,1.478904e-02
2299,0.495217,0.504783,0.490000,0.510000,1,0,1.478261e-02
2300,0.495002,0.504998,0.490222,0.509778,1,0,1.477618e-02
2301,0.494787,0.505213,0.490443,0.509557,1,0,1.476977e-02
2302,0.494572,0.505428,0.490664,0.509336,1,0,1.476335e-02
2303,0.494358,0.505642,0.490885,0.509115,1,0,1.475694e-02
2304,0.494143,0.505857,0.491106,0.508894,1,0,1.475054e-02
2305,0.493929,0.506071,0.491327,0.508673,1,0,1.474415e-02
2306,0.493715,0.506285,0.491547,0.508453,1,0,1.473775e-02
2307,0.493501,0.506499,0.491768,0.508232,1,0,1.473137e-02
2308,0.493287,0.506713,0.491988,0.508012,1,0,1.472499e-02
2309,0.493074,0.506926,0.492208,0.507792,1,0,1.471861e-02
2310,0.492860,0.507140,0.492428,0.507572,1,0,1.471225e-02
2311,0.492647,0.507353,0.492647,0.507353,1,0,1.470588e-02
2312,0.492434,0.507566,0.492866,0.507134,1,0,1.469952e-02
2313,0.492221,0.507779,0.493086,0.506914,1,0,1.469317e-02
2314,0.492009,0.507991,0.493305,0.506695,1,0,1.468683e-02
2315,0.491796,0.508204,0.493523,0.506477,1,0,1.468048e-02
2316,0.491584,0.508416,0.493742,0.506258,1,0,1.467415e-02
2317,0.491372,0.508628,0.493960,0.506040,1,0,1.466782e-02
2318,0.491160,0.508840,0.494179,0.505821,1,0,1.466149e-02
2319,0.490948,0.509052,0.494397,0.505603,1,0,1.465517e-02
2320,0.490737,0.509263,0.494614,0.505386,1,0,1.464886e-02
2321,0.490525,0.509475,0.494832,0.505168,1,0,1.464255e-02
2322,0.490314,0.509686,0.495050,0.504950,1,0,1.463625e-02
2323,0.490103,0.509897,0.495267,0.504733,1,0,1.462995e-02
2324,0.489892,0.510108,0.495484,0.504516,1,0,1.462366e-02
2325,0.489682,0.510318,0.495701,0.504299,1,0,1.461737e-02
2326,0.489471,0.510529,0.495917,0.504083,1,0,1.461109e-02
2327,0.489261,0.510739,0.496134,0.503866,1,0,1.460481e-02
2328,0.489051,0.510949,0.496350,0.503650,1,0,1.459854e-02
2329,0.488841,0.511159,0.496567,0.503433,1,0,1.459227e-02
2330,0.488631,0.511369,0.496782,0.503218,1,0,1.458601e-02
2331,0.488422,0.511578,0.496998,0.503002,1,0,1.457976e-02
2332,0.488213,0.511787,0.497214,0.502786,1,0,1.457351e-02
2333,0.488003,0.511997,0.497429,0.502571,1,0,1.456727e-02
2334,0.487794,0.512206,0.497645,0.502355,1,0,1.456103e-02
2335,0.487586,0.512414,0.497860,0.502140,1,0,1.455479e-02
2336,0.487377,0.512623,0.498074,0.501926,1,0,1.454857e-02
2337,0.487169,0.512831,0.498289,0.501711,1,0,1.454234e-02
2338,0.486960,0.513040,0.498504,0.501496,1,0,1.453613e-02
2339,0.486752,0.513248,0.498718,0.501282,1,0,1.452991e-02
2340,0.486544,0.513456,0.498932,0.501068,1,0,1.452371e-02
2341,0.486336,0.513664,0.499146,0.500854,1,0,1.451751e-02
2342,0.486129,0.513871,0.499360,0.500640,1,0,1.451131e-02
2343,0.485922,0.514078,0.499573,0.500427,1,0,1.450512e-02
2344,0.485714,0.514286,0.499787,0.500213,1,0,1.449893e-02
2345,0.485507,0.514493,0.500000,0.500000,1,0,1.449275e-02
2346,0.485726,0.514274,0.500213,0.499787,0,0,1.448658e-02
2347,0.485945,0.514055,0.500426,0.499574,0,0,1.448041e-02
2348,0.486164,0.513836,0.500639,0.499361,0,0,1.447424e-02
2349,0.486383,0.513617,0.500851,0.499149,0,0,1.446809e-02
2350,0.486601,0.513399,0.501063,0.498937,0,0,1.446193e-02
2351,0.486820,0.513180,0.501276,0.498724,0,0,1.445578e-02
2352,0.487038,0.512962,0.501487,0.498513,0,0,1.444964e-02
2353,0.487256,0.512744,0.501699,0.498301,0,0,1.444350e-02
2354,0.487473,0.512527,0.501911,0.498089,0,0,1.443737e-02
2355,0.487691,0.512309,0.502122,0.497878,0,0,1.443124e-02
2356,0.487908,0.512092,0.502333,0.497667,0,0,1.442512e-02
2357,0.488126,0.511874,0.502545,0.497455,0,0,1.441900e-02
2358,0.488343,0.511657,0.502755,0.497245,0,0,1.441289e-02
2359,0.488559,0.511441,0.502966,0.497034,0,0,1.440678e-02
2360,0.488776,0.511224,0.503177,0.496823,0,0,1.440068e-02
2361,0.488992,0.511008,0.503387,0.496613,0,0,1.439458e-02
2362,0.489209,0.510791,0.503597,0.496403,0,0,1.438849e-02
2363,0.489425,0.510575,0.503807,0.496193,0,0,1.438240e-02
2364,0.489641,0.510359,0.504017,0.495983,0,0,1.437632e-02
2365,0.489856,0.510144,0.504227,0.495773,0,0,1.437025e-02
2366,0.490072,0.509928,0.504436,0.495564,0,0,1.436417e-02
2367,0.490287,0.509713,0.504645,0.495355,0,0,1.435811e-02
2368,0.490502,0.509498,0.504854,0.495146,0,0,1.435205e-02
2369,0.490717,0.509283,0.505063,0.494937,0,0,1.434599e-02
2370,0.490932,0.509068,0.505272,0.494728,0,0,1.433994e-02
2371,0.491147,0.508853,0.505481,0.494519,0,0,1.433390e-02
2372,0.491361,0.508639,0.505689,0.494311,0,0,1.432786e-02
2373,0.491575,0.508425,0.505897,0.494103,0,0,1.432182e-02
2374,0.491789,0.508211,0.506105,0.493895,0,0,1.431579e-02
2375,0.492003,0.507997,0.506313,0.493687,0,0,1.430976e-02
2376,0.492217,0.507783,0.506521,0.493479,0,0,1.430374e-02
2377,0.492431,0.507569,0.506728,0.493272,0,0,1.429773e-02
2378,0.492644,0.507356,0.506936,0.493064,0,0,1.429172e-02
2379,0.492857,0.507143,0.507143,0.492857,0,0,1.428571e-02
2380,0.493070,0.506930,0.507350,0.492650,0,0,1.427971e-02
2381,0.493283,0.506717,0.507557,0.492443,0,0,1.427372e-02
2382,0.493496,0.506504,0.507763,0.492237,0,0,1.426773e-02
2383,0.493708,0.506292,0.507970,0.492030,0,0,1.426174e-02
2384,0.493920,0.506080,0.508176,0.491824,0,0,1.425577e-02
2385,0.494132,0.505868,0.508382,0.491618,0,0,1.424979e-02
2386,0.494344,0.505656,0.508588,0.491412,0,0,1.424382e-02
2387,0.494556,0.505444,0.508794,0.491206,0,0,1.423786e-02
2388,0.494768,0.505232,0.509000,0.491000,0,0,1.423190e-02
2389,0.494979,0.505021,0.509205,0.490795,0,0,1.422594e-02
2390,0.495190,0.504810,0.509410,0.490590,0,0,1.421999e-02
2391,0.495401,0.504599,0.509615,0.490385,0,0,1.421405e-02
2392,0.495612,0.504388,0.509820,0.490180,0,0,1.420811e-02
2393,0.495823,0.504177,0.510025,0.489975,0,0,1.420217e-02
2394,0.496033,0.503967,0.510230,0.489770,0,0,1.419624e-02
2395,0.496244,0.503756,0.510434,0.489566,0,0,1.419032e-02
2396,0.496454,0.503546,0.510638,0.489362,0,0,1.418440e-02
2397,0.496664,0.503336,0.510842,0.489158,0,0,1.417848e-02
2398,0.496874,0.503126,0.511046,0.488954,0,0,1.417257e-02
2399,0.497083,0.502917,0.511250,0.488750,0,0,1.416667e-02
2400,0.497293,0.502707,0.511454,0.488546,0,0,1.416077e-02
2401,0.497502,0.502498,0.511657,0.488343,0,0,1.415487e-02
2402,0.497711,0.502289,0.511860,0.488140,0,0,1.414898e-02
2403,0.497920,0.502080,0.512063,0.487937,0,0,1.414309e-02
2404,0.498129,0.501871,0.512266,0.487734,0,0,1.413721e-02
2405,0.498337,0.501663,0.512469,0.487531,0,0,1.413134e-02
2406,0.498546,0.501454,0.512671,0.487329,0,0,1.412547e-02
2407,0.498754,0.501246,0.512874,0.487126,0,0,1.411960e-02
2408,0.498962,0.501038,0.513076,0.486924,0,0,1.411374e-02
2409,0.499170,0.500830,0.513278,0.486722,0,0,1.410788e-02
2410,0.499378,0.500622,0.513480,0.486520,0,0,1.410203e-02
2411,0.499585,0.500415,0.513682,0.486318,0,0,1.409619e-02
2412,0.499793,0.500207,0.513883,0.486117,0,0,1.409034e-02
2413,0.500000,0.500000,0.514085,0.485915,0,0,1.408451e-02
2414,0.500207,0.499793,0.514286,0.485714,0,0,1.449275e-02
2415,0.500414,0.499586,0.514073,0.485927,0,1,1.448675e-02
2416,0.500621,0.499379,0.513860,0.486140,0,1,1.448076e-02
2417,0.500827,0.499173,0.513648,0.486352,0,1,1.447477e-02
2418,0.501033,0.498967,0.513435,0.486565,0,1,1.446879e-02
2419,0.501240,0.498760,0.513223,0.486777,0,1,1.446281e-02
2420,0.501446,0.498554,0.513011,0.486989,0,1,1.445684e-02
2421,0.501652,0.498348,0.512799,0.487201,0,1,1.445087e-02
2422,0.501857,0.498143,0.512588,0.487412,0,1,1.444490e-02
2423,0.502063,0.497937,0.512376,0.487624,0,1,1.443894e-02
2424,0.502268,0.497732,0.512165,0.487835,0,1,1.443299e-02
2425,0.502473,0.497527,0.511954,0.488046,0,1,1.442704e-02
2426,0.502678,0.497322,0.511743,0.488257,0,1,1.442110e-02
2427,0.502883,0.497117,0.511532,0.488468,0,1,1.441516e-02
2428,0.503088,0.496912,0.511322,0.488678,0,1,1.440922e-02
2429,0.503292,0.496708,0.511111,0.488889,0,1,1.440329e-02
2430,0.503497,0.496503,0.510901,0.489099,0,1,1.439737e-02
2431,0.503701,0.496299,0.510691,0.489309,0,1,1.439145e-02
2432,0.503905,0.496095,0.510481,0.489519,0,1,1.438553e-02
2433,0.504108,0.495892,0.510271,0.489729,0,1,1.437962e-02
2434,0.504312,0.495688,0.510062,0.489938,0,1,1.437372e-02
2435,0.504516,0.495484,0.509852,0.490148,0,1,1.436782e-02
2436,0.504719,0.495281,0.509643,0.490357,0,1,1.436192e-02
2437,0.504922,0.495078,0.509434,0.490566,0,1,1.435603e-02
2438,0.505125,0.494875,0.509225,0.490775,0,1,1.435014e-02
2439,0.505328,0.494672,0.509016,0.490984,0,1,1.434426e-02
2440,0.505531,0.494469,0.508808,0.491192,0,1,1.433839e-02
2441,0.505733,0.494267,0.508600,0.491400,0,1,1.433251e-02
2442,0.505935,0.494065,0.508391,0.491609,0,1,1.432665e-02
2443,0.506137,0.493863,0.508183,0.491817,0,1,1.432079e-02
2444,0.506339,0.493661,0.507975,0.492025,0,1,1.431493e-02
2445,0.506541,0.493459,0.507768,0.492232,0,1,1.430908e-02
2446,0.506743,0.493257,0.507560,0.492440,0,1,1.430323e-02
2447,0.506944,0.493056,0.507353,0.492647,0,1,1.429739e-02
2448,0.507146,0.492854,0.507146,0.492854,0,1,1.429155e-02
2449,0.507347,0.492653,0.506939,0.493061,0,1,1.428571e-02
2450,0.507548,0.492452,0.506732,0.493268,0,1,1.427989e-02
2451,0.507749,0.492251,0.506525,0.493475,0,1,1.427406e-02
2452,0.507949,0.492051,0.506319,0.493681,0,1,1.426824e-02
2453,0.508150,0.491850,0.506112,0.493888,0,1,1.426243e-02
2454,0.508350,0.491650,0.505906,0.494094,0,1,1.425662e-02
2455,0.508550,0.491450,0.505700,0.494300,0,1,1.425081e-02
2456,0.508751,0.491249,0.505495,0.494505,0,1,1.424501e-02
2457,0.508950,0.491050,0.505289,0.494711,0,1,1.423922e-02
2458,0.509150,0.490850,0.505083,0.494917,0,1,1.423343e-02
2459,0.509350,0.490650,0.504878,0.495122,0,1,1.422764e-02
2460,0.509549,0.490451,0.504673,0.495327,0,1,1.422186e-02
2461,0.509748,0.490252,0.504468,0.495532,0,1,1.421608e-02
2462,0.509947,0.490053,0.504263,0.495737,0,1,1.421031e-02
2463,0.510146,0.489854,0.504058,0.495942,0,1,1.420455e-02
2464,0.510345,0.489655,0.503854,0.496146,0,1,1.419878e-02
2465,0.510543,0.489457,0.503650,0.496350,0,1,1.419303e-02
2466,0.510742,0.489258,0.503445,0.496555,0,1,1.418727e-02
2467,0.510940,0.489060,0.503241,0.496759,0,1,1.418152e-02
2468,0.511138,0.488862,0.503038,0.496962,0,1,1.417578e-02
2469,0.511336,0.488664,0.502834,0.497166,0,1,1.417004e-02
2470,0.511534,0.488466,0.502631,0.497369,0,1,1.416431e-02
2471,0.511731,0.488269,0.502427,0.497573,0,1,1.415858e-02
2472,0.511929,0.488071,0.502224,0.497776,0,1,1.415285e-02
2473,0.512126,0.487874,0.502021,0.497979,0,1,1.414713e-02
2474,0.512323,0.487677,0.501818,0.498182,0,1,1.414141e-02
2475,0.512520,0.487480,0.501616,0.498384,0,1,1.413570e-02
2476,0.512717,0.487283,0.501413,0.498587,0,1,1.413000e-02
2477,0.512914,0.487086,0.501211,0.498789,0,1,1.412429e-02
2478,0.513110,0.486890,0.501008,0.498992,0,1,1.411860e-02
2479,0.513306,0.486694,0.500806,0.499194,0,1,1.411290e-02
2480,0.513503,0.486497,0.500605,0.499395,0,1,1.410721e-02
2481,0.513699,0.486301,0.500403,0.499597,0,1,1.410153e-02
2482,0.513894,0.486106,0.500201,0.499799,0,1,1.409585e-02
2483,0.514090,0.485910,0.500000,0.500000,0,1,1.409018e-02
2484,0.514286,0.485714,0.499799,0.500201,0,1,1.448692e-02
2485,0.514079,0.485921,0.499598,0.500402,1,1,1.448109e-02
2486,0.513872,0.486128,0.499397,0.500603,1,1,1.447527e-02
2487,0.513666,0.486334,0.499196,0.500804,1,1,1.446945e-02
2488,0.513459,0.486541,0.498996,0.501004,1,1,1.446364e-02
2489,0.513253,0.486747,0.498795,0.501205,1,1,1.445783e-02
2490,0.513047,0.486953,0.498595,0.501405,1,1,1.445203e-02
2491,0.512841,0.487159,0.498395,0.501605,1,1,1.444623e-02
2492,0.512635,0.487365,0.498195,0.501805,1,1,1.444043e-02
2493,0.512430,0.487570,0.497995,0.502005,1,1,1.443464e-02
2494,0.512224,0.487776,0.497796,0.502204,1,1,1.442886e-02
2495,0.512019,0.487981,0.497596,0.502404,1,1,1.442308e-02
2496,0.511814,0.488186,0.497397,0.502603,1,1,1.441730e-02
2497,0.511609,0.488391,0.497198,0.502802,1,1,1.441153e-02
2498,0.511405,0.488595,0.496999,0.503001,1,1,1.440576e-02
2499,0.511200,0.488800,0.496800,0.503200,1,1,1.440000e-02
2500,0.510996,0.489004,0.496601,0.503399,1,1,1.439424e-02
2501,0.510791,0.489209,0.496403,0.503597,1,1,1.438849e-02
2502,0.510587,0.489413,0.496205,0.503795,1,1,1.438274e-02
2503,0.510383,0.489617,0.496006,0.503994,1,1,1.437700e-02
2504,0.510180,0.489820,0.495808,0.504192,1,1,1.437126e-02
2505,0.509976,0.490024,0.495611,0.504389,1,1,1.436552e-02
2506,0.509773,0.490227,0.495413,0.504587,1,1,1.435979e-02
2507,0.509569,0.490431,0.495215,0.504785,1,1,1.435407e-02
2508,0.509366,0.490634,0.495018,0.504982,1,1,1.434835e-02
2509,0.509163,0.490837,0.494821,0.505179,1,1,1.434263e-02
2510,0.508961,0.491039,0.494624,0.505376,1,1,1.433692e-02
2511,0.508758,0.491242,0.494427,0.505573,1,1,1.433121e-02
2512,0.508556,0.491444,0.494230,0.505770,1,1,1.432551e-02
2513,0.508353,0.491647,0.494033,0.505967,1,1,1.431981e-02
2514,0.508151,0.491849,0.493837,0.506163,1,1,1.431412e-02
2515,0.507949,0.492051,0.493641,0.506359,1,1,1.430843e-02
2516,0.507747,0.492253,0.493445,0.506555,1,1,1.430274e-02
2517,0.507546,0.492454,0.493249,0.506751,1,1,1.429706e-02
2518,0.507344,0.492656,0.493053,0.506947,1,1,1.429139e-02
2519,0.507143,0.492857,0.492857,0.507143,1,1,1.428571e-02
2520,0.506942,0.493058,0.492662,0.507338,1,1,1.428005e-02
2521,0.506741,0.493259,0.492466,0.507534,1,1,1.427439e-02
2522,0.506540,0.493460,0.492271,0.507729,1,1,1.426873e-02
2523,0.506339,0.493661,0.492076,0.507924,1,1,1.426307e-02
2524,0.506139,0.493861,0.491881,0.508119,1,1,1.425743e-02
2525,0.505938,0.494062,0.491686,0.508314,1,1,1.425178e-02
2526,0.505738,0.494262,0.491492,0.508508,1,1,1.424614e-02
2527,0.505538,0.494462,0.491297,0.508703,1,1,1.424051e-02
2528,0.505338,0.494662,0.491103,0.508897,1,1,1.423488e-02
2529,0.505138,0.494862,0.490909,0.509091,1,1,1.422925e-02
2530,0.504939,0.495061,0.490715,0.509285,1,1,1.422363e-02
2531,0.504739,0.495261,0.490521,0.509479,1,1,1.421801e-02
2532,0.504540,0.495460,0.490328,0.509672,1,1,1.421240e-02
2533,0.504341,0.495659,0.490134,0.509866,1,1,1.420679e-02
2534,0.504142,0.495858,0.489941,0.510059,1,1,1.420118e-02
2535,0.503943,0.496057,0.489748,0.510252,1,1,1.419558e-02
2536,0.503745,0.496255,0.489555,0.510445,1,1,1.418999e-02
2537,0.503546,0.496454,0.489362,0.510638,1,1,1.418440e-02
2538,0.503348,0.496652,0.489169,0.510831,1,1,1.417881e-02
2539,0.503150,0.496850,0.488976,0.511024,1,1,1.417323e-02
2540,0.502952,0.497048,0.488784,0.511216,1,1,1.416765e-02
2541,0.502754,0.497246,0.488592,0.511408,1,1,1.416208e-02
2542,0.502556,0.497444,0.488400,0.511600,1,1,1.415651e-02
2543,0.502358,0.497642,0.488208,0.511792,1,1,1.415094e-02
2544,0.502161,0.497839,0.488016,0.511984,1,1,1.414538e-02
2545,0.501964,0.498036,0.487824,0.512176,1,1,1.413983e-02
2546,0.501767,0.498233,0.487633,0.512367,1,1,1.413428e-02
2547,0.501570,0.498430,0.487441,0.512559,1,1,1.412873e-02
2548,0.501373,0.498627,0.487250,0.512750,1,1,1.412319e-02
2549,0.501176,0.498824,0.487059,0.512941,1,1,1.411765e-02
2550,0.500980,0.499020,0.486868,0.513132,1,1,1.411211e-02
2551,0.500784,0.499216,0.486677,0.513323,1,1,1.410658e-02
2552,0.500588,0.499412,0.486486,0.513514,1,1,1.410106e-02
2553,0.500392,0.499608,0.486296,0.513704,1,1,1.409554e-02
2554,0.500196,0.499804,0.486106,0.513894,1,1,1.409002e-02
2555,0.500000,0.500000,0.485915,0.514085,1,1,1.408451e-02
2556,0.499804,0.500196,0.486117,0.513883,1,0,1.407900e-02
2557,0.499609,0.500391,0.486317,0.513683,1,0,1.407349e-02
2558,0.499414,0.500586,0.486518,0.513482,1,0,1.406800e-02
2559,0.499219,0.500781,0.486719,0.513281,1,0,1.406250e-02
2560,0.499024,0.500976,0.486919,0.513081,1,0,1.405701e-02
2561,0.498829,0.501171,0.487119,0.512881,1,0,1.405152e-02
2562,0.498634,0.501366,0.487320,0.512680,1,0,1.404604e-02
2563,0.498440,0.501560,0.487520,0.512480,1,0,1.404056e-02
2564,0.498246,0.501754,0.487719,0.512281,1,0,1.403509e-02
2565,0.498051,0.501949,0.487919,0.512081,1,0,1.402962e-02
2566,0.497857,0.502143,0.488118,0.511882,1,0,1.402415e-02
2567,0.497664,0.502336,0.488318,0.511682,1,0,1.401869e-02
2568,0.497470,0.502530,0.488517,0.511483,1,0,1.401323e-02
2569,0.497276,0.502724,0.488716,0.511284,1,0,1.400778e-02
2570,0.497083,0.502917,0.488915,0.511085,1,0,1.400233e-02
2571,0.496890,0.503110,0.489114,0.510886,1,0,1.399689e-02
2572,0.496696,0.503304,0.489312,0.510688,1,0,1.399145e-02
2573,0.496503,0.503497,0.489510,0.510490,1,0,1.398601e-02
2574,0.496311,0.503689,0.489709,0.510291,1,0,1.398058e-02
2575,0.496118,0.503882,0.489907,0.510093,1,0,1.397516e-02
2576,0.495925,0.504075,0.490105,0.509895,1,0,1.396973e-02
2577,0.495733,0.504267,0.490303,0.509697,1,0,1.396431e-02
2578,0.495541,0.504459,0.490500,0.509500,1,0,1.395890e-02
2579,0.495349,0.504651,0.490698,0.509302,1,0,1.395349e-02
2580,0.495157,0.504843,0.490895,0.509105,1,0,1.394808e-02
2581,0.494965,0.505035,0.491092,0.508908,1,0,1.394268e-02
2582,0.494774,0.505226,0.491289,0.508711,1,0,1.393728e-02
2583,0.494582,0.505418,0.491486,0.508514,1,0,1.393189e-02
2584,0.494391,0.505609,0.491683,0.508317,1,0,1.392650e-02
2585,0.494200,0.505800,0.491879,0.508121,1,0,1.392111e-02
2586,0.494009,0.505991,0.492076,0.507924,1,0,1.391573e-02
2587,0.493818,0.506182,0.492272,0.507728,1,0,1.391036e-02
2588,0.493627,0.506373,0.492468,0.507532,1,0,1.390498e-02
2589,0.493436,0.506564,0.492664,0.507336,1,0,1.389961e-02
2590,0.493246,0.506754,0.492860,0.507140,1,0,1.389425e-02
2591,0.493056,0.506944,0.493056,0.506944,1,0,1.388889e-02
2592,0.492865,0.507135,0.493251,0.506749,1,0,1.388353e-02
2593,0.492675,0.507325,0.493446,0.506554,1,0,1.387818e-02
2594,0.492486,0.507514,0.493642,0.506358,1,0,1.387283e-02
2595,0.492296,0.507704,0.493837,0.506163,1,0,1.386749e-02
2596,0.492106,0.507894,0.494032,0.505968,1,0,1.386215e-02
2597,0.491917,0.508083,0.494226,0.505774,1,0,1.385681e-02
2598,0.491728,0.508272,0.494421,0.505579,1,0,1.385148e-02
2599,0.491538,0.508462,0.494615,0.505385,1,0,1.384615e-02
2600,0.491349,0.508651,0.494810,0.505190,1,0,1.384083e-02
2601,0.491161,0.508839,0.495004,0.504996,1,0,1.383551e-02
2602,0.490972,0.509028,0.495198,0.504802,1,0,1.383020e-02
2603,0.490783,0.509217,0.495392,0.504608,1,0,1.382488e-02
2604,0.490595,0.509405,0.495585,0.504415,1,0,1.381958e-02
2605,0.490407,0.509593,0.495779,0.504221,1,0,1.381427e-02
2606,0.490219,0.509781,0.495972,0.504028,1,0,1.380898e-02
2607,0.490031,0.509969,0.496166,0.503834,1,0,1.380368e-02
2608,0.489843,0.510157,0.496359,0.503641,1,0,1.379839e-02
2609,0.489655,0.510345,0.496552,0.503448,1,0,1.379310e-02
2610,0.489468,0.510532,0.496745,0.503255,1,0,1.378782e-02
2611,0.489280,0.510720,0.496937,0.503063,1,0,1.378254e-02
2612,0.489093,0.510907,0.497130,0.502870,1,0,1.377727e-02
2613,0.488906,0.511094,0.497322,0.502678,1,0,1.377200e-02
2614,0.488719,0.511281,0.497514,0.502486,1,0,1.376673e-02
2615,0.488532,0.511468,0.497706,0.502294,1,0,1.376147e-02
2616,0.488345,0.511655,0.497898,0.502102,1,0,1.375621e-02
2617,0.488159,0.511841,0.498090,0.501910,1,0,1.375095e-02
2618,0.487973,0.512027,0.498282,0.501718,1,0,1.374570e-02
2619,0.487786,0.512214,0.498473,0.501527,1,0,1.374046e-02
2620,0.487600,0.512400,0.498665,0.501335,1,0,1.373522e-02
2621,0.487414,0.512586,0.498856,0.501144,1,0,1.372998e-02
2622,0.487228,0.512772,0.499047,0.500953,1,0,1.372474e-02
2623,0.487043,0.512957,0.499238,0.500762,1,0,1.371951e-02
2624,0.486857,0.513143,0.499429,0.500571,1,0,1.371429e-02
2625,0.486672,0.513328,0.499619,0.500381,1,0,1.370906e-02
2626,0.486486,0.513514,0.499810,0.500190,1,0,1.370384e-02
2627,0.486301,0.513699,0.500000,0.500000,1,0,1.369863e-02
2628,0.486497,0.513503,0.500190,0.499810,0,0,1.369342e-02
2629,0.486692,0.513308,0.500380,0.499620,0,0,1.368821e-02
2630,0.486887,0.513113,0.500570,0.499430,0,0,1.368301e-02
2631,0.487082,0.512918,0.500760,0.499240,0,0,1.367781e-02
2632,0.487277,0.512723,0.500949,0.499051,0,0,1.367262e-02
2633,0.487472,0.512528,0.501139,0.498861,0,0,1.366743e-02
2634,0.487666,0.512334,0.501328,0.498672,0,0,1.366224e-02
2635,0.487860,0.512140,0.501517,0.498483,0,0,1.365706e-02
2636,0.488055,0.511945,0.501706,0.498294,0,0,1.365188e-02
2637,0.488249,0.511751,0.501895,0.498105,0,0,1.364670e-02
2638,0.488443,0.511557,0.502084,0.497916,0,0,1.364153e-02
2639,0.488636,0.511364,0.502273,0.497727,0,0,1.363636e-02
2640,0.488830,0.511170,0.502461,0.497539,0,0,1.363120e-02
2641,0.489023,0.510977,0.502650,0.497350,0,0,1.362604e-02
2642,0.489217,0.510783,0.502838,0.497162,0,0,1.362089e-02
2643,0.489410,0.510590,0.503026,0.496974,0,0,1.361573e-02
2644,0.489603,0.510397,0.503214,0.496786,0,0,1.361059e-02
2645,0.489796,0.510204,0.503401,0.496599,0,0,1.360544e-02
2646,0.489989,0.510011,0.503589,0.496411,0,0,1.360030e-02
2647,0.490181,0.509819,0.503776,0.496224,0,0,1.359517e-02
2648,0.490374,0.509626,0.503964,0.496036,0,0,1.359003e-02
2649,0.490566,0.509434,0.504151,0.495849,0,0,1.358491e-02
2650,0.490758,0.509242,0.504338,0.495662,0,0,1.357978e-02
2651,0.490950,0.509050,0.504525,0.495475,0,0,1.357466e-02
2652,0.491142,0.508858,0.504712,0.495288,0,0,1.356954e-02
2653,0.491334,0.508666,0.504898,0.495102,0,0,1.356443e-02
2654,0.491525,0.508475,0.505085,0.494915,0,0,1.355932e-02
2655,0.491717,0.508283,0.505271,0.494729,0,0,1.355422e-02
2656,0.491908,0.508092,0.505457,0.494543,0,0,1.354912e-02
2657,0.492099,0.507901,0.505643,0.494357,0,0,1.354402e-02
2658,0.492290,0.507710,0.505829,0.494171,0,0,1.353892e-02
2659,0.492481,0.507519,0.506015,0.493985,0,0,1.353383e-02
2660,0.492672,0.507328,0.506201,0.493799,0,0,1.352875e-02
2661,0.492863,0.507137,0.506386,0.493614,0,0,1.352367e-02
2662,0.493053,0.506947,0.506572,0.493428,0,0,1.351859e-02
2663,0.493243,0.506757,0.506757,0.493243,0,0,1.351351e-02
2664,0.493433,0.506567,0.506942,0.493058,0,0,1.350844e-02
2665,0.493623,0.506377,0.507127,0.492873,0,0,1.350338e-02
2666,0.493813,0.506187,0.507312,0.492688,0,0,1.349831e-02
2667,0.494003,0.505997,0.507496,0.492504,0,0,1.349325e-02
2668,0.494193,0.505807,0.507681,0.492319,0,0,1.348820e-02
2669,0.494382,0.505618,0.507865,0.492135,0,0,1.348315e-02
2670,0.494571,0.505429,0.508049,0.491951,0,0,1.347810e-02
2671,0.494760,0.505240,0.508234,0.491766,0,0,1.347305e-02
2672,0.494949,0.505051,0.508418,0.491582,0,0,1.346801e-02
2673,0.495138,0.504862,0.508601,0.491399,0,0,1.346298e-02
2674,0.495327,0.504673,0.508785,0.491215,0,0,1.345794e-02
2675,0.495516,0.504484,0.508969,0.491031,0,0,1.345291e-02
2676,0.495704,0.504296,0.509152,0.490848,0,0,1.344789e-02
2677,0.495892,0.504108,0.509335,0.490665,0,0,1.344287e-02
2678,0.496081,0.503919,0.509518,0.490482,0,0,1.343785e-02
2679,0.496269,0.503731,0.509701,0.490299,0,0,1.343284e-02
2680,0.496457,0.503543,0.509884,0.490116,0,0,1.342783e-02
2681,0.496644,0.503356,0.510067,0.489933,0,0,1.342282e-02
2682,0.496832,0.503168,0.510250,0.489750,0,0,1.341782e-02
2683,0.497019,0.502981,0.510432,0.489568,0,0,1.341282e-02
2684,0.497207,0.502793,0.510615,0.489385,0,0,1.340782e-02
2685,0.497394,0.502606,0.510797,0.489203,0,0,1.340283e-02
2686,0.497581,0.502419,0.510979,0.489021,0,0,1.339784e-02
2687,0.497768,0.502232,0.511161,0.488839,0,0,1.339286e-02
2688,0.497955,0.502045,0.511343,0.488657,0,0,1.338788e-02
2689,0.498141,0.501859,0.511524,0.488476,0,0,1.338290e-02
2690,0.498328,0.501672,0.511706,0.488294,0,0,1.337793e-02
2691,0.498514,0.501486,0.511887,0.488113,0,0,1.337296e-02
2692,0.498700,0.501300,0.512068,0.487932,0,0,1.336799e-02
2693,0.498886,0.501114,0.512249,0.487751,0,0,1.336303e-02
2694,0.499072,0.500928,0.512430,0.487570,0,0,1.335807e-02
2695,0.499258,0.500742,0.512611,0.487389,0,0,1.335312e-02
2696,0.499444,0.500556,0.512792,0.487208,0,0,1.334816e-02
2697,0.499629,0.500371,0.512973,0.487027,0,0,1.334322e-02
2698,0.499815,0.500185,0.513153,0.486847,0,0,1.333827e-02
2699,0.500000,0.500000,0.513333,0.486667,0,0,1.333333e-02
2700,0.500185,0.499815,0.513514,0.486486,0,0,1.369863e-02
2701,0.500370,0.499630,0.513323,0.486677,0,1,1.369356e-02
2702,0.500555,0.499445,0.513134,0.486866,0,1,1.368849e-02
2703,0.500740,0.499260,0.512944,0.487056,0,1,1.368343e-02
2704,0.500924,0.499076,0.512754,0.487246,0,1,1.367837e-02
2705,0.501109,0.498891,0.512565,0.487435,0,1,1.367332e-02
2706,0.501293,0.498707,0.512375,0.487625,0,1,1.366827e-02
2707,0.501477,0.498523,0.512186,0.487814,0,1,1.366322e-02
2708,0.501661,0.498339,0.511997,0.488003,0,1,1.365818e-02
2709,0.501845,0.498155,0.511808,0.488192,0,1,1.365314e-02
2710,0.502029,0.497971,0.511619,0.488381,0,1,1.364810e-02
2711,0.502212,0.497788,0.511431,0.488569,0,1,1.364307e-02
2712,0.502396,0.497604,0.511242,0.488758,0,1,1.363804e-02
2713,0.502579,0.497421,0.511054,0.488946,0,1,1.363301e-02
2714,0.502762,0.497238,0.510866,0.489134,0,1,1.362799e-02
2715,0.502946,0.497054,0.510677,0.489323,0,1,1.362297e-02
2716,0.503128,0.496872,0.510490,0.489510,0,1,1.361796e-02
2717,0.503311,0.496689,0.510302,0.489698,0,1,1.361295e-02
2718,0.503494,0.496506,0.510114,0.489886,0,1,1.360794e-02
2719,0.503676,0.496324,0.509926,0.490074,0,1,1.360294e-02
2720,0.503859,0.496141,0.509739,0.490261,0,1,1.359794e-02
2721,0.504041,0.495959,0.509552,0.490448,0,1,1.359295e-02
2722,0.504223,0.495777,0.509365,0.490635,0,1,1.358795e-02
2723,0.504405,0.495595,0.509178,0.490822,0,1,1.358297e-02
2724,0.504587,0.495413,0.508991,0.491009,0,1,1.357798e-02
2725,0.504769,0.495231,0.508804,0.491196,0,1,1.357300e-02
2726,0.504950,0.495050,0.508618,0.491382,0,1,1.356802e-02
2727,0.505132,0.494868,0.508431,0.491569,0,1,1.356305e-02
2728,0.505313,0.494687,0.508245,0.491755,0,1,1.355808e-02
2729,0.505495,0.494505,0.508059,0.491941,0,1,1.355311e-02
2730,0.505676,0.494324,0.507873,0.492127,0,1,1.354815e-02
2731,0.505857,0.494143,0.507687,0.492313,0,1,1.354319e-02
2732,0.506037,0.493963,0.507501,0.492499,0,1,1.353824e-02
2733,0.506218,0.493782,0.507315,0.492685,0,1,1.353328e-02
2734,0.506399,0.493601,0.507130,0.492870,0,1,1.352834e-02
2735,0.506579,0.493421,0.506944,0.493056,0,1,1.352339e-02
2736,0.506759,0.493241,0.506759,0.493241,0,1,1.351845e-02
2737,0.506939,0.493061,0.506574,0.493426,0,1,1.351351e-02
2738,0.507119,0.492881,0.506389,0.493611,0,1,1.350858e-02
2739,0.507299,0.492701,0.506204,0.493796,0,1,1.350365e-02
2740,0.507479,0.492521,0.506020,0.493980,0,1,1.349872e-02
2741,0.507659,0.492341,0.505835,0.494165,0,1,1.349380e-02
2742,0.507838,0.492162,0.505651,0.494349,0,1,1.348888e-02
2743,0.508017,0.491983,0.505466,0.494534,0,1,1.348397e-02
2744,0.508197,0.491803,0.505282,0.494718,0,1,1.347905e-02
2745,0.508376,0.491624,0.505098,0.494902,0,1,1.347414e-02
2746,0.508555,0.491445,0.504914,0.495086,0,1,1.346924e-02
2747,0.508734,0.491266,0.504731,0.495269,0,1,1.346434e-02
2748,0.508912,0.491088,0.504547,0.495453,0,1,1.345944e-02
2749,0.509091,0.490909,0.504364,0.495636,0,1,1.345455e-02
2750,0.509269,0.490731,0.504180,0.495820,0,1,1.344965e-02
2751,0.509448,0.490552,0.503997,0.496003,0,1,1.344477e-02
2752,0.509626,0.490374,0.503814,0.496186,0,1,1.343988e-02
2753,0.509804,0.490196,0.503631,0.496369,0,1,1.343500e-02
2754,0.509982,0.490018,0.503448,0.496552,0,1,1.343013e-02
2755,0.510160,0.489840,0.503266,0.496734,0,1,1.342525e-02
2756,0.510337,0.489663,0.503083,0.496917,0,1,1.342038e-02
2757,0.510515,0.489485,0.502901,0.497099,0,1,1.341552e-02
2758,0.510692,0.489308,0.502718,0.497282,0,1,1.341066e-02
2759,0.510870,0.489130,0.502536,0.497464,0,1,1.340580e-02
2760,0.511047,0.488953,0.502354,0.497646,0,1,1.340094e-02
2761,0.511224,0.488776,0.502172,0.497828,0,1,1.339609e-02
2762,0.511401,0.488599,0.501991,0.498009,0,1,1.339124e-02
2763,0.511577,0.488423,0.501809,0.498191,0,1,1.338640e-02
2764,0.511754,0.488246,0.501627,0.498373,0,1,1.338156e-02
2765,0.511931,0.488069,0.501446,0.498554,0,1,1.337672e-02
2766,0.512107,0.487893,0.501265,0.498735,0,1,1.337188e-02
2767,0.512283,0.487717,0.501084,0.498916,0,1,1.336705e-02
2768,0.512459,0.487541,0.500903,0.499097,0,1,1.336222e-02
2769,0.512635,0.487365,0.500722,0.499278,0,1,1.335740e-02
2770,0.512811,0.487189,0.500541,0.499459,0,1,1.335258e-02
2771,0.512987,0.487013,0.500361,0.499639,0,1,1.334776e-02
2772,0.513163,0.486837,0.500180,0.499820,0,1,1.334295e-02
2773,0.513338,0.486662,0.500000,0.500000,0,1,1.333814e-02
2774,0.513514,0.486486,0.499820,0.500180,0,1,1.369369e-02
2775,0.513329,0.486671,0.499640,0.500360,1,1,1.368876e-02
2776,0.513144,0.486856,0.499460,0.500540,1,1,1.368383e-02
2777,0.512959,0.487041,0.499280,0.500720,1,1,1.367891e-02
2778,0.512774,0.487226,0.499100,0.500900,1,1,1.367398e-02
2779,0.512590,0.487410,0.498921,0.501079,1,1,1.366906e-02
2780,0.512406,0.487594,0.498741,0.501259,1,1,1.366415e-02
2781,0.512221,0.487779,0.498562,0.501438,1,1,1.365924e-02
2782,0.512037,0.487963,0.498383,0.501617,1,1,1.365433e-02
2783,0.511853,0.488147,0.498204,0.501796,1,1,1.364943e-02
2784,0.511670,0.488330,0.498025,0.501975,1,1,1.364452e-02
2785,0.511486,0.488514,0.497846,0.502154,1,1,1.363963e-02
2786,0.511302,0.488698,0.497668,0.502332,1,1,1.363473e-02
2787,0.511119,0.488881,0.497489,0.502511,1,1,1.362984e-02
2788,0.510936,0.489064,0.497311,0.502689,1,1,1.362496e-02
2789,0.510753,0.489247,0.497133,0.502867,1,1,1.362007e-02
2790,0.510570,0.489430,0.496954,0.503046,1,1,1.361519e-02
2791,0.510387,0.489613,0.496777,0.503223,1,1,1.361032e-02
2792,0.510204,0.489796,0.496599,0.503401,1,1,1.360544e-02
2793,0.510021,0.489979,0.496421,0.503579,1,1,1.360057e-02
2794,0.509839,0.490161,0.496243,0.503757,1,1,1.359571e-02
2795,0.509657,0.490343,0.496066,0.503934,1,1,1.359084e-02
2796,0.509474,0.490526,0.495888,0.504112,1,1,1.358598e-02
2797,0.509292,0.490708,0.495711,0.504289,1,1,1.358113e-02
2798,0.509110,0.490890,0.495534,0.504466,1,1,1.357628e-02
2799,0.508929,0.491071,0.495357,0.504643,1,1,1.357143e-02
2800,0.508747,0.491253,0.495180,0.504820,1,1,1.356658e-02
2801,0.508565,0.491435,0.495004,0.504996,1,1,1.356174e-02
2802,0.508384,0.491616,0.494827,0.505173,1,1,1.355690e-02
2803,0.508203,0.491797,0.494650,0.505350,1,1,1.355207e-02
2804,0.508021,0.491979,0.494474,0.505526,1,1,1.354724e-02
2805,0.507840,0.492160,0.494298,0.505702,1,1,1.354241e-02
2806,0.507659,0.492341,0.494122,0.505878,1,1,1.353758e-02
2807,0.507479,0.492521,0.493946,0.506054,1,1,1.353276e-02
2808,0.507298,0.492702,0.493770,0.506230,1,1,1.352795e-02
2809,0.507117,0.492883,0.493594,0.506406,1,1,1.352313e-02
2810,0.506937,0.493063,0.493419,0.506581,1,1,1.351832e-02
2811,0.506757,0.493243,0.493243,0.506757,1,1,1.351351e-02
2812,0.506577,0.493423,0.493068,0.506932,1,1,1.350871e-02
2813,0.506397,0.493603,0.492893,0.507107,1,1,1.350391e-02
2814,0.506217,0.493783,0.492718,0.507282,1,1,1.349911e-02
2815,0.506037,0.493963,0.492543,0.507457,1,1,1.349432e-02
2816,0.505857,0.494143,0.492368,0.507632,1,1,1.348953e-02
2817,0.505678,0.494322,0.492193,0.507807,1,1,1.348474e-02
2818,0.505498,0.494502,0.492018,0.507982,1,1,1.347996e-02
2819,0.505319,0.494681,0.491844,0.508156,1,1,1.347518e-02
2820,0.505140,0.494860,0.491670,0.508330,1,1,1.347040e-02
2821,0.504961,0.495039,0.491495,0.508505,1,1,1.346563e-02
2822,0.504782,0.495218,0.491321,0.508679,1,1,1.346086e-02
2823,0.504603,0.495397,0.491147,0.508853,1,1,1.345609e-02
2824,0.504425,0.495575,0.490973,0.509027,1,1,1.345133e-02
2825,0.504246,0.495754,0.490800,0.509200,1,1,1.344657e-02
2826,0.504068,0.495932,0.490626,0.509374,1,1,1.344181e-02
2827,0.503890,0.496110,0.490453,0.509547,1,1,1.343706e-02
2828,0.503712,0.496288,0.490279,0.509721,1,1,1.343231e-02
2829,0.503534,0.496466,0.490106,0.509894,1,1,1.342756e-02
2830,0.503356,0.496644,0.489933,0.510067,1,1,1.342282e-02
2831,0.503178,0.496822,0.489760,0.510240,1,1,1.341808e-02
2832,0.503000,0.497000,0.489587,0.510413,1,1,1.341334e-02
2833,0.502823,0.497177,0.489414,0.510586,1,1,1.340861e-02
2834,0.502646,0.497354,0.489242,0.510758,1,1,1.340388e-02
2835,0.502468,0.497532,0.489069,0.510931,1,1,1.339915e-02
2836,0.502291,0.497709,0.488897,0.511103,1,1,1.339443e-02
2837,0.502114,0.497886,0.488724,0.511276,1,1,1.338971e-02
2838,0.501937,0.498063,0.488552,0.511448,1,1,1.338499e-02
2839,0.501761,0.498239,0.488380,0.511620,1,1,1.338028e-02
2840,0.501584,0.498416,0.488208,0.511792,1,1,1.337557e-02
2841,0.501407,0.498593,0.488037,0.511963,1,1,1.337087e-02
2842,0.501231,0.498769,0.487865,0.512135,1,1,1.336616e-02
2843,0.501055,0.498945,0.487693,0.512307,1,1,1.336146e-02
2844,0.500879,0.499121,0.487522,0.512478,1,1,1.335677e-02
2845,0.500703,0.499297,0.487351,0.512649,1,1,1.335207e-02
2846,0.500527,0.499473,0.487179,0.512821,1,1,1.334738e-02
2847,0.500351,0.499649,0.487008,0.512992,1,1,1.334270e-02
2848,0.500176,0.499824,0.486837,0.513163,1,1,1.333801e-02
2849,0.500000,0.500000,0.486667,0.513333,1,1,1.333333e-02
2850,0.499825,0.500175,0.486847,0.513153,1,0,1.332866e-02
2851,0.499649,0.500351,0.487027,0.512973,1,0,1.332398e-02
2852,0.499474,0.500526,0.487206,0.512794,1,0,1.331931e-02
2853,0.499299,0.500701,0.487386,0.512614,1,0,1.331465e-02
2854,0.499124,0.500876,0.487566,0.512434,1,0,1.330998e-02
2855,0.498950,0.501050,0.487745,0.512255,1,0,1.330532e-02
2856,0.498775,0.501225,0.487924,0.512076,1,0,1.330067e-02
2857,0.498600,0.501400,0.488104,0.511896,1,0,1.329601e-02
2858,0.498426,0.501574,0.488283,0.511717,1,0,1.329136e-02
2859,0.498252,0.501748,0.488462,0.511538,1,0,1.328671e-02
2860,0.498078,0.501922,0.488640,0.511360,1,0,1.328207e-02
2861,0.497904,0.502096,0.488819,0.511181,1,0,1.327743e-02
2862,0.497730,0.502270,0.488998,0.511002,1,0,1.327279e-02
2863,0.497556,0.502444,0.489176,0.510824,1,0,1.326816e-02
2864,0.497382,0.502618,0.489354,0.510646,1,0,1.326353e-02
2865,0.497209,0.502791,0.489532,0.510468,1,0,1.325890e-02
2866,0.497035,0.502965,0.489710,0.510290,1,0,1.325427e-02
2867,0.496862,0.503138,0.489888,0.510112,1,0,1.324965e-02
2868,0.496689,0.503311,0.490066,0.509934,1,0,1.324503e-02
2869,0.496516,0.503484,0.490244,0.509756,1,0,1.324042e-02
2870,0.496343,0.503657,0.490421,0.509579,1,0,1.323581e-02
2871,0.496170,0.503830,0.490599,0.509401,1,0,1.323120e-02
2872,0.495997,0.504003,0.490776,0.509224,1,0,1.322659e-02
2873,0.495825,0.504175,0.490953,0.509047,1,0,1.322199e-02
2874,0.495652,0.504348,0.491130,0.508870,1,0,1.321739e-02
2875,0.495480,0.504520,0.491307,0.508693,1,0,1.321280e-02
2876,0.495308,0.504692,0.491484,0.508516,1,0,1.320820e-02
2877,0.495136,0.504864,0.491661,0.508339,1,0,1.320361e-02
2878,0.494964,0.505036,0.491837,0.508163,1,0,1.319903e-02
2879,0.494792,0.505208,0.492014,0.507986,1,0,1.319444e-02
2880,0.494620,0.505380,0.492190,0.507810,1,0,1.318986e-02
2881,0.494448,0.505552,0.492366,0.507634,1,0,1.318529e-02
2882,0.494277,0.505723,0.492542,0.507458,1,0,1.318071e-02
2883,0.494105,0.505895,0.492718,0.507282,1,0,1.317614e-02
2884,0.493934,0.506066,0.492894,0.507106,1,0,1.317158e-02
2885,0.493763,0.506237,0.493070,0.506930,1,0,1.316701e-02
2886,0.493592,0.506408,0.493246,0.506754,1,0,1.316245e-02
2887,0.493421,0.506579,0.493421,0.506579,1,0,1.315789e-02
2888,0.493250,0.506750,0.493596,0.506404,1,0,1.315334e-02
2889,0.493080,0.506920,0.493772,0.506228,1,0,1.314879e-02
2890,0.492909,0.507091,0.493947,0.506053,1,0,1.314424e-02
2891,0.492739,0.507261,0.494122,0.505878,1,0,1.313970e-02
2892,0.492568,0.507432,0.494297,0.505703,1,0,1.313515e-02
2893,0.492398,0.507602,0.494471,0.505529,1,0,1.313062e-02
2894,0.492228,0.507772,0.494646,0.505354,1,0,1.312608e-02
2895,0.492058,0.507942,0.494820,0.505180,1,0,1.312155e-02
2896,0.491888,0.508112,0.494995,0.505005,1,0,1.311702e-02
2897,0.491718,0.508282,0.495169,0.504831,1,0,1.311249e-02
2898,0.491549,0.508451,0.495343,0.504657,1,0,1.310797e-02
2899,0.491379,0.508621,0.495517,0.504483,1,0,1.310345e-02
2900,0.491210,0.508790,0.495691,0.504309,1,0,1.309893e-02
2901,0.491041,0.508959,0.495865,0.504135,1,0,1.309442e-02
2902,0.490872,0.509128,0.496039,0.503961,1,0,1.308991e-02
2903,0.490702,0.509298,0.496212,0.503788,1,0,1.308540e-02
2904,0.490534,0.509466,0.496386,0.503614,1,0,1.308090e-02
2905,0.490365,0.509635,0.496559,0.503441,1,0,1.307639e-02
2906,0.490196,0.509804,0.496732,0.503268,1,0,1.307190e-02
2907,0.490028,0.509972,0.496905,0.503095,1,0,1.306740e-02
2908,0.489859,0.510141,0.497078,0.502922,1,0,1.306291e-02
2909,0.489691,0.510309,0.497251,0.502749,1,0,1.305842e-02
2910,0.489523,0.510477,0.497424,0.502576,1,0,1.305393e-02
2911,0.489354,0.510646,0.497596,0.502404,1,0,1.304945e-02
2912,0.489186,0.510814,0.497769,0.502231,1,0,1.304497e-02
2913,0.489019,0.510981,0.497941,0.502059,1,0,1.304049e-02
2914,0.488851,0.511149,0.498113,0.501887,1,0,1.303602e-02
2915,0.488683,0.511317,0.498285,0.501715,1,0,1.303155e-02
2916,0.488516,0.511484,0.498457,0.501543,1,0,1.302708e-02
2917,0.488348,0.511652,0.498629,0.501371,1,0,1.302262e-02
2918,0.488181,0.511819,0.498801,0.501199,1,0,1.301816e-02
2919,0.488014,0.511986,0.498973,0.501027,1,0,1.301370e-02
2920,0.487847,0.512153,0.499144,0.500856,1,0,1.300924e-02
2921,0.487680,0.512320,0.499316,0.500684,1,0,1.300479e-02
2922,0.487513,0.512487,0.499487,0.500513,1,0,1.300034e-02
2923,0.487346,0.512654,0.499658,0.500342,1,0,1.299590e-02
2924,0.487179,0.512821,0.499829,0.500171,1,0,1.299145e-02
2925,0.487013,0.512987,0.500000,0.500000,1,0,1.298701e-02
2926,0.487188,0.512812,0.500171,0.499829,0,0,1.298258e-02
2927,0.487363,0.512637,0.500342,0.499658,0,0,1.297814e-02
2928,0.487538,0.512462,0.500512,0.499488,0,0,1.297371e-02
2929,0.487713,0.512287,0.500683,0.499317,0,0,1.296928e-02
2930,0.487888,0.512112,0.500853,0.499147,0,0,1.296486e-02
2931,0.488063,0.511937,0.501023,0.498977,0,0,1.296044e-02
2932,0.488237,0.511763,0.501193,0.498807,0,0,1.295602e-02
2933,0.488412,0.511588,0.501363,0.498637,0,0,1.295160e-02
2934,0.488586,0.511414,0.501533,0.498467,0,0,1.294719e-02
2935,0.488760,0.511240,0.501703,0.498297,0,0,1.294278e-02
2936,0.488934,0.511066,0.501873,0.498127,0,0,1.293837e-02
2937,0.489108,0.510892,0.502042,0.497958,0,0,1.293397e-02
2938,0.489282,0.510718,0.502212,0.497788,0,0,1.292957e-02
2939,0.489456,0.510544,0.502381,0.497619,0,0,1.292517e-02
2940,0.489629,0.510371,0.502550,0.497450,0,0,1.292078e-02
2941,0.489803,0.510197,0.502719,0.497281,0,0,1.291638e-02
2942,0.489976,0.510024,0.502888,0.497112,0,0,1.291199e-02
2943,0.490149,0.509851,0.503057,0.496943,0,0,1.290761e-02
2944,0.490323,0.509677,0.503226,0.496774,0,0,1.290323e-02
2945,0.490496,0.509504,0.503394,0.496606,0,0,1.289885e-02
2946,0.490668,0.509332,0.503563,0.496437,0,0,1.289447e-02
2947,0.490841,0.509159,0.503731,0.496269,0,0,1.289009e-02
2948,0.491014,0.508986,0.503900,0.496100,0,0,1.288572e-02
2949,0.491186,0.508814,0.504068,0.495932,0,0,1.288136e-02
2950,0.491359,0.508641,0.504236,0.495764,0,0,1.287699e-02
2951,0.491531,0.508469,0.504404,0.495596,0,0,1.287263e-02
2952,0.491703,0.508297,0.504572,0.495428,0,0,1.286827e-02
2953,0.491875,0.508125,0.504739,0.495261,0,0,1.286391e-02
2954,0.492047,0.507953,0.504907,0.495093,0,0,1.285956e-02
2955,0.492219,0.507781,0.505074,0.494926,0,0,1.285521e-02
2956,0.492391,0.507609,0.505242,0.494758,0,0,1.285086e-02
2957,0.492563,0.507437,0.505409,0.494591,0,0,1.284652e-02
2958,0.492734,0.507266,0.505576,0.494424,0,0,1.284218e-02
2959,0.492905,0.507095,0.505743,0.494257,0,0,1.283784e-02
2960,0.493077,0.506923,0.505910,0.494090,0,0,1.283350e-02
2961,0.493248,0.506752,0.506077,0.493923,0,0,1.282917e-02
2962,0.493419,0.506581,0.506244,0.493756,0,0,1.282484e-02
2963,0.493590,0.506410,0.506410,0.493590,0,0,1.282051e-02
2964,0.493761,0.506239,0.506577,0.493423,0,0,1.281619e-02
2965,0.493931,0.506069,0.506743,0.493257,0,0,1.281187e-02
2966,0.494102,0.505898,0.506909,0.493091,0,0,1.280755e-02
2967,0.494272,0.505728,0.507075,0.492925,0,0,1.280323e-02
2968,0.494443,0.505557,0.507241,0.492759,0,0,1.279892e-02
2969,0.494613,0.505387,0.507407,0.492593,0,0,1.279461e-02
2970,0.494783,0.505217,0.507573,0.492427,0,0,1.279031e-02
2971,0.494953,0.505047,0.507739,0.492261,0,0,1.278600e-02
2972,0.495123,0.504877,0.507904,0.492096,0,0,1.278170e-02
2973,0.495293,0.504707,0.508070,0.491930,0,0,1.277740e-02
2974,0.495462,0.504538,0.508235,0.491765,0,0,1.277311e-02
2975,0.495632,0.504368,0.508401,0.491599,0,0,1.276882e-02
2976,0.495801,0.504199,0.508566,0.491434,0,0,1.276453e-02
2977,0.495970,0.504030,0.508731,0.491269,0,0,1.276024e-02
2978,0.496140,0.503860,0.508896,0.491104,0,0,1.275596e-02
2979,0.496309,0.503691,0.509060,0.490940,0,0,1.275168e-02
2980,0.496478,0.503522,0.509225,0.490775,0,0,1.274740e-02
2981,0.496647,0.503353,0.509390,0.490610,0,0,1.274313e-02
2982,0.496815,0.503185,0.509554,0.490446,0,0,1.273885e-02
2983,0.496984,0.503016,0.509718,0.490282,0,0,1.273458e-02
2984,0.497152,0.502848,0.509883,0.490117,0,0,1.273032e-02
2985,0.497321,0.502679,0.510047,0.489953,0,0,1.272605e-02
2986,0.497489,0.502511,0.510211,0.489789,0,0,1.272179e-02
2987,0.497657,0.502343,0.510375,0.489625,0,0,1.271754e-02
2988,0.497825,0.502175,0.510539,0.489461,0,0,1.271328e-02
2989,0.497993,0.502007,0.510702,0.489298,0,0,1.270903e-02
2990,0.498161,0.501839,0.510866,0.489134,0,0,1.270478e-02
2991,0.498329,0.501671,0.511029,0.488971,0,0,1.270053e-02
2992,0.498496,0.501504,0.511193,0.488807,0,0,1.269629e-02
2993,0.498664,0.501336,0.511356,0.488644,0,0,1.269205e-02
2994,0.498831,0.501169,0.511519,0.488481,0,0,1.268781e-02
2995,0.498999,0.501001,0.511682,0.488318,0,0,1.268358e-02
2996,0.499166,0.500834,0.511845,0.488155,0,0,1.267935e-02
2997,0.499333,0.500667,0.512008,0.487992,0,0,1.267512e-02
2998,0.499500,0.500500,0.512171,0.487829,0,0,1.267089e-02
2999,0.499667,0.500333,0.512333,0.487667,0,0,1.266667e-02
3000,0.499833,0.500167,0.512496,0.487504,0,0,1.266245e-02
3001,0.500000,0.500000,0.512658,0.487342,0,0,1.265823e-02
3002,0.500167,0.499833,0.512821,0.487179,0,0,1.298701e-02
3003,0.500333,0.499667,0.512650,0.487350,0,1,1.298269e-02
3004,0.500499,0.499501,0.512479,0.487521,0,1,1.297837e-02
3005,0.500665,0.499335,0.512309,0.487691,0,1,1.297405e-02
3006,0.500831,0.499169,0.512138,0.487862,0,1,1.296974e-02
3007,0.500997,0.499003,0.511968,0.488032,0,1,1.296543e-02
3008,0.501163,0.498837,0.511798,0.488202,0,1,1.296112e-02
3009,0.501329,0.498671,0.511628,0.488372,0,1,1.295681e-02
3010,0.501495,0.498505,0.511458,0.488542,0,1,1.295251e-02
3011,0.501660,0.498340,0.511288,0.488712,0,1,1.294821e-02
3012,0.501825,0.498175,0.511118,0.488882,0,1,1.294391e-02
3013,0.501991,0.498009,0.510949,0.489051,0,1,1.293962e-02
3014,0.502156,0.497844,0.510779,0.489221,0,1,1.293532e-02
3015,0.502321,0.497679,0.510610,0.489390,0,1,1.293103e-02
3016,0.502486,0.497514,0.510441,0.489559,0,1,1.292675e-02
3017,0.502651,0.497349,0.510272,0.489728,0,1,1.292247e-02
3018,0.502816,0.497184,0.510103,0.489897,0,1,1.291818e-02
3019,0.502980,0.497020,0.509934,0.490066,0,1,1.291391e-02
3020,0.503145,0.496855,0.509765,0.490235,0,1,1.290963e-02
3021,0.503309,0.496691,0.509596,0.490404,0,1,1.290536e-02
3022,0.503473,0.496527,0.509428,0.490572,0,1,1.290109e-02
3023,0.503638,0.496362,0.509259,0.490741,0,1,1.289683e-02
3024,0.503802,0.496198,0.509091,0.490909,0,1,1.289256e-02
3025,0.503966,0.496034,0.508923,0.491077,0,1,1.288830e-02
3026,0.504130,0.495870,0.508755,0.491245,0,1,1.288404e-02
3027,0.504293,0.495707,0.508587,0.491413,0,1,1.287979e-02
3028,0.504457,0.495543,0.508419,0.491581,0,1,1.287554e-02
3029,0.504620,0.495380,0.508251,0.491749,0,1,1.287129e-02
3030,0.504784,0.495216,0.508083,0.491917,0,1,1.286704e-02
3031,0.504947,0.495053,0.507916,0.492084,0,1,1.286280e-02
3032,0.505110,0.494890,0.507748,0.492252,0,1,1.285856e-02
3033,0.505274,0.494726,0.507581,0.492419,0,1,1.285432e-02
3034,0.505437,0.494563,0.507414,0.492586,0,1,1.285008e-02
3035,0.505599,0.494401,0.507246,0.492754,0,1,1.284585e-02
3036,0.505762,0.494238,0.507079,0.492921,0,1,1.284162e-02
3037,0.505925,0.494075,0.506912,0.493088,0,1,1.283739e-02
3038,0.506088,0.493912,0.506746,0.493254,0,1,1.283317e-02
3039,0.506250,0.493750,0.506579,0.493421,0,1,1.282895e-02
3040,0.506412,0.493588,0.506412,0.493588,0,1,1.282473e-02
3041,0.506575,0.493425,0.506246,0.493754,0,1,1.282051e-02
3042,0.506737,0.493263,0.506080,0.493920,0,1,1.281630e-02
3043,0.506899,0.493101,0.505913,0.494087,0,1,1.281209e-02
3044,0.507061,0.492939,0.505747,0.494253,0,1,1.280788e-02
3045,0.507223,0.492777,0.505581,0.494419,0,1,1.280368e-02
3046,0.507384,0.492616,0.505415,0.494585,0,1,1.279947e-02
3047,0.507546,0.492454,0.505249,0.494751,0,1,1.279528e-02
3048,0.507707,0.492293,0.505084,0.494916,0,1,1.279108e-02
3049,0.507869,0.492131,0.504918,0.495082,0,1,1.278689e-02
3050,0.508030,0.491970,0.504753,0.495247,0,1,1.278269e-02
3051,0.508191,0.491809,0.504587,0.495413,0,1,1.277851e-02
3052,0.508352,0.491648,0.504422,0.495578,0,1,1.277432e-02
3053,0.508513,0.491487,0.504257,0.495743,0,1,1.277014e-02
3054,0.508674,0.491326,0.504092,0.495908,0,1,1.276596e-02
3055,0.508835,0.491165,0.503927,0.496073,0,1,1.276178e-02
3056,0.508996,0.491004,0.503762,0.496238,0,1,1.275761e-02
3057,0.509156,0.490844,0.503597,0.496403,0,1,1.275343e-02
3058,0.509317,0.490683,0.503432,0.496568,0,1,1.274926e-02
3059,0.509477,0.490523,0.503268,0.496732,0,1,1.274510e-02
3060,0.509637,0.490363,0.503104,0.496896,0,1,1.274093e-02
3061,0.509798,0.490202,0.502939,0.497061,0,1,1.273677e-02
3062,0.509958,0.490042,0.502775,0.497225,0,1,1.273262e-02
3063,0.510117,0.489883,0.502611,0.497389,0,1,1.272846e-02
3064,0.510277,0.489723,0.502447,0.497553,0,1,1.272431e-02
3065,0.510437,0.489563,0.502283,0.497717,0,1,1.272016e-02
3066,0.510597,0.489403,0.502119,0.497881,0,1,1.271601e-02
3067,0.510756,0.489244,0.501956,0.498044,0,1,1.271186e-02
3068,0.510916,0.489084,0.501792,0.498208,0,1,1.270772e-02
3069,0.511075,0.488925,0.501629,0.498371,0,1,1.270358e-02
3070,0.511234,0.488766,0.501465,0.498535,0,1,1.269945e-02
3071,0.511393,0.488607,0.501302,0.498698,0,1,1.269531e-02
3072,0.511552,0.488448,0.501139,0.498861,0,1,1.269118e-02
3073,0.511711,0.488289,0.500976,0.499024,0,1,1.268705e-02
3074,0.511870,0.488130,0.500813,0.499187,0,1,1.268293e-02
3075,0.512029,0.487971,0.500650,0.499350,0,1,1.267880e-02
3076,0.512187,0.487813,0.500487,0.499513,0,1,1.267468e-02
3077,0.512346,0.487654,0.500325,0.499675,0,1,1.267057e-02
3078,0.512504,0.487496,0.500162,0.499838,0,1,1.266645e-02
3079,0.512662,0.487338,0.500000,0.500000,0,1,1.266234e-02
3080,0.512821,0.487179,0.499838,0.500162,0,1,1.298280e-02
3081,0.512654,0.487346,0.499676,0.500324,1,1,1.297859e-02
3082,0.512488,0.487512,0.499513,0.500487,1,1,1.297438e-02
3083,0.512322,0.487678,0.499351,0.500649,1,1,1.297017e-02
3084,0.512156,0.487844,0.499190,0.500810,1,1,1.296596e-02
3085,0.511990,0.488010,0.499028,0.500972,1,1,1.296176e-02
3086,0.511824,0.488176,0.498866,0.501134,1,1,1.295756e-02
3087,0.511658,0.488342,0.498705,0.501295,1,1,1.295337e-02
3088,0.511492,0.488508,0.498543,0.501457,1,1,1.294917e-02
3089,0.511327,0.488673,0.498382,0.501618,1,1,1.294498e-02
3090,0.511161,0.488839,0.498221,0.501779,1,1,1.294080e-02
3091,0.510996,0.489004,0.498060,0.501940,1,1,1.293661e-02
3092,0.510831,0.489169,0.497898,0.502102,1,1,1.293243e-02
3093,0.510666,0.489334,0.497738,0.502262,1,1,1.292825e-02
3094,0.510501,0.489499,0.497577,0.502423,1,1,1.292407e-02
3095,0.510336,0.489664,0.497416,0.502584,1,1,1.291990e-02
3096,0.510171,0.489829,0.497255,0.502745,1,1,1.291572e-02
3097,0.510006,0.489994,0.497095,0.502905,1,1,1.291156e-02
3098,0.509842,0.490158,0.496934,0.503066,1,1,1.290739e-02
3099,0.509677,0.490323,0.496774,0.503226,1,1,1.290323e-02
3100,0.509513,0.490487,0.496614,0.503386,1,1,1.289906e-02
3101,0.509349,0.490651,0.496454,0.503546,1,1,1.289491e-02
3102,0.509185,0.490815,0.496294,0.503706,1,1,1.289075e-02
3103,0.509021,0.490979,0.496134,0.503866,1,1,1.288660e-02
3104,0.508857,0.491143,0.495974,0.504026,1,1,1.288245e-02
3105,0.508693,0.491307,0.495815,0.504185,1,1,1.287830e-02
3106,0.508529,0.491471,0.495655,0.504345,1,1,1.287416e-02
3107,0.508366,0.491634,0.495495,0.504505,1,1,1.287001e-02
3108,0.508202,0.491798,0.495336,0.504664,1,1,1.286587e-02
3109,0.508039,0.491961,0.495177,0.504823,1,1,1.286174e-02
3110,0.507875,0.492125,0.495018,0.504982,1,1,1.285760e-02
3111,0.507712,0.492288,0.494859,0.505141,1,1,1.285347e-02
3112,0.507549,0.492451,0.494700,0.505300,1,1,1.284934e-02
3113,0.507386,0.492614,0.494541,0.505459,1,1,1.284522e-02
3114,0.507223,0.492777,0.494382,0.505618,1,1,1.284109e-02
3115,0.507060,0.492940,0.494223,0.505777,1,1,1.283697e-02
3116,0.506898,0.493102,0.494065,0.505935,1,1,1.283285e-02
3117,0.506735,0.493265,0.493906,0.506094,1,1,1.282874e-02
3118,0.506573,0.493427,0.493748,0.506252,1,1,1.282462e-02
3119,0.506410,0.493590,0.493590,0.506410,1,1,1.282051e-02
3120,0.506248,0.493752,0.493432,0.506568,1,1,1.281640e-02
3121,0.506086,0.493914,0.493274,0.506726,1,1,1.281230e-02
3122,0.505924,0.494076,0.493116,0.506884,1,1,1.280820e-02
3123,0.505762,0.494238,0.492958,0.507042,1,1,1.280410e-02
3124,0.505600,0.494400,0.492800,0.507200,1,1,1.280000e-02
3125,0.505438,0.494562,0.492642,0.507358,1,1,1.279591e-02
3126,0.505277,0.494723,0.492485,0.507515,1,1,1.279181e-02
3127,0.505115,0.494885,0.492327,0.507673,1,1,1.278772e-02
3128,0.504954,0.495046,0.492170,0.507830,1,1,1.278364e-02
3129,0.504792,0.495208,0.492013,0.507987,1,1,1.277955e-02
3130,0.504631,0.495369,0.491856,0.508144,1,1,1.277547e-02
3131,0.504470,0.495530,0.491699,0.508301,1,1,1.277139e-02
3132,0.504309,0.495691,0.491542,0.508458,1,1,1.276732e-02
3133,0.504148,0.495852,0.491385,0.508615,1,1,1.276324e-02
3134,0.503987,0.496013,0.491228,0.508772,1,1,1.275917e-02
3135,0.503827,0.496173,0.491071,0.508929,1,1,1.275510e-02
3136,0.503666,0.496334,0.490915,0.509085,1,1,1.275104e-02
3137,0.503505,0.496495,0.490758,0.509242,1,1,1.274697e-02
3138,0.503345,0.496655,0.490602,0.509398,1,1,1.274291e-02
3139,0.503185,0.496815,0.490446,0.509554,1,1,1.273885e-02
3140,0.503025,0.496975,0.490290,0.509710,1,1,1.273480e-02
3141,0.502864,0.497136,0.490134,0.509866,1,1,1.273074e-02
3142,0.502704,0.497296,0.489978,0.510022,1,1,1.272669e-02
3143,0.502545,0.497455,0.489822,0.510178,1,1,1.272265e-02
3144,0.502385,0.497615,0.489666,0.510334,1,1,1.271860e-02
3145,0.502225,0.497775,0.489510,0.510490,1,1,1.271456e-02
3146,0.502065,0.497935,0.489355,0.510645,1,1,1.271052e-02
3147,0.501906,0.498094,0.489199,0.510801,1,1,1.270648e-02
3148,0.501747,0.498253,0.489044,0.510956,1,1,1.270245e-02
3149,0.501587,0.498413,0.488889,0.511111,1,1,1.269841e-02
3150,0.501428,0.498572,0.488734,0.511266,1,1,1.269438e-02
3151,0.501269,0.498731,0.488579,0.511421,1,1,1.269036e-02
3152,0.501110,0.498890,0.488424,0.511576,1,1,1.268633e-02
3153,0.500951,0.499049,0.488269,0.511731,1,1,1.268231e-02
3154,0.500792,0.499208,0.488114,0.511886,1,1,1.267829e-02
3155,0.500634,0.499366,0.487959,0.512041,1,1,1.267427e-02
3156,0.500475,0.499525,0.487805,0.512195,1,1,1.267026e-02
3157,0.500317,0.499683,0.487650,0.512350,1,1,1.266624e-02
3158,0.500158,0.499842,0.487496,0.512504,1,1,1.266223e-02
3159,0.500000,0.500000,0.487342,0.512658,1,1,1.265823e-02
3160,0.499842,0.500158,0.487504,0.512496,1,0,1.265422e-02
3161,0.499684,0.500316,0.487666,0.512334,1,0,1.265022e-02
3162,0.499526,0.500474,0.487828,0.512172,1,0,1.264622e-02
3163,0.499368,0.500632,0.487990,0.512010,1,0,1.264223e-02
3164,0.499210,0.500790,0.488152,0.511848,1,0,1.263823e-02
3165,0.499052,0.500948,0.488313,0.511687,1,0,1.263424e-02
3166,0.498895,0.501105,0.488475,0.511525,1,0,1.263025e-02
3167,0.498737,0.501263,0.488636,0.511364,1,0,1.262626e-02
3168,0.498580,0.501420,0.488798,0.511202,1,0,1.262228e-02
3169,0.498423,0.501577,0.488959,0.511041,1,0,1.261830e-02
3170,0.498266,0.501734,0.489120,0.510880,1,0,1.261432e-02
3171,0.498108,0.501892,0.489281,0.510719,1,0,1.261034e-02
3172,0.497951,0.502049,0.489442,0.510558,1,0,1.260637e-02
3173,0.497795,0.502205,0.489603,0.510397,1,0,1.260239e-02
3174,0.497638,0.502362,0.489764,0.510236,1,0,1.259843e-02
3175,0.497481,0.502519,0.489924,0.510076,1,0,1.259446e-02
3176,0.497325,0.502675,0.490085,0.509915,1,0,1.259049e-02
3177,0.497168,0.502832,0.490245,0.509755,1,0,1.258653e-02
3178,0.497012,0.502988,0.490406,0.509594,1,0,1.258257e-02
3179,0.496855,0.503145,0.490566,0.509434,1,0,1.257862e-02
3180,0.496699,0.503301,0.490726,0.509274,1,0,1.257466e-02
3181,0.496543,0.503457,0.490886,0.509114,1,0,1.257071e-02
3182,0.496387,0.503613,0.491046,0.508954,1,0,1.256676e-02
3183,0.496231,0.503769,0.491206,0.508794,1,0,1.256281e-02
3184,0.496075,0.503925,0.491366,0.508634,1,0,1.255887e-02
3185,0.495920,0.504080,0.491525,0.508475,1,0,1.255493e-02
3186,0.495764,0.504236,0.491685,0.508315,1,0,1.255099e-02
3187,0.495609,0.504391,0.491844,0.508156,1,0,1.254705e-02
3188,0.495453,0.504547,0.492004,0.507996,1,0,1.254312e-02
3189,0.495298,0.504702,0.492163,0.507837,1,0,1.253918e-02
3190,0.495143,0.504857,0.492322,0.507678,1,0,1.253526e-02
3191,0.494987,0.505013,0.492481,0.507519,1,0,1.253133e-02
3192,0.494832,0.505168,0.492640,0.507360,1,0,1.252740e-02
3193,0.494678,0.505322,0.492799,0.507201,1,0,1.252348e-02
3194,0.494523,0.505477,0.492958,0.507042,1,0,1.251956e-02
3195,0.494368,0.505632,0.493116,0.506884,1,0,1.251564e-02
3196,0.494213,0.505787,0.493275,0.506725,1,0,1.251173e-02
3197,0.494059,0.505941,0.493433,0.506567,1,0,1.250782e-02
3198,0.493904,0.506096,0.493592,0.506408,1,0,1.250391e-02
3199,0.493750,0.506250,0.493750,0.506250,1,0,1.250000e-02
3200,0.493596,0.506404,0.493908,0.506092,1,0,1.249609e-02
3201,0.493442,0.506558,0.494066,0.505934,1,0,1.249219e-02
3202,0.493288,0.506712,0.494224,0.505776,1,0,1.248829e-02
3203,0.493134,0.506866,0.494382,0.505618,1,0,1.248439e-02
3204,0.492980,0.507020,0.494540,0.505460,1,0,1.248050e-02
3205,0.492826,0.507174,0.494697,0.505303,1,0,1.247661e-02
3206,0.492672,0.507328,0.494855,0.505145,1,0,1.247272e-02
3207,0.492519,0.507481,0.495012,0.504988,1,0,1.246883e-02
3208,0.492365,0.507635,0.495170,0.504830,1,0,1.246494e-02
3209,0.492212,0.507788,0.495327,0.504673,1,0,1.246106e-02
3210,0.492059,0.507941,0.495484,0.504516,1,0,1.245718e-02
3211,0.491905,0.508095,0.495641,0.504359,1,0,1.245330e-02
3212,0.491752,0.508248,0.495798,0.504202,1,0,1.244942e-02
3213,0.491599,0.508401,0.495955,0.504045,1,0,1.244555e-02
3214,0.491446,0.508554,0.496112,0.503888,1,0,1.244168e-02
3215,0.491294,0.508706,0.496269,0.503731,1,0,1.243781e-02
3216,0.491141,0.508859,0.496425,0.503575,1,0,1.243394e-02
3217,0.490988,0.509012,0.496582,0.503418,1,0,1.243008e-02
3218,0.490836,0.509164,0.496738,0.503262,1,0,1.242622e-02
3219,0.490683,0.509317,0.496894,0.503106,1,0,1.242236e-02
3220,0.490531,0.509469,0.497051,0.502949,1,0,1.241850e-02
3221,0.490379,0.509621,0.497207,0.502793,1,0,1.241465e-02
3222,0.490226,0.509774,0.497363,0.502637,1,0,1.241080e-02
3223,0.490074,0.509926,0.497519,0.502481,1,0,1.240695e-02
3224,0.489922,0.510078,0.497674,0.502326,1,0,1.240310e-02
3225,0.489771,0.510229,0.497830,0.502170,1,0,1.239926e-02
3226,0.489619,0.510381,0.497986,0.502014,1,0,1.239541e-02
3227,0.489467,0.510533,0.498141,0.501859,1,0,1.239157e-02
3228,0.489316,0.510684,0.498297,0.501703,1,0,1.238774e-02
3229,0.489164,0.510836,0.498452,0.501548,1,0,1.238390e-02
3230,0.489013,0.510987,0.498607,0.501393,1,0,1.238007e-02
3231,0.488861,0.511139,0.498762,0.501238,1,0,1.237624e-02
3232,0.488710,0.511290,0.498917,0.501083,1,0,1.237241e-02
3233,0.488559,0.511441,0.499072,0.500928,1,0,1.236858e-02
3234,0.488408,0.511592,0.499227,0.500773,1,0,1.236476e-02
3235,0.488257,0.511743,0.499382,0.500618,1,0,1.236094e-02
3236,0.488106,0.511894,0.499537,0.500463,1,0,1.235712e-02
3237,0.487956,0.512044,0.499691,0.500309,1,0,1.235330e-02
3238,0.487805,0.512195,0.499846,0.500154,1,0,1.234949e-02
3239,0.487654,0.512346,0.500000,0.500000,1,0,1.234568e-02
3240,0.487812,0.512188,0.500154,0.499846,0,0,1.234187e-02
3241,0.487970,0.512030,0.500308,0.499692,0,0,1.233806e-02
3242,0.488128,0.511872,0.500463,0.499537,0,0,1.233426e-02
3243,0.488286,0.511714,0.500617,0.499383,0,0,1.233046e-02
3244,0.488444,0.511556,0.500770,0.499230,0,0,1.232666e-02
3245,0.488601,0.511399,0.500924,0.499076,0,0,1.232286e-02
3246,0.488759,0.511241,0.501078,0.498922,0,0,1.231906e-02
3247,0.488916,0.511084,0.501232,0.498768,0,0,1.231527e-02
3248,0.489074,0.510926,0.501385,0.498615,0,0,1.231148e-02
3249,0.489231,0.510769,0.501538,0.498462,0,0,1.230769e-02
3250,0.489388,0.510612,0.501692,0.498308,0,0,1.230391e-02
3251,0.489545,0.510455,0.501845,0.498155,0,0,1.230012e-02
3252,0.489702,0.510298,0.501998,0.498002,0,0,1.229634e-02
3253,0.489859,0.510141,0.502151,0.497849,0,0,1.229256e-02
3254,0.490015,0.509985,0.502304,0.497696,0,0,1.228879e-02
3255,0.490172,0.509828,0.502457,0.497543,0,0,1.228501e-02
3256,0.490329,0.509671,0.502610,0.497390,0,0,1.228124e-02
3257,0.490485,0.509515,0.502762,0.497238,0,0,1.227747e-02
3258,0.490641,0.509359,0.502915,0.497085,0,0,1.227370e-02
3259,0.490798,0.509202,0.503067,0.496933,0,0,1.226994e-02
3260,0.490954,0.509046,0.503220,0.496780,0,0,1.226618e-02
3261,0.491110,0.508890,0.503372,0.496628,0,0,1.226242e-02
3262,0.491266,0.508734,0.503524,0.496476,0,0,1.225866e-02
3263,0.491422,0.508578,0.503676,0.496324,0,0,1.225490e-02
3264,0.491577,0.508423,0.503828,0.496172,0,0,1.225115e-02
3265,0.491733,0.508267,0.503980,0.496020,0,0,1.224740e-02
3266,0.491889,0.508111,0.504132,0.495868,0,0,1.224365e-02
3267,0.492044,0.507956,0.504284,0.495716,0,0,1.223990e-02
3268,0.492199,0.507801,0.504436,0.495564,0,0,1.223616e-02
3269,0.492355,0.507645,0.504587,0.495413,0,0,1.223242e-02
3270,0.492510,0.507490,0.504739,0.495261,0,0,1.222868e-02
3271,0.492665,0.507335,0.504890,0.495110,0,0,1.222494e-02
3272,0.492820,0.507180,0.505041,0.494959,0,0,1.222120e-02
3273,0.492975,0.507025,0.505192,0.494808,0,0,1.221747e-02
3274,0.493130,0.506870,0.505344,0.494656,0,0,1.221374e-02
3275,0.493284,0.506716,0.505495,0.494505,0,0,1.221001e-02
3276,0.493439,0.506561,0.505645,0.494355,0,0,1.220629e-02
3277,0.493594,0.506406,0.505796,0.494204,0,0,1.220256e-02
3278,0.493748,0.506252,0.505947,0.494053,0,0,1.219884e-02
3279,0.493902,0.506098,0.506098,0.493902,0,0,1.219512e-02
3280,0.494057,0.505943,0.506248,0.493752,0,0,1.219141e-02
3281,0.494211,0.505789,0.506399,0.493601,0,0,1.218769e-02
3282,0.494365,0.505635,0.506549,0.493451,0,0,1.218398e-02
3283,0.494519,0.505481,0.506699,0.493301,0,0,1.218027e-02
3284,0.494673,0.505327,0.506849,0.493151,0,0,1.217656e-02
3285,0.494827,0.505173,0.506999,0.493001,0,0,1.217285e-02
3286,0.494980,0.505020,0.507149,0.492851,0,0,1.216915e-02
3287,0.495134,0.504866,0.507299,0.492701,0,0,1.216545e-02
3288,0.495287,0.504713,0.507449,0.492551,0,0,1.216175e-02
3289,0.495441,0.504559,0.507599,0.492401,0,0,1.215805e-02
3290,0.495594,0.504406,0.507748,0.492252,0,0,1.215436e-02
3291,0.495747,0.504253,0.507898,0.492102,0,0,1.215067e-02
3292,0.495900,0.504100,0.508047,0.491953,0,0,1.214698e-02
3293,0.496053,0.503947,0.508197,0.491803,0,0,1.214329e-02
3294,0.496206,0.503794,0.508346,0.491654,0,0,1.213961e-02
3295,0.496359,0.503641,0.508495,0.491505,0,0,1.213592e-02
3296,0.496512,0.503488,0.508644,0.491356,0,0,1.213224e-02
3297,0.496665,0.503335,0.508793,0.491207,0,0,1.212856e-02
3298,0.496817,0.503183,0.508942,0.491058,0,0,1.212489e-02
3299,0.496970,0.503030,0.509091,0.490909,0,0,1.212121e-02
3300,0.497122,0.502878,0.509240,0.490760,0,0,1.211754e-02
3301,0.497274,0.502726,0.509388,0.490612,0,0,1.211387e-02
3302,0.497427,0.502573,0.509537,0.490463,0,0,1.211020e-02
3303,0.497579,0.502421,0.509685,0.490315,0,0,1.210654e-02
3304,0.497731,0.502269,0.509834,0.490166,0,0,1.210287e-02
3305,0.497883,0.502117,0.509982,0.490018,0,0,1.209921e-02
3306,0.498034,0.501966,0.510130,0.489870,0,0,1.209555e-02
3307,0.498186,0.501814,0.510278,0.489722,0,0,1.209190e-02
3308,0.498338,0.501662,0.510426,0.489574,0,0,1.208824e-02
3309,0.498489,0.501511,0.510574,0.489426,0,0,1.208459e-02
3310,0.498641,0.501359,0.510722,0.489278,0,0,1.208094e-02
3311,0.498792,0.501208,0.510870,0.489130,0,0,1.207729e-02
3312,0.498944,0.501056,0.511017,0.488983,0,0,1.207365e-02
3313,0.499095,0.500905,0.511165,0.488835,0,0,1.207001e-02
3314,0.499246,0.500754,0.511312,0.488688,0,0,1.206637e-02
3315,0.499397,0.500603,0.511460,0.488540,0,0,1.206273e-02
3316,0.499548,0.500452,0.511607,0.488393,0,0,1.205909e-02
3317,0.499699,0.500301,0.511754,0.488246,0,0,1.205546e-02
3318,0.499849,0.500151,0.511901,0.488099,0,0,1.205182e-02
3319,0.500000,0.500000,0.512048,0.487952,0,0,1.204819e-02
3320,0.500151,0.499849,0.512195,0.487805,0,0,1.234568e-02
3321,0.500301,0.499699,0.512041,0.487959,0,1,1.234196e-02
3322,0.500451,0.499549,0.511887,0.488113,0,1,1.233825e-02
3323,0.500602,0.499398,0.511733,0.488267,0,1,1.233454e-02
3324,0.500752,0.499248,0.511579,0.488421,0,1,1.233083e-02
3325,0.500902,0.499098,0.511425,0.488575,0,1,1.232712e-02
3326,0.501052,0.498948,0.511271,0.488729,0,1,1.232341e-02
3327,0.501202,0.498798,0.511118,0.488882,0,1,1.231971e-02
3328,0.501352,0.498648,0.510964,0.489036,0,1,1.231601e-02
3329,0.501502,0.498498,0.510811,0.489189,0,1,1.231231e-02
3330,0.501651,0.498349,0.510657,0.489343,0,1,1.230862e-02
3331,0.501801,0.498199,0.510504,0.489496,0,1,1.230492e-02
3332,0.501950,0.498050,0.510351,0.489649,0,1,1.230123e-02
3333,0.502100,0.497900,0.510198,0.489802,0,1,1.229754e-02
3334,0.502249,0.497751,0.510045,0.489955,0,1,1.229385e-02
3335,0.502398,0.497602,0.509892,0.490108,0,1,1.229017e-02
3336,0.502547,0.497453,0.509739,0.490261,0,1,1.228648e-02
3337,0.502696,0.497304,0.509587,0.490413,0,1,1.228280e-02
3338,0.502845,0.497155,0.509434,0.490566,0,1,1.227913e-02
3339,0.502994,0.497006,0.509281,0.490719,0,1,1.227545e-02
3340,0.503143,0.496857,0.509129,0.490871,0,1,1.227177e-02
3341,0.503291,0.496709,0.508977,0.491023,0,1,1.226810e-02
3342,0.503440,0.496560,0.508824,0.491176,0,1,1.226443e-02
3343,0.503589,0.496411,0.508672,0.491328,0,1,1.226077e-02
3344,0.503737,0.496263,0.508520,0.491480,0,1,1.225710e-02
3345,0.503885,0.496115,0.508368,0.491632,0,1,1.225344e-02
3346,0.504033,0.495967,0.508216,0.491784,0,1,1.224978e-02
3347,0.504182,0.495818,0.508065,0.491935,0,1,1.224612e-02
3348,0.504330,0.495670,0.507913,0.492087,0,1,1.224246e-02
3349,0.504478,0.495522,0.507761,0.492239,0,1,1.223881e-02
3350,0.504625,0.495375,0.507610,0.492390,0,1,1.223515e-02
3351,0.504773,0.495227,0.507458,0.492542,0,1,1.223150e-02
3352,0.504921,0.495079,0.507307,0.492693,0,1,1.222786e-02
3353,0.505069,0.494931,0.507156,0.492844,0,1,1.222421e-02
3354,0.505216,0.494784,0.507004,0.492996,0,1,1.222057e-02
3355,0.505364,0.494636,0.506853,0.493147,0,1,1.221692e-02
3356,0.505511,0.494489,0.506702,0.493298,0,1,1.221329e-02
3357,0.505658,0.494342,0.506552,0.493448,0,1,1.220965e-02
3358,0.505805,0.494195,0.506401,0.493599,0,1,1.220601e-02
3359,0.505952,0.494048,0.506250,0.493750,0,1,1.220238e-02
3360,0.506099,0.493901,0.506099,0.493901,0,1,1.219875e-02
3361,0.506246,0.493754,0.505949,0.494051,0,1,1.219512e-02
3362,0.506393,0.493607,0.505798,0.494202,0,1,1.219150e-02
3363,0.506540,0.493460,0.505648,0.494352,0,1,1.218787e-02
3364,0.506686,0.493314,0.505498,0.494502,0,1,1.218425e-02
3365,0.506833,0.493167,0.505348,0.494652,0,1,1.218063e-02
3366,0.506980,0.493020,0.505198,0.494802,0,1,1.217701e-02
3367,0.507126,0.492874,0.505048,0.494952,0,1,1.217340e-02
3368,0.507272,0.492728,0.504898,0.495102,0,1,1.216978e-02
3369,0.507418,0.492582,0.504748,0.495252,0,1,1.216617e-02
3370,0.507565,0.492435,0.504598,0.495402,0,1,1.216256e-02
3371,0.507711,0.492289,0.504448,0.495552,0,1,1.215896e-02
3372,0.507857,0.492143,0.504299,0.495701,0,1,1.215535e-02
3373,0.508002,0.491998,0.504149,0.495851,0,1,1.215175e-02
3374,0.508148,0.491852,0.504000,0.496000,0,1,1.214815e-02
3375,0.508294,0.491706,0.503851,0.496149,0,1,1.214455e-02
3376,0.508439,0.491561,0.503702,0.496298,0,1,1.214095e-02
3377,0.508585,0.491415,0.503552,0.496448,0,1,1.213736e-02
3378,0.508730,0.491270,0.503403,0.496597,0,1,1.213377e-02
3379,0.508876,0.491124,0.503254,0.496746,0,1,1.213018e-02
3380,0.509021,0.490979,0.503106,0.496894,0,1,1.212659e-02
3381,0.509166,0.490834,0.502957,0.497043,0,1,1.212300e-02
3382,0.509311,0.490689,0.502808,0.497192,0,1,1.211942e-02
3383,0.509456,0.490544,0.502660,0.497340,0,1,1.211584e-02
3384,0.509601,0.490399,0.502511,0.497489,0,1,1.211226e-02
3385,0.509746,0.490254,0.502363,0.497637,0,1,1.210868e-02
3386,0.509891,0.490109,0.502214,0.497786,0,1,1.210511e-02
3387,0.510035,0.489965,0.502066,0.497934,0,1,1.210153e-02
3388,0.510180,0.489820,0.501918,0.498082,0,1,1.209796e-02
3389,0.510324,0.489676,0.501770,0.498230,0,1,1.209440e-02
3390,0.510469,0.489531,0.501622,0.498378,0,1,1.209083e-02
3391,0.510613,0.489387,0.501474,0.498526,0,1,1.208726e-02
3392,0.510757,0.489243,0.501326,0.498674,0,1,1.208370e-02
3393,0.510902,0.489098,0.501179,0.498821,0,1,1.208014e-02
3394,0.511046,0.488954,0.501031,0.498969,0,1,1.207658e-02
3395,0.511190,0.488810,0.500883,0.499117,0,1,1.207303e-02
3396,0.511334,0.488666,0.500736,0.499264,0,1,1.206947e-02
3397,0.511477,0.488523,0.500589,0.499411,0,1,1.206592e-02
3398,0.511621,0.488379,0.500441,0.499559,0,1,1.206237e-02
3399,0.511765,0.488235,0.500294,0.499706,0,1,1.205882e-02
3400,0.511908,0.488092,0.500147,0.499853,0,1,1.205528e-02
3401,0.512052,0.487948,0.500000,0.500000,0,1,1.205173e-02
3402,0.512195,0.487805,0.499853,0.500147,0,1,1.234205e-02
3403,0.512045,0.487955,0.499706,0.500294,1,1,1.233843e-02
3404,0.511894,0.488106,0.499559,0.500441,1,1,1.233480e-02
3405,0.511744,0.488256,0.499413,0.500587,1,1,1.233118e-02
3406,0.511594,0.488406,0.499266,0.500734,1,1,1.232756e-02
3407,0.511444,0.488556,0.499120,0.500880,1,1,1.232394e-02
3408,0.511294,0.488706,0.498973,0.501027,1,1,1.232033e-02
3409,0.511144,0.488856,0.498827,0.501173,1,1,1.231672e-02
3410,0.510994,0.489006,0.498681,0.501319,1,1,1.231310e-02
3411,0.510844,0.489156,0.498535,0.501465,1,1,1.230950e-02
3412,0.510694,0.489306,0.498389,0.501611,1,1,1.230589e-02
3413,0.510545,0.489455,0.498243,0.501757,1,1,1.230228e-02
3414,0.510395,0.489605,0.498097,0.501903,1,1,1.229868e-02
3415,0.510246,0.489754,0.497951,0.502049,1,1,1.229508e-02
3416,0.510097,0.489903,0.497805,0.502195,1,1,1.229148e-02
3417,0.509947,0.490053,0.497659,0.502341,1,1,1.228789e-02
3418,0.509798,0.490202,0.497514,0.502486,1,1,1.228429e-02
3419,0.509649,0.490351,0.497368,0.502632,1,1,1.228070e-02
3420,0.509500,0.490500,0.497223,0.502777,1,1,1.227711e-02
3421,0.509351,0.490649,0.497078,0.502922,1,1,1.227352e-02
3422,0.509202,0.490798,0.496933,0.503067,1,1,1.226994e-02
3423,0.509054,0.490946,0.496787,0.503213,1,1,1.226636e-02
3424,0.508905,0.491095,0.496642,0.503358,1,1,1.226277e-02
3425,0.508757,0.491243,0.496497,0.503503,1,1,1.225919e-02
3426,0.508608,0.491392,0.496352,0.503648,1,1,1.225562e-02
3427,0.508460,0.491540,0.496208,0.503792,1,1,1.225204e-02
3428,0.508311,0.491689,0.496063,0.503937,1,1,1.224847e-02
3429,0.508163,0.491837,0.495918,0.504082,1,1,1.224490e-02
3430,0.508015,0.491985,0.495774,0.504226,1,1,1.224133e-02
3431,0.507867,0.492133,0.495629,0.504371,1,1,1.223776e-02
3432,0.507719,0.492281,0.495485,0.504515,1,1,1.223420e-02
3433,0.507571,0.492429,0.495341,0.504659,1,1,1.223063e-02
3434,0.507424,0.492576,0.495197,0.504803,1,1,1.222707e-02
3435,0.507276,0.492724,0.495052,0.504948,1,1,1.222352e-02
3436,0.507128,0.492872,0.494908,0.505092,1,1,1.221996e-02
3437,0.506981,0.493019,0.494764,0.505236,1,1,1.221640e-02
3438,0.506833,0.493167,0.494621,0.505379,1,1,1.221285e-02
3439,0.506686,0.493314,0.494477,0.505523,1,1,1.220930e-02
3440,0.506539,0.493461,0.494333,0.505667,1,1,1.220575e-02
3441,0.506392,0.493608,0.494189,0.505811,1,1,1.220221e-02
3442,0.506245,0.493755,0.494046,0.505954,1,1,1.219866e-02
3443,0.506098,0.493902,0.493902,0.506098,1,1,1.219512e-02
3444,0.505951,0.494049,0.493759,0.506241,1,1,1.219158e-02
3445,0.505804,0.494196,0.493616,0.506384,1,1,1.218804e-02
3446,0.505657,0.494343,0.493473,0.506527,1,1,1.218451e-02
3447,0.505510,0.494490,0.493329,0.506671,1,1,1.218097e-02
3448,0.505364,0.494636,0.493186,0.506814,1,1,1.217744e-02
3449,0.505217,0.494783,0.493043,0.506957,1,1,1.217391e-02
3450,0.505071,0.494929,0.492901,0.507099,1,1,1.217039e-02
3451,0.504925,0.495075,0.492758,0.507242,1,1,1.216686e-02
3452,0.504778,0.495222,0.492615,0.507385,1,1,1.216334e-02
3453,0.504632,0.495368,0.492472,0.507528,1,1,1.215981e-02
3454,0.504486,0.495514,0.492330,0.507670,1,1,1.215630e-02
3455,0.504340,0.495660,0.492188,0.507812,1,1,1.215278e-02
3456,0.504194,0.495806,0.492045,0.507955,1,1,1.214926e-02
3457,0.504049,0.495951,0.491903,0.508097,1,1,1.214575e-02
3458,0.503903,0.496097,0.491761,0.508239,1,1,1.214224e-02
3459,0.503757,0.496243,0.491618,0.508382,1,1,1.213873e-02
3460,0.503612,0.496388,0.491476,0.508524,1,1,1.213522e-02
3461,0.503466,0.496534,0.491334,0.508666,1,1,1.213172e-02
3462,0.503321,0.496679,0.491193,0.508807,1,1,1.212821e-02
3463,0.503176,0.496824,0.491051,0.508949,1,1,1.212471e-02
3464,0.503030,0.496970,0.490909,0.509091,1,1,1.212121e-02
3465,0.502885,0.497115,0.490767,0.509233,1,1,1.211771e-02
3466,0.502740,0.497260,0.490626,0.509374,1,1,1.211422e-02
3467,0.502595,0.497405,0.490484,0.509516,1,1,1.211073e-02
3468,0.502450,0.497550,0.490343,0.509657,1,1,1.210724e-02
3469,0.502305,0.497695,0.490202,0.509798,1,1,1.210375e-02
3470,0.502161,0.497839,0.490061,0.509939,1,1,1.210026e-02
3471,0.502016,0.497984,0.489919,0.510081,1,1,1.209677e-02
3472,0.501872,0.498128,0.489778,0.510222,1,1,1.209329e-02
3473,0.501727,0.498273,0.489637,0.510363,1,1,1.208981e-02
3474,0.501583,0.498417,0.489496,0.510504,1,1,1.208633e-02
3475,0.501438,0.498562,0.489356,0.510644,1,1,1.208285e-02
3476,0.501294,0.498706,0.489215,0.510785,1,1,1.207938e-02
3477,0.501150,0.498850,0.489074,0.510926,1,1,1.207591e-02
3478,0.501006,0.498994,0.488934,0.511066,1,1,1.207243e-02
3479,0.500862,0.499138,0.488793,0.511207,1,1,1.206897e-02
3480,0.500718,0.499282,0.488653,0.511347,1,1,1.206550e-02
3481,0.500574,0.499426,0.488512,0.511488,1,1,1.206203e-02
3482,0.500431,0.499569,0.488372,0.511628,1,1,1.205857e-02
3483,0.500287,0.499713,0.488232,0.511768,1,1,1.205511e-02
3484,0.500143,0.499857,0.488092,0.511908,1,1,1.205165e-02
3485,0.500000,0.500000,0.487952,0.512048,1,1,1.204819e-02
3486,0.499857,0.500143,0.488099,0.511901,1,0,1.204474e-02
3487,0.499713,0.500287,0.488245,0.511755,1,0,1.204128e-02
3488,0.499570,0.500430,0.488392,0.511608,1,0,1.203783e-02
3489,0.499427,0.500573,0.488539,0.511461,1,0,1.203438e-02
3490,0.499284,0.500716,0.488685,0.511315,1,0,1.203094e-02
3491,0.499141,0.500859,0.488832,0.511168,1,0,1.202749e-02
3492,0.498998,0.501002,0.488978,0.511022,1,0,1.202405e-02
3493,0.498855,0.501145,0.489124,0.510876,1,0,1.202061e-02
3494,0.498712,0.501288,0.489270,0.510730,1,0,1.201717e-02
3495,0.498570,0.501430,0.489416,0.510584,1,0,1.201373e-02
3496,0.498427,0.501573,0.489562,0.510438,1,0,1.201029e-02
3497,0.498285,0.501715,0.489708,0.510292,1,0,1.200686e-02
3498,0.498142,0.501858,0.489854,0.510146,1,0,1.200343e-02
3499,0.498000,0.502000,0.490000,0.510000,1,0,1.200000e-02
3500,0.497858,0.502142,0.490146,0.509854,1,0,1.199657e-02
3501,0.497716,0.502284,0.490291,0.509709,1,0,1.199315e-02
3502,0.497574,0.502426,0.490437,0.509563,1,0,1.198972e-02
3503,0.497432,0.502568,0.490582,0.509418,1,0,1.198630e-02
3504,0.497290,0.502710,0.490728,0.509272,1,0,1.198288e-02
3505,0.497148,0.502852,0.490873,0.509127,1,0,1.197946e-02
3506,0.497006,0.502994,0.491018,0.508982,1,0,1.197605e-02
3507,0.496864,0.503136,0.491163,0.508837,1,0,1.197263e-02
3508,0.496723,0.503277,0.491308,0.508692,1,0,1.196922e-02
3509,0.496581,0.503419,0.491453,0.508547,1,0,1.196581e-02
3510,0.496440,0.503560,0.491598,0.508402,1,0,1.196240e-02
3511,0.496298,0.503702,0.491743,0.508257,1,0,1.195900e-02
3512,0.496157,0.503843,0.491887,0.508113,1,0,1.195559e-02
3513,0.496016,0.503984,0.492032,0.507968,1,0,1.195219e-02
3514,0.495875,0.504125,0.492176,0.507824,1,0,1.194879e-02
3515,0.495734,0.504266,0.492321,0.507679,1,0,1.194539e-02
3516,0.495593,0.504407,0.492465,0.507535,1,0,1.194200e-02
3517,0.495452,0.504548,0.492609,0.507391,1,0,1.193860e-02
3518,0.495311,0.504689,0.492754,0.507246,1,0,1.193521e-02
3519,0.495170,0.504830,0.492898,0.507102,1,0,1.193182e-02
3520,0.495030,0.504970,0.493042,0.506958,1,0,1.192843e-02
3521,0.494889,0.505111,0.493186,0.506814,1,0,1.192504e-02
3522,0.494749,0.505251,0.493330,0.506670,1,0,1.192166e-02
3523,0.494608,0.505392,0.493473,0.506527,1,0,1.191827e-02
3524,0.494468,0.505532,0.493617,0.506383,1,0,1.191489e-02
3525,0.494328,0.505672,0.493761,0.506239,1,0,1.191151e-02
3526,0.494188,0.505812,0.493904,0.506096,1,0,1.190814e-02
3527,0.494048,0.505952,0.494048,0.505952,1,0,1.190476e-02
3528,0.493908,0.506092,0.494191,0.505809,1,0,1.190139e-02
3529,0.493768,0.506232,0.494334,0.505666,1,0,1.189802e-02
3530,0.493628,0.506372,0.494477,0.505523,1,0,1.189465e-02
3531,0.493488,0.506512,0.494621,0.505379,1,0,1.189128e-02
3532,0.493348,0.506652,0.494764,0.505236,1,0,1.188791e-02
3533,0.493209,0.506791,0.494907,0.505093,1,0,1.188455e-02
3534,0.493069,0.506931,0.495050,0.504950,1,0,1.188119e-02
3535,0.492930,0.507070,0.495192,0.504808,1,0,1.187783e-02
3536,0.492791,0.507209,0.495335,0.504665,1,0,1.187447e-02
3537,0.492651,0.507349,0.495478,0.504522,1,0,1.187111e-02
3538,0.492512,0.507488,0.495620,0.504380,1,0,1.186776e-02
3539,0.492373,0.507627,0.495763,0.504237,1,0,1.186441e-02
3540,0.492234,0.507766,0.495905,0.504095,1,0,1.186106e-02
3541,0.492095,0.507905,0.496047,0.503953,1,0,1.185771e-02
3542,0.491956,0.508044,0.496190,0.503810,1,0,1.185436e-02
3543,0.491817,0.508183,0.496332,0.503668,1,0,1.185102e-02
3544,0.491678,0.508322,0.496474,0.503526,1,0,1.184767e-02
3545,0.491540,0.508460,0.496616,0.503384,1,0,1.184433e-02
3546,0.491401,0.508599,0.496758,0.503242,1,0,1.184099e-02
3547,0.491263,0.508737,0.496900,0.503100,1,0,1.183766e-02
3548,0.491124,0.508876,0.497041,0.502959,1,0,1.183432e-02
3549,0.490986,0.509014,0.497183,0.502817,1,0,1.183099e-02
3550,0.490848,0.509152,0.497325,0.502675,1,0,1.182765e-02
3551,0.490709,0.509291,0.497466,0.502534,1,0,1.182432e-02
3552,0.490571,0.509429,0.497608,0.502392,1,0,1.182100e-02
3553,0.490433,0.509567,0.497749,0.502251,1,0,1.181767e-02
3554,0.490295,0.509705,0.497890,0.502110,1,0,1.181435e-02
3555,0.490157,0.509843,0.498031,0.501969,1,0,1.181102e-02
3556,0.490020,0.509980,0.498173,0.501827,1,0,1.180770e-02
3557,0.489882,0.510118,0.498314,0.501686,1,0,1.180438e-02
3558,0.489744,0.510256,0.498455,0.501545,1,0,1.180107e-02
3559,0.489607,0.510393,0.498596,0.501404,1,0,1.179775e-02
3560,0.489469,0.510531,0.498736,0.501264,1,0,1.179444e-02
3561,0.489332,0.510668,0.498877,0.501123,1,0,1.179113e-02
3562,0.489194,0.510806,0.499018,0.500982,1,0,1.178782e-02
3563,0.489057,0.510943,0.499158,0.500842,1,0,1.178451e-02
3564,0.488920,0.511080,0.499299,0.500701,1,0,1.178121e-02
3565,0.488783,0.511217,0.499439,0.500561,1,0,1.177790e-02
3566,0.488646,0.511354,0.499579,0.500421,1,0,1.177460e-02
3567,0.488509,0.511491,0.499720,0.500280,1,0,1.177130e-02
3568,0.488372,0.511628,0.499860,0.500140,1,0,1.176800e-02
3569,0.488235,0.511765,0.500000,0.500000,1,0,1.176471e-02
3570,0.488379,0.511621,0.500140,0.499860,0,0,1.176141e-02
3571,0.488522,0.511478,0.500280,0.499720,0,0,1.175812e-02
3572,0.488665,0.511335,0.500420,0.499580,0,0,1.175483e-02
3573,0.488808,0.511192,0.500560,0.499440,0,0,1.175154e-02
3574,0.488951,0.511049,0.500699,0.499301,0,0,1.174825e-02
3575,0.489094,0.510906,0.500839,0.499161,0,0,1.174497e-02
3576,0.489237,0.510763,0.500978,0.499022,0,0,1.174168e-02
3577,0.489380,0.510620,0.501118,0.498882,0,0,1.173840e-02
3578,0.489522,0.510478,0.501257,0.498743,0,0,1.173512e-02
3579,0.489665,0.510335,0.501397,0.498603,0,0,1.173184e-02
3580,0.489807,0.510193,0.501536,0.498464,0,0,1.172857e-02
3581,0.489950,0.510050,0.501675,0.498325,0,0,1.172529e-02
3582,0.490092,0.509908,0.501814,0.498186,0,0,1.172202e-02
3583,0.490234,0.509766,0.501953,0.498047,0,0,1.171875e-02
3584,0.490377,0.509623,0.502092,0.497908,0,0,1.171548e-02
3585,0.490519,0.509481,0.502231,0.497769,0,0,1.171221e-02
3586,0.490661,0.509339,0.502370,0.497630,0,0,1.170895e-02
3587,0.490803,0.509197,0.502508,0.497492,0,0,1.170569e-02
3588,0.490945,0.509055,0.502647,0.497353,0,0,1.170242e-02
3589,0.491086,0.508914,0.502786,0.497214,0,0,1.169916e-02
3590,0.491228,0.508772,0.502924,0.497076,0,0,1.169591e-02
3591,0.491370,0.508630,0.503062,0.496938,0,0,1.169265e-02
3592,0.491511,0.508489,0.503201,0.496799,0,0,1.168940e-02
3593,0.491653,0.508347,0.503339,0.496661,0,0,1.168614e-02
3594,0.491794,0.508206,0.503477,0.496523,0,0,1.168289e-02
3595,0.491935,0.508065,0.503615,0.496385,0,0,1.167964e-02
3596,0.492077,0.507923,0.503753,0.496247,0,0,1.167640e-02
3597,0.492218,0.507782,0.503891,0.496109,0,0,1.167315e-02
3598,0.492359,0.507641,0.504029,0.495971,0,0,1.166991e-02
3599,0.492500,0.507500,0.504167,0.495833,0,0,1.166667e-02
3600,0.492641,0.507359,0.504304,0.495696,0,0,1.166343e-02
3601,0.492782,0.507218,0.504442,0.495558,0,0,1.166019e-02
3602,0.492923,0.507077,0.504580,0.495420,0,0,1.165695e-02
3603,0.493063,0.506937,0.504717,0.495283,0,0,1.165372e-02
3604,0.493204,0.506796,0.504854,0.495146,0,0,1.165049e-02
3605,0.493344,0.506656,0.504992,0.495008,0,0,1.164725e-02
3606,0.493485,0.506515,0.505129,0.494871,0,0,1.164403e-02
3607,0.493625,0.506375,0.505266,0.494734,0,0,1.164080e-02
3608,0.493766,0.506234,0.505403,0.494597,0,0,1.163757e-02
3609,0.493906,0.506094,0.505540,0.494460,0,0,1.163435e-02
3610,0.494046,0.505954,0.505677,0.494323,0,0,1.163113e-02
3611,0.494186,0.505814,0.505814,0.494186,0,0,1.162791e-02
3612,0.494326,0.505674,0.505951,0.494049,0,0,1.162469e-02
3613,0.494466,0.505534,0.506087,0.493913,0,0,1.162147e-02
3614,0.494606,0.505394,0.506224,0.493776,0,0,1.161826e-02
3615,0.494746,0.505254,0.506361,0.493639,0,0,1.161504e-02
3616,0.494885,0.505115,0.506497,0.493503,0,0,1.161183e-02
3617,0.495025,0.504975,0.506633,0.493367,0,0,1.160862e-02
3618,0.495164,0.504836,0.506770,0.493230,0,0,1.160542e-02
3619,0.495304,0.504696,0.506906,0.493094,0,0,1.160221e-02
3620,0.495443,0.504557,0.507042,0.492958,0,0,1.159901e-02
3621,0.495583,0.504417,0.507178,0.492822,0,0,1.159580e-02
3622,0.495722,0.504278,0.507314,0.492686,0,0,1.159260e-02
3623,0.495861,0.504139,0.507450,0.492550,0,0,1.158940e-02
3624,0.496000,0.504000,0.507586,0.492414,0,0,1.158621e-02
3625,0.496139,0.503861,0.507722,0.492278,0,0,1.158301e-02
3626,0.496278,0.503722,0.507858,0.492142,0,0,1.157982e-02
3627,0.496417,0.503583,0.507993,0.492007,0,0,1.157663e-02
3628,0.496556,0.503444,0.508129,0.491871,0,0,1.157344e-02
3629,0.496694,0.503306,0.508264,0.491736,0,0,1.157025e-02
3630,0.496833,0.503167,0.508400,0.491600,0,0,1.156706e-02
3631,0.496971,0.503029,0.508535,0.491465,0,0,1.156388e-02
3632,0.497110,0.502890,0.508671,0.491329,0,0,1.156069e-02
3633,0.497248,0.502752,0.508806,0.491194,0,0,1.155751e-02
3634,0.497387,0.502613,0.508941,0.491059,0,0,1.155433e-02
3635,0.497525,0.502475,0.509076,0.490924,0,0,1.155116e-02
3636,0.497663,0.502337,0.509211,0.490789,0,0,1.154798e-02
3637,0.497801,0.502199,0.509346,0.490654,0,0,1.154480e-02
3638,0.497939,0.502061,0.509481,0.490519,0,0,1.154163e-02
3639,0.498077,0.501923,0.509615,0.490385,0,0,1.153846e-02
3640,0.498215,0.501785,0.509750,0.490250,0,0,1.153529e-02
3641,0.498353,0.501647,0.509885,0.490115,0,0,1.153213e-02
3642,0.498490,0.501510,0.510019,0.489981,0,0,1.152896e-02
3643,0.498628,0.501372,0.510154,0.489846,0,0,1.152580e-02
3644,0.498765,0.501235,0.510288,0.489712,0,0,1.152263e-02
3645,0.498903,0.501097,0.510422,0.489578,0,0,1.151947e-02
3646,0.499040,0.500960,0.510557,0.489443,0,0,1.151631e-02
3647,0.499178,0.500822,0.510691,0.489309,0,0,1.151316e-02
3648,0.499315,0.500685,0.510825,0.489175,0,0,1.151000e-02
3649,0.499452,0.500548,0.510959,0.489041,0,0,1.150685e-02
3650,0.499589,0.500411,0.511093,0.488907,0,0,1.150370e-02
3651,0.499726,0.500274,0.511227,0.488773,0,0,1.150055e-02
3652,0.499863,0.500137,0.511361,0.488639,0,0,1.149740e-02
3653,0.500000,0.500000,0.511494,0.488506,0,0,1.149425e-02
3654,0.500137,0.499863,0.511628,0.488372,0,0,1.176471e-02
3655,0.500274,0.499726,0.511488,0.488512,0,1,1.176149e-02
3656,0.500410,0.499590,0.511348,0.488652,0,1,1.175827e-02
3657,0.500547,0.499453,0.511208,0.488792,0,1,1.175506e-02
3658,0.500683,0.499317,0.511069,0.488931,0,1,1.175184e-02
3659,0.500820,0.499180,0.510929,0.489071,0,1,1.174863e-02
3660,0.500956,0.499044,0.510789,0.489211,0,1,1.174542e-02
3661,0.501092,0.498908,0.510650,0.489350,0,1,1.174222e-02
3662,0.501229,0.498771,0.510511,0.489489,0,1,1.173901e-02
3663,0.501365,0.498635,0.510371,0.489629,0,1,1.173581e-02
3664,0.501501,0.498499,0.510232,0.489768,0,1,1.173261e-02
3665,0.501637,0.498363,0.510093,0.489907,0,1,1.172941e-02
3666,0.501773,0.498227,0.509954,0.490046,0,1,1.172621e-02
3667,0.501908,0.498092,0.509815,0.490185,0,1,1.172301e-02
3668,0.502044,0.497956,0.509676,0.490324,0,1,1.171981e-02
3669,0.502180,0.497820,0.509537,0.490463,0,1,1.171662e-02
3670,0.502315,0.497685,0.509398,0.490602,0,1,1.171343e-02
3671,0.502451,0.497549,0.509259,0.490741,0,1,1.171024e-02
3672,0.502586,0.497414,0.509121,0.490879,0,1,1.170705e-02
3673,0.502722,0.497278,0.508982,0.491018,0,1,1.170386e-02
3674,0.502857,0.497143,0.508844,0.491156,0,1,1.170068e-02
3675,0.502992,0.497008,0.508705,0.491295,0,1,1.169750e-02
3676,0.503128,0.496872,0.508567,0.491433,0,1,1.169432e-02
3677,0.503263,0.496737,0.508428,0.491572,0,1,1.169114e-02
3678,0.503398,0.496602,0.508290,0.491710,0,1,1.168796e-02
3679,0.503533,0.496467,0.508152,0.491848,0,1,1.168478e-02
3680,0.503667,0.496333,0.508014,0.491986,0,1,1.168161e-02
3681,0.503802,0.496198,0.507876,0.492124,0,1,1.167844e-02
3682,0.503937,0.496063,0.507738,0.492262,0,1,1.167526e-02
3683,0.504072,0.495928,0.507600,0.492400,0,1,1.167210e-02
3684,0.504206,0.495794,0.507463,0.492537,0,1,1.166893e-02
3685,0.504341,0.495659,0.507325,0.492675,0,1,1.166576e-02
3686,0.504475,0.495525,0.507187,0.492813,0,1,1.166260e-02
3687,0.504610,0.495390,0.507050,0.492950,0,1,1.165944e-02
3688,0.504744,0.495256,0.506912,0.493088,0,1,1.165628e-02
3689,0.504878,0.495122,0.506775,0.493225,0,1,1.165312e-02
3690,0.505012,0.494988,0.506638,0.493362,0,1,1.164996e-02
3691,0.505146,0.494854,0.506501,0.493499,0,1,1.164680e-02
3692,0.505280,0.494720,0.506363,0.493637,0,1,1.164365e-02
3693,0.505414,0.494586,0.506226,0.493774,0,1,1.164050e-02
3694,0.505548,0.494452,0.506089,0.493911,0,1,1.163735e-02
3695,0.505682,0.494318,0.505952,0.494048,0,1,1.163420e-02
3696,0.505816,0.494184,0.505816,0.494184,0,1,1.163105e-02
3697,0.505949,0.494051,0.505679,0.494321,0,1,1.162791e-02
3698,0.506083,0.493917,0.505542,0.494458,0,1,1.162476e-02
3699,0.506216,0.493784,0.505405,0.494595,0,1,1.162162e-02
3700,0.506350,0.493650,0.505269,0.494731,0,1,1.161848e-02
3701,0.506483,0.493517,0.505132,0.494868,0,1,1.161534e-02
3702,0.506616,0.493384,0.504996,0.495004,0,1,1.161221e-02
3703,0.506749,0.493251,0.504860,0.495140,0,1,1.160907e-02
3704,0.506883,0.493117,0.504723,0.495277,0,1,1.160594e-02
3705,0.507016,0.492984,0.504587,0.495413,0,1,1.160281e-02
3706,0.507149,0.492851,0.504451,0.495549,0,1,1.159968e-02
3707,0.507282,0.492718,0.504315,0.495685,0,1,1.159655e-02
3708,0.507414,0.492586,0.504179,0.495821,0,1,1.159342e-02
3709,0.507547,0.492453,0.504043,0.495957,0,1,1.159030e-02
3710,0.507680,0.492320,0.503907,0.496093,0,1,1.158717e-02
3711,0.507812,0.492188,0.503772,0.496228,0,1,1.158405e-02
3712,0.507945,0.492055,0.503636,0.496364,0,1,1.158093e-02
3713,0.508078,0.491922,0.503500,0.496500,0,1,1.157781e-02
3714,0.508210,0.491790,0.503365,0.496635,0,1,1.157470e-02
3715,0.508342,0.491658,0.503229,0.496771,0,1,1.157158e-02
3716,0.508475,0.491525,0.503094,0.496906,0,1,1.156847e-02
3717,0.508607,0.491393,0.502959,0.497041,0,1,1.156536e-02
3718,0.508739,0.491261,0.502823,0.497177,0,1,1.156225e-02
3719,0.508871,0.491129,0.502688,0.497312,0,1,1.155914e-02
3720,0.509003,0.490997,0.502553,0.497447,0,1,1.155603e-02
3721,0.509135,0.490865,0.502418,0.497582,0,1,1.155293e-02
3722,0.509267,0.490733,0.502283,0.497717,0,1,1.154983e-02
3723,0.509398,0.490602,0.502148,0.497852,0,1,1.154672e-02
3724,0.509530,0.490470,0.502013,0.497987,0,1,1.154362e-02
3725,0.509662,0.490338,0.501879,0.498121,0,1,1.154053e-02
3726,0.509793,0.490207,0.501744,0.498256,0,1,1.153743e-02
3727,0.509925,0.490075,0.501609,0.498391,0,1,1.153433e-02
3728,0.510056,0.489944,0.501475,0.498525,0,1,1.153124e-02
3729,0.510188,0.489812,0.501340,0.498660,0,1,1.152815e-02
3730,0.510319,0.489681,0.501206,0.498794,0,1,1.152506e-02
3731,0.510450,0.489550,0.501072,0.498928,0,1,1.152197e-02
3732,0.510581,0.489419,0.500938,0.499062,0,1,1.151889e-02
3733,0.510712,0.489288,0.500803,0.499197,0,1,1.151580e-02
3734,0.510843,0.489157,0.500669,0.499331,0,1,1.151272e-02
3735,0.510974,0.489026,0.500535,0.499465,0,1,1.150964e-02
3736,0.511105,0.488895,0.500401,0.499599,0,1,1.150656e-02
3737,0.511236,0.488764,0.500268,0.499732,0,1,1.150348e-02
3738,0.511367,0.488633,0.500134,0.499866,0,1,1.150040e-02
3739,0.511497,0.488503,0.500000,0.500000,0,1,1.149733e-02
3740,0.511628,0.488372,0.499866,0.500134,0,1,1.176156e-02
3741,0.511491,0.488509,0.499733,0.500267,1,1,1.175842e-02
3742,0.511355,0.488645,0.499599,0.500401,1,1,1.175528e-02
3743,0.511218,0.488782,0.499466,0.500534,1,1,1.175214e-02
3744,0.511081,0.488919,0.499332,0.500668,1,1,1.174900e-02
3745,0.510945,0.489055,0.499199,0.500801,1,1,1.174586e-02
3746,0.510809,0.489191,0.499066,0.500934,1,1,1.174273e-02
3747,0.510672,0.489328,0.498933,0.501067,1,1,1.173959e-02
3748,0.510536,0.489464,0.498800,0.501200,1,1,1.173646e-02
3749,0.510400,0.489600,0.498667,0.501333,1,1,1.173333e-02
3750,0.510264,0.489736,0.498534,0.501466,1,1,1.173021e-02
3751,0.510128,0.489872,0.498401,0.501599,1,1,1.172708e-02
3752,0.509992,0.490008,0.498268,0.501732,1,1,1.172395e-02
3753,0.509856,0.490144,0.498135,0.501865,1,1,1.172083e-02
3754,0.509720,0.490280,0.498003,0.501997,1,1,1.171771e-02
3755,0.509585,0.490415,0.497870,0.502130,1,1,1.171459e-02
3756,0.509449,0.490551,0.497738,0.502262,1,1,1.171147e-02
3757,0.509313,0.490687,0.497605,0.502395,1,1,1.170836e-02
3758,0.509178,0.490822,0.497473,0.502527,1,1,1.170524e-02
3759,0.509043,0.490957,0.497340,0.502660,1,1,1.170213e-02
3760,0.508907,0.491093,0.497208,0.502792,1,1,1.169902e-02
3761,0.508772,0.491228,0.497076,0.502924,1,1,1.169591e-02
3762,0.508637,0.491363,0.496944,0.503056,1,1,1.169280e-02
3763,0.508502,0.491498,0.496812,0.503188,1,1,1.168969e-02
3764,0.508367,0.491633,0.496680,0.503320,1,1,1.168659e-02
3765,0.508232,0.491768,0.496548,0.503452,1,1,1.168348e-02
3766,0.508097,0.491903,0.496416,0.503584,1,1,1.168038e-02
3767,0.507962,0.492038,0.496285,0.503715,1,1,1.167728e-02
3768,0.507827,0.492173,0.496153,0.503847,1,1,1.167418e-02
3769,0.507692,0.492308,0.496021,0.503979,1,1,1.167109e-02
3770,0.507558,0.492442,0.495890,0.504110,1,1,1.166799e-02
3771,0.507423,0.492577,0.495758,0.504242,1,1,1.166490e-02
3772,0.507289,0.492711,0.495627,0.504373,1,1,1.166181e-02
3773,0.507154,0.492846,0.495495,0.504505,1,1,1.165872e-02
3774,0.507020,0.492980,0.495364,0.504636,1,1,1.165563e-02
3775,0.506886,0.493114,0.495233,0.504767,1,1,1.165254e-02
3776,0.506751,0.493249,0.495102,0.504898,1,1,1.164946e-02
3777,0.506617,0.493383,0.494971,0.505029,1,1,1.164637e-02
3778,0.506483,0.493517,0.494840,0.505160,1,1,1.164329e-02
3779,0.506349,0.493651,0.494709,0.505291,1,1,1.164021e-02
3780,0.506215,0.493785,0.494578,0.505422,1,1,1.163713e-02
3781,0.506081,0.493919,0.494447,0.505553,1,1,1.163406e-02
3782,0.505948,0.494052,0.494317,0.505683,1,1,1.163098e-02
3783,0.505814,0.494186,0.494186,0.505814,1,1,1.162791e-02
3784,0.505680,0.494320,0.494055,0.505945,1,1,1.162483e-02
3785,0.505547,0.494453,0.493925,0.506075,1,1,1.162176e-02
3786,0.505413,0.494587,0.493795,0.506205,1,1,1.161870e-02
3787,0.505280,0.494720,0.493664,0.506336,1,1,1.161563e-02
3788,0.505146,0.494854,0.493534,0.506466,1,1,1.161256e-02
3789,0.505013,0.494987,0.493404,0.506596,1,1,1.160950e-02
3790,0.504880,0.495120,0.493274,0.506726,1,1,1.160644e-02
3791,0.504747,0.495253,0.493143,0.506857,1,1,1.160338e-02
3792,0.504614,0.495386,0.493013,0.506987,1,1,1.160032e-02
3793,0.504481,0.495519,0.492884,0.507116,1,1,1.159726e-02
3794,0.504348,0.495652,0.492754,0.507246,1,1,1.159420e-02
3795,0.504215,0.495785,0.492624,0.507376,1,1,1.159115e-02
3796,0.504082,0.495918,0.492494,0.507506,1,1,1.158810e-02
3797,0.503949,0.496051,0.492364,0.507636,1,1,1.158504e-02
3798,0.503817,0.496183,0.492235,0.507765,1,1,1.158200e-02
3799,0.503684,0.496316,0.492105,0.507895,1,1,1.157895e-02
3800,0.503552,0.496448,0.491976,0.508024,1,1,1.157590e-02
3801,0.503419,0.496581,0.491846,0.508154,1,1,1.157286e-02
3802,0.503287,0.496713,0.491717,0.508283,1,1,1.156981e-02
3803,0.503155,0.496845,0.491588,0.508412,1,1,1.156677e-02
3804,0.503022,0.496978,0.491459,0.508541,1,1,1.156373e-02
3805,0.502890,0.497110,0.491329,0.508671,1,1,1.156069e-02
3806,0.502758,0.497242,0.491200,0.508800,1,1,1.155766e-02
3807,0.502626,0.497374,0.491071,0.508929,1,1,1.155462e-02
3808,0.502494,0.497506,0.490943,0.509057,1,1,1.155159e-02
3809,0.502362,0.497638,0.490814,0.509186,1,1,1.154856e-02
3810,0.502230,0.497770,0.490685,0.509315,1,1,1.154553e-02
3811,0.502099,0.497901,0.490556,0.509444,1,1,1.154250e-02
3812,0.501967,0.498033,0.490427,0.509573,1,1,1.153947e-02
3813,0.501835,0.498165,0.490299,0.509701,1,1,1.153644e-02
3814,0.501704,0.498296,0.490170,0.509830,1,1,1.153342e-02
3815,0.501572,0.498428,0.490042,0.509958,1,1,1.153040e-02
3816,0.501441,0.498559,0.489914,0.510086,1,1,1.152738e-02
3817,0.501310,0.498690,0.489785,0.510215,1,1,1.152436e-02
3818,0.501178,0.498822,0.489657,0.510343,1,1,1.152134e-02
3819,0.501047,0.498953,0.489529,0.510471,1,1,1.151832e-02
3820,0.500916,0.499084,0.489401,0.510599,1,1,1.151531e-02
3821,0.500785,0.499215,0.489273,0.510727,1,1,1.151230e-02
3822,0.500654,0.499346,0.489145,0.510855,1,1,1.150929e-02
3823,0.500523,0.499477,0.489017,0.510983,1,1,1.150628e-02
3824,0.500392,0.499608,0.488889,0.511111,1,1,1.150327e-02
3825,0.500261,0.499739,0.488761,0.511239,1,1,1.150026e-02
3826,0.500131,0.499869,0.488633,0.511367,1,1,1.149726e-02
3827,0.500000,0.500000,0.488506,0.511494,1,1,1.149425e-02
3828,0.499869,0.500131,0.488639,0.511361,1,0,1.149125e-02
3829,0.499739,0.500261,0.488773,0.511227,1,0,1.148825e-02
3830,0.499608,0.500392,0.488906,0.511094,1,0,1.148525e-02
3831,0.499478,0.500522,0.489040,0.510960,1,0,1.148225e-02
3832,0.499348,0.500652,0.489173,0.510827,1,0,1.147926e-02
3833,0.499218,0.500782,0.489306,0.510694,1,0,1.147626e-02
3834,0.499087,0.500913,0.489439,0.510561,1,0,1.147327e-02
3835,0.498957,0.501043,0.489572,0.510428,1,0,1.147028e-02
3836,0.498827,0.501173,0.489705,0.510295,1,0,1.146729e-02
3837,0.498697,0.501303,0.489838,0.510162,1,0,1.146430e-02
3838,0.498567,0.501433,0.489971,0.510029,1,0,1.146132e-02
3839,0.498437,0.501563,0.490104,0.509896,1,0,1.145833e-02
3840,0.498308,0.501692,0.490237,0.509763,1,0,1.145535e-02
3841,0.498178,0.501822,0.490370,0.509630,1,0,1.145237e-02
3842,0.498048,0.501952,0.490502,0.509498,1,0,1.144939e-02
3843,0.497919,0.502081,0.490635,0.509365,1,0,1.144641e-02
3844,0.497789,0.502211,0.490767,0.509233,1,0,1.144343e-02
3845,0.497660,0.502340,0.490900,0.509100,1,0,1.144046e-02
3846,0.497531,0.502469,0.491032,0.508968,1,0,1.143748e-02
3847,0.497401,0.502599,0.491164,0.508836,1,0,1.143451e-02
3848,0.497272,0.502728,0.491296,0.508704,1,0,1.143154e-02
3849,0.497143,0.502857,0.491429,0.508571,1,0,1.142857e-02
3850,0.497014,0.502986,0.491561,0.508439,1,0,1.142560e-02
3851,0.496885,0.503115,0.491693,0.508307,1,0,1.142264e-02
3852,0.496756,0.503244,0.491825,0.508175,1,0,1.141967e-02
3853,0.496627,0.503373,0.491956,0.508044,1,0,1.141671e-02
3854,0.496498,0.503502,0.492088,0.507912,1,0,1.141375e-02
3855,0.496369,0.503631,0.492220,0.507780,1,0,1.141079e-02
3856,0.496241,0.503759,0.492352,0.507648,1,0,1.140783e-02
3857,0.496112,0.503888,0.492483,0.507517,1,0,1.140487e-02
3858,0.495983,0.504017,0.492615,0.507385,1,0,1.140192e-02
3859,0.495855,0.504145,0.492746,0.507254,1,0,1.139896e-02
3860,0.495726,0.504274,0.492877,0.507123,1,0,1.139601e-02
3861,0.495598,0.504402,0.493009,0.506991,1,0,1.139306e-02
3862,0.495470,0.504530,0.493140,0.506860,1,0,1.139011e-02
3863,0.495342,0.504658,0.493271,0.506729,1,0,1.138716e-02
3864,0.495213,0.504787,0.493402,0.506598,1,0,1.138422e-02
3865,0.495085,0.504915,0.493533,0.506467,1,0,1.138127e-02
3866,0.494957,0.505043,0.493664,0.506336,1,0,1.137833e-02
3867,0.494829,0.505171,0.493795,0.506205,1,0,1.137539e-02
3868,0.494701,0.505299,0.493926,0.506074,1,0,1.137245e-02
3869,0.494574,0.505426,0.494057,0.505943,1,0,1.136951e-02
3870,0.494446,0.505554,0.494188,0.505812,1,0,1.136657e-02
3871,0.494318,0.505682,0.494318,0.505682,1,0,1.136364e-02
3872,0.494191,0.505809,0.494449,0.505551,1,0,1.136070e-02
3873,0.494063,0.505937,0.494579,0.505421,1,0,1.135777e-02
3874,0.493935,0.506065,0.494710,0.505290,1,0,1.135484e-02
3875,0.493808,0.506192,0.494840,0.505160,1,0,1.135191e-02
3876,0.493681,0.506319,0.494970,0.505030,1,0,1.134898e-02
3877,0.493553,0.506447,0.495101,0.504899,1,0,1.134605e-02
3878,0.493426,0.506574,0.495231,0.504769,1,0,1.134313e-02
3879,0.493299,0.506701,0.495361,0.504639,1,0,1.134021e-02
3880,0.493172,0.506828,0.495491,0.504509,1,0,1.133728e-02
3881,0.493045,0.506955,0.495621,0.504379,1,0,1.133436e-02
3882,0.492918,0.507082,0.495751,0.504249,1,0,1.133144e-02
3883,0.492791,0.507209,0.495881,0.504119,1,0,1.132853e-02
3884,0.492664,0.507336,0.496010,0.503990,1,0,1.132561e-02
3885,0.492537,0.507463,0.496140,0.503860,1,0,1.132270e-02
3886,0.492411,0.507589,0.496270,0.503730,1,0,1.131978e-02
3887,0.492284,0.507716,0.496399,0.503601,1,0,1.131687e-02
3888,0.492157,0.507843,0.496529,0.503471,1,0,1.131396e-02
3889,0.492031,0.507969,0.496658,0.503342,1,0,1.131105e-02
3890,0.491904,0.508096,0.496787,0.503213,1,0,1.130815e-02
3891,0.491778,0.508222,0.496917,0.503083,1,0,1.130524e-02
3892,0.491652,0.508348,0.497046,0.502954,1,0,1.130234e-02
3893,0.491525,0.508475,0.497175,0.502825,1,0,1.129944e-02
3894,0.491399,0.508601,0.497304,0.502696,1,0,1.129653e-02
3895,0.491273,0.508727,0.497433,0.502567,1,0,1.129363e-02
3896,0.491147,0.508853,0.497562,0.502438,1,0,1.129074e-02
3897,0.491021,0.508979,0.497691,0.502309,1,0,1.128784e-02
3898,0.490895,0.509105,0.497820,0.502180,1,0,1.128494e-02
3899,0.490769,0.509231,0.497949,0.502051,1,0,1.128205e-02
3900,0.490643,0.509357,0.498077,0.501923,1,0,1.127916e-02
3901,0.490518,0.509482,0.498206,0.501794,1,0,1.127627e-02
3902,0.490392,0.509608,0.498335,0.501665,1,0,1.127338e-02
3903,0.490266,0.509734,0.498463,0.501537,1,0,1.127049e-02
3904,0.490141,0.509859,0.498592,0.501408,1,0,1.126761e-02
3905,0.490015,0.509985,0.498720,0.501280,1,0,1.126472e-02
3906,0.489890,0.510110,0.498848,0.501152,1,0,1.126184e-02
3907,0.489765,0.510235,0.498976,0.501024,1,0,1.125896e-02
3908,0.489639,0.510361,0.499105,0.500895,1,0,1.125608e-02
3909,0.489514,0.510486,0.499233,0.500767,1,0,1.125320e-02
3910,0.489389,0.510611,0.499361,0.500639,1,0,1.125032e-02
3911,0.489264,0.510736,0.499489,0.500511,1,0,1.124744e-02
3912,0.489139,0.510861,0.499617,0.500383,1,0,1.124457e-02
3913,0.489014,0.510986,0.499745,0.500255,1,0,1.124170e-02
3914,0.488889,0.511111,0.499872,0.500128,1,0,1.123883e-02
3915,0.488764,0.511236,0.500000,0.500000,1,0,1.123596e-02
3916,0.488895,0.511105,0.500128,0.499872,0,0,1.123309e-02
3917,0.489025,0.510975,0.500255,0.499745,0,0,1.123022e-02
3918,0.489155,0.510845,0.500383,0.499617,0,0,1.122735e-02
3919,0.489286,0.510714,0.500510,0.499490,0,0,1.122449e-02
3920,0.489416,0.510584,0.500638,0.499362,0,0,1.122163e-02
3921,0.489546,0.510454,0.500765,0.499235,0,0,1.121877e-02
3922,0.489676,0.510324,0.500892,0.499108,0,0,1.121591e-02
3923,0.489806,0.510194,0.501019,0.498981,0,0,1.121305e-02
3924,0.489936,0.510064,0.501146,0.498854,0,0,1.121019e-02
3925,0.490066,0.509934,0.501274,0.498726,0,0,1.120734e-02
3926,0.490196,0.509804,0.501401,0.498599,0,0,1.120448e-02
3927,0.490326,0.509674,0.501527,0.498473,0,0,1.120163e-02
3928,0.490456,0.509544,0.501654,0.498346,0,0,1.119878e-02
3929,0.490585,0.509415,0.501781,0.498219,0,0,1.119593e-02
3930,0.490715,0.509285,0.501908,0.498092,0,0,1.119308e-02
3931,0.490844,0.509156,0.502035,0.497965,0,0,1.119023e-02
3932,0.490974,0.509026,0.502161,0.497839,0,0,1.118739e-02
3933,0.491103,0.508897,0.502288,0.497712,0,0,1.118454e-02
3934,0.491233,0.508767,0.502414,0.497586,0,0,1.118170e-02
3935,0.491362,0.508638,0.502541,0.497459,0,0,1.117886e-02
3936,0.491491,0.508509,0.502667,0.497333,0,0,1.117602e-02
3937,0.491620,0.508380,0.502793,0.497207,0,0,1.117318e-02
3938,0.491749,0.508251,0.502920,0.497080,0,0,1.117035e-02
3939,0.491878,0.508122,0.503046,0.496954,0,0,1.116751e-02
3940,0.492007,0.507993,0.503172,0.496828,0,0,1.116468e-02
3941,0.492136,0.507864,0.503298,0.496702,0,0,1.116185e-02
3942,0.492265,0.507735,0.503424,0.496576,0,0,1.115902e-02
3943,0.492394,0.507606,0.503550,0.496450,0,0,1.115619e-02
3944,0.492522,0.507478,0.503676,0.496324,0,0,1.115336e-02
3945,0.492651,0.507349,0.503801,0.496199,0,0,1.115053e-02
3946,0.492779,0.507221,0.503927,0.496073,0,0,1.114771e-02
3947,0.492908,0.507092,0.504053,0.495947,0,0,1.114488e-02
3948,0.493036,0.506964,0.504178,0.495822,0,0,1.114206e-02
3949,0.493165,0.506835,0.504304,0.495696,0,0,1.113924e-02
3950,0.493293,0.506707,0.504429,0.495571,0,0,1.113642e-02
3951,0.493421,0.506579,0.504555,0.495445,0,0,1.113360e-02
3952,0.493549,0.506451,0.504680,0.495320,0,0,1.113079e-02
3953,0.493677,0.506323,0.504805,0.495195,0,0,1.112797e-02
3954,0.493805,0.506195,0.504930,0.495070,0,0,1.112516e-02
3955,0.493933,0.506067,0.505056,0.494944,0,0,1.112235e-02
3956,0.494061,0.505939,0.505181,0.494819,0,0,1.111954e-02
3957,0.494189,0.505811,0.505306,0.494694,0,0,1.111673e-02
3958,0.494317,0.505683,0.505431,0.494569,0,0,1.111392e-02
3959,0.494444,0.505556,0.505556,0.494444,0,0,1.111111e-02
3960,0.494572,0.505428,0.505680,0.494320,0,0,1.110831e-02
3961,0.494700,0.505300,0.505805,0.494195,0,0,1.110550e-02
3962,0.494827,0.505173,0.505930,0.494070,0,0,1.110270e-02
3963,0.494955,0.505045,0.506054,0.493946,0,0,1.109990e-02
3964,0.495082,0.504918,0.506179,0.493821,0,0,1.109710e-02
3965,0.495209,0.504791,0.506304,0.493696,0,0,1.109430e-02
3966,0.495337,0.504663,0.506428,0.493572,0,0,1.109150e-02
3967,0.495464,0.504536,0.506552,0.493448,0,0,1.108871e-02
3968,0.495591,0.504409,0.506677,0.493323,0,0,1.108592e-02
3969,0.495718,0.504282,0.506801,0.493199,0,0,1.108312e-02
3970,0.495845,0.504155,0.506925,0.493075,0,0,1.108033e-02
3971,0.495972,0.504028,0.507049,0.492951,0,0,1.107754e-02
3972,0.496099,0.503901,0.507173,0.492827,0,0,1.107475e-02
3973,0.496225,0.503775,0.507297,0.492703,0,0,1.107197e-02
3974,0.496352,0.503648,0.507421,0.492579,0,0,1.106918e-02
3975,0.496479,0.503521,0.507545,0.492455,0,0,1.106640e-02
3976,0.496605,0.503395,0.507669,0.492331,0,0,1.106362e-02
3977,0.496732,0.503268,0.507793,0.492207,0,0,1.106083e-02
3978,0.496859,0.503141,0.507917,0.492083,0,0,1.105805e-02
3979,0.496985,0.503015,0.508040,0.491960,0,0,1.105528e-02
3980,0.497111,0.502889,0.508164,0.491836,0,0,1.105250e-02
3981,0.497238,0.502762,0.508287,0.491713,0,0,1.104972e-02
3982,0.497364,0.502636,0.508411,0.491589,0,0,1.104695e-02
3983,0.497490,0.502510,0.508534,0.491466,0,0,1.104418e-02
3984,0.497616,0.502384,0.508657,0.491343,0,0,1.104141e-02
3985,0.497742,0.502258,0.508781,0.491219,0,0,1.103864e-02
3986,0.497868,0.502132,0.508904,0.491096,0,0,1.103587e-02
3987,0.497994,0.502006,0.509027,0.490973,0,0,1.103310e-02
3988,0.498120,0.501880,0.509150,0.490850,0,0,1.103033e-02
3989,0.498246,0.501754,0.509273,0.490727,0,0,1.102757e-02
3990,0.498371,0.501629,0.509396,0.490604,0,0,1.102481e-02
3991,0.498497,0.501503,0.509519,0.490481,0,0,1.102204e-02
3992,0.498623,0.501377,0.509642,0.490358,0,0,1.101928e-02
3993,0.498748,0.501252,0.509765,0.490235,0,0,1.101652e-02
3994,0.498874,0.501126,0.509887,0.490113,0,0,1.101377e-02
3995,0.498999,0.501001,0.510010,0.489990,0,0,1.101101e-02
3996,0.499124,0.500876,0.510133,0.489867,0,0,1.100826e-02
3997,0.499250,0.500750,0.510255,0.489745,0,0,1.100550e-02
3998,0.499375,0.500625,0.510378,0.489622,0,0,1.100275e-02
3999,0.499500,0.500500,0.510500,0.489500,0,0,1.100000e-02
4000,0.499625,0.500375,0.510622,0.489378,0,0,1.099725e-02
4001,0.499750,0.500250,0.510745,0.489255,0,0,1.099450e-02
4002,0.499875,0.500125,0.510867,0.489133,0,0,1.099176e-02
4003,0.500000,0.500000,0.510989,0.489011,0,0,1.098901e-02
4004,0.500125,0.499875,0.511111,0.488889,0,0,1.123596e-02
4005,0.500250,0.499750,0.510984,0.489016,0,1,1.123315e-02
4006,0.500374,0.499626,0.510856,0.489144,0,1,1.123035e-02
4007,0.500499,0.499501,0.510729,0.489271,0,1,1.122754e-02
4008,0.500624,0.499376,0.510601,0.489399,0,1,1.122474e-02
4009,0.500748,0.499252,0.510474,0.489526,0,1,1.122195e-02
4010,0.500873,0.499127,0.510347,0.489653,0,1,1.121915e-02
4011,0.500997,0.499003,0.510219,0.489781,0,1,1.121635e-02
4012,0.501121,0.498879,0.510092,0.489908,0,1,1.121356e-02
4013,0.501246,0.498754,0.509965,0.490035,0,1,1.121076e-02
4014,0.501370,0.498630,0.509838,0.490162,0,1,1.120797e-02
4015,0.501494,0.498506,0.509711,0.490289,0,1,1.120518e-02
4016,0.501618,0.498382,0.509584,0.490416,0,1,1.120239e-02
4017,0.501742,0.498258,0.509457,0.490543,0,1,1.119960e-02
4018,0.501866,0.498134,0.509331,0.490669,0,1,1.119682e-02
4019,0.501990,0.498010,0.509204,0.490796,0,1,1.119403e-02
4020,0.502114,0.497886,0.509077,0.490923,0,1,1.119125e-02
4021,0.502238,0.497762,0.508951,0.491049,0,1,1.118846e-02
4022,0.502361,0.497639,0.508824,0.491176,0,1,1.118568e-02
4023,0.502485,0.497515,0.508698,0.491302,0,1,1.118290e-02
4024,0.502609,0.497391,0.508571,0.491429,0,1,1.118012e-02
4025,0.502732,0.497268,0.508445,0.491555,0,1,1.117735e-02
4026,0.502856,0.497144,0.508319,0.491681,0,1,1.117457e-02
4027,0.502979,0.497021,0.508193,0.491807,0,1,1.117180e-02
4028,0.503103,0.496897,0.508067,0.491933,0,1,1.116902e-02
4029,0.503226,0.496774,0.507940,0.492060,0,1,1.116625e-02
4030,0.503349,0.496651,0.507814,0.492186,0,1,1.116348e-02
4031,0.503472,0.496528,0.507688,0.492312,0,1,1.116071e-02
4032,0.503595,0.496405,0.507563,0.492437,0,1,1.115795e-02
4033,0.503718,0.496282,0.507437,0.492563,0,1,1.115518e-02
4034,0.503841,0.496159,0.507311,0.492689,0,1,1.115242e-02
4035,0.503964,0.496036,0.507185,0.492815,0,1,1.114965e-02
4036,0.504087,0.495913,0.507060,0.492940,0,1,1.114689e-02
4037,0.504210,0.495790,0.506934,0.493066,0,1,1.114413e-02
4038,0.504333,0.495667,0.506809,0.493191,0,1,1.114137e-02
4039,0.504455,0.495545,0.506683,0.493317,0,1,1.113861e-02
4040,0.504578,0.495422,0.506558,0.493442,0,1,1.113586e-02
4041,0.504701,0.495299,0.506432,0.493568,0,1,1.113310e-02
4042,0.504823,0.495177,0.506307,0.493693,0,1,1.113035e-02
4043,0.504946,0.495054,0.506182,0.493818,0,1,1.112760e-02
4044,0.505068,0.494932,0.506057,0.493943,0,1,1.112485e-02
4045,0.505190,0.494810,0.505932,0.494068,0,1,1.112210e-02
4046,0.505313,0.494687,0.505807,0.494193,0,1,1.111935e-02
4047,0.505435,0.494565,0.505682,0.494318,0,1,1.111660e-02
4048,0.505557,0.494443,0.505557,0.494443,0,1,1.111386e-02
4049,0.505679,0.494321,0.505432,0.494568,0,1,1.111111e-02
4050,0.505801,0.494199,0.505307,0.494693,0,1,1.110837e-02
4051,0.505923,0.494077,0.505183,0.494817,0,1,1.110563e-02
4052,0.506045,0.493955,0.505058,0.494942,0,1,1.110289e-02
4053,0.506167,0.493833,0.504933,0.495067,0,1,1.110015e-02
4054,0.506289,0.493711,0.504809,0.495191,0,1,1.109741e-02
4055,0.506410,0.493590,0.504684,0.495316,0,1,1.109467e-02
4056,0.506532,0.493468,0.504560,0.495440,0,1,1.109194e-02
4057,0.506654,0.493346,0.504436,0.495564,0,1,1.108921e-02
4058,0.506775,0.493225,0.504311,0.495689,0,1,1.108647e-02
4059,0.506897,0.493103,0.504187,0.495813,0,1,1.108374e-02
4060,0.507018,0.492982,0.504063,0.495937,0,1,1.108101e-02
4061,0.507139,0.492861,0.503939,0.496061,0,1,1.107829e-02
4062,0.507261,0.492739,0.503815,0.496185,0,1,1.107556e-02
4063,0.507382,0.492618,0.503691,0.496309,0,1,1.107283e-02
4064,0.507503,0.492497,0.503567,0.496433,0,1,1.107011e-02
4065,0.507624,0.492376,0.503443,0.496557,0,1,1.106739e-02
4066,0.507745,0.492255,0.503319,0.496681,0,1,1.106467e-02
4067,0.507866,0.492134,0.503196,0.496804,0,1,1.106195e-02
4068,0.507987,0.492013,0.503072,0.496928,0,1,1.105923e-02
4069,0.508108,0.491892,0.502948,0.497052,0,1,1.105651e-02
4070,0.508229,0.491771,0.502825,0.497175,0,1,1.105380e-02
4071,0.508350,0.491650,0.502701,0.497299,0,1,1.105108e-02
4072,0.508470,0.491530,0.502578,0.497422,0,1,1.104837e-02
4073,0.508591,0.491409,0.502455,0.497545,0,1,1.104566e-02
4074,0.508712,0.491288,0.502331,0.497669,0,1,1.104294e-02
4075,0.508832,0.491168,0.502208,0.497792,0,1,1.104024e-02
4076,0.508953,0.491047,0.502085,0.497915,0,1,1.103753e-02
4077,0.509073,0.490927,0.501962,0.498038,0,1,1.103482e-02
4078,0.509193,0.490807,0.501839,0.498161,0,1,1.103212e-02
4079,0.509314,0.490686,0.501716,0.498284,0,1,1.102941e-02
4080,0.509434,0.490566,0.501593,0.498407,0,1,1.102671e-02
4081,0.509554,0.490446,0.501470,0.498530,0,1,1.102401e-02
4082,0.509674,0.490326,0.501347,0.498653,0,1,1.102131e-02
4083,0.509794,0.490206,0.501224,0.498776,0,1,1.101861e-02
4084,0.509914,0.490086,0.501102,0.498898,0,1,1.101591e-02
4085,0.510034,0.489966,0.500979,0.499021,0,1,1.101322e-02
4086,0.510154,0.489846,0.500856,0.499144,0,1,1.101052e-02
4087,0.510274,0.489726,0.500734,0.499266,0,1,1.100783e-02
4088,0.510394,0.489606,0.500611,0.499389,0,1,1.100514e-02
4089,0.510513,0.489487,0.500489,0.499511,0,1,1.100244e-02
4090,0.510633,0.489367,0.500367,0.499633,0,1,1.099976e-02
4091,0.510753,0.489247,0.500244,0.499756,0,1,1.099707e-02
4092,0.510872,0.489128,0.500122,0.499878,0,1,1.099438e-02
4093,0.510992,0.489008,0.500000,0.500000,0,1,1.099170e-02
4094,0.511111,0.488889,0.499878,0.500122,0,1,1.123321e-02
4095,0.510986,0.489014,0.499756,0.500244,1,1,1.123047e-02
4096,0.510862,0.489138,0.499634,0.500366,1,1,1.122773e-02
4097,0.510737,0.489263,0.499512,0.500488,1,1,1.122499e-02
4098,0.510612,0.489388,0.499390,0.500610,1,1,1.122225e-02
4099,0.510488,0.489512,0.499268,0.500732,1,1,1.121951e-02
4100,0.510363,0.489637,0.499147,0.500853,1,1,1.121678e-02
4101,0.510239,0.489761,0.499025,0.500975,1,1,1.121404e-02
4102,0.510115,0.489885,0.498903,0.501097,1,1,1.121131e-02
4103,0.509990,0.490010,0.498782,0.501218,1,1,1.120858e-02
4104,0.509866,0.490134,0.498660,0.501340,1,1,1.120585e-02
4105,0.509742,0.490258,0.498539,0.501461,1,1,1.120312e-02
4106,0.509618,0.490382,0.498417,0.501583,1,1,1.120039e-02
4107,0.509494,0.490506,0.498296,0.501704,1,1,1.119766e-02
4108,0.509370,0.490630,0.498175,0.501825,1,1,1.119494e-02
4109,0.509246,0.490754,0.498054,0.501946,1,1,1.119221e-02
4110,0.509122,0.490878,0.497932,0.502068,1,1,1.118949e-02
4111,0.508998,0.491002,0.497811,0.502189,1,1,1.118677e-02
4112,0.508874,0.491126,0.497690,0.502310,1,1,1.118405e-02
4113,0.508751,0.491249,0.497569,0.502431,1,1,1.118133e-02
4114,0.508627,0.491373,0.497448,0.502552,1,1,1.117861e-02
4115,0.508503,0.491497,0.497328,0.502672,1,1,1.117590e-02
4116,0.508380,0.491620,0.497207,0.502793,1,1,1.117318e-02
4117,0.508256,0.491744,0.497086,0.502914,1,1,1.117047e-02
4118,0.508133,0.491867,0.496965,0.503035,1,1,1.116776e-02
4119,0.508010,0.491990,0.496845,0.503155,1,1,1.116505e-02
4120,0.507886,0.492114,0.496724,0.503276,1,1,1.116234e-02
4121,0.507763,0.492237,0.496604,0.503396,1,1,1.115963e-02
4122,0.507640,0.492360,0.496483,0.503517,1,1,1.115692e-02
4123,0.507517,0.492483,0.496363,0.503637,1,1,1.115422e-02
4124,0.507394,0.492606,0.496242,0.503758,1,1,1.115152e-02
4125,0.507271,0.492729,0.496122,0.503878,1,1,1.114881e-02
4126,0.507148,0.492852,0.496002,0.503998,1,1,1.114611e-02
4127,0.507025,0.492975,0.495882,0.504118,1,1,1.114341e-02
4128,0.506902,0.493098,0.495762,0.504238,1,1,1.114071e-02
4129,0.506780,0.493220,0.495642,0.504358,1,1,1.113801e-02
4130,0.506657,0.493343,0.495522,0.504478,1,1,1.113532e-02
4131,0.506534,0.493466,0.495402,0.504598,1,1,1.113262e-02
4132,0.506412,0.493588,0.495282,0.504718,1,1,1.112993e-02
4133,0.506289,0.493711,0.495162,0.504838,1,1,1.112724e-02
4134,0.506167,0.493833,0.495042,0.504958,1,1,1.112455e-02
4135,0.506044,0.493956,0.494923,0.505077,1,1,1.112186e-02
4136,0.505922,0.494078,0.494803,0.505197,1,1,1.111917e-02
4137,0.505800,0.494200,0.494683,0.505317,1,1,1.111648e-02
4138,0.505678,0.494322,0.494564,0.505436,1,1,1.111380e-02
4139,0.505556,0.494444,0.494444,0.505556,1,1,1.111111e-02
4140,0.505433,0.494567,0.494325,0.505675,1,1,1.110843e-02
4141,0.505311,0.494689,0.494206,0.505794,1,1,1.110575e-02
4142,0.505189,0.494811,0.494086,0.505914,1,1,1.110307e-02
4143,0.505068,0.494932,0.493967,0.506033,1,1,1.110039e-02
4144,0.504946,0.495054,0.493848,0.506152,1,1,1.109771e-02
4145,0.504824,0.495176,0.493729,0.506271,1,1,1.109503e-02
4146,0.504702,0.495298,0.493610,0.506390,1,1,1.109236e-02
4147,0.504581,0.495419,0.493491,0.506509,1,1,1.108968e-02
4148,0.504459,0.495541,0.493372,0.506628,1,1,1.108701e-02
4149,0.504337,0.495663,0.493253,0.506747,1,1,1.108434e-02
4150,0.504216,0.495784,0.493134,0.506866,1,1,1.108167e-02
4151,0.504094,0.495906,0.493015,0.506985,1,1,1.107900e-02
4152,0.503973,0.496027,0.492897,0.507103,1,1,1.107633e-02
4153,0.503852,0.496148,0.492778,0.507222,1,1,1.107366e-02
4154,0.503730,0.496270,0.492659,0.507341,1,1,1.107100e-02
4155,0.503609,0.496391,0.492541,0.507459,1,1,1.106833e-02
4156,0.503488,0.496512,0.492422,0.507578,1,1,1.106567e-02
4157,0.503367,0.496633,0.492304,0.507696,1,1,1.106301e-02
4158,0.503246,0.496754,0.492186,0.507814,1,1,1.106035e-02
4159,0.503125,0.496875,0.492067,0.507933,1,1,1.105769e-02
4160,0.503004,0.496996,0.491949,0.508051,1,1,1.105503e-02
4161,0.502883,0.497117,0.491831,0.508169,1,1,1.105238e-02
4162,0.502762,0.497238,0.491713,0.508287,1,1,1.104972e-02
4163,0.502642,0.497358,0.491595,0.508405,1,1,1.104707e-02
4164,0.502521,0.497479,0.491477,0.508523,1,1,1.104442e-02
4165,0.502400,0.497600,0.491359,0.508641,1,1,1.104177e-02
4166,0.502280,0.497720,0.491241,0.508759,1,1,1.103912e-02
4167,0.502159,0.497841,0.491123,0.508877,1,1,1.103647e-02
4168,0.502039,0.497961,0.491005,0.508995,1,1,1.103382e-02
4169,0.501918,0.498082,0.490887,0.509113,1,1,1.103118e-02
4170,0.501798,0.498202,0.490770,0.509230,1,1,1.102853e-02
4171,0.501678,0.498322,0.490652,0.509348,1,1,1.102589e-02
4172,0.501558,0.498442,0.490534,0.509466,1,1,1.102324e-02
4173,0.501437,0.498563,0.490417,0.509583,1,1,1.102060e-02
4174,0.501317,0.498683,0.490299,0.509701,1,1,1.101796e-02
4175,0.501197,0.498803,0.490182,0.509818,1,1,1.101533e-02
4176,0.501077,0.498923,0.490065,0.509935,1,1,1.101269e-02
4177,0.500957,0.499043,0.489947,0.510053,1,1,1.101005e-02
4178,0.500838,0.499162,0.489830,0.510170,1,1,1.100742e-02
4179,0.500718,0.499282,0.489713,0.510287,1,1,1.100478e-02
4180,0.500598,0.499402,0.489596,0.510404,1,1,1.100215e-02
4181,0.500478,0.499522,0.489479,0.510521,1,1,1.099952e-02
4182,0.500359,0.499641,0.489362,0.510638,1,1,1.099689e-02
4183,0.500239,0.499761,0.489245,0.510755,1,1,1.099426e-02
4184,0.500119,0.499881,0.489128,0.510872,1,1,1.099164e-02
4185,0.500000,0.500000,0.489011,0.510989,1,1,1.098901e-02
4186,0.499881,0.500119,0.489133,0.510867,1,0,1.098639e-02
4187,0.499761,0.500239,0.489255,0.510745,1,0,1.098376e-02
4188,0.499642,0.500358,0.489377,0.510623,1,0,1.098114e-02
4189,0.499523,0.500477,0.489499,0.510501,1,0,1.097852e-02
4190,0.499403,0.500597,0.489621,0.510379,1,0,1.097590e-02
4191,0.499284,0.500716,0.489742,0.510258,1,0,1.097328e-02
4192,0.499165,0.500835,0.489864,0.510136,1,0,1.097067e-02
4193,0.499046,0.500954,0.489986,0.510014,1,0,1.096805e-02
4194,0.498927,0.501073,0.490107,0.509893,1,0,1.096544e-02
4195,0.498808,0.501192,0.490229,0.509771,1,0,1.096282e-02
4196,0.498690,0.501310,0.490350,0.509650,1,0,1.096021e-02
4197,0.498571,0.501429,0.490472,0.509528,1,0,1.095760e-02
4198,0.498452,0.501548,0.490593,0.509407,1,0,1.095499e-02
4199,0.498333,0.501667,0.490714,0.509286,1,0,1.095238e-02
4200,0.498215,0.501785,0.490836,0.509164,1,0,1.094977e-02
4201,0.498096,0.501904,0.490957,0.509043,1,0,1.094717e-02
4202,0.497978,0.502022,0.491078,0.508922,1,0,1.094456e-02
4203,0.497859,0.502141,0.491199,0.508801,1,0,1.094196e-02
4204,0.497741,0.502259,0.491320,0.508680,1,0,1.093936e-02
4205,0.497622,0.502378,0.491441,0.508559,1,0,1.093676e-02
4206,0.497504,0.502496,0.491562,0.508438,1,0,1.093416e-02
4207,0.497386,0.502614,0.491683,0.508317,1,0,1.093156e-02
4208,0.497268,0.502732,0.491803,0.508197,1,0,1.092896e-02
4209,0.497150,0.502850,0.491924,0.508076,1,0,1.092637e-02
4210,0.497032,0.502968,0.492045,0.507955,1,0,1.092377e-02
4211,0.496914,0.503086,0.492165,0.507835,1,0,1.092118e-02
4212,0.496796,0.503204,0.492286,0.507714,1,0,1.091859e-02
4213,0.496678,0.503322,0.492406,0.507594,1,0,1.091599e-02
4214,0.496560,0.503440,0.492527,0.507473,1,0,1.091340e-02
4215,0.496442,0.503558,0.492647,0.507353,1,0,1.091082e-02
4216,0.496324,0.503676,0.492767,0.507233,1,0,1.090823e-02
4217,0.496207,0.503793,0.492888,0.507112,1,0,1.090564e-02
4218,0.496089,0.503911,0.493008,0.506992,1,0,1.090306e-02
4219,0.495972,0.504028,0.493128,0.506872,1,0,1.090047e-02
4220,0.495854,0.504146,0.493248,0.506752,1,0,1.089789e-02
4221,0.495737,0.504263,0.493368,0.506632,1,0,1.089531e-02
4222,0.495619,0.504381,0.493488,0.506512,1,0,1.089273e-02
4223,0.495502,0.504498,0.493608,0.506392,1,0,1.089015e-02
4224,0.495385,0.504615,0.493728,0.506272,1,0,1.088757e-02
4225,0.495267,0.504733,0.493848,0.506152,1,0,1.088500e-02
4226,0.495150,0.504850,0.493967,0.506033,1,0,1.088242e-02
4227,0.495033,0.504967,0.494087,0.505913,1,0,1.087985e-02
4228,0.494916,0.505084,0.494207,0.505793,1,0,1.087728e-02
4229,0.494799,0.505201,0.494326,0.505674,1,0,1.087470e-02
4230,0.494682,0.505318,0.494446,0.505554,1,0,1.087213e-02
4231,0.494565,0.505435,0.494565,0.505435,1,0,1.086957e-02
4232,0.494448,0.505552,0.494685,0.505315,1,0,1.086700e-02
4233,0.494332,0.505668,0.494804,0.505196,1,0,1.086443e-02
4234,0.494215,0.505785,0.494923,0.505077,1,0,1.086187e-02
4235,0.494098,0.505902,0.495042,0.504958,1,0,1.085930e-02
4236,0.493982,0.506018,0.495162,0.504838,1,0,1.085674e-02
4237,0.493865,0.506135,0.495281,0.504719,1,0,1.085418e-02
4238,0.493749,0.506251,0.495400,0.504600,1,0,1.085162e-02
4239,0.493632,0.506368,0.495519,0.504481,1,0,1.084906e-02
4240,0.493516,0.506484,0.495638,0.504362,1,0,1.084650e-02
4241,0.493399,0.506601,0.495757,0.504243,1,0,1.084394e-02
4242,0.493283,0.506717,0.495876,0.504124,1,0,1.084139e-02
4243,0.493167,0.506833,0.495994,0.504006,1,0,1.083883e-02
4244,0.493051,0.506949,0.496113,0.503887,1,0,1.083628e-02
4245,0.492935,0.507065,0.496232,0.503768,1,0,1.083373e-02
4246,0.492818,0.507182,0.496350,0.503650,1,0,1.083117e-02
4247,0.492702,0.507298,0.496469,0.503531,1,0,1.082863e-02
4248,0.492586,0.507414,0.496587,0.503413,1,0,1.082608e-02
4249,0.492471,0.507529,0.496706,0.503294,1,0,1.082353e-02
4250,0.492355,0.507645,0.496824,0.503176,1,0,1.082098e-02
4251,0.492239,0.507761,0.496943,0.503057,1,0,1.081844e-02
4252,0.492123,0.507877,0.497061,0.502939,1,0,1.081589e-02
4253,0.492008,0.507992,0.497179,0.502821,1,0,1.081335e-02
4254,0.491892,0.508108,0.497297,0.502703,1,0,1.081081e-02
4255,0.491776,0.508224,0.497415,0.502585,1,0,1.080827e-02
4256,0.491661,0.508339,0.497533,0.502467,1,0,1.080573e-02
4257,0.491545,0.508455,0.497651,0.502349,1,0,1.080319e-02
4258,0.491430,0.508570,0.497769,0.502231,1,0,1.080066e-02
4259,0.491315,0.508685,0.497887,0.502113,1,0,1.079812e-02
4260,0.491199,0.508801,0.498005,0.501995,1,0,1.079559e-02
4261,0.491084,0.508916,0.498123,0.501877,1,0,1.079305e-02
4262,0.490969,0.509031,0.498241,0.501759,1,0,1.079052e-02
4263,0.490854,0.509146,0.498358,0.501642,1,0,1.078799e-02
4264,0.490739,0.509261,0.498476,0.501524,1,0,1.078546e-02
4265,0.490624,0.509376,0.498594,0.501406,1,0,1.078293e-02
4266,0.490509,0.509491,0.498711,0.501289,1,0,1.078041e-02
4267,0.490394,0.509606,0.498828,0.501172,1,0,1.077788e-02
4268,0.490279,0.509721,0.498946,0.501054,1,0,1.077536e-02
4269,0.490164,0.509836,0.499063,0.500937,1,0,1.077283e-02
4270,0.490049,0.509951,0.499181,0.500819,1,0,1.077031e-02
4271,0.489934,0.510066,0.499298,0.500702,1,0,1.076779e-02
4272,0.489820,0.510180,0.499415,0.500585,1,0,1.076527e-02
4273,0.489705,0.510295,0.499532,0.500468,1,0,1.076275e-02
4274,0.489591,0.510409,0.499649,0.500351,1,0,1.076023e-02
4275,0.489476,0.510524,0.499766,0.500234,1,0,1.075772e-02
4276,0.489362,0.510638,0.499883,0.500117,1,0,1.075520e-02
4277,0.489247,0.510753,0.500000,0.500000,1,0,1.075269e-02
4278,0.489367,0.510633,0.500117,0.499883,0,0,1.075018e-02
4279,0.489486,0.510514,0.500234,0.499766,0,0,1.074766e-02
4280,0.489605,0.510395,0.500350,0.499650,0,0,1.074515e-02
4281,0.489724,0.510276,0.500467,0.499533,0,0,1.074264e-02
4282,0.489844,0.510156,0.500584,0.499416,0,0,1.074014e-02
4283,0.489963,0.510037,0.500700,0.499300,0,0,1.073763e-02
4284,0.490082,0.509918,0.500817,0.499183,0,0,1.073512e-02
4285,0.490201,0.509799,0.500933,0.499067,0,0,1.073262e-02
4286,0.490320,0.509680,0.501050,0.498950,0,0,1.073011e-02
4287,0.490438,0.509562,0.501166,0.498834,0,0,1.072761e-02
4288,0.490557,0.509443,0.501282,0.498718,0,0,1.072511e-02
4289,0.490676,0.509324,0.501399,0.498601,0,0,1.072261e-02
4290,0.490795,0.509205,0.501515,0.498485,0,0,1.072011e-02
4291,0.490913,0.509087,0.501631,0.498369,0,0,1.071761e-02
4292,0.491032,0.508968,0.501747,0.498253,0,0,1.071512e-02
4293,0.491150,0.508850,0.501863,0.498137,0,0,1.071262e-02
4294,0.491269,0.508731,0.501979,0.498021,0,0,1.071013e-02
4295,0.491387,0.508613,0.502095,0.497905,0,0,1.070764e-02
4296,0.491506,0.508494,0.502211,0.497789,0,0,1.070514e-02
4297,0.491624,0.508376,0.502327,0.497673,0,0,1.070265e-02
4298,0.491742,0.508258,0.502442,0.497558,0,0,1.070016e-02
4299,0.491860,0.508140,0.502558,0.497442,0,0,1.069767e-02
4300,0.491979,0.508021,0.502674,0.497326,0,0,1.069519e-02
4301,0.492097,0.507903,0.502789,0.497211,0,0,1.069270e-02
4302,0.492215,0.507785,0.502905,0.497095,0,0,1.069022e-02
4303,0.492333,0.507667,0.503020,0.496980,0,0,1.068773e-02
4304,0.492451,0.507549,0.503136,0.496864,0,0,1.068525e-02
4305,0.492569,0.507431,0.503251,0.496749,0,0,1.068277e-02
4306,0.492686,0.507314,0.503367,0.496633,0,0,1.068029e-02
4307,0.492804,0.507196,0.503482,0.496518,0,0,1.067781e-02
4308,0.492922,0.507078,0.503597,0.496403,0,0,1.067533e-02
4309,0.493039,0.506961,0.503712,0.496288,0,0,1.067285e-02
4310,0.493157,0.506843,0.503827,0.496173,0,0,1.067038e-02
4311,0.493275,0.506725,0.503942,0.496058,0,0,1.066790e-02
4312,0.493392,0.506608,0.504058,0.495942,0,0,1.066543e-02
4313,0.493510,0.506490,0.504172,0.495828,0,0,1.066296e-02
4314,0.493627,0.506373,0.504287,0.495713,0,0,1.066049e-02
4315,0.493744,0.506256,0.504402,0.495598,0,0,1.065802e-02
4316,0.493861,0.506139,0.504517,0.495483,0,0,1.065555e-02
4317,0.493979,0.506021,0.504632,0.495368,0,0,1.065308e-02
4318,0.494096,0.505904,0.504746,0.495254,0,0,1.065061e-02
4319,0.494213,0.505787,0.504861,0.495139,0,0,1.064815e-02
4320,0.494330,0.505670,0.504976,0.495024,0,0,1.064568e-02
4321,0.494447,0.505553,0.505090,0.494910,0,0,1.064322e-02
4322,0.494564,0.505436,0.505205,0.494795,0,0,1.064076e-02
4323,0.494681,0.505319,0.505319,0.494681,0,0,1.063830e-02
4324,0.494798,0.505202,0.505434,0.494566,0,0,1.063584e-02
4325,0.494914,0.505086,0.505548,0.494452,0,0,1.063338e-02
4326,0.495031,0.504969,0.505662,0.494338,0,0,1.063092e-02
4327,0.495148,0.504852,0.505776,0.494224,0,0,1.062847e-02
4328,0.495264,0.504736,0.505891,0.494109,0,0,1.062601e-02
4329,0.495381,0.504619,0.506005,0.493995,0,0,1.062356e-02
4330,0.495498,0.504502,0.506119,0.493881,0,0,1.062110e-02
4331,0.495614,0.504386,0.506233,0.493767,0,0,1.061865e-02
4332,0.495730,0.504270,0.506347,0.493653,0,0,1.061620e-02
4333,0.495847,0.504153,0.506461,0.493539,0,0,1.061375e-02
4334,0.495963,0.504037,0.506574,0.493426,0,0,1.061130e-02
4335,0.496079,0.503921,0.506688,0.493312,0,0,1.060886e-02
4336,0.496196,0.503804,0.506802,0.493198,0,0,1.060641e-02
4337,0.496312,0.503688,0.506916,0.493084,0,0,1.060396e-02
4338,0.496428,0.503572,0.507029,0.492971,0,0,1.060152e-02
4339,0.496544,0.503456,0.507143,0.492857,0,0,1.059908e-02
4340,0.496660,0.503340,0.507256,0.492744,0,0,1.059664e-02
4341,0.496776,0.503224,0.507370,0.492630,0,0,1.059420e-02
4342,0.496892,0.503108,0.507483,0.492517,0,0,1.059176e-02
4343,0.497007,0.502993,0.507597,0.492403,0,0,1.058932e-02
4344,0.497123,0.502877,0.507710,0.492290,0,0,1.058688e-02
4345,0.497239,0.502761,0.507823,0.492177,0,0,1.058445e-02
4346,0.497354,0.502646,0.507937,0.492063,0,0,1.058201e-02
4347,0.497470,0.502530,0.508050,0.491950,0,0,1.057958e-02
4348,0.497586,0.502414,0.508163,0.491837,0,0,1.057714e-02
4349,0.497701,0.502299,0.508276,0.491724,0,0,1.057471e-02
4350,0.497817,0.502183,0.508389,0.491611,0,0,1.057228e-02
4351,0.497932,0.502068,0.508502,0.491498,0,0,1.056985e-02
4352,0.498047,0.501953,0.508615,0.491385,0,0,1.056742e-02
4353,0.498163,0.501837,0.508728,0.491272,0,0,1.056500e-02
4354,0.498278,0.501722,0.508840,0.491160,0,0,1.056257e-02
4355,0.498393,0.501607,0.508953,0.491047,0,0,1.056015e-02
4356,0.498508,0.501492,0.509066,0.490934,0,0,1.055772e-02
4357,0.498623,0.501377,0.509179,0.490821,0,0,1.055530e-02
4358,0.498738,0.501262,0.509291,0.490709,0,0,1.055288e-02
4359,0.498853,0.501147,0.509404,0.490596,0,0,1.055046e-02
4360,0.498968,0.501032,0.509516,0.490484,0,0,1.054804e-02
4361,0.499083,0.500917,0.509629,0.490371,0,0,1.054562e-02
4362,0.499198,0.500802,0.509741,0.490259,0,0,1.054320e-02
4363,0.499313,0.500687,0.509853,0.490147,0,0,1.054079e-02
4364,0.499427,0.500573,0.509966,0.490034,0,0,1.053837e-02
4365,0.499542,0.500458,0.510078,0.489922,0,0,1.053596e-02
4366,0.499657,0.500343,0.510190,0.489810,0,0,1.053355e-02
4367,0.499771,0.500229,0.510302,0.489698,0,0,1.053114e-02
4368,0.499886,0.500114,0.510414,0.489586,0,0,1.052873e-02
4369,0.500000,0.500000,0.510526,0.489474,0,0,1.052632e-02
4370,0.500114,0.499886,0.510638,0.489362,0,0,1.075269e-02
4371,0.500229,0.499771,0.510522,0.489478,0,1,1.075023e-02
4372,0.500343,0.499657,0.510405,0.489595,0,1,1.074777e-02
4373,0.500457,0.499543,0.510288,0.489712,0,1,1.074531e-02
4374,0.500571,0.499429,0.510171,0.489829,0,1,1.074286e-02
4375,0.500686,0.499314,0.510055,0.489945,0,1,1.074040e-02
4376,0.500800,0.499200,0.509938,0.490062,0,1,1.073795e-02
4377,0.500914,0.499086,0.509822,0.490178,0,1,1.073550e-02
4378,0.501028,0.498972,0.509705,0.490295,0,1,1.073304e-02
4379,0.501142,0.498858,0.509589,0.490411,0,1,1.073059e-02
4380,0.501255,0.498745,0.509473,0.490527,0,1,1.072814e-02
4381,0.501369,0.498631,0.509356,0.490644,0,1,1.072570e-02
4382,0.501483,0.498517,0.509240,0.490760,0,1,1.072325e-02
4383,0.501597,0.498403,0.509124,0.490876,0,1,1.072080e-02
4384,0.501710,0.498290,0.509008,0.490992,0,1,1.071836e-02
4385,0.501824,0.498176,0.508892,0.491108,0,1,1.071591e-02
4386,0.501938,0.498062,0.508776,0.491224,0,1,1.071347e-02
4387,0.502051,0.497949,0.508660,0.491340,0,1,1.071103e-02
4388,0.502165,0.497835,0.508544,0.491456,0,1,1.070859e-02
4389,0.502278,0.497722,0.508428,0.491572,0,1,1.070615e-02
4390,0.502391,0.497609,0.508312,0.491688,0,1,1.070371e-02
4391,0.502505,0.497495,0.508197,0.491803,0,1,1.070128e-02
4392,0.502618,0.497382,0.508081,0.491919,0,1,1.069884e-02
4393,0.502731,0.497269,0.507965,0.492035,0,1,1.069640e-02
4394,0.502844,0.497156,0.507850,0.492150,0,1,1.069397e-02
4395,0.502957,0.497043,0.507734,0.492266,0,1,1.069154e-02
4396,0.503070,0.496930,0.507619,0.492381,0,1,1.068911e-02
4397,0.503183,0.496817,0.507503,0.492497,0,1,1.068668e-02
4398,0.503296,0.496704,0.507388,0.492612,0,1,1.068425e-02
4399,0.503409,0.496591,0.507273,0.492727,0,1,1.068182e-02
4400,0.503522,0.496478,0.507157,0.492843,0,1,1.067939e-02
4401,0.503635,0.496365,0.507042,0.492958,0,1,1.067697e-02
4402,0.503747,0.496253,0.506927,0.493073,0,1,1.067454e-02
4403,0.503860,0.496140,0.506812,0.493188,0,1,1.067212e-02
4404,0.503973,0.496027,0.506697,0.493303,0,1,1.066969e-02
4405,0.504085,0.495915,0.506582,0.493418,0,1,1.066727e-02
4406,0.504198,0.495802,0.506467,0.493533,0,1,1.066485e-02
4407,0.504310,0.495690,0.506352,0.493648,0,1,1.066243e-02
4408,0.504423,0.495577,0.506237,0.493763,0,1,1.066001e-02
4409,0.504535,0.495465,0.506122,0.493878,0,1,1.065760e-02
4410,0.504647,0.495353,0.506008,0.493992,0,1,1.065518e-02
4411,0.504760,0.495240,0.505893,0.494107,0,1,1.065277e-02
4412,0.504872,0.495128,0.505778,0.494222,0,1,1.065035e-02
4413,0.504984,0.495016,0.505664,0.494336,0,1,1.064794e-02
4414,0.505096,0.494904,0.505549,0.494451,0,1,1.064553e-02
4415,0.505208,0.494792,0.505435,0.494565,0,1,1.064312e-02
4416,0.505320,0.494680,0.505320,0.494680,0,1,1.064071e-02
4417,0.505432,0.494568,0.505206,0.494794,0,1,1.063830e-02
4418,0.505544,0.494456,0.505092,0.494908,0,1,1.063589e-02
4419,0.505656,0.494344,0.504977,0.495023,0,1,1.063348e-02
4420,0.505768,0.494232,0.504863,0.495137,0,1,1.063108e-02
4421,0.505880,0.494120,0.504749,0.495251,0,1,1.062867e-02
4422,0.505991,0.494009,0.504635,0.495365,0,1,1.062627e-02
4423,0.506103,0.493897,0.504521,0.495479,0,1,1.062387e-02
4424,0.506215,0.493785,0.504407,0.495593,0,1,1.062147e-02
4425,0.506326,0.493674,0.504293,0.495707,0,1,1.061907e-02
4426,0.506438,0.493562,0.504179,0.495821,0,1,1.061667e-02
4427,0.506549,0.493451,0.504065,0.495935,0,1,1.061427e-02
4428,0.506661,0.493339,0.503951,0.496049,0,1,1.061188e-02
4429,0.506772,0.493228,0.503837,0.496163,0,1,1.060948e-02
4430,0.506883,0.493117,0.503724,0.496276,0,1,1.060709e-02
4431,0.506995,0.493005,0.503610,0.496390,0,1,1.060469e-02
4432,0.507106,0.492894,0.503497,0.496503,0,1,1.060230e-02
4433,0.507217,0.492783,0.503383,0.496617,0,1,1.059991e-02
4434,0.507328,0.492672,0.503269,0.496731,0,1,1.059752e-02
4435,0.507439,0.492561,0.503156,0.496844,0,1,1.059513e-02
4436,0.507550,0.492450,0.503043,0.496957,0,1,1.059274e-02
4437,0.507661,0.492339,0.502929,0.497071,0,1,1.059036e-02
4438,0.507772,0.492228,0.502816,0.497184,0,1,1.058797e-02
4439,0.507883,0.492117,0.502703,0.497297,0,1,1.058559e-02
4440,0.507994,0.492006,0.502590,0.497410,0,1,1.058320e-02
4441,0.508104,0.491896,0.502476,0.497524,0,1,1.058082e-02
4442,0.508215,0.491785,0.502363,0.497637,0,1,1.057844e-02
4443,0.508326,0.491674,0.502250,0.497750,0,1,1.057606e-02
4444,0.508436,0.491564,0.502137,0.497863,0,1,1.057368e-02
4445,0.508547,0.491453,0.502024,0.497976,0,1,1.057130e-02
4446,0.508658,0.491342,0.501911,0.498089,0,1,1.056892e-02
4447,0.508768,0.491232,0.501799,0.498201,0,1,1.056655e-02
4448,0.508878,0.491122,0.501686,0.498314,0,1,1.056417e-02
4449,0.508989,0.491011,0.501573,0.498427,0,1,1.056180e-02
4450,0.509099,0.490901,0.501460,0.498540,0,1,1.055942e-02
4451,0.509209,0.490791,0.501348,0.498652,0,1,1.055705e-02
4452,0.509320,0.490680,0.501235,0.498765,0,1,1.055468e-02
4453,0.509430,0.490570,0.501123,0.498877,0,1,1.055231e-02
4454,0.509540,0.490460,0.501010,0.498990,0,1,1.054994e-02
4455,0.509650,0.490350,0.500898,0.499102,0,1,1.054758e-02
4456,0.509760,0.490240,0.500785,0.499215,0,1,1.054521e-02
4457,0.509870,0.490130,0.500673,0.499327,0,1,1.054284e-02
4458,0.509980,0.490020,0.500561,0.499439,0,1,1.054048e-02
4459,0.510090,0.489910,0.500448,0.499552,0,1,1.053812e-02
4460,0.510200,0.489800,0.500336,0.499664,0,1,1.053575e-02
4461,0.510309,0.489691,0.500224,0.499776,0,1,1.053339e-02
4462,0.510419,0.489581,0.500112,0.499888,0,1,1.053103e-02
4463,0.510529,0.489471,0.500000,0.500000,0,1,1.052867e-02
4464,0.510638,0.489362,0.499888,0.500112,0,1,1.075028e-02
4465,0.510524,0.489476,0.499776,0.500224,1,1,1.074787e-02
4466,0.510410,0.489590,0.499664,0.500336,1,1,1.074547e-02
4467,0.510295,0.489705,0.499552,0.500448,1,1,1.074306e-02
4468,0.510181,0.489819,0.499441,0.500559,1,1,1.074066e-02
4469,0.510067,0.489933,0.499329,0.500671,1,1,1.073826e-02
4470,0.509953,0.490047,0.499217,0.500783,1,1,1.073585e-02
4471,0.509839,0.490161,0.499106,0.500894,1,1,1.073345e-02
4472,0.509725,0.490275,0.498994,0.501006,1,1,1.073105e-02
4473,0.509611,0.490389,0.498882,0.501118,1,1,1.072865e-02
4474,0.509497,0.490503,0.498771,0.501229,1,1,1.072626e-02
4475,0.509383,0.490617,0.498660,0.501340,1,1,1.072386e-02
4476,0.509270,0.490730,0.498548,0.501452,1,1,1.072147e-02
4477,0.509156,0.490844,0.498437,0.501563,1,1,1.071907e-02
4478,0.509042,0.490958,0.498326,0.501674,1,1,1.071668e-02
4479,0.508929,0.491071,0.498214,0.501786,1,1,1.071429e-02
4480,0.508815,0.491185,0.498103,0.501897,1,1,1.071189e-02
4481,0.508701,0.491299,0.497992,0.502008,1,1,1.070950e-02
4482,0.508588,0.491412,0.497881,0.502119,1,1,1.070712e-02
4483,0.508475,0.491525,0.497770,0.502230,1,1,1.070473e-02
4484,0.508361,0.491639,0.497659,0.502341,1,1,1.070234e-02
4485,0.508248,0.491752,0.497548,0.502452,1,1,1.069996e-02
4486,0.508135,0.491865,0.497437,0.502563,1,1,1.069757e-02
4487,0.508021,0.491979,0.497326,0.502674,1,1,1.069519e-02
4488,0.507908,0.492092,0.497215,0.502785,1,1,1.069280e-02
4489,0.507795,0.492205,0.497105,0.502895,1,1,1.069042e-02
4490,0.507682,0.492318,0.496994,0.503006,1,1,1.068804e-02
4491,0.507569,0.492431,0.496883,0.503117,1,1,1.068566e-02
4492,0.507456,0.492544,0.496773,0.503227,1,1,1.068329e-02
4493,0.507343,0.492657,0.496662,0.503338,1,1,1.068091e-02
4494,0.507230,0.492770,0.496552,0.503448,1,1,1.067853e-02
4495,0.507117,0.492883,0.496441,0.503559,1,1,1.067616e-02
4496,0.507005,0.492995,0.496331,0.503669,1,1,1.067378e-02
4497,0.506892,0.493108,0.496221,0.503779,1,1,1.067141e-02
4498,0.506779,0.493221,0.496110,0.503890,1,1,1.066904e-02
4499,0.506667,0.493333,0.496000,0.504000,1,1,1.066667e-02
4500,0.506554,0.493446,0.495890,0.504110,1,1,1.066430e-02
4501,0.506442,0.493558,0.495780,0.504220,1,1,1.066193e-02
4502,0.506329,0.493671,0.495670,0.504330,1,1,1.065956e-02
4503,0.506217,0.493783,0.495560,0.504440,1,1,1.065719e-02
4504,0.506104,0.493896,0.495450,0.504550,1,1,1.065483e-02
4505,0.505992,0.494008,0.495340,0.504660,1,1,1.065246e-02
4506,0.505880,0.494120,0.495230,0.504770,1,1,1.065010e-02
4507,0.505768,0.494232,0.495120,0.504880,1,1,1.064774e-02
4508,0.505655,0.494345,0.495010,0.504990,1,1,1.064538e-02
4509,0.505543,0.494457,0.494900,0.505100,1,1,1.064302e-02
4510,0.505431,0.494569,0.494791,0.505209,1,1,1.064066e-02
4511,0.505319,0.494681,0.494681,0.505319,1,1,1.063830e-02
4512,0.505207,0.494793,0.494571,0.505429,1,1,1.063594e-02
4513,0.505095,0.494905,0.494462,0.505538,1,1,1.063358e-02
4514,0.504983,0.495017,0.494352,0.505648,1,1,1.063123e-02
4515,0.504872,0.495128,0.494243,0.505757,1,1,1.062888e-02
4516,0.504760,0.495240,0.494133,0.505867,1,1,1.062652e-02
4517,0.504648,0.495352,0.494024,0.505976,1,1,1.062417e-02
4518,0.504536,0.495464,0.493915,0.506085,1,1,1.062182e-02
4519,0.504425,0.495575,0.493805,0.506195,1,1,1.061947e-02
4520,0.504313,0.495687,0.493696,0.506304,1,1,1.061712e-02
4521,0.504202,0.495798,0.493587,0.506413,1,1,1.061477e-02
4522,0.504090,0.495910,0.493478,0.506522,1,1,1.061243e-02
4523,0.503979,0.496021,0.493369,0.506631,1,1,1.061008e-02
4524,0.503867,0.496133,0.493260,0.506740,1,1,1.060773e-02
4525,0.503756,0.496244,0.493151,0.506849,1,1,1.060539e-02
4526,0.503645,0.496355,0.493042,0.506958,1,1,1.060305e-02
4527,0.503534,0.496466,0.492933,0.507067,1,1,1.060071e-02
4528,0.503422,0.496578,0.492824,0.507176,1,1,1.059837e-02
4529,0.503311,0.496689,0.492715,0.507285,1,1,1.059603e-02
4530,0.503200,0.496800,0.492606,0.507394,1,1,1.059369e-02
4531,0.503089,0.496911,0.492498,0.507502,1,1,1.059135e-02
4532,0.502978,0.497022,0.492389,0.507611,1,1,1.058901e-02
4533,0.502867,0.497133,0.492281,0.507719,1,1,1.058668e-02
4534,0.502756,0.497244,0.492172,0.507828,1,1,1.058434e-02
4535,0.502646,0.497354,0.492063,0.507937,1,1,1.058201e-02
4536,0.502535,0.497465,0.491955,0.508045,1,1,1.057968e-02
4537,0.502424,0.497576,0.491847,0.508153,1,1,1.057735e-02
4538,0.502313,0.497687,0.491738,0.508262,1,1,1.057502e-02
4539,0.502203,0.497797,0.491630,0.508370,1,1,1.057269e-02
4540,0.502092,0.497908,0.491522,0.508478,1,1,1.057036e-02
4541,0.501982,0.498018,0.491413,0.508587,1,1,1.056803e-02
4542,0.501871,0.498129,0.491305,0.508695,1,1,1.056571e-02
4543,0.501761,0.498239,0.491197,0.508803,1,1,1.056338e-02
4544,0.501650,0.498350,0.491089,0.508911,1,1,1.056106e-02
4545,0.501540,0.498460,0.490981,0.509019,1,1,1.055873e-02
4546,0.501430,0.498570,0.490873,0.509127,1,1,1.055641e-02
4547,0.501319,0.498681,0.490765,0.509235,1,1,1.055409e-02
4548,0.501209,0.498791,0.490657,0.509343,1,1,1.055177e-02
4549,0.501099,0.498901,0.490549,0.509451,1,1,1.054945e-02
4550,0.500989,0.499011,0.490442,0.509558,1,1,1.054713e-02
4551,0.500879,0.499121,0.490334,0.509666,1,1,1.054482e-02
4552,0.500769,0.499231,0.490226,0.509774,1,1,1.054250e-02
4553,0.500659,0.499341,0.490119,0.509881,1,1,1.054018e-02
4554,0.500549,0.499451,0.490011,0.509989,1,1,1.053787e-02
4555,0.500439,0.499561,0.489903,0.510097,1,1,1.053556e-02
4556,0.500329,0.499671,0.489796,0.510204,1,1,1.053325e-02
4557,0.500219,0.499781,0.489688,0.510312,1,1,1.053093e-02
4558,0.500110,0.499890,0.489581,0.510419,1,1,1.052862e-02
4559,0.500000,0.500000,0.489474,0.510526,1,1,1.052632e-02
4560,0.499890,0.500110,0.489586,0.510414,1,0,1.052401e-02
4561,0.499781,0.500219,0.489698,0.510302,1,0,1.052170e-02
4562,0.499671,0.500329,0.489809,0.510191,1,0,1.051940e-02
4563,0.499562,0.500438,0.489921,0.510079,1,0,1.051709e-02
4564,0.499452,0.500548,0.490033,0.509967,1,0,1.051479e-02
4565,0.499343,0.500657,0.490145,0.509855,1,0,1.051248e-02
4566,0.499234,0.500766,0.490256,0.509744,1,0,1.051018e-02
4567,0.499124,0.500876,0.490368,0.509632,1,0,1.050788e-02
4568,0.499015,0.500985,0.490479,0.509521,1,0,1.050558e-02
4569,0.498906,0.501094,0.490591,0.509409,1,0,1.050328e-02
4570,0.498797,0.501203,0.490702,0.509298,1,0,1.050098e-02
4571,0.498688,0.501312,0.490814,0.509186,1,0,1.049869e-02
4572,0.498579,0.501421,0.490925,0.509075,1,0,1.049639e-02
4573,0.498470,0.501530,0.491036,0.508964,1,0,1.049410e-02
4574,0.498361,0.501639,0.491148,0.508852,1,0,1.049180e-02
4575,0.498252,0.501748,0.491259,0.508741,1,0,1.048951e-02
4576,0.498143,0.501857,0.491370,0.508630,1,0,1.048722e-02
4577,0.498034,0.501966,0.491481,0.508519,1,0,1.048493e-02
4578,0.497925,0.502075,0.491592,0.508408,1,0,1.048264e-02
4579,0.497817,0.502183,0.491703,0.508297,1,0,1.048035e-02
4580,0.497708,0.502292,0.491814,0.508186,1,0,1.047806e-02
4581,0.497599,0.502401,0.491925,0.508075,1,0,1.047577e-02
4582,0.497491,0.502509,0.492036,0.507964,1,0,1.047349e-02
4583,0.497382,0.502618,0.492147,0.507853,1,0,1.047120e-02
4584,0.497274,0.502726,0.492257,0.507743,1,0,1.046892e-02
4585,0.497165,0.502835,0.492368,0.507632,1,0,1.046664e-02
4586,0.497057,0.502943,0.492479,0.507521,1,0,1.046436e-02
4587,0.496949,0.503051,0.492589,0.507411,1,0,1.046207e-02
4588,0.496840,0.503160,0.492700,0.507300,1,0,1.045980e-02
4589,0.496732,0.503268,0.492810,0.507190,1,0,1.045752e-02
4590,0.496624,0.503376,0.492921,0.507079,1,0,1.045524e-02
4591,0.496516,0.503484,0.493031,0.506969,1,0,1.045296e-02
4592,0.496408,0.503592,0.493142,0.506858,1,0,1.045069e-02
4593,0.496300,0.503700,0.493252,0.506748,1,0,1.044841e-02
4594,0.496192,0.503808,0.493362,0.506638,1,0,1.044614e-02
4595,0.496084,0.503916,0.493473,0.506527,1,0,1.044386e-02
4596,0.495976,0.504024,0.493583,0.506417,1,0,1.044159e-02
4597,0.495868,0.504132,0.493693,0.506307,1,0,1.043932e-02
4598,0.495760,0.504240,0.493803,0.506197,1,0,1.043705e-02
4599,0.495652,0.504348,0.493913,0.506087,1,0,1.043478e-02
4600,0.495544,0.504456,0.494023,0.505977,1,0,1.043251e-02
4601,0.495437,0.504563,0.494133,0.505867,1,0,1.043025e-02
4602,0.495329,0.504671,0.494243,0.505757,1,0,1.042798e-02
4603,0.495222,0.504778,0.494353,0.505647,1,0,1.042572e-02
4604,0.495114,0.504886,0.494463,0.505537,1,0,1.042345e-02
4605,0.495007,0.504993,0.494572,0.505428,1,0,1.042119e-02
4606,0.494899,0.505101,0.494682,0.505318,1,0,1.041893e-02
4607,0.494792,0.505208,0.494792,0.505208,1,0,1.041667e-02
4608,0.494684,0.505316,0.494901,0.505099,1,0,1.041441e-02
4609,0.494577,0.505423,0.495011,0.504989,1,0,1.041215e-02
4610,0.494470,0.505530,0.495120,0.504880,1,0,1.040989e-02
4611,0.494363,0.505637,0.495230,0.504770,1,0,1.040763e-02
4612,0.494255,0.505745,0.495339,0.504661,1,0,1.040538e-02
4613,0.494148,0.505852,0.495449,0.504551,1,0,1.040312e-02
4614,0.494041,0.505959,0.495558,0.504442,1,0,1.040087e-02
4615,0.493934,0.506066,0.495667,0.504333,1,0,1.039861e-02
4616,0.493827,0.506173,0.495776,0.504224,1,0,1.039636e-02
4617,0.493720,0.506280,0.495886,0.504114,1,0,1.039411e-02
4618,0.493613,0.506387,0.495995,0.504005,1,0,1.039186e-02
4619,0.493506,0.506494,0.496104,0.503896,1,0,1.038961e-02
4620,0.493400,0.506600,0.496213,0.503787,1,0,1.038736e-02
4621,0.493293,0.506707,0.496322,0.503678,1,0,1.038511e-02
4622,0.493186,0.506814,0.496431,0.503569,1,0,1.038287e-02
4623,0.493080,0.506920,0.496540,0.503460,1,0,1.038062e-02
4624,0.492973,0.507027,0.496649,0.503351,1,0,1.037838e-02
4625,0.492866,0.507134,0.496757,0.503243,1,0,1.037613e-02
4626,0.492760,0.507240,0.496866,0.503134,1,0,1.037389e-02
4627,0.492653,0.507347,0.496975,0.503025,1,0,1.037165e-02
4628,0.492547,0.507453,0.497084,0.502916,1,0,1.036941e-02
4629,0.492441,0.507559,0.497192,0.502808,1,0,1.036717e-02
4630,0.492334,0.507666,0.497301,0.502699,1,0,1.036493e-02
4631,0.492228,0.507772,0.497409,0.502591,1,0,1.036269e-02
4632,0.492122,0.507878,0.497518,0.502482,1,0,1.036046e-02
4633,0.492016,0.507984,0.497626,0.502374,1,0,1.035822e-02
4634,0.491909,0.508091,0.497735,0.502265,1,0,1.035599e-02
4635,0.491803,0.508197,0.497843,0.502157,1,0,1.035375e-02
4636,0.491697,0.508303,0.497951,0.502049,1,0,1.035152e-02
4637,0.491591,0.508409,0.498060,0.501940,1,0,1.034929e-02
4638,0.491485,0.508515,0.498168,0.501832,1,0,1.034706e-02
4639,0.491379,0.508621,0.498276,0.501724,1,0,1.034483e-02
4640,0.491273,0.508727,0.498384,0.501616,1,0,1.034260e-02
4641,0.491168,0.508832,0.498492,0.501508,1,0,1.034037e-02
4642,0.491062,0.508938,0.498600,0.501400,1,0,1.033814e-02
4643,0.490956,0.509044,0.498708,0.501292,1,0,1.033592e-02
4644,0.490850,0.509150,0.498816,0.501184,1,0,1.033369e-02
4645,0.490745,0.509255,0.498924,0.501076,1,0,1.033147e-02
4646,0.490639,0.509361,0.499032,0.500968,1,0,1.032924e-02
4647,0.490534,0.509466,0.499139,0.500861,1,0,1.032702e-02
4648,0.490428,0.509572,0.499247,0.500753,1,0,1.032480e-02
4649,0.490323,0.509677,0.499355,0.500645,1,0,1.032258e-02
4650,0.490217,0.509783,0.499462,0.500538,1,0,1.032036e-02
4651,0.490112,0.509888,0.499570,0.500430,1,0,1.031814e-02
4652,0.490006,0.509994,0.499678,0.500322,1,0,1.031593e-02
4653,0.489901,0.510099,0.499785,0.500215,1,0,1.031371e-02
4654,0.489796,0.510204,0.499893,0.500107,1,0,1.031149e-02
4655,0.489691,0.510309,0.500000,0.500000,1,0,1.030928e-02
4656,0.489800,0.510200,0.500107,0.499893,0,0,1.030706e-02
4657,0.489910,0.510090,0.500215,0.499785,0,0,1.030485e-02
4658,0.490019,0.509981,0.500322,0.499678,0,0,1.030264e-02
4659,0.490129,0.509871,0.500429,0.499571,0,0,1.030043e-02
4660,0.490238,0.509762,0.500536,0.499464,0,0,1.029822e-02
4661,0.490347,0.509653,0.500644,0.499356,0,0,1.029601e-02
4662,0.490457,0.509543,0.500751,0.499249,0,0,1.029380e-02
4663,0.490566,0.509434,0.500858,0.499142,0,0,1.029160e-02
4664,0.490675,0.509325,0.500965,0.499035,0,0,1.028939e-02
4665,0.490784,0.509216,0.501072,0.498928,0,0,1.028718e-02
4666,0.490894,0.509106,0.501178,0.498822,0,0,1.028498e-02
4667,0.491003,0.508997,0.501285,0.498715,0,0,1.028278e-02
4668,0.491112,0.508888,0.501392,0.498608,0,0,1.028057e-02
4669,0.491221,0.508779,0.501499,0.498501,0,0,1.027837e-02
4670,0.491329,0.508671,0.501606,0.498394,0,0,1.027617e-02
4671,0.491438,0.508562,0.501712,0.498288,0,0,1.027397e-02
4672,0.491547,0.508453,0.501819,0.498181,0,0,1.027177e-02
4673,0.491656,0.508344,0.501926,0.498074,0,0,1.026958e-02
4674,0.491765,0.508235,0.502032,0.497968,0,0,1.026738e-02
4675,0.491873,0.508127,0.502139,0.497861,0,0,1.026518e-02
4676,0.491982,0.508018,0.502245,0.497755,0,0,1.026299e-02
4677,0.492091,0.507909,0.502351,0.497649,0,0,1.026080e-02
4678,0.492199,0.507801,0.502458,0.497542,0,0,1.025860e-02
4679,0.492308,0.507692,0.502564,0.497436,0,0,1.025641e-02
4680,0.492416,0.507584,0.502670,0.497330,0,0,1.025422e-02
4681,0.492525,0.507475,0.502777,0.497223,0,0,1.025203e-02
4682,0.492633,0.507367,0.502883,0.497117,0,0,1.024984e-02
4683,0.492741,0.507259,0.502989,0.497011,0,0,1.024765e-02
4684,0.492850,0.507150,0.503095,0.496905,0,0,1.024546e-02
4685,0.492958,0.507042,0.503201,0.496799,0,0,1.024328e-02
4686,0.493066,0.506934,0.503307,0.496693,0,0,1.024109e-02
4687,0.493174,0.506826,0.503413,0.496587,0,0,1.023891e-02
4688,0.493282,0.506718,0.503519,0.496481,0,0,1.023672e-02
4689,0.493390,0.506610,0.503625,0.496375,0,0,1.023454e-02
4690,0.493498,0.506502,0.503731,0.496269,0,0,1.023236e-02
4691,0.493606,0.506394,0.503836,0.496164,0,0,1.023018e-02
4692,0.493714,0.506286,0.503942,0.496058,0,0,1.022800e-02
4693,0.493822,0.506178,0.504048,0.495952,0,0,1.022582e-02
4694,0.493930,0.506070,0.504153,0.495847,0,0,1.022364e-02
4695,0.494037,0.505963,0.504259,0.495741,0,0,1.022147e-02
4696,0.494145,0.505855,0.504364,0.495636,0,0,1.021929e-02
4697,0.494253,0.505747,0.504470,0.495530,0,0,1.021711e-02
4698,0.494361,0.505639,0.504575,0.495425,0,0,1.021494e-02
4699,0.494468,0.505532,0.504681,0.495319,0,0,1.021277e-02
4700,0.494576,0.505424,0.504786,0.495214,0,0,1.021059e-02
4701,0.494683,0.505317,0.504892,0.495108,0,0,1.020842e-02
4702,0.494791,0.505209,0.504997,0.495003,0,0,1.020625e-02
4703,0.494898,0.505102,0.505102,0.494898,0,0,1.020408e-02
4704,0.495005,0.504995,0.505207,0.494793,0,0,1.020191e-02
4705,0.495113,0.504887,0.505312,0.494688,0,0,1.019975e-02
4706,0.495220,0.504780,0.505417,0.494583,0,0,1.019758e-02
4707,0.495327,0.504673,0.505523,0.494477,0,0,1.019541e-02
4708,0.495434,0.504566,0.505628,0.494372,0,0,1.019325e-02
4709,0.495541,0.504459,0.505732,0.494268,0,0,1.019108e-02
4710,0.495648,0.504352,0.505837,0.494163,0,0,1.018892e-02
4711,0.495756,0.504244,0.505942,0.494058,0,0,1.018676e-02
4712,0.495863,0.504137,0.506047,0.493953,0,0,1.018460e-02
4713,0.495969,0.504031,0.506152,0.493848,0,0,1.018244e-02
4714,0.496076,0.503924,0.506257,0.493743,0,0,1.018028e-02
4715,0.496183,0.503817,0.506361,0.493639,0,0,1.017812e-02
4716,0.496290,0.503710,0.506466,0.493534,0,0,1.017596e-02
4717,0.496397,0.503603,0.506571,0.493429,0,0,1.017380e-02
4718,0.496503,0.503497,0.506675,0.493325,0,0,1.017165e-02
4719,0.496610,0.503390,0.506780,0.493220,0,0,1.016949e-02
4720,0.496717,0.503283,0.506884,0.493116,0,0,1.016734e-02
4721,0.496823,0.503177,0.506989,0.493011,0,0,1.016518e-02
4722,0.496930,0.503070,0.507093,0.492907,0,0,1.016303e-02
4723,0.497036,0.502964,0.507197,0.492803,0,0,1.016088e-02
4724,0.497143,0.502857,0.507302,0.492698,0,0,1.015873e-02
4725,0.497249,0.502751,0.507406,0.492594,0,0,1.015658e-02
4726,0.497356,0.502644,0.507510,0.492490,0,0,1.015443e-02
4727,0.497462,0.502538,0.507614,0.492386,0,0,1.015228e-02
4728,0.497568,0.502432,0.507718,0.492282,0,0,1.015014e-02
4729,0.497674,0.502326,0.507822,0.492178,0,0,1.014799e-02
4730,0.497781,0.502219,0.507926,0.492074,0,0,1.014585e-02
4731,0.497887,0.502113,0.508030,0.491970,0,0,1.014370e-02
4732,0.497993,0.502007,0.508134,0.491866,0,0,1.014156e-02
4733,0.498099,0.501901,0.508238,0.491762,0,0,1.013942e-02
4734,0.498205,0.501795,0.508342,0.491658,0,0,1.013728e-02
4735,0.498311,0.501689,0.508446,0.491554,0,0,1.013514e-02
4736,0.498417,0.501583,0.508550,0.491450,0,0,1.013300e-02
4737,0.498523,0.501477,0.508653,0.491347,0,0,1.013086e-02
4738,0.498628,0.501372,0.508757,0.491243,0,0,1.012872e-02
4739,0.498734,0.501266,0.508861,0.491139,0,0,1.012658e-02
4740,0.498840,0.501160,0.508964,0.491036,0,0,1.012445e-02
4741,0.498946,0.501054,0.509068,0.490932,0,0,1.012231e-02
4742,0.499051,0.500949,0.509171,0.490829,0,0,1.012018e-02
4743,0.499157,0.500843,0.509275,0.490725,0,0,1.011804e-02
4744,0.499262,0.500738,0.509378,0.490622,0,0,1.011591e-02
4745,0.499368,0.500632,0.509482,0.490518,0,0,1.011378e-02
4746,0.499473,0.500527,0.509585,0.490415,0,0,1.011165e-02
4747,0.499579,0.500421,0.509688,0.490312,0,0,1.010952e-02
4748,0.499684,0.500316,0.509792,0.490208,0,0,1.010739e-02
4749,0.499789,0.500211,0.509895,0.490105,0,0,1.010526e-02
4750,0.499895,0.500105,0.509998,0.490002,0,0,1.010314e-02
4751,0.500000,0.500000,0.510101,0.489899,0,0,1.010101e-02
4752,0.500105,0.499895,0.510204,0.489796,0,0,1.030928e-02
4753,0.500210,0.499790,0.510097,0.489903,0,1,1.030711e-02
4754,0.500315,0.499685,0.509989,0.490011,0,1,1.030494e-02
4755,0.500421,0.499579,0.509882,0.490118,0,1,1.030278e-02
4756,0.500526,0.499474,0.509775,0.490225,0,1,1.030061e-02
4757,0.500631,0.499369,0.509668,0.490332,0,1,1.029844e-02
4758,0.500735,0.499265,0.509561,0.490439,0,1,1.029628e-02
4759,0.500840,0.499160,0.509454,0.490546,0,1,1.029412e-02
4760,0.500945,0.499055,0.509347,0.490653,0,1,1.029196e-02
4761,0.501050,0.498950,0.509240,0.490760,0,1,1.028979e-02
4762,0.501155,0.498845,0.509133,0.490867,0,1,1.028763e-02
4763,0.501259,0.498741,0.509026,0.490974,0,1,1.028547e-02
4764,0.501364,0.498636,0.508919,0.491081,0,1,1.028332e-02
4765,0.501469,0.498531,0.508812,0.491188,0,1,1.028116e-02
4766,0.501573,0.498427,0.508706,0.491294,0,1,1.027900e-02
4767,0.501678,0.498322,0.508599,0.491401,0,1,1.027685e-02
4768,0.501782,0.498218,0.508492,0.491508,0,1,1.027469e-02
4769,0.501887,0.498113,0.508386,0.491614,0,1,1.027254e-02
4770,0.501991,0.498009,0.508279,0.491721,0,1,1.027038e-02
4771,0.502096,0.497904,0.508173,0.491827,0,1,1.026823e-02
4772,0.502200,0.497800,0.508066,0.491934,0,1,1.026608e-02
4773,0.502304,0.497696,0.507960,0.492040,0,1,1.026393e-02
4774,0.502408,0.497592,0.507853,0.492147,0,1,1.026178e-02
4775,0.502513,0.497487,0.507747,0.492253,0,1,1.025963e-02
4776,0.502617,0.497383,0.507641,0.492359,0,1,1.025748e-02
4777,0.502721,0.497279,0.507535,0.492465,0,1,1.025534e-02
4778,0.502825,0.497175,0.507428,0.492572,0,1,1.025319e-02
4779,0.502929,0.497071,0.507322,0.492678,0,1,1.025105e-02
4780,0.503033,0.496967,0.507216,0.492784,0,1,1.024890e-02
4781,0.503137,0.496863,0.507110,0.492890,0,1,1.024676e-02
4782,0.503241,0.496759,0.507004,0.492996,0,1,1.024462e-02
4783,0.503344,0.496656,0.506898,0.493102,0,1,1.024247e-02
4784,0.503448,0.496552,0.506792,0.493208,0,1,1.024033e-02
4785,0.503552,0.496448,0.506686,0.493314,0,1,1.023819e-02
4786,0.503656,0.496344,0.506580,0.493420,0,1,1.023606e-02
4787,0.503759,0.496241,0.506475,0.493525,0,1,1.023392e-02
4788,0.503863,0.496137,0.506369,0.493631,0,1,1.023178e-02
4789,0.503967,0.496033,0.506263,0.493737,0,1,1.022965e-02
4790,0.504070,0.495930,0.506157,0.493843,0,1,1.022751e-02
4791,0.504174,0.495826,0.506052,0.493948,0,1,1.022538e-02
4792,0.504277,0.495723,0.505946,0.494054,0,1,1.022324e-02
4793,0.504380,0.495620,0.505841,0.494159,0,1,1.022111e-02
4794,0.504484,0.495516,0.505735,0.494265,0,1,1.021898e-02
4795,0.504587,0.495413,0.505630,0.494370,0,1,1.021685e-02
4796,0.504690,0.495310,0.505524,0.494476,0,1,1.021472e-02
4797,0.504794,0.495206,0.505419,0.494581,0,1,1.021259e-02
4798,0.504897,0.495103,0.505314,0.494686,0,1,1.021046e-02
4799,0.505000,0.495000,0.505208,0.494792,0,1,1.020833e-02
4800,0.505103,0.494897,0.505103,0.494897,0,1,1.020621e-02
4801,0.505206,0.494794,0.504998,0.495002,0,1,1.020408e-02
4802,0.505309,0.494691,0.504893,0.495107,0,1,1.020196e-02
4803,0.505412,0.494588,0.504788,0.495212,0,1,1.019983e-02
4804,0.505515,0.494485,0.504683,0.495317,0,1,1.019771e-02
4805,0.505618,0.494382,0.504578,0.495422,0,1,1.019559e-02
4806,0.505721,0.494279,0.504473,0.495527,0,1,1.019347e-02
4807,0.505824,0.494176,0.504368,0.495632,0,1,1.019135e-02
4808,0.505926,0.494074,0.504263,0.495737,0,1,1.018923e-02
4809,0.506029,0.493971,0.504158,0.495842,0,1,1.018711e-02
4810,0.506132,0.493868,0.504053,0.495947,0,1,1.018499e-02
4811,0.506234,0.493766,0.503948,0.496052,0,1,1.018288e-02
4812,0.506337,0.493663,0.503844,0.496156,0,1,1.018076e-02
4813,0.506440,0.493560,0.503739,0.496261,0,1,1.017865e-02
4814,0.506542,0.493458,0.503634,0.496366,0,1,1.017653e-02
4815,0.506645,0.493355,0.503530,0.496470,0,1,1.017442e-02
4816,0.506747,0.493253,0.503425,0.496575,0,1,1.017231e-02
4817,0.506849,0.493151,0.503321,0.496679,0,1,1.017020e-02
4818,0.506952,0.493048,0.503216,0.496784,0,1,1.016808e-02
4819,0.507054,0.492946,0.503112,0.496888,0,1,1.016598e-02
4820,0.507156,0.492844,0.503008,0.496992,0,1,1.016387e-02
4821,0.507258,0.492742,0.502903,0.497097,0,1,1.016176e-02
4822,0.507361,0.492639,0.502799,0.497201,0,1,1.015965e-02
4823,0.507463,0.492537,0.502695,0.497305,0,1,1.015755e-02
4824,0.507565,0.492435,0.502591,0.497409,0,1,1.015544e-02
4825,0.507667,0.492333,0.502487,0.497513,0,1,1.015334e-02
4826,0.507769,0.492231,0.502382,0.497618,0,1,1.015123e-02
4827,0.507871,0.492129,0.502278,0.497722,0,1,1.014913e-02
4828,0.507973,0.492027,0.502174,0.497826,0,1,1.014703e-02
4829,0.508075,0.491925,0.502070,0.497930,0,1,1.014493e-02
4830,0.508176,0.491824,0.501966,0.498034,0,1,1.014283e-02
4831,0.508278,0.491722,0.501863,0.498137,0,1,1.014073e-02
4832,0.508380,0.491620,0.501759,0.498241,0,1,1.013863e-02
4833,0.508482,0.491518,0.501655,0.498345,0,1,1.013653e-02
4834,0.508583,0.491417,0.501551,0.498449,0,1,1.013444e-02
4835,0.508685,0.491315,0.501447,0.498553,0,1,1.013234e-02
4836,0.508786,0.491214,0.501344,0.498656,0,1,1.013025e-02
4837,0.508888,0.491112,0.501240,0.498760,0,1,1.012815e-02
4838,0.508989,0.491011,0.501137,0.498863,0,1,1.012606e-02
4839,0.509091,0.490909,0.501033,0.498967,0,1,1.012397e-02
4840,0.509192,0.490808,0.500930,0.499070,0,1,1.012188e-02
4841,0.509294,0.490706,0.500826,0.499174,0,1,1.011979e-02
4842,0.509395,0.490605,0.500723,0.499277,0,1,1.011770e-02
4843,0.509496,0.490504,0.500619,0.499381,0,1,1.011561e-02
4844,0.509598,0.490402,0.500516,0.499484,0,1,1.011352e-02
4845,0.509699,0.490301,0.500413,0.499587,0,1,1.011143e-02
4846,0.509800,0.490200,0.500309,0.499691,0,1,1.010935e-02
4847,0.509901,0.490099,0.500206,0.499794,0,1,1.010726e-02
4848,0.510002,0.489998,0.500103,0.499897,0,1,1.010518e-02
4849,0.510103,0.489897,0.500000,0.500000,0,1,1.010309e-02
4850,0.510204,0.489796,0.499897,0.500103,0,1,1.030715e-02
4851,0.510099,0.489901,0.499794,0.500206,1,1,1.030503e-02
4852,0.509994,0.490006,0.499691,0.500309,1,1,1.030291e-02
4853,0.509889,0.490111,0.499588,0.500412,1,1,1.030078e-02
4854,0.509784,0.490216,0.499485,0.500515,1,1,1.029866e-02
4855,0.509679,0.490321,0.499382,0.500618,1,1,1.029654e-02
4856,0.509574,0.490426,0.499279,0.500721,1,1,1.029442e-02
4857,0.509469,0.490531,0.499177,0.500823,1,1,1.029230e-02
4858,0.509364,0.490636,0.499074,0.500926,1,1,1.029018e-02
4859,0.509259,0.490741,0.498971,0.501029,1,1,1.028807e-02
4860,0.509154,0.490846,0.498869,0.501131,1,1,1.028595e-02
4861,0.509050,0.490950,0.498766,0.501234,1,1,1.028383e-02
4862,0.508945,0.491055,0.498663,0.501337,1,1,1.028172e-02
4863,0.508840,0.491160,0.498561,0.501439,1,1,1.027961e-02
4864,0.508736,0.491264,0.498458,0.501542,1,1,1.027749e-02
4865,0.508631,0.491369,0.498356,0.501644,1,1,1.027538e-02
4866,0.508527,0.491473,0.498254,0.501746,1,1,1.027327e-02
4867,0.508422,0.491578,0.498151,0.501849,1,1,1.027116e-02
4868,0.508318,0.491682,0.498049,0.501951,1,1,1.026905e-02
4869,0.508214,0.491786,0.497947,0.502053,1,1,1.026694e-02
4870,0.508109,0.491891,0.497844,0.502156,1,1,1.026483e-02
4871,0.508005,0.491995,0.497742,0.502258,1,1,1.026273e-02
4872,0.507901,0.492099,0.497640,0.502360,1,1,1.026062e-02
4873,0.507796,0.492204,0.497538,0.502462,1,1,1.025851e-02
4874,0.507692,0.492308,0.497436,0.502564,1,1,1.025641e-02
4875,0.507588,0.492412,0.497334,0.502666,1,1,1.025431e-02
4876,0.507484,0.492516,0.497232,0.502768,1,1,1.025220e-02
4877,0.507380,0.492620,0.497130,0.502870,1,1,1.025010e-02
4878,0.507276,0.492724,0.497028,0.502972,1,1,1.024800e-02
4879,0.507172,0.492828,0.496926,0.503074,1,1,1.024590e-02
4880,0.507068,0.492932,0.496824,0.503176,1,1,1.024380e-02
4881,0.506964,0.493036,0.496723,0.503277,1,1,1.024170e-02
4882,0.506861,0.493139,0.496621,0.503379,1,1,1.023961e-02
4883,0.506757,0.493243,0.496519,0.503481,1,1,1.023751e-02
4884,0.506653,0.493347,0.496418,0.503582,1,1,1.023541e-02
4885,0.506549,0.493451,0.496316,0.503684,1,1,1.023332e-02
4886,0.506446,0.493554,0.496214,0.503786,1,1,1.023123e-02
4887,0.506342,0.493658,0.496113,0.503887,1,1,1.022913e-02
4888,0.506238,0.493762,0.496011,0.503989,1,1,1.022704e-02
4889,0.506135,0.493865,0.495910,0.504090,1,1,1.022495e-02
4890,0.506031,0.493969,0.495809,0.504191,1,1,1.022286e-02
4891,0.505928,0.494072,0.495707,0.504293,1,1,1.022077e-02
4892,0.505825,0.494175,0.495606,0.504394,1,1,1.021868e-02
4893,0.505721,0.494279,0.495505,0.504495,1,1,1.021659e-02
4894,0.505618,0.494382,0.495403,0.504597,1,1,1.021450e-02
4895,0.505515,0.494485,0.495302,0.504698,1,1,1.021242e-02
4896,0.505411,0.494589,0.495201,0.504799,1,1,1.021033e-02
4897,0.505308,0.494692,0.495100,0.504900,1,1,1.020825e-02
4898,0.505205,0.494795,0.494999,0.505001,1,1,1.020616e-02
4899,0.505102,0.494898,0.494898,0.505102,1,1,1.020408e-02
4900,0.504999,0.495001,0.494797,0.505203,1,1,1.020200e-02
4901,0.504896,0.495104,0.494696,0.505304,1,1,1.019992e-02
4902,0.504793,0.495207,0.494595,0.505405,1,1,1.019784e-02
4903,0.504690,0.495310,0.494494,0.505506,1,1,1.019576e-02
4904,0.504587,0.495413,0.494393,0.505607,1,1,1.019368e-02
4905,0.504484,0.495516,0.494293,0.505707,1,1,1.019160e-02
4906,0.504381,0.495619,0.494192,0.505808,1,1,1.018953e-02
4907,0.504279,0.495721,0.494091,0.505909,1,1,1.018745e-02
4908,0.504176,0.495824,0.493991,0.506009,1,1,1.018537e-02
4909,0.504073,0.495927,0.493890,0.506110,1,1,1.018330e-02
4910,0.503971,0.496029,0.493789,0.506211,1,1,1.018123e-02
4911,0.503868,0.496132,0.493689,0.506311,1,1,1.017915e-02
4912,0.503766,0.496234,0.493588,0.506412,1,1,1.017708e-02
4913,0.503663,0.496337,0.493488,0.506512,1,1,1.017501e-02
4914,0.503561,0.496439,0.493388,0.506612,1,1,1.017294e-02
4915,0.503458,0.496542,0.493287,0.506713,1,1,1.017087e-02
4916,0.503356,0.496644,0.493187,0.506813,1,1,1.016880e-02
4917,0.503253,0.496747,0.493087,0.506913,1,1,1.016673e-02
4918,0.503151,0.496849,0.492986,0.507014,1,1,1.016467e-02
4919,0.503049,0.496951,0.492886,0.507114,1,1,1.016260e-02
4920,0.502947,0.497053,0.492786,0.507214,1,1,1.016054e-02
4921,0.502844,0.497156,0.492686,0.507314,1,1,1.015847e-02
4922,0.502742,0.497258,0.492586,0.507414,1,1,1.015641e-02
4923,0.502640,0.497360,0.492486,0.507514,1,1,1.015435e-02
4924,0.502538,0.497462,0.492386,0.507614,1,1,1.015228e-02
4925,0.502436,0.497564,0.492286,0.507714,1,1,1.015022e-02
4926,0.502334,0.497666,0.492186,0.507814,1,1,1.014816e-02
4927,0.502232,0.497768,0.492086,0.507914,1,1,1.014610e-02
4928,0.502130,0.497870,0.491986,0.508014,1,1,1.014405e-02
4929,0.502028,0.497972,0.491886,0.508114,1,1,1.014199e-02
4930,0.501927,0.498073,0.491787,0.508213,1,1,1.013993e-02
4931,0.501825,0.498175,0.491687,0.508313,1,1,1.013788e-02
4932,0.501723,0.498277,0.491587,0.508413,1,1,1.013582e-02
4933,0.501621,0.498379,0.491488,0.508512,1,1,1.013377e-02
4934,0.501520,0.498480,0.491388,0.508612,1,1,1.013171e-02
4935,0.501418,0.498582,0.491288,0.508712,1,1,1.012966e-02
4936,0.501317,0.498683,0.491189,0.508811,1,1,1.012761e-02
4937,0.501215,0.498785,0.491090,0.508910,1,1,1.012556e-02
4938,0.501114,0.498886,0.490990,0.509010,1,1,1.012351e-02
4939,0.501012,0.498988,0.490891,0.509109,1,1,1.012146e-02
4940,0.500911,0.499089,0.490791,0.509209,1,1,1.011941e-02
4941,0.500809,0.499191,0.490692,0.509308,1,1,1.011736e-02
4942,0.500708,0.499292,0.490593,0.509407,1,1,1.011531e-02
4943,0.500607,0.499393,0.490494,0.509506,1,1,1.011327e-02
4944,0.500506,0.499494,0.490394,0.509606,1,1,1.011122e-02
4945,0.500404,0.499596,0.490295,0.509705,1,1,1.010918e-02
4946,0.500303,0.499697,0.490196,0.509804,1,1,1.010714e-02
4947,0.500202,0.499798,0.490097,0.509903,1,1,1.010509e-02
4948,0.500101,0.499899,0.489998,0.510002,1,1,1.010305e-02
4949,0.500000,0.500000,0.489899,0.510101,1,1,1.010101e-02
4950,0.499899,0.500101,0.490002,0.509998,1,0,1.009897e-02
4951,0.499798,0.500202,0.490105,0.509895,1,0,1.009693e-02
4952,0.499697,0.500303,0.490208,0.509792,1,0,1.009489e-02
4953,0.499596,0.500404,0.490311,0.509689,1,0,1.009285e-02
4954,0.499495,0.500505,0.490414,0.509586,1,0,1.009082e-02
4955,0.499395,0.500605,0.490517,0.509483,1,0,1.008878e-02
4956,0.499294,0.500706,0.490619,0.509381,1,0,1.008675e-02
4957,0.499193,0.500807,0.490722,0.509278,1,0,1.008471e-02
4958,0.499093,0.500907,0.490825,0.509175,1,0,1.008268e-02
4959,0.498992,0.501008,0.490927,0.509073,1,0,1.008065e-02
4960,0.498891,0.501109,0.491030,0.508970,1,0,1.007861e-02
4961,0.498791,0.501209,0.491133,0.508867,1,0,1.007658e-02
4962,0.498690,0.501310,0.491235,0.508765,1,0,1.007455e-02
4963,0.498590,0.501410,0.491338,0.508662,1,0,1.007252e-02
4964,0.498489,0.501511,0.491440,0.508560,1,0,1.007049e-02
4965,0.498389,0.501611,0.491542,0.508458,1,0,1.006847e-02
4966,0.498289,0.501711,0.491645,0.508355,1,0,1.006644e-02
4967,0.498188,0.501812,0.491747,0.508253,1,0,1.006441e-02
4968,0.498088,0.501912,0.491849,0.508151,1,0,1.006239e-02
4969,0.497988,0.502012,0.491952,0.508048,1,0,1.006036e-02
4970,0.497888,0.502112,0.492054,0.507946,1,0,1.005834e-02
4971,0.497788,0.502212,0.492156,0.507844,1,0,1.005632e-02
4972,0.497688,0.502312,0.492258,0.507742,1,0,1.005429e-02
4973,0.497587,0.502413,0.492360,0.507640,1,0,1.005227e-02
4974,0.497487,0.502513,0.492462,0.507538,1,0,1.005025e-02
4975,0.497387,0.502613,0.492564,0.507436,1,0,1.004823e-02
4976,0.497288,0.502712,0.492666,0.507334,1,0,1.004621e-02
4977,0.497188,0.502812,0.492768,0.507232,1,0,1.004419e-02
4978,0.497088,0.502912,0.492870,0.507130,1,0,1.004218e-02
4979,0.496988,0.503012,0.492972,0.507028,1,0,1.004016e-02
4980,0.496888,0.503112,0.493074,0.506926,1,0,1.003814e-02
4981,0.496788,0.503212,0.493175,0.506825,1,0,1.003613e-02
4982,0.496689,0.503311,0.493277,0.506723,1,0,1.003412e-02
4983,0.496589,0.503411,0.493379,0.506621,1,0,1.003210e-02
4984,0.496489,0.503511,0.493480,0.506520,1,0,1.003009e-02
4985,0.496390,0.503610,0.493582,0.506418,1,0,1.002808e-02
4986,0.496290,0.503710,0.493684,0.506316,1,0,1.002607e-02
4987,0.496191,0.503809,0.493785,0.506215,1,0,1.002406e-02
4988,0.496091,0.503909,0.493887,0.506113,1,0,1.002205e-02
4989,0.495992,0.504008,0.493988,0.506012,1,0,1.002004e-02
4990,0.495893,0.504107,0.494089,0.505911,1,0,1.001803e-02
4991,0.495793,0.504207,0.494191,0.505809,1,0,1.001603e-02
4992,0.495694,0.504306,0.494292,0.505708,1,0,1.001402e-02
4993,0.495595,0.504405,0.494393,0.505607,1,0,1.001201e-02
4994,0.495495,0.504505,0.494494,0.505506,1,0,1.001001e-02
4995,0.495396,0.504604,0.494596,0.505404,1,0,1.000801e-02
4996,0.495297,0.504703,0.494697,0.505303,1,0,1.000600e-02
4997,0.495198,0.504802,0.494798,0.505202,1,0,1.000400e-02
4998,0.495099,0.504901,0.494899,0.505101,1,0,1.000200e-02
4999,0.495000,0.505000,0.495000,0.505000,1,0,1.000000e-02
5000,0.494901,0.505099,0.495101,0.504899,1,0,9.998000e-03
