iteration,p0_avg_rock,p0_avg_paper,p0_avg_scissors,p1_avg_rock,p1_avg_paper,p1_avg_scissors,p0_best_response,p1_best_response,full_exploitability
1,0.500000,0.500000,0.000000,0.500000,0.500000,0.000000,1,1,5.000000e-01
2,0.333333,0.666667,0.000000,0.333333,0.666667,0.000000,1,1,3.333333e-01
3,0.250000,0.750000,0.000000,0.250000,0.750000,0.000000,1,1,5.000000e-01
4,0.200000,0.600000,0.200000,0.200000,0.600000,0.200000,2,2,4.000000e-01
5,0.166667,0.500000,0.333333,0.166667,0.500000,0.333333,2,2,3.333333e-01
6,0.142857,0.428571,0.428571,0.142857,0.428571,0.428571,2,2,2.857143e-01
7,0.125000,0.375000,0.500000,0.125000,0.375000,0.500000,2,2,2.500000e-01
8,0.111111,0.333333,0.555556,0.111111,0.333333,0.555556,2,2,2.222222e-01
9,0.200000,0.300000,0.500000,0.200000,0.300000,0.500000,0,0,2.000000e-01
10,0.272727,0.272727,0.454545,0.272727,0.272727,0.454545,0,0,1.818182e-01
11,0.333333,0.250000,0.416667,0.333333,0.250000,0.416667,0,0,1.666667e-01
12,0.384615,0.230769,0.384615,0.384615,0.230769,0.384615,0,0,1.538462e-01
13,0.428571,0.214286,0.357143,0.428571,0.214286,0.357143,0,0,1.428571e-01
14,0.466667,0.200000,0.333333,0.466667,0.200000,0.333333,0,0,1.333333e-01
15,0.437500,0.250000,0.312500,0.437500,0.250000,0.312500,1,1,1.250000e-01
16,0.411765,0.294118,0.294118,0.411765,0.294118,0.294118,1,1,1.176471e-01
17,0.388889,0.333333,0.277778,0.388889,0.333333,0.277778,1,1,1.111111e-01
18,0.368421,0.368421,0.263158,0.368421,0.368421,0.263158,1,1,1.052632e-01
19,0.350000,0.400000,0.250000,0.350000,0.400000,0.250000,1,1,1.000000e-01
20,0.333333,0.428571,0.238095,0.333333,0.428571,0.238095,1,1,9.523810e-02
21,0.318182,0.454545,0.227273,0.318182,0.454545,0.227273,1,1,1.363636e-01
22,0.304348,0.434783,0.260870,0.304348,0.434783,0.260870,2,2,1.304348e-01
23,0.291667,0.416667,0.291667,0.291667,0.416667,0.291667,2,2,1.250000e-01
24,0.280000,0.400000,0.320000,0.280000,0.400000,0.320000,2,2,1.200000e-01
25,0.269231,0.384615,0.346154,0.269231,0.384615,0.346154,2,2,1.153846e-01
26,0.259259,0.370370,0.370370,0.259259,0.370370,0.370370,2,2,1.111111e-01
27,0.250000,0.357143,0.392857,0.250000,0.357143,0.392857,2,2,1.071429e-01
28,0.241379,0.344828,0.413793,0.241379,0.344828,0.413793,2,2,1.034483e-01
29,0.233333,0.333333,0.433333,0.233333,0.333333,0.433333,2,2,1.000000e-01
30,0.258065,0.322581,0.419355,0.258065,0.322581,0.419355,0,0,9.677419e-02
31,0.281250,0.312500,0.406250,0.281250,0.312500,0.406250,0,0,9.375000e-02
32,0.303030,0.303030,0.393939,0.303030,0.303030,0.393939,0,0,9.090909e-02
33,0.323529,0.294118,0.382353,0.323529,0.294118,0.382353,0,0,8.823529e-02
34,0.342857,0.285714,0.371429,0.342857,0.285714,0.371429,0,0,8.571429e-02
35,0.361111,0.277778,0.361111,0.361111,0.277778,0.361111,0,0,8.333333e-02
36,0.378378,0.270270,0.351351,0.378378,0.270270,0.351351,0,0,8.108108e-02
37,0.394737,0.263158,0.342105,0.394737,0.263158,0.342105,0,0,7.894737e-02
38,0.410256,0.256410,0.333333,0.410256,0.256410,0.333333,0,0,7.692308e-02
39,0.425000,0.250000,0.325000,0.425000,0.250000,0.325000,0,0,1.000000e-01
40,0.414634,0.268293,0.317073,0.414634,0.268293,0.317073,1,1,9.756098e-02
41,0.404762,0.285714,0.309524,0.404762,0.285714,0.309524,1,1,9.523810e-02
42,0.395349,0.302326,0.302326,0.395349,0.302326,0.302326,1,1,9.302326e-02
43,0.386364,0.318182,0.295455,0.386364,0.318182,0.295455,1,1,9.090909e-02
44,0.377778,0.333333,0.288889,0.377778,0.333333,0.288889,1,1,8.888889e-02
45,0.369565,0.347826,0.282609,0.369565,0.347826,0.282609,1,1,8.695652e-02
46,0.361702,0.361702,0.276596,0.361702,0.361702,0.276596,1,1,8.510638e-02
47,0.354167,0.375000,0.270833,0.354167,0.375000,0.270833,1,1,8.333333e-02
48,0.346939,0.387755,0.265306,0.346939,0.387755,0.265306,1,1,8.163265e-02
49,0.340000,0.400000,0.260000,0.340000,0.400000,0.260000,1,1,8.000000e-02
50,0.333333,0.411765,0.254902,0.333333,0.411765,0.254902,1,1,7.843137e-02
51,0.326923,0.423077,0.250000,0.326923,0.423077,0.250000,1,1,9.615385e-02
52,0.320755,0.415094,0.264151,0.320755,0.415094,0.264151,2,2,9.433962e-02
53,0.314815,0.407407,0.277778,0.314815,0.407407,0.277778,2,2,9.259259e-02
54,0.309091,0.400000,0.290909,0.309091,0.400000,0.290909,2,2,9.090909e-02
55,0.303571,0.392857,0.303571,0.303571,0.392857,0.303571,2,2,8.928571e-02
56,0.298246,0.385965,0.315789,0.298246,0.385965,0.315789,2,2,8.771930e-02
57,0.293103,0.379310,0.327586,0.293103,0.379310,0.327586,2,2,8.620690e-02
58,0.288136,0.372881,0.338983,0.288136,0.372881,0.338983,2,2,8.474576e-02
59,0.283333,0.366667,0.350000,0.283333,0.366667,0.350000,2,2,8.333333e-02
60,0.278689,0.360656,0.360656,0.278689,0.360656,0.360656,2,2,8.196721e-02
61,0.274194,0.354839,0.370968,0.274194,0.354839,0.370968,2,2,8.064516e-02
62,0.269841,0.349206,0.380952,0.269841,0.349206,0.380952,2,2,7.936508e-02
63,0.265625,0.343750,0.390625,0.265625,0.343750,0.390625,2,2,7.812500e-02
64,0.261538,0.338462,0.400000,0.261538,0.338462,0.400000,2,2,7.692308e-02
65,0.257576,0.333333,0.409091,0.257576,0.333333,0.409091,2,2,7.575758e-02
66,0.268657,0.328358,0.402985,0.268657,0.328358,0.402985,0,0,7.462687e-02
67,0.279412,0.323529,0.397059,0.279412,0.323529,0.397059,0,0,7.352941e-02
68,0.289855,0.318841,0.391304,0.289855,0.318841,0.391304,0,0,7.246377e-02
69,0.300000,0.314286,0.385714,0.300000,0.314286,0.385714,0,0,7.142857e-02
70,0.309859,0.309859,0.380282,0.309859,0.309859,0.380282,0,0,7.042254e-02
71,0.319444,0.305556,0.375000,0.319444,0.305556,0.375000,0,0,6.944444e-02
72,0.328767,0.301370,0.369863,0.328767,0.301370,0.369863,0,0,6.849315e-02
73,0.337838,0.297297,0.364865,0.337838,0.297297,0.364865,0,0,6.756757e-02
74,0.346667,0.293333,0.360000,0.346667,0.293333,0.360000,0,0,6.666667e-02
75,0.355263,0.289474,0.355263,0.355263,0.289474,0.355263,0,0,6.578947e-02
76,0.363636,0.285714,0.350649,0.363636,0.285714,0.350649,0,0,6.493506e-02
77,0.371795,0.282051,0.346154,0.371795,0.282051,0.346154,0,0,6.410256e-02
78,0.379747,0.278481,0.341772,0.379747,0.278481,0.341772,0,0,6.329114e-02
79,0.387500,0.275000,0.337500,0.387500,0.275000,0.337500,0,0,6.250000e-02
80,0.395062,0.271605,0.333333,0.395062,0.271605,0.333333,0,0,6.172840e-02
81,0.402439,0.268293,0.329268,0.402439,0.268293,0.329268,0,0,7.317073e-02
82,0.397590,0.277108,0.325301,0.397590,0.277108,0.325301,1,1,7.228916e-02
83,0.392857,0.285714,0.321429,0.392857,0.285714,0.321429,1,1,7.142857e-02
84,0.388235,0.294118,0.317647,0.388235,0.294118,0.317647,1,1,7.058824e-02
85,0.383721,0.302326,0.313953,0.383721,0.302326,0.313953,1,1,6.976744e-02
86,0.379310,0.310345,0.310345,0.379310,0.310345,0.310345,1,1,6.896552e-02
87,0.375000,0.318182,0.306818,0.375000,0.318182,0.306818,1,1,6.818182e-02
88,0.370787,0.325843,0.303371,0.370787,0.325843,0.303371,1,1,6.741573e-02
89,0.366667,0.333333,0.300000,0.366667,0.333333,0.300000,1,1,6.666667e-02
90,0.362637,0.340659,0.296703,0.362637,0.340659,0.296703,1,1,6.593407e-02
91,0.358696,0.347826,0.293478,0.358696,0.347826,0.293478,1,1,6.521739e-02
92,0.354839,0.354839,0.290323,0.354839,0.354839,0.290323,1,1,6.451613e-02
93,0.351064,0.361702,0.287234,0.351064,0.361702,0.287234,1,1,6.382979e-02
94,0.347368,0.368421,0.284211,0.347368,0.368421,0.284211,1,1,6.315789e-02
95,0.343750,0.375000,0.281250,0.343750,0.375000,0.281250,1,1,6.250000e-02
96,0.340206,0.381443,0.278351,0.340206,0.381443,0.278351,1,1,6.185567e-02
97,0.336735,0.387755,0.275510,0.336735,0.387755,0.275510,1,1,6.122449e-02
98,0.333333,0.393939,0.272727,0.333333,0.393939,0.272727,1,1,6.060606e-02
99,0.330000,0.400000,0.270000,0.330000,0.400000,0.270000,1,1,7.000000e-02
100,0.326733,0.396040,0.277228,0.326733,0.396040,0.277228,2,2,6.930693e-02
101,0.323529,0.392157,0.284314,0.323529,0.392157,0.284314,2,2,6.862745e-02
102,0.320388,0.388350,0.291262,0.320388,0.388350,0.291262,2,2,6.796117e-02
103,0.317308,0.384615,0.298077,0.317308,0.384615,0.298077,2,2,6.730769e-02
104,0.314286,0.380952,0.304762,0.314286,0.380952,0.304762,2,2,6.666667e-02
105,0.311321,0.377358,0.311321,0.311321,0.377358,0.311321,2,2,6.603774e-02
106,0.308411,0.373832,0.317757,0.308411,0.373832,0.317757,2,2,6.542056e-02
107,0.305556,0.370370,0.324074,0.305556,0.370370,0.324074,2,2,6.481481e-02
108,0.302752,0.366972,0.330275,0.302752,0.366972,0.330275,2,2,6.422018e-02
109,0.300000,0.363636,0.336364,0.300000,0.363636,0.336364,2,2,6.363636e-02
110,0.297297,0.360360,0.342342,0.297297,0.360360,0.342342,2,2,6.306306e-02
111,0.294643,0.357143,0.348214,0.294643,0.357143,0.348214,2,2,6.250000e-02
112,0.292035,0.353982,0.353982,0.292035,0.353982,0.353982,2,2,6.194690e-02
113,0.289474,0.350877,0.359649,0.289474,0.350877,0.359649,2,2,6.140351e-02
114,0.286957,0.347826,0.365217,0.286957,0.347826,0.365217,2,2,6.086957e-02
115,0.284483,0.344828,0.370690,0.284483,0.344828,0.370690,2,2,6.034483e-02
116,0.282051,0.341880,0.376068,0.282051,0.341880,0.376068,2,2,5.982906e-02
117,0.279661,0.338983,0.381356,0.279661,0.338983,0.381356,2,2,5.932203e-02
118,0.277311,0.336134,0.386555,0.277311,0.336134,0.386555,2,2,5.882353e-02
119,0.275000,0.333333,0.391667,0.275000,0.333333,0.391667,2,2,5.833333e-02
120,0.280992,0.330579,0.388430,0.280992,0.330579,0.388430,0,0,5.785124e-02
121,0.286885,0.327869,0.385246,0.286885,0.327869,0.385246,0,0,5.737705e-02
122,0.292683,0.325203,0.382114,0.292683,0.325203,0.382114,0,0,5.691057e-02
123,0.298387,0.322581,0.379032,0.298387,0.322581,0.379032,0,0,5.645161e-02
124,0.304000,0.320000,0.376000,0.304000,0.320000,0.376000,0,0,5.600000e-02
125,0.309524,0.317460,0.373016,0.309524,0.317460,0.373016,0,0,5.555556e-02
126,0.314961,0.314961,0.370079,0.314961,0.314961,0.370079,0,0,5.511811e-02
127,0.320312,0.312500,0.367188,0.320312,0.312500,0.367188,0,0,5.468750e-02
128,0.325581,0.310078,0.364341,0.325581,0.310078,0.364341,0,0,5.426357e-02
129,0.330769,0.307692,0.361538,0.330769,0.307692,0.361538,0,0,5.384615e-02
130,0.335878,0.305344,0.358779,0.335878,0.305344,0.358779,0,0,5.343511e-02
131,0.340909,0.303030,0.356061,0.340909,0.303030,0.356061,0,0,5.303030e-02
132,0.345865,0.300752,0.353383,0.345865,0.300752,0.353383,0,0,5.263158e-02
133,0.350746,0.298507,0.350746,0.350746,0.298507,0.350746,0,0,5.223881e-02
134,0.355556,0.296296,0.348148,0.355556,0.296296,0.348148,0,0,5.185185e-02
135,0.360294,0.294118,0.345588,0.360294,0.294118,0.345588,0,0,5.147059e-02
136,0.364964,0.291971,0.343066,0.364964,0.291971,0.343066,0,0,5.109489e-02
137,0.369565,0.289855,0.340580,0.369565,0.289855,0.340580,0,0,5.072464e-02
138,0.374101,0.287770,0.338129,0.374101,0.287770,0.338129,0,0,5.035971e-02
139,0.378571,0.285714,0.335714,0.378571,0.285714,0.335714,0,0,5.000000e-02
140,0.382979,0.283688,0.333333,0.382979,0.283688,0.333333,0,0,4.964539e-02
141,0.380282,0.288732,0.330986,0.380282,0.288732,0.330986,1,1,4.929577e-02
142,0.377622,0.293706,0.328671,0.377622,0.293706,0.328671,1,1,4.895105e-02
143,0.375000,0.298611,0.326389,0.375000,0.298611,0.326389,1,1,4.861111e-02
144,0.372414,0.303448,0.324138,0.372414,0.303448,0.324138,1,1,4.827586e-02
145,0.369863,0.308219,0.321918,0.369863,0.308219,0.321918,1,1,4.794521e-02
146,0.367347,0.312925,0.319728,0.367347,0.312925,0.319728,1,1,4.761905e-02
147,0.364865,0.317568,0.317568,0.364865,0.317568,0.317568,1,1,4.729730e-02
148,0.362416,0.322148,0.315436,0.362416,0.322148,0.315436,1,1,4.697987e-02
149,0.360000,0.326667,0.313333,0.360000,0.326667,0.313333,1,1,4.666667e-02
150,0.357616,0.331126,0.311258,0.357616,0.331126,0.311258,1,1,4.635762e-02
151,0.355263,0.335526,0.309211,0.355263,0.335526,0.309211,1,1,4.605263e-02
152,0.352941,0.339869,0.307190,0.352941,0.339869,0.307190,1,1,4.575163e-02
153,0.350649,0.344156,0.305195,0.350649,0.344156,0.305195,1,1,4.545455e-02
154,0.348387,0.348387,0.303226,0.348387,0.348387,0.303226,1,1,4.516129e-02
155,0.346154,0.352564,0.301282,0.346154,0.352564,0.301282,1,1,4.487179e-02
156,0.343949,0.356688,0.299363,0.343949,0.356688,0.299363,1,1,4.458599e-02
157,0.341772,0.360759,0.297468,0.341772,0.360759,0.297468,1,1,4.430380e-02
158,0.339623,0.364780,0.295597,0.339623,0.364780,0.295597,1,1,4.402516e-02
159,0.337500,0.368750,0.293750,0.337500,0.368750,0.293750,1,1,4.375000e-02
160,0.335404,0.372671,0.291925,0.335404,0.372671,0.291925,1,1,4.347826e-02
161,0.333333,0.376543,0.290123,0.333333,0.376543,0.290123,1,1,4.320988e-02
162,0.331288,0.374233,0.294479,0.331288,0.374233,0.294479,2,2,4.294479e-02
163,0.329268,0.371951,0.298780,0.329268,0.371951,0.298780,2,2,4.268293e-02
164,0.327273,0.369697,0.303030,0.327273,0.369697,0.303030,2,2,4.242424e-02
165,0.325301,0.367470,0.307229,0.325301,0.367470,0.307229,2,2,4.216867e-02
166,0.323353,0.365269,0.311377,0.323353,0.365269,0.311377,2,2,4.191617e-02
167,0.321429,0.363095,0.315476,0.321429,0.363095,0.315476,2,2,4.166667e-02
168,0.319527,0.360947,0.319527,0.319527,0.360947,0.319527,2,2,4.142012e-02
169,0.317647,0.358824,0.323529,0.317647,0.358824,0.323529,2,2,4.117647e-02
170,0.315789,0.356725,0.327485,0.315789,0.356725,0.327485,2,2,4.093567e-02
171,0.313953,0.354651,0.331395,0.313953,0.354651,0.331395,2,2,4.069767e-02
172,0.312139,0.352601,0.335260,0.312139,0.352601,0.335260,2,2,4.046243e-02
173,0.310345,0.350575,0.339080,0.310345,0.350575,0.339080,2,2,4.022989e-02
174,0.308571,0.348571,0.342857,0.308571,0.348571,0.342857,2,2,4.000000e-02
175,0.306818,0.346591,0.346591,0.306818,0.346591,0.346591,2,2,3.977273e-02
176,0.305085,0.344633,0.350282,0.305085,0.344633,0.350282,2,2,3.954802e-02
177,0.303371,0.342697,0.353933,0.303371,0.342697,0.353933,2,2,3.932584e-02
178,0.301676,0.340782,0.357542,0.301676,0.340782,0.357542,2,2,3.910615e-02
179,0.300000,0.338889,0.361111,0.300000,0.338889,0.361111,2,2,3.888889e-02
180,0.298343,0.337017,0.364641,0.298343,0.337017,0.364641,2,2,3.867403e-02
181,0.296703,0.335165,0.368132,0.296703,0.335165,0.368132,2,2,3.846154e-02
182,0.295082,0.333333,0.371585,0.295082,0.333333,0.371585,2,2,3.825137e-02
183,0.298913,0.331522,0.369565,0.298913,0.331522,0.369565,0,0,3.804348e-02
184,0.302703,0.329730,0.367568,0.302703,0.329730,0.367568,0,0,3.783784e-02
185,0.306452,0.327957,0.365591,0.306452,0.327957,0.365591,0,0,3.763441e-02
186,0.310160,0.326203,0.363636,0.310160,0.326203,0.363636,0,0,3.743316e-02
187,0.313830,0.324468,0.361702,0.313830,0.324468,0.361702,0,0,3.723404e-02
188,0.317460,0.322751,0.359788,0.317460,0.322751,0.359788,0,0,3.703704e-02
189,0.321053,0.321053,0.357895,0.321053,0.321053,0.357895,0,0,3.684211e-02
190,0.324607,0.319372,0.356021,0.324607,0.319372,0.356021,0,0,3.664921e-02
191,0.328125,0.317708,0.354167,0.328125,0.317708,0.354167,0,0,3.645833e-02
192,0.331606,0.316062,0.352332,0.331606,0.316062,0.352332,0,0,3.626943e-02
193,0.335052,0.314433,0.350515,0.335052,0.314433,0.350515,0,0,3.608247e-02
194,0.338462,0.312821,0.348718,0.338462,0.312821,0.348718,0,0,3.589744e-02
195,0.341837,0.311224,0.346939,0.341837,0.311224,0.346939,0,0,3.571429e-02
196,0.345178,0.309645,0.345178,0.345178,0.309645,0.345178,0,0,3.553299e-02
197,0.348485,0.308081,0.343434,0.348485,0.308081,0.343434,0,0,3.535354e-02
198,0.351759,0.306533,0.341709,0.351759,0.306533,0.341709,0,0,3.517588e-02
199,0.355000,0.305000,0.340000,0.355000,0.305000,0.340000,0,0,3.500000e-02
200,0.358209,0.303483,0.338308,0.358209,0.303483,0.338308,0,0,3.482587e-02
201,0.361386,0.301980,0.336634,0.361386,0.301980,0.336634,0,0,3.465347e-02
202,0.364532,0.300493,0.334975,0.364532,0.300493,0.334975,0,0,3.448276e-02
203,0.367647,0.299020,0.333333,0.367647,0.299020,0.333333,0,0,3.431373e-02
204,0.365854,0.302439,0.331707,0.365854,0.302439,0.331707,1,1,3.414634e-02
205,0.364078,0.305825,0.330097,0.364078,0.305825,0.330097,1,1,3.398058e-02
206,0.362319,0.309179,0.328502,0.362319,0.309179,0.328502,1,1,3.381643e-02
207,0.360577,0.312500,0.326923,0.360577,0.312500,0.326923,1,1,3.365385e-02
208,0.358852,0.315789,0.325359,0.358852,0.315789,0.325359,1,1,3.349282e-02
209,0.357143,0.319048,0.323810,0.357143,0.319048,0.323810,1,1,3.333333e-02
210,0.355450,0.322275,0.322275,0.355450,0.322275,0.322275,1,1,3.317536e-02
211,0.353774,0.325472,0.320755,0.353774,0.325472,0.320755,1,1,3.301887e-02
212,0.352113,0.328638,0.319249,0.352113,0.328638,0.319249,1,1,3.286385e-02
213,0.350467,0.331776,0.317757,0.350467,0.331776,0.317757,1,1,3.271028e-02
214,0.348837,0.334884,0.316279,0.348837,0.334884,0.316279,1,1,3.255814e-02
215,0.347222,0.337963,0.314815,0.347222,0.337963,0.314815,1,1,3.240741e-02
216,0.345622,0.341014,0.313364,0.345622,0.341014,0.313364,1,1,3.225806e-02
217,0.344037,0.344037,0.311927,0.344037,0.344037,0.311927,1,1,3.211009e-02
218,0.342466,0.347032,0.310502,0.342466,0.347032,0.310502,1,1,3.196347e-02
219,0.340909,0.350000,0.309091,0.340909,0.350000,0.309091,1,1,3.181818e-02
220,0.339367,0.352941,0.307692,0.339367,0.352941,0.307692,1,1,3.167421e-02
221,0.337838,0.355856,0.306306,0.337838,0.355856,0.306306,1,1,3.153153e-02
222,0.336323,0.358744,0.304933,0.336323,0.358744,0.304933,1,1,3.139013e-02
223,0.334821,0.361607,0.303571,0.334821,0.361607,0.303571,1,1,3.125000e-02
224,0.333333,0.364444,0.302222,0.333333,0.364444,0.302222,1,1,3.111111e-02
225,0.331858,0.362832,0.305310,0.331858,0.362832,0.305310,2,2,3.097345e-02
226,0.330396,0.361233,0.308370,0.330396,0.361233,0.308370,2,2,3.083700e-02
227,0.328947,0.359649,0.311404,0.328947,0.359649,0.311404,2,2,3.070175e-02
228,0.327511,0.358079,0.314410,0.327511,0.358079,0.314410,2,2,3.056769e-02
229,0.326087,0.356522,0.317391,0.326087,0.356522,0.317391,2,2,3.043478e-02
230,0.324675,0.354978,0.320346,0.324675,0.354978,0.320346,2,2,3.030303e-02
231,0.323276,0.353448,0.323276,0.323276,0.353448,0.323276,2,2,3.017241e-02
232,0.321888,0.351931,0.326180,0.321888,0.351931,0.326180,2,2,3.004292e-02
233,0.320513,0.350427,0.329060,0.320513,0.350427,0.329060,2,2,2.991453e-02
234,0.319149,0.348936,0.331915,0.319149,0.348936,0.331915,2,2,2.978723e-02
235,0.317797,0.347458,0.334746,0.317797,0.347458,0.334746,2,2,2.966102e-02
236,0.316456,0.345992,0.337553,0.316456,0.345992,0.337553,2,2,2.953586e-02
237,0.315126,0.344538,0.340336,0.315126,0.344538,0.340336,2,2,2.941176e-02
238,0.313808,0.343096,0.343096,0.313808,0.343096,0.343096,2,2,2.928870e-02
239,0.312500,0.341667,0.345833,0.312500,0.341667,0.345833,2,2,2.916667e-02
240,0.311203,0.340249,0.348548,0.311203,0.340249,0.348548,2,2,2.904564e-02
241,0.309917,0.338843,0.351240,0.309917,0.338843,0.351240,2,2,2.892562e-02
242,0.308642,0.337449,0.353909,0.308642,0.337449,0.353909,2,2,2.880658e-02
243,0.307377,0.336066,0.356557,0.307377,0.336066,0.356557,2,2,2.868852e-02
244,0.306122,0.334694,0.359184,0.306122,0.334694,0.359184,2,2,2.857143e-02
245,0.304878,0.333333,0.361789,0.304878,0.333333,0.361789,2,2,2.845528e-02
246,0.307692,0.331984,0.360324,0.307692,0.331984,0.360324,0,0,2.834008e-02
247,0.310484,0.330645,0.358871,0.310484,0.330645,0.358871,0,0,2.822581e-02
248,0.313253,0.329317,0.357430,0.313253,0.329317,0.357430,0,0,2.811245e-02
249,0.316000,0.328000,0.356000,0.316000,0.328000,0.356000,0,0,2.800000e-02
250,0.318725,0.326693,0.354582,0.318725,0.326693,0.354582,0,0,2.788845e-02
251,0.321429,0.325397,0.353175,0.321429,0.325397,0.353175,0,0,2.777778e-02
252,0.324111,0.324111,0.351779,0.324111,0.324111,0.351779,0,0,2.766798e-02
253,0.326772,0.322835,0.350394,0.326772,0.322835,0.350394,0,0,2.755906e-02
254,0.329412,0.321569,0.349020,0.329412,0.321569,0.349020,0,0,2.745098e-02
255,0.332031,0.320312,0.347656,0.332031,0.320312,0.347656,0,0,2.734375e-02
256,0.334630,0.319066,0.346304,0.334630,0.319066,0.346304,0,0,2.723735e-02
257,0.337209,0.317829,0.344961,0.337209,0.317829,0.344961,0,0,2.713178e-02
258,0.339768,0.316602,0.343629,0.339768,0.316602,0.343629,0,0,2.702703e-02
259,0.342308,0.315385,0.342308,0.342308,0.315385,0.342308,0,0,2.692308e-02
260,0.344828,0.314176,0.340996,0.344828,0.314176,0.340996,0,0,2.681992e-02
261,0.347328,0.312977,0.339695,0.347328,0.312977,0.339695,0,0,2.671756e-02
262,0.349810,0.311787,0.338403,0.349810,0.311787,0.338403,0,0,2.661597e-02
263,0.352273,0.310606,0.337121,0.352273,0.310606,0.337121,0,0,2.651515e-02
264,0.354717,0.309434,0.335849,0.354717,0.309434,0.335849,0,0,2.641509e-02
265,0.357143,0.308271,0.334586,0.357143,0.308271,0.334586,0,0,2.631579e-02
266,0.359551,0.307116,0.333333,0.359551,0.307116,0.333333,0,0,2.621723e-02
267,0.361940,0.305970,0.332090,0.361940,0.305970,0.332090,0,0,2.985075e-02
268,0.360595,0.308550,0.330855,0.360595,0.308550,0.330855,1,1,2.973978e-02
269,0.359259,0.311111,0.329630,0.359259,0.311111,0.329630,1,1,2.962963e-02
270,0.357934,0.313653,0.328413,0.357934,0.313653,0.328413,1,1,2.952030e-02
271,0.356618,0.316176,0.327206,0.356618,0.316176,0.327206,1,1,2.941176e-02
272,0.355311,0.318681,0.326007,0.355311,0.318681,0.326007,1,1,2.930403e-02
273,0.354015,0.321168,0.324818,0.354015,0.321168,0.324818,1,1,2.919708e-02
274,0.352727,0.323636,0.323636,0.352727,0.323636,0.323636,1,1,2.909091e-02
275,0.351449,0.326087,0.322464,0.351449,0.326087,0.322464,1,1,2.898551e-02
276,0.350181,0.328520,0.321300,0.350181,0.328520,0.321300,1,1,2.888087e-02
277,0.348921,0.330935,0.320144,0.348921,0.330935,0.320144,1,1,2.877698e-02
278,0.347670,0.333333,0.318996,0.347670,0.333333,0.318996,1,1,2.867384e-02
279,0.346429,0.335714,0.317857,0.346429,0.335714,0.317857,1,1,2.857143e-02
280,0.345196,0.338078,0.316726,0.345196,0.338078,0.316726,1,1,2.846975e-02
281,0.343972,0.340426,0.315603,0.343972,0.340426,0.315603,1,1,2.836879e-02
282,0.342756,0.342756,0.314488,0.342756,0.342756,0.314488,1,1,2.826855e-02
283,0.341549,0.345070,0.313380,0.341549,0.345070,0.313380,1,1,2.816901e-02
284,0.340351,0.347368,0.312281,0.340351,0.347368,0.312281,1,1,2.807018e-02
285,0.339161,0.349650,0.311189,0.339161,0.349650,0.311189,1,1,2.797203e-02
286,0.337979,0.351916,0.310105,0.337979,0.351916,0.310105,1,1,2.787456e-02
287,0.336806,0.354167,0.309028,0.336806,0.354167,0.309028,1,1,2.777778e-02
288,0.335640,0.356401,0.307958,0.335640,0.356401,0.307958,1,1,2.768166e-02
289,0.334483,0.358621,0.306897,0.334483,0.358621,0.306897,1,1,2.758621e-02
290,0.333333,0.360825,0.305842,0.333333,0.360825,0.305842,1,1,2.749141e-02
291,0.332192,0.359589,0.308219,0.332192,0.359589,0.308219,2,2,2.739726e-02
292,0.331058,0.358362,0.310580,0.331058,0.358362,0.310580,2,2,2.730375e-02
293,0.329932,0.357143,0.312925,0.329932,0.357143,0.312925,2,2,2.721088e-02
294,0.328814,0.355932,0.315254,0.328814,0.355932,0.315254,2,2,2.711864e-02
295,0.327703,0.354730,0.317568,0.327703,0.354730,0.317568,2,2,2.702703e-02
296,0.326599,0.353535,0.319865,0.326599,0.353535,0.319865,2,2,2.693603e-02
297,0.325503,0.352349,0.322148,0.325503,0.352349,0.322148,2,2,2.684564e-02
298,0.324415,0.351171,0.324415,0.324415,0.351171,0.324415,2,2,2.675585e-02
299,0.323333,0.350000,0.326667,0.323333,0.350000,0.326667,2,2,2.666667e-02
300,0.322259,0.348837,0.328904,0.322259,0.348837,0.328904,2,2,2.657807e-02
301,0.321192,0.347682,0.331126,0.321192,0.347682,0.331126,2,2,2.649007e-02
302,0.320132,0.346535,0.333333,0.320132,0.346535,0.333333,2,2,2.640264e-02
303,0.319079,0.345395,0.335526,0.319079,0.345395,0.335526,2,2,2.631579e-02
304,0.318033,0.344262,0.337705,0.318033,0.344262,0.337705,2,2,2.622951e-02
305,0.316993,0.343137,0.339869,0.316993,0.343137,0.339869,2,2,2.614379e-02
306,0.315961,0.342020,0.342020,0.315961,0.342020,0.342020,2,2,2.605863e-02
307,0.314935,0.340909,0.344156,0.314935,0.340909,0.344156,2,2,2.597403e-02
308,0.313916,0.339806,0.346278,0.313916,0.339806,0.346278,2,2,2.588997e-02
309,0.312903,0.338710,0.348387,0.312903,0.338710,0.348387,2,2,2.580645e-02
310,0.311897,0.337621,0.350482,0.311897,0.337621,0.350482,2,2,2.572347e-02
311,0.310897,0.336538,0.352564,0.310897,0.336538,0.352564,2,2,2.564103e-02
312,0.309904,0.335463,0.354633,0.309904,0.335463,0.354633,2,2,2.555911e-02
313,0.308917,0.334395,0.356688,0.308917,0.334395,0.356688,2,2,2.547771e-02
314,0.307937,0.333333,0.358730,0.307937,0.333333,0.358730,2,2,2.539683e-02
315,0.310127,0.332278,0.357595,0.310127,0.332278,0.357595,0,0,2.531646e-02
316,0.312303,0.331230,0.356467,0.312303,0.331230,0.356467,0,0,2.523659e-02
317,0.314465,0.330189,0.355346,0.314465,0.330189,0.355346,0,0,2.515723e-02
318,0.316614,0.329154,0.354232,0.316614,0.329154,0.354232,0,0,2.507837e-02
319,0.318750,0.328125,0.353125,0.318750,0.328125,0.353125,0,0,2.500000e-02
320,0.320872,0.327103,0.352025,0.320872,0.327103,0.352025,0,0,2.492212e-02
321,0.322981,0.326087,0.350932,0.322981,0.326087,0.350932,0,0,2.484472e-02
322,0.325077,0.325077,0.349845,0.325077,0.325077,0.349845,0,0,2.476780e-02
323,0.327160,0.324074,0.348765,0.327160,0.324074,0.348765,0,0,2.469136e-02
324,0.329231,0.323077,0.347692,0.329231,0.323077,0.347692,0,0,2.461538e-02
325,0.331288,0.322086,0.346626,0.331288,0.322086,0.346626,0,0,2.453988e-02
326,0.333333,0.321101,0.345566,0.333333,0.321101,0.345566,0,0,2.446483e-02
327,0.335366,0.320122,0.344512,0.335366,0.320122,0.344512,0,0,2.439024e-02
328,0.337386,0.319149,0.343465,0.337386,0.319149,0.343465,0,0,2.431611e-02
329,0.339394,0.318182,0.342424,0.339394,0.318182,0.342424,0,0,2.424242e-02
330,0.341390,0.317221,0.341390,0.341390,0.317221,0.341390,0,0,2.416918e-02
331,0.343373,0.316265,0.340361,0.343373,0.316265,0.340361,0,0,2.409639e-02
332,0.345345,0.315315,0.339339,0.345345,0.315315,0.339339,0,0,2.402402e-02
333,0.347305,0.314371,0.338323,0.347305,0.314371,0.338323,0,0,2.395210e-02
334,0.349254,0.313433,0.337313,0.349254,0.313433,0.337313,0,0,2.388060e-02
335,0.351190,0.312500,0.336310,0.351190,0.312500,0.336310,0,0,2.380952e-02
336,0.353116,0.311573,0.335312,0.353116,0.311573,0.335312,0,0,2.373887e-02
337,0.355030,0.310651,0.334320,0.355030,0.310651,0.334320,0,0,2.366864e-02
338,0.356932,0.309735,0.333333,0.356932,0.309735,0.333333,0,0,2.359882e-02
339,0.358824,0.308824,0.332353,0.358824,0.308824,0.332353,0,0,2.647059e-02
340,0.357771,0.310850,0.331378,0.357771,0.310850,0.331378,1,1,2.639296e-02
341,0.356725,0.312865,0.330409,0.356725,0.312865,0.330409,1,1,2.631579e-02
342,0.355685,0.314869,0.329446,0.355685,0.314869,0.329446,1,1,2.623907e-02
343,0.354651,0.316860,0.328488,0.354651,0.316860,0.328488,1,1,2.616279e-02
344,0.353623,0.318841,0.327536,0.353623,0.318841,0.327536,1,1,2.608696e-02
345,0.352601,0.320809,0.326590,0.352601,0.320809,0.326590,1,1,2.601156e-02
346,0.351585,0.322767,0.325648,0.351585,0.322767,0.325648,1,1,2.593660e-02
347,0.350575,0.324713,0.324713,0.350575,0.324713,0.324713,1,1,2.586207e-02
348,0.349570,0.326648,0.323782,0.349570,0.326648,0.323782,1,1,2.578797e-02
349,0.348571,0.328571,0.322857,0.348571,0.328571,0.322857,1,1,2.571429e-02
350,0.347578,0.330484,0.321937,0.347578,0.330484,0.321937,1,1,2.564103e-02
351,0.346591,0.332386,0.321023,0.346591,0.332386,0.321023,1,1,2.556818e-02
352,0.345609,0.334278,0.320113,0.345609,0.334278,0.320113,1,1,2.549575e-02
353,0.344633,0.336158,0.319209,0.344633,0.336158,0.319209,1,1,2.542373e-02
354,0.343662,0.338028,0.318310,0.343662,0.338028,0.318310,1,1,2.535211e-02
355,0.342697,0.339888,0.317416,0.342697,0.339888,0.317416,1,1,2.528090e-02
356,0.341737,0.341737,0.316527,0.341737,0.341737,0.316527,1,1,2.521008e-02
357,0.340782,0.343575,0.315642,0.340782,0.343575,0.315642,1,1,2.513966e-02
358,0.339833,0.345404,0.314763,0.339833,0.345404,0.314763,1,1,2.506964e-02
359,0.338889,0.347222,0.313889,0.338889,0.347222,0.313889,1,1,2.500000e-02
360,0.337950,0.349030,0.313019,0.337950,0.349030,0.313019,1,1,2.493075e-02
361,0.337017,0.350829,0.312155,0.337017,0.350829,0.312155,1,1,2.486188e-02
362,0.336088,0.352617,0.311295,0.336088,0.352617,0.311295,1,1,2.479339e-02
363,0.335165,0.354396,0.310440,0.335165,0.354396,0.310440,1,1,2.472527e-02
364,0.334247,0.356164,0.309589,0.334247,0.356164,0.309589,1,1,2.465753e-02
365,0.333333,0.357923,0.308743,0.333333,0.357923,0.308743,1,1,2.459016e-02
366,0.332425,0.356948,0.310627,0.332425,0.356948,0.310627,2,2,2.452316e-02
367,0.331522,0.355978,0.312500,0.331522,0.355978,0.312500,2,2,2.445652e-02
368,0.330623,0.355014,0.314363,0.330623,0.355014,0.314363,2,2,2.439024e-02
369,0.329730,0.354054,0.316216,0.329730,0.354054,0.316216,2,2,2.432432e-02
370,0.328841,0.353100,0.318059,0.328841,0.353100,0.318059,2,2,2.425876e-02
371,0.327957,0.352151,0.319892,0.327957,0.352151,0.319892,2,2,2.419355e-02
372,0.327078,0.351206,0.321716,0.327078,0.351206,0.321716,2,2,2.412869e-02
373,0.326203,0.350267,0.323529,0.326203,0.350267,0.323529,2,2,2.406417e-02
374,0.325333,0.349333,0.325333,0.325333,0.349333,0.325333,2,2,2.400000e-02
375,0.324468,0.348404,0.327128,0.324468,0.348404,0.327128,2,2,2.393617e-02
376,0.323607,0.347480,0.328912,0.323607,0.347480,0.328912,2,2,2.387268e-02
377,0.322751,0.346561,0.330688,0.322751,0.346561,0.330688,2,2,2.380952e-02
378,0.321900,0.345646,0.332454,0.321900,0.345646,0.332454,2,2,2.374670e-02
379,0.321053,0.344737,0.334211,0.321053,0.344737,0.334211,2,2,2.368421e-02
380,0.320210,0.343832,0.335958,0.320210,0.343832,0.335958,2,2,2.362205e-02
381,0.319372,0.342932,0.337696,0.319372,0.342932,0.337696,2,2,2.356021e-02
382,0.318538,0.342037,0.339426,0.318538,0.342037,0.339426,2,2,2.349869e-02
383,0.317708,0.341146,0.341146,0.317708,0.341146,0.341146,2,2,2.343750e-02
384,0.316883,0.340260,0.342857,0.316883,0.340260,0.342857,2,2,2.337662e-02
385,0.316062,0.339378,0.344560,0.316062,0.339378,0.344560,2,2,2.331606e-02
386,0.315245,0.338501,0.346253,0.315245,0.338501,0.346253,2,2,2.325581e-02
387,0.314433,0.337629,0.347938,0.314433,0.337629,0.347938,2,2,2.319588e-02
388,0.313625,0.336761,0.349614,0.313625,0.336761,0.349614,2,2,2.313625e-02
389,0.312821,0.335897,0.351282,0.312821,0.335897,0.351282,2,2,2.307692e-02
390,0.312020,0.335038,0.352941,0.312020,0.335038,0.352941,2,2,2.301790e-02
391,0.311224,0.334184,0.354592,0.311224,0.334184,0.354592,2,2,2.295918e-02
392,0.310433,0.333333,0.356234,0.310433,0.333333,0.356234,2,2,2.290076e-02
393,0.312183,0.332487,0.355330,0.312183,0.332487,0.355330,0,0,2.284264e-02
394,0.313924,0.331646,0.354430,0.313924,0.331646,0.354430,0,0,2.278481e-02
395,0.315657,0.330808,0.353535,0.315657,0.330808,0.353535,0,0,2.272727e-02
396,0.317380,0.329975,0.352645,0.317380,0.329975,0.352645,0,0,2.267003e-02
397,0.319095,0.329146,0.351759,0.319095,0.329146,0.351759,0,0,2.261307e-02
398,0.320802,0.328321,0.350877,0.320802,0.328321,0.350877,0,0,2.255639e-02
399,0.322500,0.327500,0.350000,0.322500,0.327500,0.350000,0,0,2.250000e-02
400,0.324190,0.326683,0.349127,0.324190,0.326683,0.349127,0,0,2.244389e-02
401,0.325871,0.325871,0.348259,0.325871,0.325871,0.348259,0,0,2.238806e-02
402,0.327543,0.325062,0.347395,0.327543,0.325062,0.347395,0,0,2.233251e-02
403,0.329208,0.324257,0.346535,0.329208,0.324257,0.346535,0,0,2.227723e-02
404,0.330864,0.323457,0.345679,0.330864,0.323457,0.345679,0,0,2.222222e-02
405,0.332512,0.322660,0.344828,0.332512,0.322660,0.344828,0,0,2.216749e-02
406,0.334152,0.321867,0.343980,0.334152,0.321867,0.343980,0,0,2.211302e-02
407,0.335784,0.321078,0.343137,0.335784,0.321078,0.343137,0,0,2.205882e-02
408,0.337408,0.320293,0.342298,0.337408,0.320293,0.342298,0,0,2.200489e-02
409,0.339024,0.319512,0.341463,0.339024,0.319512,0.341463,0,0,2.195122e-02
410,0.340633,0.318735,0.340633,0.340633,0.318735,0.340633,0,0,2.189781e-02
411,0.342233,0.317961,0.339806,0.342233,0.317961,0.339806,0,0,2.184466e-02
412,0.343826,0.317191,0.338983,0.343826,0.317191,0.338983,0,0,2.179177e-02
413,0.345411,0.316425,0.338164,0.345411,0.316425,0.338164,0,0,2.173913e-02
414,0.346988,0.315663,0.337349,0.346988,0.315663,0.337349,0,0,2.168675e-02
415,0.348558,0.314904,0.336538,0.348558,0.314904,0.336538,0,0,2.163462e-02
416,0.350120,0.314149,0.335731,0.350120,0.314149,0.335731,0,0,2.158273e-02
417,0.351675,0.313397,0.334928,0.351675,0.313397,0.334928,0,0,2.153110e-02
418,0.353222,0.312649,0.334129,0.353222,0.312649,0.334129,0,0,2.147971e-02
419,0.354762,0.311905,0.333333,0.354762,0.311905,0.333333,0,0,2.142857e-02
420,0.353919,0.313539,0.332542,0.353919,0.313539,0.332542,1,1,2.137767e-02
421,0.353081,0.315166,0.331754,0.353081,0.315166,0.331754,1,1,2.132701e-02
422,0.352246,0.316785,0.330969,0.352246,0.316785,0.330969,1,1,2.127660e-02
423,0.351415,0.318396,0.330189,0.351415,0.318396,0.330189,1,1,2.122642e-02
424,0.350588,0.320000,0.329412,0.350588,0.320000,0.329412,1,1,2.117647e-02
425,0.349765,0.321596,0.328638,0.349765,0.321596,0.328638,1,1,2.112676e-02
426,0.348946,0.323185,0.327869,0.348946,0.323185,0.327869,1,1,2.107728e-02
427,0.348131,0.324766,0.327103,0.348131,0.324766,0.327103,1,1,2.102804e-02
428,0.347319,0.326340,0.326340,0.347319,0.326340,0.326340,1,1,2.097902e-02
429,0.346512,0.327907,0.325581,0.346512,0.327907,0.325581,1,1,2.093023e-02
430,0.345708,0.329466,0.324826,0.345708,0.329466,0.324826,1,1,2.088167e-02
431,0.344907,0.331019,0.324074,0.344907,0.331019,0.324074,1,1,2.083333e-02
432,0.344111,0.332564,0.323326,0.344111,0.332564,0.323326,1,1,2.078522e-02
433,0.343318,0.334101,0.322581,0.343318,0.334101,0.322581,1,1,2.073733e-02
434,0.342529,0.335632,0.321839,0.342529,0.335632,0.321839,1,1,2.068966e-02
435,0.341743,0.337156,0.321101,0.341743,0.337156,0.321101,1,1,2.064220e-02
436,0.340961,0.338673,0.320366,0.340961,0.338673,0.320366,1,1,2.059497e-02
437,0.340183,0.340183,0.319635,0.340183,0.340183,0.319635,1,1,2.054795e-02
438,0.339408,0.341686,0.318907,0.339408,0.341686,0.318907,1,1,2.050114e-02
439,0.338636,0.343182,0.318182,0.338636,0.343182,0.318182,1,1,2.045455e-02
440,0.337868,0.344671,0.317460,0.337868,0.344671,0.317460,1,1,2.040816e-02
441,0.337104,0.346154,0.316742,0.337104,0.346154,0.316742,1,1,2.036199e-02
442,0.336343,0.347630,0.316027,0.336343,0.347630,0.316027,1,1,2.031603e-02
443,0.335586,0.349099,0.315315,0.335586,0.349099,0.315315,1,1,2.027027e-02
444,0.334831,0.350562,0.314607,0.334831,0.350562,0.314607,1,1,2.022472e-02
445,0.334081,0.352018,0.313901,0.334081,0.352018,0.313901,1,1,2.017937e-02
446,0.333333,0.353468,0.313199,0.333333,0.353468,0.313199,1,1,2.013423e-02
447,0.332589,0.352679,0.314732,0.332589,0.352679,0.314732,2,2,2.008929e-02
448,0.331849,0.351893,0.316258,0.331849,0.351893,0.316258,2,2,2.004454e-02
449,0.331111,0.351111,0.317778,0.331111,0.351111,0.317778,2,2,2.000000e-02
450,0.330377,0.350333,0.319290,0.330377,0.350333,0.319290,2,2,1.995565e-02
451,0.329646,0.349558,0.320796,0.329646,0.349558,0.320796,2,2,1.991150e-02
452,0.328918,0.348786,0.322296,0.328918,0.348786,0.322296,2,2,1.986755e-02
453,0.328194,0.348018,0.323789,0.328194,0.348018,0.323789,2,2,1.982379e-02
454,0.327473,0.347253,0.325275,0.327473,0.347253,0.325275,2,2,1.978022e-02
455,0.326754,0.346491,0.326754,0.326754,0.346491,0.326754,2,2,1.973684e-02
456,0.326039,0.345733,0.328228,0.326039,0.345733,0.328228,2,2,1.969365e-02
457,0.325328,0.344978,0.329694,0.325328,0.344978,0.329694,2,2,1.965066e-02
458,0.324619,0.344227,0.331155,0.324619,0.344227,0.331155,2,2,1.960784e-02
459,0.323913,0.343478,0.332609,0.323913,0.343478,0.332609,2,2,1.956522e-02
460,0.323210,0.342733,0.334056,0.323210,0.342733,0.334056,2,2,1.952278e-02
461,0.322511,0.341991,0.335498,0.322511,0.341991,0.335498,2,2,1.948052e-02
462,0.321814,0.341253,0.336933,0.321814,0.341253,0.336933,2,2,1.943844e-02
463,0.321121,0.340517,0.338362,0.321121,0.340517,0.338362,2,2,1.939655e-02
464,0.320430,0.339785,0.339785,0.320430,0.339785,0.339785,2,2,1.935484e-02
465,0.319742,0.339056,0.341202,0.319742,0.339056,0.341202,2,2,1.931330e-02
466,0.319058,0.338330,0.342612,0.319058,0.338330,0.342612,2,2,1.927195e-02
467,0.318376,0.337607,0.344017,0.318376,0.337607,0.344017,2,2,1.923077e-02
468,0.317697,0.336887,0.345416,0.317697,0.336887,0.345416,2,2,1.918977e-02
469,0.317021,0.336170,0.346809,0.317021,0.336170,0.346809,2,2,1.914894e-02
470,0.316348,0.335456,0.348195,0.316348,0.335456,0.348195,2,2,1.910828e-02
471,0.315678,0.334746,0.349576,0.315678,0.334746,0.349576,2,2,1.906780e-02
472,0.315011,0.334038,0.350951,0.315011,0.334038,0.350951,2,2,1.902748e-02
473,0.314346,0.333333,0.352321,0.314346,0.333333,0.352321,2,2,1.898734e-02
474,0.315789,0.332632,0.351579,0.315789,0.332632,0.351579,0,0,1.894737e-02
475,0.317227,0.331933,0.350840,0.317227,0.331933,0.350840,0,0,1.890756e-02
476,0.318658,0.331237,0.350105,0.318658,0.331237,0.350105,0,0,1.886792e-02
477,0.320084,0.330544,0.349372,0.320084,0.330544,0.349372,0,0,1.882845e-02
478,0.321503,0.329854,0.348643,0.321503,0.329854,0.348643,0,0,1.878914e-02
479,0.322917,0.329167,0.347917,0.322917,0.329167,0.347917,0,0,1.875000e-02
480,0.324324,0.328482,0.347193,0.324324,0.328482,0.347193,0,0,1.871102e-02
481,0.325726,0.327801,0.346473,0.325726,0.327801,0.346473,0,0,1.867220e-02
482,0.327122,0.327122,0.345756,0.327122,0.327122,0.345756,0,0,1.863354e-02
483,0.328512,0.326446,0.345041,0.328512,0.326446,0.345041,0,0,1.859504e-02
484,0.329897,0.325773,0.344330,0.329897,0.325773,0.344330,0,0,1.855670e-02
485,0.331276,0.325103,0.343621,0.331276,0.325103,0.343621,0,0,1.851852e-02
486,0.332649,0.324435,0.342916,0.332649,0.324435,0.342916,0,0,1.848049e-02
487,0.334016,0.323770,0.342213,0.334016,0.323770,0.342213,0,0,1.844262e-02
488,0.335378,0.323108,0.341513,0.335378,0.323108,0.341513,0,0,1.840491e-02
489,0.336735,0.322449,0.340816,0.336735,0.322449,0.340816,0,0,1.836735e-02
490,0.338086,0.321792,0.340122,0.338086,0.321792,0.340122,0,0,1.832994e-02
491,0.339431,0.321138,0.339431,0.339431,0.321138,0.339431,0,0,1.829268e-02
492,0.340771,0.320487,0.338742,0.340771,0.320487,0.338742,0,0,1.825558e-02
493,0.342105,0.319838,0.338057,0.342105,0.319838,0.338057,0,0,1.821862e-02
494,0.343434,0.319192,0.337374,0.343434,0.319192,0.337374,0,0,1.818182e-02
495,0.344758,0.318548,0.336694,0.344758,0.318548,0.336694,0,0,1.814516e-02
496,0.346076,0.317907,0.336016,0.346076,0.317907,0.336016,0,0,1.810865e-02
497,0.347390,0.317269,0.335341,0.347390,0.317269,0.335341,0,0,1.807229e-02
498,0.348697,0.316633,0.334669,0.348697,0.316633,0.334669,0,0,1.803607e-02
499,0.350000,0.316000,0.334000,0.350000,0.316000,0.334000,0,0,1.800000e-02
500,0.351297,0.315369,0.333333,0.351297,0.315369,0.333333,0,0,1.796407e-02
501,0.350598,0.316733,0.332669,0.350598,0.316733,0.332669,1,1,1.792829e-02
502,0.349901,0.318091,0.332008,0.349901,0.318091,0.332008,1,1,1.789264e-02
503,0.349206,0.319444,0.331349,0.349206,0.319444,0.331349,1,1,1.785714e-02
504,0.348515,0.320792,0.330693,0.348515,0.320792,0.330693,1,1,1.782178e-02
505,0.347826,0.322134,0.330040,0.347826,0.322134,0.330040,1,1,1.778656e-02
506,0.347140,0.323471,0.329389,0.347140,0.323471,0.329389,1,1,1.775148e-02
507,0.346457,0.324803,0.328740,0.346457,0.324803,0.328740,1,1,1.771654e-02
508,0.345776,0.326130,0.328094,0.345776,0.326130,0.328094,1,1,1.768173e-02
509,0.345098,0.327451,0.327451,0.345098,0.327451,0.327451,1,1,1.764706e-02
510,0.344423,0.328767,0.326810,0.344423,0.328767,0.326810,1,1,1.761252e-02
511,0.343750,0.330078,0.326172,0.343750,0.330078,0.326172,1,1,1.757812e-02
512,0.343080,0.331384,0.325536,0.343080,0.331384,0.325536,1,1,1.754386e-02
513,0.342412,0.332685,0.324903,0.342412,0.332685,0.324903,1,1,1.750973e-02
514,0.341748,0.333981,0.324272,0.341748,0.333981,0.324272,1,1,1.747573e-02
515,0.341085,0.335271,0.323643,0.341085,0.335271,0.323643,1,1,1.744186e-02
516,0.340426,0.336557,0.323017,0.340426,0.336557,0.323017,1,1,1.740812e-02
517,0.339768,0.337838,0.322394,0.339768,0.337838,0.322394,1,1,1.737452e-02
518,0.339114,0.339114,0.321773,0.339114,0.339114,0.321773,1,1,1.734104e-02
519,0.338462,0.340385,0.321154,0.338462,0.340385,0.321154,1,1,1.730769e-02
520,0.337812,0.341651,0.320537,0.337812,0.341651,0.320537,1,1,1.727447e-02
521,0.337165,0.342912,0.319923,0.337165,0.342912,0.319923,1,1,1.724138e-02
522,0.336520,0.344168,0.319312,0.336520,0.344168,0.319312,1,1,1.720841e-02
523,0.335878,0.345420,0.318702,0.335878,0.345420,0.318702,1,1,1.717557e-02
524,0.335238,0.346667,0.318095,0.335238,0.346667,0.318095,1,1,1.714286e-02
525,0.334601,0.347909,0.317490,0.334601,0.347909,0.317490,1,1,1.711027e-02
526,0.333966,0.349146,0.316888,0.333966,0.349146,0.316888,1,1,1.707780e-02
527,0.333333,0.350379,0.316288,0.333333,0.350379,0.316288,1,1,1.704545e-02
528,0.332703,0.349716,0.317580,0.332703,0.349716,0.317580,2,2,1.701323e-02
529,0.332075,0.349057,0.318868,0.332075,0.349057,0.318868,2,2,1.698113e-02
530,0.331450,0.348399,0.320151,0.331450,0.348399,0.320151,2,2,1.694915e-02
531,0.330827,0.347744,0.321429,0.330827,0.347744,0.321429,2,2,1.691729e-02
532,0.330206,0.347092,0.322702,0.330206,0.347092,0.322702,2,2,1.688555e-02
533,0.329588,0.346442,0.323970,0.329588,0.346442,0.323970,2,2,1.685393e-02
534,0.328972,0.345794,0.325234,0.328972,0.345794,0.325234,2,2,1.682243e-02
535,0.328358,0.345149,0.326493,0.328358,0.345149,0.326493,2,2,1.679104e-02
536,0.327747,0.344507,0.327747,0.327747,0.344507,0.327747,2,2,1.675978e-02
537,0.327138,0.343866,0.328996,0.327138,0.343866,0.328996,2,2,1.672862e-02
538,0.326531,0.343228,0.330241,0.326531,0.343228,0.330241,2,2,1.669759e-02
539,0.325926,0.342593,0.331481,0.325926,0.342593,0.331481,2,2,1.666667e-02
540,0.325323,0.341959,0.332717,0.325323,0.341959,0.332717,2,2,1.663586e-02
541,0.324723,0.341328,0.333948,0.324723,0.341328,0.333948,2,2,1.660517e-02
542,0.324125,0.340700,0.335175,0.324125,0.340700,0.335175,2,2,1.657459e-02
543,0.323529,0.340074,0.336397,0.323529,0.340074,0.336397,2,2,1.654412e-02
544,0.322936,0.339450,0.337615,0.322936,0.339450,0.337615,2,2,1.651376e-02
545,0.322344,0.338828,0.338828,0.322344,0.338828,0.338828,2,2,1.648352e-02
546,0.321755,0.338208,0.340037,0.321755,0.338208,0.340037,2,2,1.645338e-02
547,0.321168,0.337591,0.341241,0.321168,0.337591,0.341241,2,2,1.642336e-02
548,0.320583,0.336976,0.342441,0.320583,0.336976,0.342441,2,2,1.639344e-02
549,0.320000,0.336364,0.343636,0.320000,0.336364,0.343636,2,2,1.636364e-02
550,0.319419,0.335753,0.344828,0.319419,0.335753,0.344828,2,2,1.633394e-02
551,0.318841,0.335145,0.346014,0.318841,0.335145,0.346014,2,2,1.630435e-02
552,0.318264,0.334539,0.347197,0.318264,0.334539,0.347197,2,2,1.627486e-02
553,0.317690,0.333935,0.348375,0.317690,0.333935,0.348375,2,2,1.624549e-02
554,0.317117,0.333333,0.349550,0.317117,0.333333,0.349550,2,2,1.621622e-02
555,0.318345,0.332734,0.348921,0.318345,0.332734,0.348921,0,0,1.618705e-02
556,0.319569,0.332136,0.348294,0.319569,0.332136,0.348294,0,0,1.615799e-02
557,0.320789,0.331541,0.347670,0.320789,0.331541,0.347670,0,0,1.612903e-02
558,0.322004,0.330948,0.347048,0.322004,0.330948,0.347048,0,0,1.610018e-02
559,0.323214,0.330357,0.346429,0.323214,0.330357,0.346429,0,0,1.607143e-02
560,0.324421,0.329768,0.345811,0.324421,0.329768,0.345811,0,0,1.604278e-02
561,0.325623,0.329181,0.345196,0.325623,0.329181,0.345196,0,0,1.601423e-02
562,0.326821,0.328597,0.344583,0.326821,0.328597,0.344583,0,0,1.598579e-02
563,0.328014,0.328014,0.343972,0.328014,0.328014,0.343972,0,0,1.595745e-02
564,0.329204,0.327434,0.343363,0.329204,0.327434,0.343363,0,0,1.592920e-02
565,0.330389,0.326855,0.342756,0.330389,0.326855,0.342756,0,0,1.590106e-02
566,0.331570,0.326279,0.342152,0.331570,0.326279,0.342152,0,0,1.587302e-02
567,0.332746,0.325704,0.341549,0.332746,0.325704,0.341549,0,0,1.584507e-02
568,0.333919,0.325132,0.340949,0.333919,0.325132,0.340949,0,0,1.581722e-02
569,0.335088,0.324561,0.340351,0.335088,0.324561,0.340351,0,0,1.578947e-02
570,0.336252,0.323993,0.339755,0.336252,0.323993,0.339755,0,0,1.576182e-02
571,0.337413,0.323427,0.339161,0.337413,0.323427,0.339161,0,0,1.573427e-02
572,0.338569,0.322862,0.338569,0.338569,0.322862,0.338569,0,0,1.570681e-02
573,0.339721,0.322300,0.337979,0.339721,0.322300,0.337979,0,0,1.567944e-02
574,0.340870,0.321739,0.337391,0.340870,0.321739,0.337391,0,0,1.565217e-02
575,0.342014,0.321181,0.336806,0.342014,0.321181,0.336806,0,0,1.562500e-02
576,0.343154,0.320624,0.336222,0.343154,0.320624,0.336222,0,0,1.559792e-02
577,0.344291,0.320069,0.335640,0.344291,0.320069,0.335640,0,0,1.557093e-02
578,0.345423,0.319516,0.335060,0.345423,0.319516,0.335060,0,0,1.554404e-02
579,0.346552,0.318966,0.334483,0.346552,0.318966,0.334483,0,0,1.551724e-02
580,0.347676,0.318417,0.333907,0.347676,0.318417,0.333907,0,0,1.549053e-02
581,0.348797,0.317869,0.333333,0.348797,0.317869,0.333333,0,0,1.546392e-02
582,0.349914,0.317324,0.332762,0.349914,0.317324,0.332762,0,0,1.715266e-02
583,0.349315,0.318493,0.332192,0.349315,0.318493,0.332192,1,1,1.712329e-02
584,0.348718,0.319658,0.331624,0.348718,0.319658,0.331624,1,1,1.709402e-02
585,0.348123,0.320819,0.331058,0.348123,0.320819,0.331058,1,1,1.706485e-02
586,0.347530,0.321976,0.330494,0.347530,0.321976,0.330494,1,1,1.703578e-02
587,0.346939,0.323129,0.329932,0.346939,0.323129,0.329932,1,1,1.700680e-02
588,0.346350,0.324278,0.329372,0.346350,0.324278,0.329372,1,1,1.697793e-02
589,0.345763,0.325424,0.328814,0.345763,0.325424,0.328814,1,1,1.694915e-02
590,0.345178,0.326565,0.328257,0.345178,0.326565,0.328257,1,1,1.692047e-02
591,0.344595,0.327703,0.327703,0.344595,0.327703,0.327703,1,1,1.689189e-02
592,0.344013,0.328836,0.327150,0.344013,0.328836,0.327150,1,1,1.686341e-02
593,0.343434,0.329966,0.326599,0.343434,0.329966,0.326599,1,1,1.683502e-02
594,0.342857,0.331092,0.326050,0.342857,0.331092,0.326050,1,1,1.680672e-02
595,0.342282,0.332215,0.325503,0.342282,0.332215,0.325503,1,1,1.677852e-02
596,0.341709,0.333333,0.324958,0.341709,0.333333,0.324958,1,1,1.675042e-02
597,0.341137,0.334448,0.324415,0.341137,0.334448,0.324415,1,1,1.672241e-02
598,0.340568,0.335559,0.323873,0.340568,0.335559,0.323873,1,1,1.669449e-02
599,0.340000,0.336667,0.323333,0.340000,0.336667,0.323333,1,1,1.666667e-02
600,0.339434,0.337770,0.322795,0.339434,0.337770,0.322795,1,1,1.663894e-02
601,0.338870,0.338870,0.322259,0.338870,0.338870,0.322259,1,1,1.661130e-02
602,0.338308,0.339967,0.321725,0.338308,0.339967,0.321725,1,1,1.658375e-02
603,0.337748,0.341060,0.321192,0.337748,0.341060,0.321192,1,1,1.655629e-02
604,0.337190,0.342149,0.320661,0.337190,0.342149,0.320661,1,1,1.652893e-02
605,0.336634,0.343234,0.320132,0.336634,0.343234,0.320132,1,1,1.650165e-02
606,0.336079,0.344316,0.319605,0.336079,0.344316,0.319605,1,1,1.647446e-02
607,0.335526,0.345395,0.319079,0.335526,0.345395,0.319079,1,1,1.644737e-02
608,0.334975,0.346470,0.318555,0.334975,0.346470,0.318555,1,1,1.642036e-02
609,0.334426,0.347541,0.318033,0.334426,0.347541,0.318033,1,1,1.639344e-02
610,0.333879,0.348609,0.317512,0.333879,0.348609,0.317512,1,1,1.636661e-02
611,0.333333,0.349673,0.316993,0.333333,0.349673,0.316993,1,1,1.633987e-02
612,0.332790,0.350734,0.316476,0.332790,0.350734,0.316476,1,1,1.794454e-02
613,0.332248,0.350163,0.317590,0.332248,0.350163,0.317590,2,2,1.791531e-02
614,0.331707,0.349593,0.318699,0.331707,0.349593,0.318699,2,2,1.788618e-02
615,0.331169,0.349026,0.319805,0.331169,0.349026,0.319805,2,2,1.785714e-02
616,0.330632,0.348460,0.320908,0.330632,0.348460,0.320908,2,2,1.782820e-02
617,0.330097,0.347896,0.322006,0.330097,0.347896,0.322006,2,2,1.779935e-02
618,0.329564,0.347334,0.323102,0.329564,0.347334,0.323102,2,2,1.777060e-02
619,0.329032,0.346774,0.324194,0.329032,0.346774,0.324194,2,2,1.774194e-02
620,0.328502,0.346216,0.325282,0.328502,0.346216,0.325282,2,2,1.771337e-02
621,0.327974,0.345659,0.326367,0.327974,0.345659,0.326367,2,2,1.768489e-02
622,0.327448,0.345104,0.327448,0.327448,0.345104,0.327448,2,2,1.765650e-02
623,0.326923,0.344551,0.328526,0.326923,0.344551,0.328526,2,2,1.762821e-02
624,0.326400,0.344000,0.329600,0.326400,0.344000,0.329600,2,2,1.760000e-02
625,0.325879,0.343450,0.330671,0.325879,0.343450,0.330671,2,2,1.757188e-02
626,0.325359,0.342903,0.331738,0.325359,0.342903,0.331738,2,2,1.754386e-02
627,0.324841,0.342357,0.332803,0.324841,0.342357,0.332803,2,2,1.751592e-02
628,0.324324,0.341812,0.333863,0.324324,0.341812,0.333863,2,2,1.748808e-02
629,0.323810,0.341270,0.334921,0.323810,0.341270,0.334921,2,2,1.746032e-02
630,0.323296,0.340729,0.335975,0.323296,0.340729,0.335975,2,2,1.743265e-02
631,0.322785,0.340190,0.337025,0.322785,0.340190,0.337025,2,2,1.740506e-02
632,0.322275,0.339652,0.338073,0.322275,0.339652,0.338073,2,2,1.737757e-02
633,0.321767,0.339117,0.339117,0.321767,0.339117,0.339117,2,2,1.735016e-02
634,0.321260,0.338583,0.340157,0.321260,0.338583,0.340157,2,2,1.732283e-02
635,0.320755,0.338050,0.341195,0.320755,0.338050,0.341195,2,2,1.729560e-02
636,0.320251,0.337520,0.342229,0.320251,0.337520,0.342229,2,2,1.726845e-02
637,0.319749,0.336991,0.343260,0.319749,0.336991,0.343260,2,2,1.724138e-02
638,0.319249,0.336463,0.344288,0.319249,0.336463,0.344288,2,2,1.721440e-02
639,0.318750,0.335938,0.345313,0.318750,0.335938,0.345313,2,2,1.718750e-02
640,0.318253,0.335413,0.346334,0.318253,0.335413,0.346334,2,2,1.716069e-02
641,0.317757,0.334891,0.347352,0.317757,0.334891,0.347352,2,2,1.713396e-02
642,0.317263,0.334370,0.348367,0.317263,0.334370,0.348367,2,2,1.710731e-02
643,0.316770,0.333851,0.349379,0.316770,0.333851,0.349379,2,2,1.708075e-02
644,0.316279,0.333333,0.350388,0.316279,0.333333,0.350388,2,2,1.705426e-02
645,0.317337,0.332817,0.349845,0.317337,0.332817,0.349845,0,0,1.702786e-02
646,0.318393,0.332303,0.349304,0.318393,0.332303,0.349304,0,0,1.700155e-02
647,0.319444,0.331790,0.348765,0.319444,0.331790,0.348765,0,0,1.697531e-02
648,0.320493,0.331279,0.348228,0.320493,0.331279,0.348228,0,0,1.694915e-02
649,0.321538,0.330769,0.347692,0.321538,0.330769,0.347692,0,0,1.692308e-02
650,0.322581,0.330261,0.347158,0.322581,0.330261,0.347158,0,0,1.689708e-02
651,0.323620,0.329755,0.346626,0.323620,0.329755,0.346626,0,0,1.687117e-02
652,0.324655,0.329250,0.346095,0.324655,0.329250,0.346095,0,0,1.684533e-02
653,0.325688,0.328746,0.345566,0.325688,0.328746,0.345566,0,0,1.681957e-02
654,0.326718,0.328244,0.345038,0.326718,0.328244,0.345038,0,0,1.679389e-02
655,0.327744,0.327744,0.344512,0.327744,0.327744,0.344512,0,0,1.676829e-02
656,0.328767,0.327245,0.343988,0.328767,0.327245,0.343988,0,0,1.674277e-02
657,0.329787,0.326748,0.343465,0.329787,0.326748,0.343465,0,0,1.671733e-02
658,0.330804,0.326252,0.342944,0.330804,0.326252,0.342944,0,0,1.669196e-02
659,0.331818,0.325758,0.342424,0.331818,0.325758,0.342424,0,0,1.666667e-02
660,0.332829,0.325265,0.341906,0.332829,0.325265,0.341906,0,0,1.664145e-02
661,0.333837,0.324773,0.341390,0.333837,0.324773,0.341390,0,0,1.661631e-02
662,0.334842,0.324284,0.340875,0.334842,0.324284,0.340875,0,0,1.659125e-02
663,0.335843,0.323795,0.340361,0.335843,0.323795,0.340361,0,0,1.656627e-02
664,0.336842,0.323308,0.339850,0.336842,0.323308,0.339850,0,0,1.654135e-02
665,0.337838,0.322823,0.339339,0.337838,0.322823,0.339339,0,0,1.651652e-02
666,0.338831,0.322339,0.338831,0.338831,0.322339,0.338831,0,0,1.649175e-02
667,0.339820,0.321856,0.338323,0.339820,0.321856,0.338323,0,0,1.646707e-02
668,0.340807,0.321375,0.337818,0.340807,0.321375,0.337818,0,0,1.644245e-02
669,0.341791,0.320896,0.337313,0.341791,0.320896,0.337313,0,0,1.641791e-02
670,0.342772,0.320417,0.336811,0.342772,0.320417,0.336811,0,0,1.639344e-02
671,0.343750,0.319940,0.336310,0.343750,0.319940,0.336310,0,0,1.636905e-02
672,0.344725,0.319465,0.335810,0.344725,0.319465,0.335810,0,0,1.634473e-02
673,0.345697,0.318991,0.335312,0.345697,0.318991,0.335312,0,0,1.632047e-02
674,0.346667,0.318519,0.334815,0.346667,0.318519,0.334815,0,0,1.629630e-02
675,0.347633,0.318047,0.334320,0.347633,0.318047,0.334320,0,0,1.627219e-02
676,0.348597,0.317578,0.333826,0.348597,0.317578,0.333826,0,0,1.624815e-02
677,0.349558,0.317109,0.333333,0.349558,0.317109,0.333333,0,0,1.622419e-02
678,0.350515,0.316642,0.332842,0.350515,0.316642,0.332842,0,0,1.767305e-02
679,0.350000,0.317647,0.332353,0.350000,0.317647,0.332353,1,1,1.764706e-02
680,0.349486,0.318649,0.331865,0.349486,0.318649,0.331865,1,1,1.762115e-02
681,0.348974,0.319648,0.331378,0.348974,0.319648,0.331378,1,1,1.759531e-02
682,0.348463,0.320644,0.330893,0.348463,0.320644,0.330893,1,1,1.756955e-02
683,0.347953,0.321637,0.330409,0.347953,0.321637,0.330409,1,1,1.754386e-02
684,0.347445,0.322628,0.329927,0.347445,0.322628,0.329927,1,1,1.751825e-02
685,0.346939,0.323615,0.329446,0.346939,0.323615,0.329446,1,1,1.749271e-02
686,0.346434,0.324600,0.328967,0.346434,0.324600,0.328967,1,1,1.746725e-02
687,0.345930,0.325581,0.328488,0.345930,0.325581,0.328488,1,1,1.744186e-02
688,0.345428,0.326560,0.328012,0.345428,0.326560,0.328012,1,1,1.741655e-02
689,0.344928,0.327536,0.327536,0.344928,0.327536,0.327536,1,1,1.739130e-02
690,0.344428,0.328509,0.327062,0.344428,0.328509,0.327062,1,1,1.736614e-02
691,0.343931,0.329480,0.326590,0.343931,0.329480,0.326590,1,1,1.734104e-02
692,0.343434,0.330447,0.326118,0.343434,0.330447,0.326118,1,1,1.731602e-02
693,0.342939,0.331412,0.325648,0.342939,0.331412,0.325648,1,1,1.729107e-02
694,0.342446,0.332374,0.325180,0.342446,0.332374,0.325180,1,1,1.726619e-02
695,0.341954,0.333333,0.324713,0.341954,0.333333,0.324713,1,1,1.724138e-02
696,0.341463,0.334290,0.324247,0.341463,0.334290,0.324247,1,1,1.721664e-02
697,0.340974,0.335244,0.323782,0.340974,0.335244,0.323782,1,1,1.719198e-02
698,0.340486,0.336195,0.323319,0.340486,0.336195,0.323319,1,1,1.716738e-02
699,0.340000,0.337143,0.322857,0.340000,0.337143,0.322857,1,1,1.714286e-02
700,0.339515,0.338088,0.322397,0.339515,0.338088,0.322397,1,1,1.711840e-02
701,0.339031,0.339031,0.321937,0.339031,0.339031,0.321937,1,1,1.709402e-02
702,0.338549,0.339972,0.321479,0.338549,0.339972,0.321479,1,1,1.706970e-02
703,0.338068,0.340909,0.321023,0.338068,0.340909,0.321023,1,1,1.704545e-02
704,0.337589,0.341844,0.320567,0.337589,0.341844,0.320567,1,1,1.702128e-02
705,0.337110,0.342776,0.320113,0.337110,0.342776,0.320113,1,1,1.699717e-02
706,0.336634,0.343706,0.319661,0.336634,0.343706,0.319661,1,1,1.697313e-02
707,0.336158,0.344633,0.319209,0.336158,0.344633,0.319209,1,1,1.694915e-02
708,0.335684,0.345557,0.318759,0.335684,0.345557,0.318759,1,1,1.692525e-02
709,0.335211,0.346479,0.318310,0.335211,0.346479,0.318310,1,1,1.690141e-02
710,0.334740,0.347398,0.317862,0.334740,0.347398,0.317862,1,1,1.687764e-02
711,0.334270,0.348315,0.317416,0.334270,0.348315,0.317416,1,1,1.685393e-02
712,0.333801,0.349229,0.316971,0.333801,0.349229,0.316971,1,1,1.683029e-02
713,0.333333,0.350140,0.316527,0.333333,0.350140,0.316527,1,1,1.680672e-02
714,0.332867,0.351049,0.316084,0.332867,0.351049,0.316084,1,1,1.818182e-02
715,0.332402,0.350559,0.317039,0.332402,0.350559,0.317039,2,2,1.815642e-02
716,0.331939,0.350070,0.317992,0.331939,0.350070,0.317992,2,2,1.813110e-02
717,0.331476,0.349582,0.318942,0.331476,0.349582,0.318942,2,2,1.810585e-02
718,0.331015,0.349096,0.319889,0.331015,0.349096,0.319889,2,2,1.808067e-02
719,0.330556,0.348611,0.320833,0.330556,0.348611,0.320833,2,2,1.805556e-02
720,0.330097,0.348128,0.321775,0.330097,0.348128,0.321775,2,2,1.803051e-02
721,0.329640,0.347645,0.322715,0.329640,0.347645,0.322715,2,2,1.800554e-02
722,0.329184,0.347165,0.323651,0.329184,0.347165,0.323651,2,2,1.798064e-02
723,0.328729,0.346685,0.324586,0.328729,0.346685,0.324586,2,2,1.795580e-02
724,0.328276,0.346207,0.325517,0.328276,0.346207,0.325517,2,2,1.793103e-02
725,0.327824,0.345730,0.326446,0.327824,0.345730,0.326446,2,2,1.790634e-02
726,0.327373,0.345254,0.327373,0.327373,0.345254,0.327373,2,2,1.788171e-02
727,0.326923,0.344780,0.328297,0.326923,0.344780,0.328297,2,2,1.785714e-02
728,0.326475,0.344307,0.329218,0.326475,0.344307,0.329218,2,2,1.783265e-02
729,0.326027,0.343836,0.330137,0.326027,0.343836,0.330137,2,2,1.780822e-02
730,0.325581,0.343365,0.331053,0.325581,0.343365,0.331053,2,2,1.778386e-02
731,0.325137,0.342896,0.331967,0.325137,0.342896,0.331967,2,2,1.775956e-02
732,0.324693,0.342428,0.332879,0.324693,0.342428,0.332879,2,2,1.773533e-02
733,0.324251,0.341962,0.333787,0.324251,0.341962,0.333787,2,2,1.771117e-02
734,0.323810,0.341497,0.334694,0.323810,0.341497,0.334694,2,2,1.768707e-02
735,0.323370,0.341033,0.335598,0.323370,0.341033,0.335598,2,2,1.766304e-02
736,0.322931,0.340570,0.336499,0.322931,0.340570,0.336499,2,2,1.763908e-02
737,0.322493,0.340108,0.337398,0.322493,0.340108,0.337398,2,2,1.761518e-02
738,0.322057,0.339648,0.338295,0.322057,0.339648,0.338295,2,2,1.759134e-02
739,0.321622,0.339189,0.339189,0.321622,0.339189,0.339189,2,2,1.756757e-02
740,0.321188,0.338731,0.340081,0.321188,0.338731,0.340081,2,2,1.754386e-02
741,0.320755,0.338275,0.340970,0.320755,0.338275,0.340970,2,2,1.752022e-02
742,0.320323,0.337820,0.341857,0.320323,0.337820,0.341857,2,2,1.749664e-02
743,0.319892,0.337366,0.342742,0.319892,0.337366,0.342742,2,2,1.747312e-02
744,0.319463,0.336913,0.343624,0.319463,0.336913,0.343624,2,2,1.744966e-02
745,0.319035,0.336461,0.344504,0.319035,0.336461,0.344504,2,2,1.742627e-02
746,0.318608,0.336011,0.345382,0.318608,0.336011,0.345382,2,2,1.740295e-02
747,0.318182,0.335561,0.346257,0.318182,0.335561,0.346257,2,2,1.737968e-02
748,0.317757,0.335113,0.347130,0.317757,0.335113,0.347130,2,2,1.735648e-02
749,0.317333,0.334667,0.348000,0.317333,0.334667,0.348000,2,2,1.733333e-02
750,0.316911,0.334221,0.348868,0.316911,0.334221,0.348868,2,2,1.731025e-02
751,0.316489,0.333777,0.349734,0.316489,0.333777,0.349734,2,2,1.728723e-02
752,0.316069,0.333333,0.350598,0.316069,0.333333,0.350598,2,2,1.726428e-02
753,0.316976,0.332891,0.350133,0.316976,0.332891,0.350133,0,0,1.724138e-02
754,0.317881,0.332450,0.349669,0.317881,0.332450,0.349669,0,0,1.721854e-02
755,0.318783,0.332011,0.349206,0.318783,0.332011,0.349206,0,0,1.719577e-02
756,0.319683,0.331572,0.348745,0.319683,0.331572,0.348745,0,0,1.717305e-02
757,0.320580,0.331135,0.348285,0.320580,0.331135,0.348285,0,0,1.715040e-02
758,0.321476,0.330698,0.347826,0.321476,0.330698,0.347826,0,0,1.712780e-02
759,0.322368,0.330263,0.347368,0.322368,0.330263,0.347368,0,0,1.710526e-02
760,0.323259,0.329829,0.346912,0.323259,0.329829,0.346912,0,0,1.708279e-02
761,0.324147,0.329396,0.346457,0.324147,0.329396,0.346457,0,0,1.706037e-02
762,0.325033,0.328965,0.346003,0.325033,0.328965,0.346003,0,0,1.703801e-02
763,0.325916,0.328534,0.345550,0.325916,0.328534,0.345550,0,0,1.701571e-02
764,0.326797,0.328105,0.345098,0.326797,0.328105,0.345098,0,0,1.699346e-02
765,0.327676,0.327676,0.344648,0.327676,0.327676,0.344648,0,0,1.697128e-02
766,0.328553,0.327249,0.344198,0.328553,0.327249,0.344198,0,0,1.694915e-02
767,0.329427,0.326823,0.343750,0.329427,0.326823,0.343750,0,0,1.692708e-02
768,0.330299,0.326398,0.343303,0.330299,0.326398,0.343303,0,0,1.690507e-02
769,0.331169,0.325974,0.342857,0.331169,0.325974,0.342857,0,0,1.688312e-02
770,0.332036,0.325551,0.342412,0.332036,0.325551,0.342412,0,0,1.686122e-02
771,0.332902,0.325130,0.341969,0.332902,0.325130,0.341969,0,0,1.683938e-02
772,0.333765,0.324709,0.341527,0.333765,0.324709,0.341527,0,0,1.681759e-02
773,0.334625,0.324289,0.341085,0.334625,0.324289,0.341085,0,0,1.679587e-02
774,0.335484,0.323871,0.340645,0.335484,0.323871,0.340645,0,0,1.677419e-02
775,0.336340,0.323454,0.340206,0.336340,0.323454,0.340206,0,0,1.675258e-02
776,0.337194,0.323037,0.339768,0.337194,0.323037,0.339768,0,0,1.673102e-02
777,0.338046,0.322622,0.339332,0.338046,0.322622,0.339332,0,0,1.670951e-02
778,0.338896,0.322208,0.338896,0.338896,0.322208,0.338896,0,0,1.668806e-02
779,0.339744,0.321795,0.338462,0.339744,0.321795,0.338462,0,0,1.666667e-02
780,0.340589,0.321383,0.338028,0.340589,0.321383,0.338028,0,0,1.664533e-02
781,0.341432,0.320972,0.337596,0.341432,0.320972,0.337596,0,0,1.662404e-02
782,0.342273,0.320562,0.337165,0.342273,0.320562,0.337165,0,0,1.660281e-02
783,0.343112,0.320153,0.336735,0.343112,0.320153,0.336735,0,0,1.658163e-02
784,0.343949,0.319745,0.336306,0.343949,0.319745,0.336306,0,0,1.656051e-02
785,0.344784,0.319338,0.335878,0.344784,0.319338,0.335878,0,0,1.653944e-02
786,0.345616,0.318933,0.335451,0.345616,0.318933,0.335451,0,0,1.651842e-02
787,0.346447,0.318528,0.335025,0.346447,0.318528,0.335025,0,0,1.649746e-02
788,0.347275,0.318124,0.334601,0.347275,0.318124,0.334601,0,0,1.647655e-02
789,0.348101,0.317722,0.334177,0.348101,0.317722,0.334177,0,0,1.645570e-02
790,0.348925,0.317320,0.333755,0.348925,0.317320,0.333755,0,0,1.643489e-02
791,0.349747,0.316919,0.333333,0.349747,0.316919,0.333333,0,0,1.641414e-02
792,0.349306,0.317781,0.332913,0.349306,0.317781,0.332913,1,1,1.639344e-02
793,0.348866,0.318640,0.332494,0.348866,0.318640,0.332494,1,1,1.637280e-02
794,0.348428,0.319497,0.332075,0.348428,0.319497,0.332075,1,1,1.635220e-02
795,0.347990,0.320352,0.331658,0.347990,0.320352,0.331658,1,1,1.633166e-02
796,0.347553,0.321205,0.331242,0.347553,0.321205,0.331242,1,1,1.631117e-02
797,0.347118,0.322055,0.330827,0.347118,0.322055,0.330827,1,1,1.629073e-02
798,0.346683,0.322904,0.330413,0.346683,0.322904,0.330413,1,1,1.627034e-02
799,0.346250,0.323750,0.330000,0.346250,0.323750,0.330000,1,1,1.625000e-02
800,0.345818,0.324594,0.329588,0.345818,0.324594,0.329588,1,1,1.622971e-02
801,0.345387,0.325436,0.329177,0.345387,0.325436,0.329177,1,1,1.620948e-02
802,0.344956,0.326276,0.328767,0.344956,0.326276,0.328767,1,1,1.618929e-02
803,0.344527,0.327114,0.328358,0.344527,0.327114,0.328358,1,1,1.616915e-02
804,0.344099,0.327950,0.327950,0.344099,0.327950,0.327950,1,1,1.614907e-02
805,0.343672,0.328784,0.327543,0.343672,0.328784,0.327543,1,1,1.612903e-02
806,0.343247,0.329616,0.327138,0.343247,0.329616,0.327138,1,1,1.610905e-02
807,0.342822,0.330446,0.326733,0.342822,0.330446,0.326733,1,1,1.608911e-02
808,0.342398,0.331273,0.326329,0.342398,0.331273,0.326329,1,1,1.606922e-02
809,0.341975,0.332099,0.325926,0.341975,0.332099,0.325926,1,1,1.604938e-02
810,0.341554,0.332922,0.325524,0.341554,0.332922,0.325524,1,1,1.602959e-02
811,0.341133,0.333744,0.325123,0.341133,0.333744,0.325123,1,1,1.600985e-02
812,0.340713,0.334563,0.324723,0.340713,0.334563,0.324723,1,1,1.599016e-02
813,0.340295,0.335381,0.324324,0.340295,0.335381,0.324324,1,1,1.597052e-02
814,0.339877,0.336196,0.323926,0.339877,0.336196,0.323926,1,1,1.595092e-02
815,0.339461,0.337010,0.323529,0.339461,0.337010,0.323529,1,1,1.593137e-02
816,0.339045,0.337821,0.323133,0.339045,0.337821,0.323133,1,1,1.591187e-02
817,0.338631,0.338631,0.322738,0.338631,0.338631,0.322738,1,1,1.589242e-02
818,0.338217,0.339438,0.322344,0.338217,0.339438,0.322344,1,1,1.587302e-02
819,0.337805,0.340244,0.321951,0.337805,0.340244,0.321951,1,1,1.585366e-02
820,0.337393,0.341048,0.321559,0.337393,0.341048,0.321559,1,1,1.583435e-02
821,0.336983,0.341849,0.321168,0.336983,0.341849,0.321168,1,1,1.581509e-02
822,0.336574,0.342649,0.320778,0.336574,0.342649,0.320778,1,1,1.579587e-02
823,0.336165,0.343447,0.320388,0.336165,0.343447,0.320388,1,1,1.577670e-02
824,0.335758,0.344242,0.320000,0.335758,0.344242,0.320000,1,1,1.575758e-02
825,0.335351,0.345036,0.319613,0.335351,0.345036,0.319613,1,1,1.573850e-02
826,0.334946,0.345828,0.319226,0.334946,0.345828,0.319226,1,1,1.571947e-02
827,0.334541,0.346618,0.318841,0.334541,0.346618,0.318841,1,1,1.570048e-02
828,0.334138,0.347407,0.318456,0.334138,0.347407,0.318456,1,1,1.568154e-02
829,0.333735,0.348193,0.318072,0.333735,0.348193,0.318072,1,1,1.566265e-02
830,0.333333,0.348977,0.317690,0.333333,0.348977,0.317690,1,1,1.564380e-02
831,0.332933,0.348558,0.318510,0.332933,0.348558,0.318510,2,2,1.562500e-02
832,0.332533,0.348139,0.319328,0.332533,0.348139,0.319328,2,2,1.560624e-02
833,0.332134,0.347722,0.320144,0.332134,0.347722,0.320144,2,2,1.558753e-02
834,0.331737,0.347305,0.320958,0.331737,0.347305,0.320958,2,2,1.556886e-02
835,0.331340,0.346890,0.321770,0.331340,0.346890,0.321770,2,2,1.555024e-02
836,0.330944,0.346476,0.322581,0.330944,0.346476,0.322581,2,2,1.553166e-02
837,0.330549,0.346062,0.323389,0.330549,0.346062,0.323389,2,2,1.551313e-02
838,0.330155,0.345650,0.324195,0.330155,0.345650,0.324195,2,2,1.549464e-02
839,0.329762,0.345238,0.325000,0.329762,0.345238,0.325000,2,2,1.547619e-02
840,0.329370,0.344828,0.325803,0.329370,0.344828,0.325803,2,2,1.545779e-02
841,0.328979,0.344418,0.326603,0.328979,0.344418,0.326603,2,2,1.543943e-02
842,0.328588,0.344009,0.327402,0.328588,0.344009,0.327402,2,2,1.542112e-02
843,0.328199,0.343602,0.328199,0.328199,0.343602,0.328199,2,2,1.540284e-02
844,0.327811,0.343195,0.328994,0.327811,0.343195,0.328994,2,2,1.538462e-02
845,0.327423,0.342790,0.329787,0.327423,0.342790,0.329787,2,2,1.536643e-02
846,0.327037,0.342385,0.330579,0.327037,0.342385,0.330579,2,2,1.534829e-02
847,0.326651,0.341981,0.331368,0.326651,0.341981,0.331368,2,2,1.533019e-02
848,0.326266,0.341578,0.332155,0.326266,0.341578,0.332155,2,2,1.531213e-02
849,0.325882,0.341176,0.332941,0.325882,0.341176,0.332941,2,2,1.529412e-02
850,0.325499,0.340776,0.333725,0.325499,0.340776,0.333725,2,2,1.527615e-02
851,0.325117,0.340376,0.334507,0.325117,0.340376,0.334507,2,2,1.525822e-02
852,0.324736,0.339977,0.335287,0.324736,0.339977,0.335287,2,2,1.524033e-02
853,0.324356,0.339578,0.336066,0.324356,0.339578,0.336066,2,2,1.522248e-02
854,0.323977,0.339181,0.336842,0.323977,0.339181,0.336842,2,2,1.520468e-02
855,0.323598,0.338785,0.337617,0.323598,0.338785,0.337617,2,2,1.518692e-02
856,0.323221,0.338390,0.338390,0.323221,0.338390,0.338390,2,2,1.516919e-02
857,0.322844,0.337995,0.339161,0.322844,0.337995,0.339161,2,2,1.515152e-02
858,0.322468,0.337602,0.339930,0.322468,0.337602,0.339930,2,2,1.513388e-02
859,0.322093,0.337209,0.340698,0.322093,0.337209,0.340698,2,2,1.511628e-02
860,0.321719,0.336818,0.341463,0.321719,0.336818,0.341463,2,2,1.509872e-02
861,0.321346,0.336427,0.342227,0.321346,0.336427,0.342227,2,2,1.508121e-02
862,0.320973,0.336037,0.342990,0.320973,0.336037,0.342990,2,2,1.506373e-02
863,0.320602,0.335648,0.343750,0.320602,0.335648,0.343750,2,2,1.504630e-02
864,0.320231,0.335260,0.344509,0.320231,0.335260,0.344509,2,2,1.502890e-02
865,0.319861,0.334873,0.345266,0.319861,0.334873,0.345266,2,2,1.501155e-02
866,0.319493,0.334487,0.346021,0.319493,0.334487,0.346021,2,2,1.499423e-02
867,0.319124,0.334101,0.346774,0.319124,0.334101,0.346774,2,2,1.497696e-02
868,0.318757,0.333717,0.347526,0.318757,0.333717,0.347526,2,2,1.495972e-02
869,0.318391,0.333333,0.348276,0.318391,0.333333,0.348276,2,2,1.494253e-02
870,0.319173,0.332951,0.347876,0.319173,0.332951,0.347876,0,0,1.492537e-02
871,0.319954,0.332569,0.347477,0.319954,0.332569,0.347477,0,0,1.490826e-02
872,0.320733,0.332188,0.347079,0.320733,0.332188,0.347079,0,0,1.489118e-02
873,0.321510,0.331808,0.346682,0.321510,0.331808,0.346682,0,0,1.487414e-02
874,0.322286,0.331429,0.346286,0.322286,0.331429,0.346286,0,0,1.485714e-02
875,0.323059,0.331050,0.345890,0.323059,0.331050,0.345890,0,0,1.484018e-02
876,0.323831,0.330673,0.345496,0.323831,0.330673,0.345496,0,0,1.482326e-02
877,0.324601,0.330296,0.345103,0.324601,0.330296,0.345103,0,0,1.480638e-02
878,0.325370,0.329920,0.344710,0.325370,0.329920,0.344710,0,0,1.478953e-02
879,0.326136,0.329545,0.344318,0.326136,0.329545,0.344318,0,0,1.477273e-02
880,0.326901,0.329171,0.343927,0.326901,0.329171,0.343927,0,0,1.475596e-02
881,0.327664,0.328798,0.343537,0.327664,0.328798,0.343537,0,0,1.473923e-02
882,0.328426,0.328426,0.343148,0.328426,0.328426,0.343148,0,0,1.472254e-02
883,0.329186,0.328054,0.342760,0.329186,0.328054,0.342760,0,0,1.470588e-02
884,0.329944,0.327684,0.342373,0.329944,0.327684,0.342373,0,0,1.468927e-02
885,0.330700,0.327314,0.341986,0.330700,0.327314,0.341986,0,0,1.467269e-02
886,0.331454,0.326945,0.341601,0.331454,0.326945,0.341601,0,0,1.465614e-02
887,0.332207,0.326577,0.341216,0.332207,0.326577,0.341216,0,0,1.463964e-02
888,0.332958,0.326209,0.340832,0.332958,0.326209,0.340832,0,0,1.462317e-02
889,0.333708,0.325843,0.340449,0.333708,0.325843,0.340449,0,0,1.460674e-02
890,0.334456,0.325477,0.340067,0.334456,0.325477,0.340067,0,0,1.459035e-02
891,0.335202,0.325112,0.339686,0.335202,0.325112,0.339686,0,0,1.457399e-02
892,0.335946,0.324748,0.339306,0.335946,0.324748,0.339306,0,0,1.455767e-02
893,0.336689,0.324385,0.338926,0.336689,0.324385,0.338926,0,0,1.454139e-02
894,0.337430,0.324022,0.338547,0.337430,0.324022,0.338547,0,0,1.452514e-02
895,0.338170,0.323661,0.338170,0.338170,0.323661,0.338170,0,0,1.450893e-02
896,0.338907,0.323300,0.337793,0.338907,0.323300,0.337793,0,0,1.449275e-02
897,0.339644,0.322940,0.337416,0.339644,0.322940,0.337416,0,0,1.447661e-02
898,0.340378,0.322581,0.337041,0.340378,0.322581,0.337041,0,0,1.446051e-02
899,0.341111,0.322222,0.336667,0.341111,0.322222,0.336667,0,0,1.444444e-02
900,0.341842,0.321865,0.336293,0.341842,0.321865,0.336293,0,0,1.442841e-02
901,0.342572,0.321508,0.335920,0.342572,0.321508,0.335920,0,0,1.441242e-02
902,0.343300,0.321152,0.335548,0.343300,0.321152,0.335548,0,0,1.439646e-02
903,0.344027,0.320796,0.335177,0.344027,0.320796,0.335177,0,0,1.438053e-02
904,0.344751,0.320442,0.334807,0.344751,0.320442,0.334807,0,0,1.436464e-02
905,0.345475,0.320088,0.334437,0.345475,0.320088,0.334437,0,0,1.434879e-02
906,0.346196,0.319735,0.334068,0.346196,0.319735,0.334068,0,0,1.433297e-02
907,0.346916,0.319383,0.333700,0.346916,0.319383,0.333700,0,0,1.431718e-02
908,0.347635,0.319032,0.333333,0.347635,0.319032,0.333333,0,0,1.430143e-02
909,0.347253,0.319780,0.332967,0.347253,0.319780,0.332967,1,1,1.428571e-02
910,0.346872,0.320527,0.332602,0.346872,0.320527,0.332602,1,1,1.427003e-02
911,0.346491,0.321272,0.332237,0.346491,0.321272,0.332237,1,1,1.425439e-02
912,0.346112,0.322015,0.331873,0.346112,0.322015,0.331873,1,1,1.423877e-02
913,0.345733,0.322757,0.331510,0.345733,0.322757,0.331510,1,1,1.422319e-02
914,0.345355,0.323497,0.331148,0.345355,0.323497,0.331148,1,1,1.420765e-02
915,0.344978,0.324236,0.330786,0.344978,0.324236,0.330786,1,1,1.419214e-02
916,0.344602,0.324973,0.330425,0.344602,0.324973,0.330425,1,1,1.417666e-02
917,0.344227,0.325708,0.330065,0.344227,0.325708,0.330065,1,1,1.416122e-02
918,0.343852,0.326442,0.329706,0.343852,0.326442,0.329706,1,1,1.414581e-02
919,0.343478,0.327174,0.329348,0.343478,0.327174,0.329348,1,1,1.413043e-02
920,0.343105,0.327904,0.328990,0.343105,0.327904,0.328990,1,1,1.411509e-02
921,0.342733,0.328633,0.328633,0.342733,0.328633,0.328633,1,1,1.409978e-02
922,0.342362,0.329361,0.328277,0.342362,0.329361,0.328277,1,1,1.408451e-02
923,0.341991,0.330087,0.327922,0.341991,0.330087,0.327922,1,1,1.406926e-02
924,0.341622,0.330811,0.327568,0.341622,0.330811,0.327568,1,1,1.405405e-02
925,0.341253,0.331533,0.327214,0.341253,0.331533,0.327214,1,1,1.403888e-02
926,0.340885,0.332255,0.326861,0.340885,0.332255,0.326861,1,1,1.402373e-02
927,0.340517,0.332974,0.326509,0.340517,0.332974,0.326509,1,1,1.400862e-02
928,0.340151,0.333692,0.326157,0.340151,0.333692,0.326157,1,1,1.399354e-02
929,0.339785,0.334409,0.325806,0.339785,0.334409,0.325806,1,1,1.397849e-02
930,0.339420,0.335124,0.325456,0.339420,0.335124,0.325456,1,1,1.396348e-02
931,0.339056,0.335837,0.325107,0.339056,0.335837,0.325107,1,1,1.394850e-02
932,0.338692,0.336549,0.324759,0.338692,0.336549,0.324759,1,1,1.393355e-02
933,0.338330,0.337259,0.324411,0.338330,0.337259,0.324411,1,1,1.391863e-02
934,0.337968,0.337968,0.324064,0.337968,0.337968,0.324064,1,1,1.390374e-02
935,0.337607,0.338675,0.323718,0.337607,0.338675,0.323718,1,1,1.388889e-02
936,0.337247,0.339381,0.323372,0.337247,0.339381,0.323372,1,1,1.387407e-02
937,0.336887,0.340085,0.323028,0.336887,0.340085,0.323028,1,1,1.385928e-02
938,0.336528,0.340788,0.322684,0.336528,0.340788,0.322684,1,1,1.384452e-02
939,0.336170,0.341489,0.322340,0.336170,0.341489,0.322340,1,1,1.382979e-02
940,0.335813,0.342189,0.321998,0.335813,0.342189,0.321998,1,1,1.381509e-02
941,0.335456,0.342887,0.321656,0.335456,0.342887,0.321656,1,1,1.380042e-02
942,0.335101,0.343584,0.321315,0.335101,0.343584,0.321315,1,1,1.378579e-02
943,0.334746,0.344280,0.320975,0.334746,0.344280,0.320975,1,1,1.377119e-02
944,0.334392,0.344974,0.320635,0.334392,0.344974,0.320635,1,1,1.375661e-02
945,0.334038,0.345666,0.320296,0.334038,0.345666,0.320296,1,1,1.374207e-02
946,0.333685,0.346357,0.319958,0.333685,0.346357,0.319958,1,1,1.372756e-02
947,0.333333,0.347046,0.319620,0.333333,0.347046,0.319620,1,1,1.371308e-02
948,0.332982,0.347734,0.319283,0.332982,0.347734,0.319283,1,1,1.475237e-02
949,0.332632,0.347368,0.320000,0.332632,0.347368,0.320000,2,2,1.473684e-02
950,0.332282,0.347003,0.320715,0.332282,0.347003,0.320715,2,2,1.472135e-02
951,0.331933,0.346639,0.321429,0.331933,0.346639,0.321429,2,2,1.470588e-02
952,0.331584,0.346275,0.322141,0.331584,0.346275,0.322141,2,2,1.469045e-02
953,0.331237,0.345912,0.322851,0.331237,0.345912,0.322851,2,2,1.467505e-02
954,0.330890,0.345550,0.323560,0.330890,0.345550,0.323560,2,2,1.465969e-02
955,0.330544,0.345188,0.324268,0.330544,0.345188,0.324268,2,2,1.464435e-02
956,0.330199,0.344828,0.324974,0.330199,0.344828,0.324974,2,2,1.462905e-02
957,0.329854,0.344468,0.325678,0.329854,0.344468,0.325678,2,2,1.461378e-02
958,0.329510,0.344108,0.326382,0.329510,0.344108,0.326382,2,2,1.459854e-02
959,0.329167,0.343750,0.327083,0.329167,0.343750,0.327083,2,2,1.458333e-02
960,0.328824,0.343392,0.327784,0.328824,0.343392,0.327784,2,2,1.456816e-02
961,0.328482,0.343035,0.328482,0.328482,0.343035,0.328482,2,2,1.455301e-02
962,0.328141,0.342679,0.329180,0.328141,0.342679,0.329180,2,2,1.453790e-02
963,0.327801,0.342324,0.329876,0.327801,0.342324,0.329876,2,2,1.452282e-02
964,0.327461,0.341969,0.330570,0.327461,0.341969,0.330570,2,2,1.450777e-02
965,0.327122,0.341615,0.331263,0.327122,0.341615,0.331263,2,2,1.449275e-02
966,0.326784,0.341262,0.331954,0.326784,0.341262,0.331954,2,2,1.447777e-02
967,0.326446,0.340909,0.332645,0.326446,0.340909,0.332645,2,2,1.446281e-02
968,0.326109,0.340557,0.333333,0.326109,0.340557,0.333333,2,2,1.444788e-02
969,0.325773,0.340206,0.334021,0.325773,0.340206,0.334021,2,2,1.443299e-02
970,0.325438,0.339856,0.334706,0.325438,0.339856,0.334706,2,2,1.441813e-02
971,0.325103,0.339506,0.335391,0.325103,0.339506,0.335391,2,2,1.440329e-02
972,0.324769,0.339157,0.336074,0.324769,0.339157,0.336074,2,2,1.438849e-02
973,0.324435,0.338809,0.336756,0.324435,0.338809,0.336756,2,2,1.437372e-02
974,0.324103,0.338462,0.337436,0.324103,0.338462,0.337436,2,2,1.435897e-02
975,0.323770,0.338115,0.338115,0.323770,0.338115,0.338115,2,2,1.434426e-02
976,0.323439,0.337769,0.338792,0.323439,0.337769,0.338792,2,2,1.432958e-02
977,0.323108,0.337423,0.339468,0.323108,0.337423,0.339468,2,2,1.431493e-02
978,0.322778,0.337079,0.340143,0.322778,0.337079,0.340143,2,2,1.430031e-02
979,0.322449,0.336735,0.340816,0.322449,0.336735,0.340816,2,2,1.428571e-02
980,0.322120,0.336391,0.341488,0.322120,0.336391,0.341488,2,2,1.427115e-02
981,0.321792,0.336049,0.342159,0.321792,0.336049,0.342159,2,2,1.425662e-02
982,0.321465,0.335707,0.342828,0.321465,0.335707,0.342828,2,2,1.424212e-02
983,0.321138,0.335366,0.343496,0.321138,0.335366,0.343496,2,2,1.422764e-02
984,0.320812,0.335025,0.344162,0.320812,0.335025,0.344162,2,2,1.421320e-02
985,0.320487,0.334686,0.344828,0.320487,0.334686,0.344828,2,2,1.419878e-02
986,0.320162,0.334347,0.345491,0.320162,0.334347,0.345491,2,2,1.418440e-02
987,0.319838,0.334008,0.346154,0.319838,0.334008,0.346154,2,2,1.417004e-02
988,0.319515,0.333670,0.346815,0.319515,0.333670,0.346815,2,2,1.415571e-02
989,0.319192,0.333333,0.347475,0.319192,0.333333,0.347475,2,2,1.414141e-02
990,0.319879,0.332997,0.347124,0.319879,0.332997,0.347124,0,0,1.412714e-02
991,0.320565,0.332661,0.346774,0.320565,0.332661,0.346774,0,0,1.411290e-02
992,0.321249,0.332326,0.346425,0.321249,0.332326,0.346425,0,0,1.409869e-02
993,0.321932,0.331992,0.346076,0.321932,0.331992,0.346076,0,0,1.408451e-02
994,0.322613,0.331658,0.345729,0.322613,0.331658,0.345729,0,0,1.407035e-02
995,0.323293,0.331325,0.345382,0.323293,0.331325,0.345382,0,0,1.405622e-02
996,0.323972,0.330993,0.345035,0.323972,0.330993,0.345035,0,0,1.404213e-02
997,0.324649,0.330661,0.344689,0.324649,0.330661,0.344689,0,0,1.402806e-02
998,0.325325,0.330330,0.344344,0.325325,0.330330,0.344344,0,0,1.401401e-02
999,0.326000,0.330000,0.344000,0.326000,0.330000,0.344000,0,0,1.400000e-02
1000,0.326673,0.329670,0.343656,0.326673,0.329670,0.343656,0,0,1.398601e-02
1001,0.327345,0.329341,0.343313,0.327345,0.329341,0.343313,0,0,1.397206e-02
1002,0.328016,0.329013,0.342971,0.328016,0.329013,0.342971,0,0,1.395813e-02
1003,0.328685,0.328685,0.342629,0.328685,0.328685,0.342629,0,0,1.394422e-02
1004,0.329353,0.328358,0.342289,0.329353,0.328358,0.342289,0,0,1.393035e-02
1005,0.330020,0.328032,0.341948,0.330020,0.328032,0.341948,0,0,1.391650e-02
1006,0.330685,0.327706,0.341609,0.330685,0.327706,0.341609,0,0,1.390268e-02
1007,0.331349,0.327381,0.341270,0.331349,0.327381,0.341270,0,0,1.388889e-02
1008,0.332012,0.327056,0.340932,0.332012,0.327056,0.340932,0,0,1.387512e-02
1009,0.332673,0.326733,0.340594,0.332673,0.326733,0.340594,0,0,1.386139e-02
1010,0.333333,0.326409,0.340257,0.333333,0.326409,0.340257,0,0,1.384768e-02
1011,0.333992,0.326087,0.339921,0.333992,0.326087,0.339921,0,0,1.383399e-02
1012,0.334650,0.325765,0.339585,0.334650,0.325765,0.339585,0,0,1.382034e-02
1013,0.335306,0.325444,0.339250,0.335306,0.325444,0.339250,0,0,1.380671e-02
1014,0.335961,0.325123,0.338916,0.335961,0.325123,0.338916,0,0,1.379310e-02
1015,0.336614,0.324803,0.338583,0.336614,0.324803,0.338583,0,0,1.377953e-02
1016,0.337266,0.324484,0.338250,0.337266,0.324484,0.338250,0,0,1.376598e-02
1017,0.337917,0.324165,0.337917,0.337917,0.324165,0.337917,0,0,1.375246e-02
1018,0.338567,0.323847,0.337586,0.338567,0.323847,0.337586,0,0,1.373896e-02
1019,0.339216,0.323529,0.337255,0.339216,0.323529,0.337255,0,0,1.372549e-02
1020,0.339863,0.323213,0.336925,0.339863,0.323213,0.336925,0,0,1.371205e-02
1021,0.340509,0.322896,0.336595,0.340509,0.322896,0.336595,0,0,1.369863e-02
1022,0.341153,0.322581,0.336266,0.341153,0.322581,0.336266,0,0,1.368524e-02
1023,0.341797,0.322266,0.335938,0.341797,0.322266,0.335938,0,0,1.367188e-02
1024,0.342439,0.321951,0.335610,0.342439,0.321951,0.335610,0,0,1.365854e-02
1025,0.343080,0.321637,0.335283,0.343080,0.321637,0.335283,0,0,1.364522e-02
1026,0.343720,0.321324,0.334956,0.343720,0.321324,0.334956,0,0,1.363194e-02
1027,0.344358,0.321012,0.334630,0.344358,0.321012,0.334630,0,0,1.361868e-02
1028,0.344995,0.320700,0.334305,0.344995,0.320700,0.334305,0,0,1.360544e-02
1029,0.345631,0.320388,0.333981,0.345631,0.320388,0.333981,0,0,1.359223e-02
1030,0.346266,0.320078,0.333657,0.346266,0.320078,0.333657,0,0,1.357905e-02
1031,0.346899,0.319767,0.333333,0.346899,0.319767,0.333333,0,0,1.356589e-02
1032,0.346563,0.320426,0.333011,0.346563,0.320426,0.333011,1,1,1.355276e-02
1033,0.346228,0.321083,0.332689,0.346228,0.321083,0.332689,1,1,1.353965e-02
1034,0.345894,0.321739,0.332367,0.345894,0.321739,0.332367,1,1,1.352657e-02
1035,0.345560,0.322394,0.332046,0.345560,0.322394,0.332046,1,1,1.351351e-02
1036,0.345227,0.323047,0.331726,0.345227,0.323047,0.331726,1,1,1.350048e-02
1037,0.344894,0.323699,0.331407,0.344894,0.323699,0.331407,1,1,1.348748e-02
1038,0.344562,0.324350,0.331088,0.344562,0.324350,0.331088,1,1,1.347449e-02
1039,0.344231,0.325000,0.330769,0.344231,0.325000,0.330769,1,1,1.346154e-02
1040,0.343900,0.325648,0.330451,0.343900,0.325648,0.330451,1,1,1.344861e-02
1041,0.343570,0.326296,0.330134,0.343570,0.326296,0.330134,1,1,1.343570e-02
1042,0.343241,0.326942,0.329818,0.343241,0.326942,0.329818,1,1,1.342282e-02
1043,0.342912,0.327586,0.329502,0.342912,0.327586,0.329502,1,1,1.340996e-02
1044,0.342584,0.328230,0.329187,0.342584,0.328230,0.329187,1,1,1.339713e-02
1045,0.342256,0.328872,0.328872,0.342256,0.328872,0.328872,1,1,1.338432e-02
1046,0.341929,0.329513,0.328558,0.341929,0.329513,0.328558,1,1,1.337154e-02
1047,0.341603,0.330153,0.328244,0.341603,0.330153,0.328244,1,1,1.335878e-02
1048,0.341277,0.330791,0.327931,0.341277,0.330791,0.327931,1,1,1.334604e-02
1049,0.340952,0.331429,0.327619,0.340952,0.331429,0.327619,1,1,1.333333e-02
1050,0.340628,0.332065,0.327307,0.340628,0.332065,0.327307,1,1,1.332065e-02
1051,0.340304,0.332700,0.326996,0.340304,0.332700,0.326996,1,1,1.330798e-02
1052,0.339981,0.333333,0.326686,0.339981,0.333333,0.326686,1,1,1.329535e-02
1053,0.339658,0.333966,0.326376,0.339658,0.333966,0.326376,1,1,1.328273e-02
1054,0.339336,0.334597,0.326066,0.339336,0.334597,0.326066,1,1,1.327014e-02
1055,0.339015,0.335227,0.325758,0.339015,0.335227,0.325758,1,1,1.325758e-02
1056,0.338694,0.335856,0.325449,0.338694,0.335856,0.325449,1,1,1.324503e-02
1057,0.338374,0.336484,0.325142,0.338374,0.336484,0.325142,1,1,1.323251e-02
1058,0.338055,0.337110,0.324835,0.338055,0.337110,0.324835,1,1,1.322002e-02
1059,0.337736,0.337736,0.324528,0.337736,0.337736,0.324528,1,1,1.320755e-02
1060,0.337418,0.338360,0.324222,0.337418,0.338360,0.324222,1,1,1.319510e-02
1061,0.337100,0.338983,0.323917,0.337100,0.338983,0.323917,1,1,1.318267e-02
1062,0.336783,0.339605,0.323612,0.336783,0.339605,0.323612,1,1,1.317027e-02
1063,0.336466,0.340226,0.323308,0.336466,0.340226,0.323308,1,1,1.315789e-02
1064,0.336150,0.340845,0.323005,0.336150,0.340845,0.323005,1,1,1.314554e-02
1065,0.335835,0.341463,0.322702,0.335835,0.341463,0.322702,1,1,1.313321e-02
1066,0.335520,0.342081,0.322399,0.335520,0.342081,0.322399,1,1,1.312090e-02
1067,0.335206,0.342697,0.322097,0.335206,0.342697,0.322097,1,1,1.310861e-02
1068,0.334892,0.343312,0.321796,0.334892,0.343312,0.321796,1,1,1.309635e-02
1069,0.334579,0.343925,0.321495,0.334579,0.343925,0.321495,1,1,1.308411e-02
1070,0.334267,0.344538,0.321195,0.334267,0.344538,0.321195,1,1,1.307190e-02
1071,0.333955,0.345149,0.320896,0.333955,0.345149,0.320896,1,1,1.305970e-02
1072,0.333644,0.345760,0.320596,0.333644,0.345760,0.320596,1,1,1.304753e-02
1073,0.333333,0.346369,0.320298,0.333333,0.346369,0.320298,1,1,1.303538e-02
1074,0.333023,0.346047,0.320930,0.333023,0.346047,0.320930,2,2,1.302326e-02
1075,0.332714,0.345725,0.321561,0.332714,0.345725,0.321561,2,2,1.301115e-02
1076,0.332405,0.345404,0.322191,0.332405,0.345404,0.322191,2,2,1.299907e-02
1077,0.332096,0.345083,0.322820,0.332096,0.345083,0.322820,2,2,1.298701e-02
1078,0.331789,0.344764,0.323448,0.331789,0.344764,0.323448,2,2,1.297498e-02
1079,0.331481,0.344444,0.324074,0.331481,0.344444,0.324074,2,2,1.296296e-02
1080,0.331175,0.344126,0.324699,0.331175,0.344126,0.324699,2,2,1.295097e-02
1081,0.330869,0.343808,0.325323,0.330869,0.343808,0.325323,2,2,1.293900e-02
1082,0.330563,0.343490,0.325946,0.330563,0.343490,0.325946,2,2,1.292705e-02
1083,0.330258,0.343173,0.326568,0.330258,0.343173,0.326568,2,2,1.291513e-02
1084,0.329954,0.342857,0.327189,0.329954,0.342857,0.327189,2,2,1.290323e-02
1085,0.329650,0.342541,0.327808,0.329650,0.342541,0.327808,2,2,1.289134e-02
1086,0.329347,0.342226,0.328427,0.329347,0.342226,0.328427,2,2,1.287948e-02
1087,0.329044,0.341912,0.329044,0.329044,0.341912,0.329044,2,2,1.286765e-02
1088,0.328742,0.341598,0.329660,0.328742,0.341598,0.329660,2,2,1.285583e-02
1089,0.328440,0.341284,0.330275,0.328440,0.341284,0.330275,2,2,1.284404e-02
1090,0.328139,0.340972,0.330889,0.328139,0.340972,0.330889,2,2,1.283226e-02
1091,0.327839,0.340659,0.331502,0.327839,0.340659,0.331502,2,2,1.282051e-02
1092,0.327539,0.340348,0.332113,0.327539,0.340348,0.332113,2,2,1.280878e-02
1093,0.327239,0.340037,0.332724,0.327239,0.340037,0.332724,2,2,1.279707e-02
1094,0.326941,0.339726,0.333333,0.326941,0.339726,0.333333,2,2,1.278539e-02
1095,0.326642,0.339416,0.333942,0.326642,0.339416,0.333942,2,2,1.277372e-02
1096,0.326345,0.339107,0.334549,0.326345,0.339107,0.334549,2,2,1.276208e-02
1097,0.326047,0.338798,0.335155,0.326047,0.338798,0.335155,2,2,1.275046e-02
1098,0.325751,0.338490,0.335760,0.325751,0.338490,0.335760,2,2,1.273885e-02
1099,0.325455,0.338182,0.336364,0.325455,0.338182,0.336364,2,2,1.272727e-02
1100,0.325159,0.337875,0.336966,0.325159,0.337875,0.336966,2,2,1.271571e-02
1101,0.324864,0.337568,0.337568,0.324864,0.337568,0.337568,2,2,1.270417e-02
1102,0.324569,0.337262,0.338169,0.324569,0.337262,0.338169,2,2,1.269266e-02
1103,0.324275,0.336957,0.338768,0.324275,0.336957,0.338768,2,2,1.268116e-02
1104,0.323982,0.336652,0.339367,0.323982,0.336652,0.339367,2,2,1.266968e-02
1105,0.323689,0.336347,0.339964,0.323689,0.336347,0.339964,2,2,1.265823e-02
1106,0.323397,0.336043,0.340560,0.323397,0.336043,0.340560,2,2,1.264679e-02
1107,0.323105,0.335740,0.341155,0.323105,0.335740,0.341155,2,2,1.263538e-02
1108,0.322813,0.335437,0.341749,0.322813,0.335437,0.341749,2,2,1.262399e-02
1109,0.322523,0.335135,0.342342,0.322523,0.335135,0.342342,2,2,1.261261e-02
1110,0.322232,0.334833,0.342934,0.322232,0.334833,0.342934,2,2,1.260126e-02
1111,0.321942,0.334532,0.343525,0.321942,0.334532,0.343525,2,2,1.258993e-02
1112,0.321653,0.334232,0.344115,0.321653,0.334232,0.344115,2,2,1.257862e-02
1113,0.321364,0.333932,0.344704,0.321364,0.333932,0.344704,2,2,1.256732e-02
1114,0.321076,0.333632,0.345291,0.321076,0.333632,0.345291,2,2,1.255605e-02
1115,0.320789,0.333333,0.345878,0.320789,0.333333,0.345878,2,2,1.254480e-02
1116,0.321397,0.333035,0.345568,0.321397,0.333035,0.345568,0,0,1.253357e-02
1117,0.322004,0.332737,0.345259,0.322004,0.332737,0.345259,0,0,1.252236e-02
1118,0.322609,0.332440,0.344951,0.322609,0.332440,0.344951,0,0,1.251117e-02
1119,0.323214,0.332143,0.344643,0.323214,0.332143,0.344643,0,0,1.250000e-02
1120,0.323818,0.331847,0.344335,0.323818,0.331847,0.344335,0,0,1.248885e-02
1121,0.324421,0.331551,0.344029,0.324421,0.331551,0.344029,0,0,1.247772e-02
1122,0.325022,0.331256,0.343722,0.325022,0.331256,0.343722,0,0,1.246661e-02
1123,0.325623,0.330961,0.343416,0.325623,0.330961,0.343416,0,0,1.245552e-02
1124,0.326222,0.330667,0.343111,0.326222,0.330667,0.343111,0,0,1.244444e-02
1125,0.326821,0.330373,0.342806,0.326821,0.330373,0.342806,0,0,1.243339e-02
1126,0.327418,0.330080,0.342502,0.327418,0.330080,0.342502,0,0,1.242236e-02
1127,0.328014,0.329787,0.342199,0.328014,0.329787,0.342199,0,0,1.241135e-02
1128,0.328609,0.329495,0.341895,0.328609,0.329495,0.341895,0,0,1.240035e-02
1129,0.329204,0.329204,0.341593,0.329204,0.329204,0.341593,0,0,1.238938e-02
1130,0.329797,0.328912,0.341291,0.329797,0.328912,0.341291,0,0,1.237843e-02
1131,0.330389,0.328622,0.340989,0.330389,0.328622,0.340989,0,0,1.236749e-02
1132,0.330980,0.328332,0.340688,0.330980,0.328332,0.340688,0,0,1.235658e-02
1133,0.331570,0.328042,0.340388,0.331570,0.328042,0.340388,0,0,1.234568e-02
1134,0.332159,0.327753,0.340088,0.332159,0.327753,0.340088,0,0,1.233480e-02
1135,0.332746,0.327465,0.339789,0.332746,0.327465,0.339789,0,0,1.232394e-02
1136,0.333333,0.327177,0.339490,0.333333,0.327177,0.339490,0,0,1.231310e-02
1137,0.333919,0.326889,0.339192,0.333919,0.326889,0.339192,0,0,1.230228e-02
1138,0.334504,0.326602,0.338894,0.334504,0.326602,0.338894,0,0,1.229148e-02
1139,0.335088,0.326316,0.338596,0.335088,0.326316,0.338596,0,0,1.228070e-02
1140,0.335670,0.326030,0.338300,0.335670,0.326030,0.338300,0,0,1.226994e-02
1141,0.336252,0.325744,0.338004,0.336252,0.325744,0.338004,0,0,1.225919e-02
1142,0.336833,0.325459,0.337708,0.336833,0.325459,0.337708,0,0,1.224847e-02
1143,0.337413,0.325175,0.337413,0.337413,0.325175,0.337413,0,0,1.223776e-02
1144,0.337991,0.324891,0.337118,0.337991,0.324891,0.337118,0,0,1.222707e-02
1145,0.338569,0.324607,0.336824,0.338569,0.324607,0.336824,0,0,1.221640e-02
1146,0.339146,0.324324,0.336530,0.339146,0.324324,0.336530,0,0,1.220575e-02
1147,0.339721,0.324042,0.336237,0.339721,0.324042,0.336237,0,0,1.219512e-02
1148,0.340296,0.323760,0.335944,0.340296,0.323760,0.335944,0,0,1.218451e-02
1149,0.340870,0.323478,0.335652,0.340870,0.323478,0.335652,0,0,1.217391e-02
1150,0.341442,0.323197,0.335361,0.341442,0.323197,0.335361,0,0,1.216334e-02
1151,0.342014,0.322917,0.335069,0.342014,0.322917,0.335069,0,0,1.215278e-02
1152,0.342585,0.322637,0.334779,0.342585,0.322637,0.334779,0,0,1.214224e-02
1153,0.343154,0.322357,0.334489,0.343154,0.322357,0.334489,0,0,1.213172e-02
1154,0.343723,0.322078,0.334199,0.343723,0.322078,0.334199,0,0,1.212121e-02
1155,0.344291,0.321799,0.333910,0.344291,0.321799,0.333910,0,0,1.211073e-02
1156,0.344857,0.321521,0.333621,0.344857,0.321521,0.333621,0,0,1.210026e-02
1157,0.345423,0.321244,0.333333,0.345423,0.321244,0.333333,0,0,1.208981e-02
1158,0.345988,0.320966,0.333046,0.345988,0.320966,0.333046,0,0,1.294219e-02
1159,0.345690,0.321552,0.332759,0.345690,0.321552,0.332759,1,1,1.293103e-02
1160,0.345392,0.322136,0.332472,0.345392,0.322136,0.332472,1,1,1.291990e-02
1161,0.345095,0.322719,0.332186,0.345095,0.322719,0.332186,1,1,1.290878e-02
1162,0.344798,0.323302,0.331900,0.344798,0.323302,0.331900,1,1,1.289768e-02
1163,0.344502,0.323883,0.331615,0.344502,0.323883,0.331615,1,1,1.288660e-02
1164,0.344206,0.324464,0.331330,0.344206,0.324464,0.331330,1,1,1.287554e-02
1165,0.343911,0.325043,0.331046,0.343911,0.325043,0.331046,1,1,1.286449e-02
1166,0.343616,0.325621,0.330763,0.343616,0.325621,0.330763,1,1,1.285347e-02
1167,0.343322,0.326199,0.330479,0.343322,0.326199,0.330479,1,1,1.284247e-02
1168,0.343028,0.326775,0.330197,0.343028,0.326775,0.330197,1,1,1.283148e-02
1169,0.342735,0.327350,0.329915,0.342735,0.327350,0.329915,1,1,1.282051e-02
1170,0.342442,0.327925,0.329633,0.342442,0.327925,0.329633,1,1,1.280956e-02
1171,0.342150,0.328498,0.329352,0.342150,0.328498,0.329352,1,1,1.279863e-02
1172,0.341858,0.329071,0.329071,0.341858,0.329071,0.329071,1,1,1.278772e-02
1173,0.341567,0.329642,0.328790,0.341567,0.329642,0.328790,1,1,1.277683e-02
1174,0.341277,0.330213,0.328511,0.341277,0.330213,0.328511,1,1,1.276596e-02
1175,0.340986,0.330782,0.328231,0.340986,0.330782,0.328231,1,1,1.275510e-02
1176,0.340697,0.331351,0.327952,0.340697,0.331351,0.327952,1,1,1.274427e-02
1177,0.340407,0.331919,0.327674,0.340407,0.331919,0.327674,1,1,1.273345e-02
1178,0.340119,0.332485,0.327396,0.340119,0.332485,0.327396,1,1,1.272265e-02
1179,0.339831,0.333051,0.327119,0.339831,0.333051,0.327119,1,1,1.271186e-02
1180,0.339543,0.333616,0.326842,0.339543,0.333616,0.326842,1,1,1.270110e-02
1181,0.339255,0.334179,0.326565,0.339255,0.334179,0.326565,1,1,1.269036e-02
1182,0.338969,0.334742,0.326289,0.338969,0.334742,0.326289,1,1,1.267963e-02
1183,0.338682,0.335304,0.326014,0.338682,0.335304,0.326014,1,1,1.266892e-02
1184,0.338397,0.335865,0.325738,0.338397,0.335865,0.325738,1,1,1.265823e-02
1185,0.338111,0.336425,0.325464,0.338111,0.336425,0.325464,1,1,1.264755e-02
1186,0.337826,0.336984,0.325190,0.337826,0.336984,0.325190,1,1,1.263690e-02
1187,0.337542,0.337542,0.324916,0.337542,0.337542,0.324916,1,1,1.262626e-02
1188,0.337258,0.338099,0.324643,0.337258,0.338099,0.324643,1,1,1.261564e-02
1189,0.336975,0.338655,0.324370,0.336975,0.338655,0.324370,1,1,1.260504e-02
1190,0.336692,0.339211,0.324097,0.336692,0.339211,0.324097,1,1,1.259446e-02
1191,0.336409,0.339765,0.323826,0.336409,0.339765,0.323826,1,1,1.258389e-02
1192,0.336127,0.340319,0.323554,0.336127,0.340319,0.323554,1,1,1.257334e-02
1193,0.335846,0.340871,0.323283,0.335846,0.340871,0.323283,1,1,1.256281e-02
1194,0.335565,0.341423,0.323013,0.335565,0.341423,0.323013,1,1,1.255230e-02
1195,0.335284,0.341973,0.322742,0.335284,0.341973,0.322742,1,1,1.254181e-02
1196,0.335004,0.342523,0.322473,0.335004,0.342523,0.322473,1,1,1.253133e-02
1197,0.334725,0.343072,0.322204,0.334725,0.343072,0.322204,1,1,1.252087e-02
1198,0.334445,0.343620,0.321935,0.334445,0.343620,0.321935,1,1,1.251043e-02
1199,0.334167,0.344167,0.321667,0.334167,0.344167,0.321667,1,1,1.250000e-02
1200,0.333888,0.344713,0.321399,0.333888,0.344713,0.321399,1,1,1.248959e-02
1201,0.333611,0.345258,0.321131,0.333611,0.345258,0.321131,1,1,1.247920e-02
1202,0.333333,0.345802,0.320865,0.333333,0.345802,0.320865,1,1,1.246883e-02
1203,0.333056,0.346346,0.320598,0.333056,0.346346,0.320598,1,1,1.328904e-02
1204,0.332780,0.346058,0.321162,0.332780,0.346058,0.321162,2,2,1.327801e-02
1205,0.332504,0.345771,0.321725,0.332504,0.345771,0.321725,2,2,1.326700e-02
1206,0.332229,0.345485,0.322287,0.332229,0.345485,0.322287,2,2,1.325601e-02
1207,0.331954,0.345199,0.322848,0.331954,0.345199,0.322848,2,2,1.324503e-02
1208,0.331679,0.344913,0.323408,0.331679,0.344913,0.323408,2,2,1.323408e-02
1209,0.331405,0.344628,0.323967,0.331405,0.344628,0.323967,2,2,1.322314e-02
1210,0.331131,0.344344,0.324525,0.331131,0.344344,0.324525,2,2,1.321222e-02
1211,0.330858,0.344059,0.325083,0.330858,0.344059,0.325083,2,2,1.320132e-02
1212,0.330585,0.343776,0.325639,0.330585,0.343776,0.325639,2,2,1.319044e-02
1213,0.330313,0.343493,0.326194,0.330313,0.343493,0.326194,2,2,1.317957e-02
1214,0.330041,0.343210,0.326749,0.330041,0.343210,0.326749,2,2,1.316872e-02
1215,0.329770,0.342928,0.327303,0.329770,0.342928,0.327303,2,2,1.315789e-02
1216,0.329499,0.342646,0.327855,0.329499,0.342646,0.327855,2,2,1.314708e-02
1217,0.329228,0.342365,0.328407,0.329228,0.342365,0.328407,2,2,1.313629e-02
1218,0.328958,0.342084,0.328958,0.328958,0.342084,0.328958,2,2,1.312551e-02
1219,0.328689,0.341803,0.329508,0.328689,0.341803,0.329508,2,2,1.311475e-02
1220,0.328419,0.341523,0.330057,0.328419,0.341523,0.330057,2,2,1.310401e-02
1221,0.328151,0.341244,0.330606,0.328151,0.341244,0.330606,2,2,1.309329e-02
1222,0.327882,0.340965,0.331153,0.327882,0.340965,0.331153,2,2,1.308258e-02
1223,0.327614,0.340686,0.331699,0.327614,0.340686,0.331699,2,2,1.307190e-02
1224,0.327347,0.340408,0.332245,0.327347,0.340408,0.332245,2,2,1.306122e-02
1225,0.327080,0.340131,0.332790,0.327080,0.340131,0.332790,2,2,1.305057e-02
1226,0.326813,0.339853,0.333333,0.326813,0.339853,0.333333,2,2,1.303993e-02
1227,0.326547,0.339577,0.333876,0.326547,0.339577,0.333876,2,2,1.302932e-02
1228,0.326282,0.339300,0.334418,0.326282,0.339300,0.334418,2,2,1.301871e-02
1229,0.326016,0.339024,0.334959,0.326016,0.339024,0.334959,2,2,1.300813e-02
1230,0.325751,0.338749,0.335500,0.325751,0.338749,0.335500,2,2,1.299756e-02
1231,0.325487,0.338474,0.336039,0.325487,0.338474,0.336039,2,2,1.298701e-02
1232,0.325223,0.338200,0.336577,0.325223,0.338200,0.336577,2,2,1.297648e-02
1233,0.324959,0.337925,0.337115,0.324959,0.337925,0.337115,2,2,1.296596e-02
1234,0.324696,0.337652,0.337652,0.324696,0.337652,0.337652,2,2,1.295547e-02
1235,0.324434,0.337379,0.338188,0.324434,0.337379,0.338188,2,2,1.294498e-02
1236,0.324171,0.337106,0.338723,0.324171,0.337106,0.338723,2,2,1.293452e-02
1237,0.323910,0.336834,0.339257,0.323910,0.336834,0.339257,2,2,1.292407e-02
1238,0.323648,0.336562,0.339790,0.323648,0.336562,0.339790,2,2,1.291364e-02
1239,0.323387,0.336290,0.340323,0.323387,0.336290,0.340323,2,2,1.290323e-02
1240,0.323127,0.336019,0.340854,0.323127,0.336019,0.340854,2,2,1.289283e-02
1241,0.322866,0.335749,0.341385,0.322866,0.335749,0.341385,2,2,1.288245e-02
1242,0.322607,0.335479,0.341915,0.322607,0.335479,0.341915,2,2,1.287208e-02
1243,0.322347,0.335209,0.342444,0.322347,0.335209,0.342444,2,2,1.286174e-02
1244,0.322088,0.334940,0.342972,0.322088,0.334940,0.342972,2,2,1.285141e-02
1245,0.321830,0.334671,0.343499,0.321830,0.334671,0.343499,2,2,1.284109e-02
1246,0.321572,0.334403,0.344026,0.321572,0.334403,0.344026,2,2,1.283079e-02
1247,0.321314,0.334135,0.344551,0.321314,0.334135,0.344551,2,2,1.282051e-02
1248,0.321057,0.333867,0.345076,0.321057,0.333867,0.345076,2,2,1.281025e-02
1249,0.320800,0.333600,0.345600,0.320800,0.333600,0.345600,2,2,1.280000e-02
1250,0.320544,0.333333,0.346123,0.320544,0.333333,0.346123,2,2,1.278977e-02
1251,0.321086,0.333067,0.345847,0.321086,0.333067,0.345847,0,0,1.277955e-02
1252,0.321628,0.332801,0.345571,0.321628,0.332801,0.345571,0,0,1.276935e-02
1253,0.322169,0.332536,0.345295,0.322169,0.332536,0.345295,0,0,1.275917e-02
1254,0.322709,0.332271,0.345020,0.322709,0.332271,0.345020,0,0,1.274900e-02
1255,0.323248,0.332006,0.344745,0.323248,0.332006,0.344745,0,0,1.273885e-02
1256,0.323787,0.331742,0.344471,0.323787,0.331742,0.344471,0,0,1.272872e-02
1257,0.324324,0.331479,0.344197,0.324324,0.331479,0.344197,0,0,1.271860e-02
1258,0.324861,0.331215,0.343924,0.324861,0.331215,0.343924,0,0,1.270850e-02
1259,0.325397,0.330952,0.343651,0.325397,0.330952,0.343651,0,0,1.269841e-02
1260,0.325932,0.330690,0.343378,0.325932,0.330690,0.343378,0,0,1.268834e-02
1261,0.326466,0.330428,0.343106,0.326466,0.330428,0.343106,0,0,1.267829e-02
1262,0.326999,0.330166,0.342835,0.326999,0.330166,0.342835,0,0,1.266825e-02
1263,0.327532,0.329905,0.342563,0.327532,0.329905,0.342563,0,0,1.265823e-02
1264,0.328063,0.329644,0.342292,0.328063,0.329644,0.342292,0,0,1.264822e-02
1265,0.328594,0.329384,0.342022,0.328594,0.329384,0.342022,0,0,1.263823e-02
1266,0.329124,0.329124,0.341752,0.329124,0.329124,0.341752,0,0,1.262826e-02
1267,0.329653,0.328864,0.341483,0.329653,0.328864,0.341483,0,0,1.261830e-02
1268,0.330181,0.328605,0.341214,0.330181,0.328605,0.341214,0,0,1.260835e-02
1269,0.330709,0.328346,0.340945,0.330709,0.328346,0.340945,0,0,1.259843e-02
1270,0.331235,0.328088,0.340677,0.331235,0.328088,0.340677,0,0,1.258851e-02
1271,0.331761,0.327830,0.340409,0.331761,0.327830,0.340409,0,0,1.257862e-02
1272,0.332286,0.327573,0.340141,0.332286,0.327573,0.340141,0,0,1.256874e-02
1273,0.332810,0.327316,0.339874,0.332810,0.327316,0.339874,0,0,1.255887e-02
1274,0.333333,0.327059,0.339608,0.333333,0.327059,0.339608,0,0,1.254902e-02
1275,0.333856,0.326803,0.339342,0.333856,0.326803,0.339342,0,0,1.253918e-02
1276,0.334377,0.326547,0.339076,0.334377,0.326547,0.339076,0,0,1.252937e-02
1277,0.334898,0.326291,0.338811,0.334898,0.326291,0.338811,0,0,1.251956e-02
1278,0.335418,0.326036,0.338546,0.335418,0.326036,0.338546,0,0,1.250977e-02
1279,0.335938,0.325781,0.338281,0.335938,0.325781,0.338281,0,0,1.250000e-02
1280,0.336456,0.325527,0.338017,0.336456,0.325527,0.338017,0,0,1.249024e-02
1281,0.336973,0.325273,0.337754,0.336973,0.325273,0.337754,0,0,1.248050e-02
1282,0.337490,0.325019,0.337490,0.337490,0.325019,0.337490,0,0,1.247077e-02
1283,0.338006,0.324766,0.337227,0.338006,0.324766,0.337227,0,0,1.246106e-02
1284,0.338521,0.324514,0.336965,0.338521,0.324514,0.336965,0,0,1.245136e-02
1285,0.339036,0.324261,0.336703,0.339036,0.324261,0.336703,0,0,1.244168e-02
1286,0.339549,0.324009,0.336441,0.339549,0.324009,0.336441,0,0,1.243201e-02
1287,0.340062,0.323758,0.336180,0.340062,0.323758,0.336180,0,0,1.242236e-02
1288,0.340574,0.323507,0.335919,0.340574,0.323507,0.335919,0,0,1.241272e-02
1289,0.341085,0.323256,0.335659,0.341085,0.323256,0.335659,0,0,1.240310e-02
1290,0.341596,0.323005,0.335399,0.341596,0.323005,0.335399,0,0,1.239349e-02
1291,0.342105,0.322755,0.335139,0.342105,0.322755,0.335139,0,0,1.238390e-02
1292,0.342614,0.322506,0.334880,0.342614,0.322506,0.334880,0,0,1.237432e-02
1293,0.343122,0.322257,0.334621,0.343122,0.322257,0.334621,0,0,1.236476e-02
1294,0.343629,0.322008,0.334363,0.343629,0.322008,0.334363,0,0,1.235521e-02
1295,0.344136,0.321759,0.334105,0.344136,0.321759,0.334105,0,0,1.234568e-02
1296,0.344641,0.321511,0.333847,0.344641,0.321511,0.333847,0,0,1.233616e-02
1297,0.345146,0.321263,0.333590,0.345146,0.321263,0.333590,0,0,1.232666e-02
1298,0.345651,0.321016,0.333333,0.345651,0.321016,0.333333,0,0,1.231717e-02
1299,0.345385,0.321538,0.333077,0.345385,0.321538,0.333077,1,1,1.230769e-02
1300,0.345119,0.322060,0.332821,0.345119,0.322060,0.332821,1,1,1.229823e-02
1301,0.344854,0.322581,0.332565,0.344854,0.322581,0.332565,1,1,1.228879e-02
1302,0.344589,0.323101,0.332310,0.344589,0.323101,0.332310,1,1,1.227936e-02
1303,0.344325,0.323620,0.332055,0.344325,0.323620,0.332055,1,1,1.226994e-02
1304,0.344061,0.324138,0.331801,0.344061,0.324138,0.331801,1,1,1.226054e-02
1305,0.343798,0.324655,0.331547,0.343798,0.324655,0.331547,1,1,1.225115e-02
1306,0.343535,0.325172,0.331293,0.343535,0.325172,0.331293,1,1,1.224178e-02
1307,0.343272,0.325688,0.331040,0.343272,0.325688,0.331040,1,1,1.223242e-02
1308,0.343010,0.326203,0.330787,0.343010,0.326203,0.330787,1,1,1.222307e-02
1309,0.342748,0.326718,0.330534,0.342748,0.326718,0.330534,1,1,1.221374e-02
1310,0.342487,0.327231,0.330282,0.342487,0.327231,0.330282,1,1,1.220442e-02
1311,0.342226,0.327744,0.330030,0.342226,0.327744,0.330030,1,1,1.219512e-02
1312,0.341965,0.328256,0.329779,0.341965,0.328256,0.329779,1,1,1.218583e-02
1313,0.341705,0.328767,0.329528,0.341705,0.328767,0.329528,1,1,1.217656e-02
1314,0.341445,0.329278,0.329278,0.341445,0.329278,0.329278,1,1,1.216730e-02
1315,0.341185,0.329787,0.329027,0.341185,0.329787,0.329027,1,1,1.215805e-02
1316,0.340926,0.330296,0.328778,0.340926,0.330296,0.328778,1,1,1.214882e-02
1317,0.340668,0.330804,0.328528,0.340668,0.330804,0.328528,1,1,1.213961e-02
1318,0.340409,0.331312,0.328279,0.340409,0.331312,0.328279,1,1,1.213040e-02
1319,0.340152,0.331818,0.328030,0.340152,0.331818,0.328030,1,1,1.212121e-02
1320,0.339894,0.332324,0.327782,0.339894,0.332324,0.327782,1,1,1.211204e-02
1321,0.339637,0.332829,0.327534,0.339637,0.332829,0.327534,1,1,1.210287e-02
1322,0.339380,0.333333,0.327286,0.339380,0.333333,0.327286,1,1,1.209373e-02
1323,0.339124,0.333837,0.327039,0.339124,0.333837,0.327039,1,1,1.208459e-02
1324,0.338868,0.334340,0.326792,0.338868,0.334340,0.326792,1,1,1.207547e-02
1325,0.338612,0.334842,0.326546,0.338612,0.334842,0.326546,1,1,1.206637e-02
1326,0.338357,0.335343,0.326300,0.338357,0.335343,0.326300,1,1,1.205727e-02
1327,0.338102,0.335843,0.326054,0.338102,0.335843,0.326054,1,1,1.204819e-02
1328,0.337848,0.336343,0.325809,0.337848,0.336343,0.325809,1,1,1.203913e-02
1329,0.337594,0.336842,0.325564,0.337594,0.336842,0.325564,1,1,1.203008e-02
1330,0.337340,0.337340,0.325319,0.337340,0.337340,0.325319,1,1,1.202104e-02
1331,0.337087,0.337838,0.325075,0.337087,0.337838,0.325075,1,1,1.201201e-02
1332,0.336834,0.338335,0.324831,0.336834,0.338335,0.324831,1,1,1.200300e-02
1333,0.336582,0.338831,0.324588,0.336582,0.338831,0.324588,1,1,1.199400e-02
1334,0.336330,0.339326,0.324345,0.336330,0.339326,0.324345,1,1,1.198502e-02
1335,0.336078,0.339820,0.324102,0.336078,0.339820,0.324102,1,1,1.197605e-02
1336,0.335826,0.340314,0.323859,0.335826,0.340314,0.323859,1,1,1.196709e-02
1337,0.335575,0.340807,0.323617,0.335575,0.340807,0.323617,1,1,1.195815e-02
1338,0.335325,0.341299,0.323376,0.335325,0.341299,0.323376,1,1,1.194922e-02
1339,0.335075,0.341791,0.323134,0.335075,0.341791,0.323134,1,1,1.194030e-02
1340,0.334825,0.342282,0.322893,0.334825,0.342282,0.322893,1,1,1.193139e-02
1341,0.334575,0.342772,0.322653,0.334575,0.342772,0.322653,1,1,1.192250e-02
1342,0.334326,0.343261,0.322413,0.334326,0.343261,0.322413,1,1,1.191363e-02
1343,0.334077,0.343750,0.322173,0.334077,0.343750,0.322173,1,1,1.190476e-02
1344,0.333829,0.344238,0.321933,0.333829,0.344238,0.321933,1,1,1.189591e-02
1345,0.333581,0.344725,0.321694,0.333581,0.344725,0.321694,1,1,1.188707e-02
1346,0.333333,0.345212,0.321455,0.333333,0.345212,0.321455,1,1,1.187825e-02
1347,0.333086,0.345697,0.321217,0.333086,0.345697,0.321217,1,1,1.261128e-02
1348,0.332839,0.345441,0.321720,0.332839,0.345441,0.321720,2,2,1.260193e-02
1349,0.332593,0.345185,0.322222,0.332593,0.345185,0.322222,2,2,1.259259e-02
1350,0.332346,0.344930,0.322724,0.332346,0.344930,0.322724,2,2,1.258327e-02
1351,0.332101,0.344675,0.323225,0.332101,0.344675,0.323225,2,2,1.257396e-02
1352,0.331855,0.344420,0.323725,0.331855,0.344420,0.323725,2,2,1.256467e-02
1353,0.331610,0.344165,0.324225,0.331610,0.344165,0.324225,2,2,1.255539e-02
1354,0.331365,0.343911,0.324723,0.331365,0.343911,0.324723,2,2,1.254613e-02
1355,0.331121,0.343658,0.325221,0.331121,0.343658,0.325221,2,2,1.253687e-02
1356,0.330877,0.343405,0.325718,0.330877,0.343405,0.325718,2,2,1.252763e-02
1357,0.330633,0.343152,0.326215,0.330633,0.343152,0.326215,2,2,1.251841e-02
1358,0.330390,0.342899,0.326711,0.330390,0.342899,0.326711,2,2,1.250920e-02
1359,0.330147,0.342647,0.327206,0.330147,0.342647,0.327206,2,2,1.250000e-02
1360,0.329904,0.342395,0.327700,0.329904,0.342395,0.327700,2,2,1.249082e-02
1361,0.329662,0.342144,0.328194,0.329662,0.342144,0.328194,2,2,1.248164e-02
1362,0.329420,0.341893,0.328687,0.329420,0.341893,0.328687,2,2,1.247249e-02
1363,0.329179,0.341642,0.329179,0.329179,0.341642,0.329179,2,2,1.246334e-02
1364,0.328938,0.341392,0.329670,0.328938,0.341392,0.329670,2,2,1.245421e-02
1365,0.328697,0.341142,0.330161,0.328697,0.341142,0.330161,2,2,1.244510e-02
1366,0.328456,0.340892,0.330651,0.328456,0.340892,0.330651,2,2,1.243599e-02
1367,0.328216,0.340643,0.331140,0.328216,0.340643,0.331140,2,2,1.242690e-02
1368,0.327977,0.340394,0.331629,0.327977,0.340394,0.331629,2,2,1.241782e-02
1369,0.327737,0.340146,0.332117,0.327737,0.340146,0.332117,2,2,1.240876e-02
1370,0.327498,0.339898,0.332604,0.327498,0.339898,0.332604,2,2,1.239971e-02
1371,0.327259,0.339650,0.333090,0.327259,0.339650,0.333090,2,2,1.239067e-02
1372,0.327021,0.339403,0.333576,0.327021,0.339403,0.333576,2,2,1.238165e-02
1373,0.326783,0.339156,0.334061,0.326783,0.339156,0.334061,2,2,1.237263e-02
1374,0.326545,0.338909,0.334545,0.326545,0.338909,0.334545,2,2,1.236364e-02
1375,0.326308,0.338663,0.335029,0.326308,0.338663,0.335029,2,2,1.235465e-02
1376,0.326071,0.338417,0.335512,0.326071,0.338417,0.335512,2,2,1.234568e-02
1377,0.325835,0.338171,0.335994,0.325835,0.338171,0.335994,2,2,1.233672e-02
1378,0.325598,0.337926,0.336476,0.325598,0.337926,0.336476,2,2,1.232777e-02
1379,0.325362,0.337681,0.336957,0.325362,0.337681,0.336957,2,2,1.231884e-02
1380,0.325127,0.337437,0.337437,0.325127,0.337437,0.337437,2,2,1.230992e-02
1381,0.324891,0.337192,0.337916,0.324891,0.337192,0.337916,2,2,1.230101e-02
1382,0.324657,0.336949,0.338395,0.324657,0.336949,0.338395,2,2,1.229212e-02
1383,0.324422,0.336705,0.338873,0.324422,0.336705,0.338873,2,2,1.228324e-02
1384,0.324188,0.336462,0.339350,0.324188,0.336462,0.339350,2,2,1.227437e-02
1385,0.323954,0.336219,0.339827,0.323954,0.336219,0.339827,2,2,1.226551e-02
1386,0.323720,0.335977,0.340303,0.323720,0.335977,0.340303,2,2,1.225667e-02
1387,0.323487,0.335735,0.340778,0.323487,0.335735,0.340778,2,2,1.224784e-02
1388,0.323254,0.335493,0.341253,0.323254,0.335493,0.341253,2,2,1.223902e-02
1389,0.323022,0.335252,0.341727,0.323022,0.335252,0.341727,2,2,1.223022e-02
1390,0.322789,0.335011,0.342200,0.322789,0.335011,0.342200,2,2,1.222142e-02
1391,0.322557,0.334770,0.342672,0.322557,0.334770,0.342672,2,2,1.221264e-02
1392,0.322326,0.334530,0.343144,0.322326,0.334530,0.343144,2,2,1.220388e-02
1393,0.322095,0.334290,0.343615,0.322095,0.334290,0.343615,2,2,1.219512e-02
1394,0.321864,0.334050,0.344086,0.321864,0.334050,0.344086,2,2,1.218638e-02
1395,0.321633,0.333811,0.344556,0.321633,0.333811,0.344556,2,2,1.217765e-02
1396,0.321403,0.333572,0.345025,0.321403,0.333572,0.345025,2,2,1.216893e-02
1397,0.321173,0.333333,0.345494,0.321173,0.333333,0.345494,2,2,1.216023e-02
1398,0.321658,0.333095,0.345247,0.321658,0.333095,0.345247,0,0,1.215154e-02
1399,0.322143,0.332857,0.345000,0.322143,0.332857,0.345000,0,0,1.214286e-02
1400,0.322627,0.332620,0.344754,0.322627,0.332620,0.344754,0,0,1.213419e-02
1401,0.323110,0.332382,0.344508,0.323110,0.332382,0.344508,0,0,1.212553e-02
1402,0.323592,0.332145,0.344262,0.323592,0.332145,0.344262,0,0,1.211689e-02
1403,0.324074,0.331909,0.344017,0.324074,0.331909,0.344017,0,0,1.210826e-02
1404,0.324555,0.331673,0.343772,0.324555,0.331673,0.343772,0,0,1.209964e-02
1405,0.325036,0.331437,0.343528,0.325036,0.331437,0.343528,0,0,1.209104e-02
1406,0.325515,0.331201,0.343284,0.325515,0.331201,0.343284,0,0,1.208244e-02
1407,0.325994,0.330966,0.343040,0.325994,0.330966,0.343040,0,0,1.207386e-02
1408,0.326473,0.330731,0.342796,0.326473,0.330731,0.342796,0,0,1.206529e-02
1409,0.326950,0.330496,0.342553,0.326950,0.330496,0.342553,0,0,1.205674e-02
1410,0.327427,0.330262,0.342310,0.327427,0.330262,0.342310,0,0,1.204819e-02
1411,0.327904,0.330028,0.342068,0.327904,0.330028,0.342068,0,0,1.203966e-02
1412,0.328379,0.329795,0.341826,0.328379,0.329795,0.341826,0,0,1.203114e-02
1413,0.328854,0.329562,0.341584,0.328854,0.329562,0.341584,0,0,1.202263e-02
1414,0.329329,0.329329,0.341343,0.329329,0.329329,0.341343,0,0,1.201413e-02
1415,0.329802,0.329096,0.341102,0.329802,0.329096,0.341102,0,0,1.200565e-02
1416,0.330275,0.328864,0.340861,0.330275,0.328864,0.340861,0,0,1.199718e-02
1417,0.330748,0.328632,0.340621,0.330748,0.328632,0.340621,0,0,1.198872e-02
1418,0.331219,0.328400,0.340381,0.331219,0.328400,0.340381,0,0,1.198027e-02
1419,0.331690,0.328169,0.340141,0.331690,0.328169,0.340141,0,0,1.197183e-02
1420,0.332160,0.327938,0.339901,0.332160,0.327938,0.339901,0,0,1.196341e-02
1421,0.332630,0.327707,0.339662,0.332630,0.327707,0.339662,0,0,1.195499e-02
1422,0.333099,0.327477,0.339424,0.333099,0.327477,0.339424,0,0,1.194659e-02
1423,0.333567,0.327247,0.339185,0.333567,0.327247,0.339185,0,0,1.193820e-02
1424,0.334035,0.327018,0.338947,0.334035,0.327018,0.338947,0,0,1.192982e-02
1425,0.334502,0.326788,0.338710,0.334502,0.326788,0.338710,0,0,1.192146e-02
1426,0.334968,0.326559,0.338472,0.334968,0.326559,0.338472,0,0,1.191310e-02
1427,0.335434,0.326331,0.338235,0.335434,0.326331,0.338235,0,0,1.190476e-02
1428,0.335899,0.326102,0.337999,0.335899,0.326102,0.337999,0,0,1.189643e-02
1429,0.336364,0.325874,0.337762,0.336364,0.325874,0.337762,0,0,1.188811e-02
1430,0.336827,0.325646,0.337526,0.336827,0.325646,0.337526,0,0,1.187980e-02
1431,0.337291,0.325419,0.337291,0.337291,0.325419,0.337291,0,0,1.187151e-02
1432,0.337753,0.325192,0.337055,0.337753,0.325192,0.337055,0,0,1.186322e-02
1433,0.338215,0.324965,0.336820,0.338215,0.324965,0.336820,0,0,1.185495e-02
1434,0.338676,0.324739,0.336585,0.338676,0.324739,0.336585,0,0,1.184669e-02
1435,0.339136,0.324513,0.336351,0.339136,0.324513,0.336351,0,0,1.183844e-02
1436,0.339596,0.324287,0.336117,0.339596,0.324287,0.336117,0,0,1.183020e-02
1437,0.340056,0.324061,0.335883,0.340056,0.324061,0.335883,0,0,1.182197e-02
1438,0.340514,0.323836,0.335650,0.340514,0.323836,0.335650,0,0,1.181376e-02
1439,0.340972,0.323611,0.335417,0.340972,0.323611,0.335417,0,0,1.180556e-02
1440,0.341430,0.323387,0.335184,0.341430,0.323387,0.335184,0,0,1.179736e-02
1441,0.341886,0.323162,0.334951,0.341886,0.323162,0.334951,0,0,1.178918e-02
1442,0.342342,0.322938,0.334719,0.342342,0.322938,0.334719,0,0,1.178101e-02
1443,0.342798,0.322715,0.334488,0.342798,0.322715,0.334488,0,0,1.177285e-02
1444,0.343253,0.322491,0.334256,0.343253,0.322491,0.334256,0,0,1.176471e-02
1445,0.343707,0.322268,0.334025,0.343707,0.322268,0.334025,0,0,1.175657e-02
1446,0.344160,0.322046,0.333794,0.344160,0.322046,0.333794,0,0,1.174845e-02
1447,0.344613,0.321823,0.333564,0.344613,0.321823,0.333564,0,0,1.174033e-02
1448,0.345066,0.321601,0.333333,0.345066,0.321601,0.333333,0,0,1.173223e-02
1449,0.344828,0.322069,0.333103,0.344828,0.322069,0.333103,1,1,1.172414e-02
1450,0.344590,0.322536,0.332874,0.344590,0.322536,0.332874,1,1,1.171606e-02
1451,0.344353,0.323003,0.332645,0.344353,0.323003,0.332645,1,1,1.170799e-02
1452,0.344116,0.323469,0.332416,0.344116,0.323469,0.332416,1,1,1.169993e-02
1453,0.343879,0.323934,0.332187,0.343879,0.323934,0.332187,1,1,1.169188e-02
1454,0.343643,0.324399,0.331959,0.343643,0.324399,0.331959,1,1,1.168385e-02
1455,0.343407,0.324863,0.331731,0.343407,0.324863,0.331731,1,1,1.167582e-02
1456,0.343171,0.325326,0.331503,0.343171,0.325326,0.331503,1,1,1.166781e-02
1457,0.342936,0.325789,0.331276,0.342936,0.325789,0.331276,1,1,1.165981e-02
1458,0.342700,0.326251,0.331049,0.342700,0.326251,0.331049,1,1,1.165182e-02
1459,0.342466,0.326712,0.330822,0.342466,0.326712,0.330822,1,1,1.164384e-02
1460,0.342231,0.327173,0.330595,0.342231,0.327173,0.330595,1,1,1.163587e-02
1461,0.341997,0.327633,0.330369,0.341997,0.327633,0.330369,1,1,1.162791e-02
1462,0.341763,0.328093,0.330144,0.341763,0.328093,0.330144,1,1,1.161996e-02
1463,0.341530,0.328552,0.329918,0.341530,0.328552,0.329918,1,1,1.161202e-02
1464,0.341297,0.329010,0.329693,0.341297,0.329010,0.329693,1,1,1.160410e-02
1465,0.341064,0.329468,0.329468,0.341064,0.329468,0.329468,1,1,1.159618e-02
1466,0.340832,0.329925,0.329243,0.340832,0.329925,0.329243,1,1,1.158828e-02
1467,0.340599,0.330381,0.329019,0.340599,0.330381,0.329019,1,1,1.158038e-02
1468,0.340368,0.330837,0.328795,0.340368,0.330837,0.328795,1,1,1.157250e-02
1469,0.340136,0.331293,0.328571,0.340136,0.331293,0.328571,1,1,1.156463e-02
1470,0.339905,0.331747,0.328348,0.339905,0.331747,0.328348,1,1,1.155676e-02
1471,0.339674,0.332201,0.328125,0.339674,0.332201,0.328125,1,1,1.154891e-02
1472,0.339443,0.332654,0.327902,0.339443,0.332654,0.327902,1,1,1.154107e-02
1473,0.339213,0.333107,0.327680,0.339213,0.333107,0.327680,1,1,1.153324e-02
1474,0.338983,0.333559,0.327458,0.338983,0.333559,0.327458,1,1,1.152542e-02
1475,0.338753,0.334011,0.327236,0.338753,0.334011,0.327236,1,1,1.151762e-02
1476,0.338524,0.334462,0.327014,0.338524,0.334462,0.327014,1,1,1.150982e-02
1477,0.338295,0.334912,0.326793,0.338295,0.334912,0.326793,1,1,1.150203e-02
1478,0.338066,0.335362,0.326572,0.338066,0.335362,0.326572,1,1,1.149425e-02
1479,0.337838,0.335811,0.326351,0.337838,0.335811,0.326351,1,1,1.148649e-02
1480,0.337610,0.336259,0.326131,0.337610,0.336259,0.326131,1,1,1.147873e-02
1481,0.337382,0.336707,0.325911,0.337382,0.336707,0.325911,1,1,1.147099e-02
1482,0.337154,0.337154,0.325691,0.337154,0.337154,0.325691,1,1,1.146325e-02
1483,0.336927,0.337601,0.325472,0.336927,0.337601,0.325472,1,1,1.145553e-02
1484,0.336700,0.338047,0.325253,0.336700,0.338047,0.325253,1,1,1.144781e-02
1485,0.336474,0.338493,0.325034,0.336474,0.338493,0.325034,1,1,1.144011e-02
1486,0.336247,0.338937,0.324815,0.336247,0.338937,0.324815,1,1,1.143241e-02
1487,0.336022,0.339382,0.324597,0.336022,0.339382,0.324597,1,1,1.142473e-02
1488,0.335796,0.339825,0.324379,0.335796,0.339825,0.324379,1,1,1.141706e-02
1489,0.335570,0.340268,0.324161,0.335570,0.340268,0.324161,1,1,1.140940e-02
1490,0.335345,0.340711,0.323944,0.335345,0.340711,0.323944,1,1,1.140174e-02
1491,0.335121,0.341153,0.323727,0.335121,0.341153,0.323727,1,1,1.139410e-02
1492,0.334896,0.341594,0.323510,0.334896,0.341594,0.323510,1,1,1.138647e-02
1493,0.334672,0.342035,0.323293,0.334672,0.342035,0.323293,1,1,1.137885e-02
1494,0.334448,0.342475,0.323077,0.334448,0.342475,0.323077,1,1,1.137124e-02
1495,0.334225,0.342914,0.322861,0.334225,0.342914,0.322861,1,1,1.136364e-02
1496,0.334001,0.343353,0.322645,0.334001,0.343353,0.322645,1,1,1.135605e-02
1497,0.333778,0.343792,0.322430,0.333778,0.343792,0.322430,1,1,1.134846e-02
1498,0.333556,0.344229,0.322215,0.333556,0.344229,0.322215,1,1,1.134089e-02
1499,0.333333,0.344667,0.322000,0.333333,0.344667,0.322000,1,1,1.133333e-02
1500,0.333111,0.344437,0.322452,0.333111,0.344437,0.322452,2,2,1.132578e-02
1501,0.332889,0.344208,0.322903,0.332889,0.344208,0.322903,2,2,1.131824e-02
1502,0.332668,0.343979,0.323353,0.332668,0.343979,0.323353,2,2,1.131071e-02
1503,0.332447,0.343750,0.323803,0.332447,0.343750,0.323803,2,2,1.130319e-02
1504,0.332226,0.343522,0.324252,0.332226,0.343522,0.324252,2,2,1.129568e-02
1505,0.332005,0.343293,0.324701,0.332005,0.343293,0.324701,2,2,1.128818e-02
1506,0.331785,0.343066,0.325149,0.331785,0.343066,0.325149,2,2,1.128069e-02
1507,0.331565,0.342838,0.325597,0.331565,0.342838,0.325597,2,2,1.127321e-02
1508,0.331345,0.342611,0.326044,0.331345,0.342611,0.326044,2,2,1.126574e-02
1509,0.331126,0.342384,0.326490,0.331126,0.342384,0.326490,2,2,1.125828e-02
1510,0.330907,0.342158,0.326936,0.330907,0.342158,0.326936,2,2,1.125083e-02
1511,0.330688,0.341931,0.327381,0.330688,0.341931,0.327381,2,2,1.124339e-02
1512,0.330469,0.341705,0.327826,0.330469,0.341705,0.327826,2,2,1.123596e-02
1513,0.330251,0.341480,0.328269,0.330251,0.341480,0.328269,2,2,1.122853e-02
1514,0.330033,0.341254,0.328713,0.330033,0.341254,0.328713,2,2,1.122112e-02
1515,0.329815,0.341029,0.329156,0.329815,0.341029,0.329156,2,2,1.121372e-02
1516,0.329598,0.340804,0.329598,0.329598,0.340804,0.329598,2,2,1.120633e-02
1517,0.329381,0.340580,0.330040,0.329381,0.340580,0.330040,2,2,1.119895e-02
1518,0.329164,0.340355,0.330481,0.329164,0.340355,0.330481,2,2,1.119157e-02
1519,0.328947,0.340132,0.330921,0.328947,0.340132,0.330921,2,2,1.118421e-02
1520,0.328731,0.339908,0.331361,0.328731,0.339908,0.331361,2,2,1.117686e-02
1521,0.328515,0.339685,0.331800,0.328515,0.339685,0.331800,2,2,1.116951e-02
1522,0.328299,0.339462,0.332239,0.328299,0.339462,0.332239,2,2,1.116218e-02
1523,0.328084,0.339239,0.332677,0.328084,0.339239,0.332677,2,2,1.115486e-02
1524,0.327869,0.339016,0.333115,0.327869,0.339016,0.333115,2,2,1.114754e-02
1525,0.327654,0.338794,0.333552,0.327654,0.338794,0.333552,2,2,1.114024e-02
1526,0.327439,0.338572,0.333988,0.327439,0.338572,0.333988,2,2,1.113294e-02
1527,0.327225,0.338351,0.334424,0.327225,0.338351,0.334424,2,2,1.112565e-02
1528,0.327011,0.338129,0.334859,0.327011,0.338129,0.334859,2,2,1.111838e-02
1529,0.326797,0.337908,0.335294,0.326797,0.337908,0.335294,2,2,1.111111e-02
1530,0.326584,0.337688,0.335728,0.326584,0.337688,0.335728,2,2,1.110385e-02
1531,0.326371,0.337467,0.336162,0.326371,0.337467,0.336162,2,2,1.109661e-02
1532,0.326158,0.337247,0.336595,0.326158,0.337247,0.336595,2,2,1.108937e-02
1533,0.325945,0.337027,0.337027,0.325945,0.337027,0.337027,2,2,1.108214e-02
1534,0.325733,0.336808,0.337459,0.325733,0.336808,0.337459,2,2,1.107492e-02
1535,0.325521,0.336589,0.337891,0.325521,0.336589,0.337891,2,2,1.106771e-02
1536,0.325309,0.336370,0.338321,0.325309,0.336370,0.338321,2,2,1.106051e-02
1537,0.325098,0.336151,0.338752,0.325098,0.336151,0.338752,2,2,1.105332e-02
1538,0.324886,0.335932,0.339181,0.324886,0.335932,0.339181,2,2,1.104613e-02
1539,0.324675,0.335714,0.339610,0.324675,0.335714,0.339610,2,2,1.103896e-02
1540,0.324465,0.335496,0.340039,0.324465,0.335496,0.340039,2,2,1.103180e-02
1541,0.324254,0.335279,0.340467,0.324254,0.335279,0.340467,2,2,1.102464e-02
1542,0.324044,0.335062,0.340894,0.324044,0.335062,0.340894,2,2,1.101750e-02
1543,0.323834,0.334845,0.341321,0.323834,0.334845,0.341321,2,2,1.101036e-02
1544,0.323625,0.334628,0.341748,0.323625,0.334628,0.341748,2,2,1.100324e-02
1545,0.323415,0.334411,0.342173,0.323415,0.334411,0.342173,2,2,1.099612e-02
1546,0.323206,0.334195,0.342599,0.323206,0.334195,0.342599,2,2,1.098901e-02
1547,0.322997,0.333979,0.343023,0.322997,0.333979,0.343023,2,2,1.098191e-02
1548,0.322789,0.333764,0.343447,0.322789,0.333764,0.343447,2,2,1.097482e-02
1549,0.322581,0.333548,0.343871,0.322581,0.333548,0.343871,2,2,1.096774e-02
1550,0.322373,0.333333,0.344294,0.322373,0.333333,0.344294,2,2,1.096067e-02
1551,0.322809,0.333119,0.344072,0.322809,0.333119,0.344072,0,0,1.095361e-02
1552,0.323245,0.332904,0.343851,0.323245,0.332904,0.343851,0,0,1.094656e-02
1553,0.323681,0.332690,0.343629,0.323681,0.332690,0.343629,0,0,1.093951e-02
1554,0.324116,0.332476,0.343408,0.324116,0.332476,0.343408,0,0,1.093248e-02
1555,0.324550,0.332262,0.343188,0.324550,0.332262,0.343188,0,0,1.092545e-02
1556,0.324984,0.332049,0.342967,0.324984,0.332049,0.342967,0,0,1.091843e-02
1557,0.325417,0.331836,0.342747,0.325417,0.331836,0.342747,0,0,1.091142e-02
1558,0.325850,0.331623,0.342527,0.325850,0.331623,0.342527,0,0,1.090443e-02
1559,0.326282,0.331410,0.342308,0.326282,0.331410,0.342308,0,0,1.089744e-02
1560,0.326714,0.331198,0.342088,0.326714,0.331198,0.342088,0,0,1.089045e-02
1561,0.327145,0.330986,0.341869,0.327145,0.330986,0.341869,0,0,1.088348e-02
1562,0.327575,0.330774,0.341651,0.327575,0.330774,0.341651,0,0,1.087652e-02
1563,0.328005,0.330563,0.341432,0.328005,0.330563,0.341432,0,0,1.086957e-02
1564,0.328435,0.330351,0.341214,0.328435,0.330351,0.341214,0,0,1.086262e-02
1565,0.328863,0.330140,0.340996,0.328863,0.330140,0.340996,0,0,1.085568e-02
1566,0.329292,0.329930,0.340779,0.329292,0.329930,0.340779,0,0,1.084876e-02
1567,0.329719,0.329719,0.340561,0.329719,0.329719,0.340561,0,0,1.084184e-02
1568,0.330147,0.329509,0.340344,0.330147,0.329509,0.340344,0,0,1.083493e-02
1569,0.330573,0.329299,0.340127,0.330573,0.329299,0.340127,0,0,1.082803e-02
1570,0.330999,0.329090,0.339911,0.330999,0.329090,0.339911,0,0,1.082113e-02
1571,0.331425,0.328880,0.339695,0.331425,0.328880,0.339695,0,0,1.081425e-02
1572,0.331850,0.328671,0.339479,0.331850,0.328671,0.339479,0,0,1.080737e-02
1573,0.332274,0.328463,0.339263,0.332274,0.328463,0.339263,0,0,1.080051e-02
1574,0.332698,0.328254,0.339048,0.332698,0.328254,0.339048,0,0,1.079365e-02
1575,0.333122,0.328046,0.338832,0.333122,0.328046,0.338832,0,0,1.078680e-02
1576,0.333545,0.327838,0.338618,0.333545,0.327838,0.338618,0,0,1.077996e-02
1577,0.333967,0.327630,0.338403,0.333967,0.327630,0.338403,0,0,1.077313e-02
1578,0.334389,0.327422,0.338189,0.334389,0.327422,0.338189,0,0,1.076631e-02
1579,0.334810,0.327215,0.337975,0.334810,0.327215,0.337975,0,0,1.075949e-02
1580,0.335231,0.327008,0.337761,0.335231,0.327008,0.337761,0,0,1.075269e-02
1581,0.335651,0.326802,0.337547,0.335651,0.326802,0.337547,0,0,1.074589e-02
1582,0.336071,0.326595,0.337334,0.336071,0.326595,0.337334,0,0,1.073910e-02
1583,0.336490,0.326389,0.337121,0.336490,0.326389,0.337121,0,0,1.073232e-02
1584,0.336909,0.326183,0.336909,0.336909,0.326183,0.336909,0,0,1.072555e-02
1585,0.337327,0.325977,0.336696,0.337327,0.325977,0.336696,0,0,1.071879e-02
1586,0.337744,0.325772,0.336484,0.337744,0.325772,0.336484,0,0,1.071204e-02
1587,0.338161,0.325567,0.336272,0.338161,0.325567,0.336272,0,0,1.070529e-02
1588,0.338578,0.325362,0.336060,0.338578,0.325362,0.336060,0,0,1.069855e-02
1589,0.338994,0.325157,0.335849,0.338994,0.325157,0.335849,0,0,1.069182e-02
1590,0.339409,0.324953,0.335638,0.339409,0.324953,0.335638,0,0,1.068510e-02
1591,0.339824,0.324749,0.335427,0.339824,0.324749,0.335427,0,0,1.067839e-02
1592,0.340239,0.324545,0.335217,0.340239,0.324545,0.335217,0,0,1.067169e-02
1593,0.340652,0.324341,0.335006,0.340652,0.324341,0.335006,0,0,1.066499e-02
1594,0.341066,0.324138,0.334796,0.341066,0.324138,0.334796,0,0,1.065831e-02
1595,0.341479,0.323935,0.334586,0.341479,0.323935,0.334586,0,0,1.065163e-02
1596,0.341891,0.323732,0.334377,0.341891,0.323732,0.334377,0,0,1.064496e-02
1597,0.342303,0.323529,0.334168,0.342303,0.323529,0.334168,0,0,1.063830e-02
1598,0.342714,0.323327,0.333959,0.342714,0.323327,0.333959,0,0,1.063164e-02
1599,0.343125,0.323125,0.333750,0.343125,0.323125,0.333750,0,0,1.062500e-02
1600,0.343535,0.322923,0.333542,0.343535,0.322923,0.333542,0,0,1.061836e-02
1601,0.343945,0.322722,0.333333,0.343945,0.322722,0.333333,0,0,1.061174e-02
1602,0.343731,0.323144,0.333125,0.343731,0.323144,0.333125,1,1,1.060512e-02
1603,0.343516,0.323566,0.332918,0.343516,0.323566,0.332918,1,1,1.059850e-02
1604,0.343302,0.323988,0.332710,0.343302,0.323988,0.332710,1,1,1.059190e-02
1605,0.343088,0.324408,0.332503,0.343088,0.324408,0.332503,1,1,1.058531e-02
1606,0.342875,0.324829,0.332296,0.342875,0.324829,0.332296,1,1,1.057872e-02
1607,0.342662,0.325249,0.332090,0.342662,0.325249,0.332090,1,1,1.057214e-02
1608,0.342449,0.325668,0.331883,0.342449,0.325668,0.331883,1,1,1.056557e-02
1609,0.342236,0.326087,0.331677,0.342236,0.326087,0.331677,1,1,1.055901e-02
1610,0.342024,0.326505,0.331471,0.342024,0.326505,0.331471,1,1,1.055245e-02
1611,0.341811,0.326923,0.331266,0.341811,0.326923,0.331266,1,1,1.054591e-02
1612,0.341600,0.327340,0.331060,0.341600,0.327340,0.331060,1,1,1.053937e-02
1613,0.341388,0.327757,0.330855,0.341388,0.327757,0.330855,1,1,1.053284e-02
1614,0.341176,0.328173,0.330650,0.341176,0.328173,0.330650,1,1,1.052632e-02
1615,0.340965,0.328589,0.330446,0.340965,0.328589,0.330446,1,1,1.051980e-02
1616,0.340754,0.329004,0.330241,0.340754,0.329004,0.330241,1,1,1.051330e-02
1617,0.340544,0.329419,0.330037,0.340544,0.329419,0.330037,1,1,1.050680e-02
1618,0.340334,0.329833,0.329833,0.340334,0.329833,0.329833,1,1,1.050031e-02
1619,0.340123,0.330247,0.329630,0.340123,0.330247,0.329630,1,1,1.049383e-02
1620,0.339914,0.330660,0.329426,0.339914,0.330660,0.329426,1,1,1.048735e-02
1621,0.339704,0.331073,0.329223,0.339704,0.331073,0.329223,1,1,1.048089e-02
1622,0.339495,0.331485,0.329020,0.339495,0.331485,0.329020,1,1,1.047443e-02
1623,0.339286,0.331897,0.328818,0.339286,0.331897,0.328818,1,1,1.046798e-02
1624,0.339077,0.332308,0.328615,0.339077,0.332308,0.328615,1,1,1.046154e-02
1625,0.338868,0.332718,0.328413,0.338868,0.332718,0.328413,1,1,1.045510e-02
1626,0.338660,0.333128,0.328211,0.338660,0.333128,0.328211,1,1,1.044868e-02
1627,0.338452,0.333538,0.328010,0.338452,0.333538,0.328010,1,1,1.044226e-02
1628,0.338244,0.333947,0.327808,0.338244,0.333947,0.327808,1,1,1.043585e-02
1629,0.338037,0.334356,0.327607,0.338037,0.334356,0.327607,1,1,1.042945e-02
1630,0.337830,0.334764,0.327406,0.337830,0.334764,0.327406,1,1,1.042305e-02
1631,0.337623,0.335172,0.327206,0.337623,0.335172,0.327206,1,1,1.041667e-02
1632,0.337416,0.335579,0.327006,0.337416,0.335579,0.327006,1,1,1.041029e-02
1633,0.337209,0.335985,0.326805,0.337209,0.335985,0.326805,1,1,1.040392e-02
1634,0.337003,0.336391,0.326606,0.337003,0.336391,0.326606,1,1,1.039755e-02
1635,0.336797,0.336797,0.326406,0.336797,0.336797,0.326406,1,1,1.039120e-02
1636,0.336591,0.337202,0.326206,0.336591,0.337202,0.326206,1,1,1.038485e-02
1637,0.336386,0.337607,0.326007,0.336386,0.337607,0.326007,1,1,1.037851e-02
1638,0.336181,0.338011,0.325808,0.336181,0.338011,0.325808,1,1,1.037218e-02
1639,0.335976,0.338415,0.325610,0.335976,0.338415,0.325610,1,1,1.036585e-02
1640,0.335771,0.338818,0.325411,0.335771,0.338818,0.325411,1,1,1.035954e-02
1641,0.335566,0.339220,0.325213,0.335566,0.339220,0.325213,1,1,1.035323e-02
1642,0.335362,0.339623,0.325015,0.335362,0.339623,0.325015,1,1,1.034693e-02
1643,0.335158,0.340024,0.324818,0.335158,0.340024,0.324818,1,1,1.034063e-02
1644,0.334954,0.340426,0.324620,0.334954,0.340426,0.324620,1,1,1.033435e-02
1645,0.334751,0.340826,0.324423,0.334751,0.340826,0.324423,1,1,1.032807e-02
1646,0.334548,0.341226,0.324226,0.334548,0.341226,0.324226,1,1,1.032180e-02
1647,0.334345,0.341626,0.324029,0.334345,0.341626,0.324029,1,1,1.031553e-02
1648,0.334142,0.342025,0.323833,0.334142,0.342025,0.323833,1,1,1.030928e-02
1649,0.333939,0.342424,0.323636,0.333939,0.342424,0.323636,1,1,1.030303e-02
1650,0.333737,0.342823,0.323440,0.333737,0.342823,0.323440,1,1,1.029679e-02
1651,0.333535,0.343220,0.323245,0.333535,0.343220,0.323245,1,1,1.029056e-02
1652,0.333333,0.343618,0.323049,0.333333,0.343618,0.323049,1,1,1.028433e-02
1653,0.333132,0.343410,0.323458,0.333132,0.343410,0.323458,2,2,1.027811e-02
1654,0.332931,0.343202,0.323867,0.332931,0.343202,0.323867,2,2,1.027190e-02
1655,0.332729,0.342995,0.324275,0.332729,0.342995,0.324275,2,2,1.026570e-02
1656,0.332529,0.342788,0.324683,0.332529,0.342788,0.324683,2,2,1.025951e-02
1657,0.332328,0.342581,0.325090,0.332328,0.342581,0.325090,2,2,1.025332e-02
1658,0.332128,0.342375,0.325497,0.332128,0.342375,0.325497,2,2,1.024714e-02
1659,0.331928,0.342169,0.325904,0.331928,0.342169,0.325904,2,2,1.024096e-02
1660,0.331728,0.341963,0.326309,0.331728,0.341963,0.326309,2,2,1.023480e-02
1661,0.331528,0.341757,0.326715,0.331528,0.341757,0.326715,2,2,1.022864e-02
1662,0.331329,0.341551,0.327120,0.331329,0.341551,0.327120,2,2,1.022249e-02
1663,0.331130,0.341346,0.327524,0.331130,0.341346,0.327524,2,2,1.021635e-02
1664,0.330931,0.341141,0.327928,0.330931,0.341141,0.327928,2,2,1.021021e-02
1665,0.330732,0.340936,0.328331,0.330732,0.340936,0.328331,2,2,1.020408e-02
1666,0.330534,0.340732,0.328734,0.330534,0.340732,0.328734,2,2,1.019796e-02
1667,0.330336,0.340528,0.329137,0.330336,0.340528,0.329137,2,2,1.019185e-02
1668,0.330138,0.340324,0.329539,0.330138,0.340324,0.329539,2,2,1.018574e-02
1669,0.329940,0.340120,0.329940,0.329940,0.340120,0.329940,2,2,1.017964e-02
1670,0.329743,0.339916,0.330341,0.329743,0.339916,0.330341,2,2,1.017355e-02
1671,0.329545,0.339713,0.330742,0.329545,0.339713,0.330742,2,2,1.016746e-02
1672,0.329348,0.339510,0.331142,0.329348,0.339510,0.331142,2,2,1.016139e-02
1673,0.329152,0.339307,0.331541,0.329152,0.339307,0.331541,2,2,1.015532e-02
1674,0.328955,0.339104,0.331940,0.328955,0.339104,0.331940,2,2,1.014925e-02
1675,0.328759,0.338902,0.332339,0.328759,0.338902,0.332339,2,2,1.014320e-02
1676,0.328563,0.338700,0.332737,0.328563,0.338700,0.332737,2,2,1.013715e-02
1677,0.328367,0.338498,0.333135,0.328367,0.338498,0.333135,2,2,1.013111e-02
1678,0.328172,0.338297,0.333532,0.328172,0.338297,0.333532,2,2,1.012507e-02
1679,0.327976,0.338095,0.333929,0.327976,0.338095,0.333929,2,2,1.011905e-02
1680,0.327781,0.337894,0.334325,0.327781,0.337894,0.334325,2,2,1.011303e-02
1681,0.327586,0.337693,0.334721,0.327586,0.337693,0.334721,2,2,1.010702e-02
1682,0.327392,0.337493,0.335116,0.327392,0.337493,0.335116,2,2,1.010101e-02
1683,0.327197,0.337292,0.335511,0.327197,0.337292,0.335511,2,2,1.009501e-02
1684,0.327003,0.337092,0.335905,0.327003,0.337092,0.335905,2,2,1.008902e-02
1685,0.326809,0.336892,0.336299,0.326809,0.336892,0.336299,2,2,1.008304e-02
1686,0.326615,0.336692,0.336692,0.326615,0.336692,0.336692,2,2,1.007706e-02
1687,0.326422,0.336493,0.337085,0.326422,0.336493,0.337085,2,2,1.007109e-02
1688,0.326229,0.336294,0.337478,0.326229,0.336294,0.337478,2,2,1.006513e-02
1689,0.326036,0.336095,0.337870,0.326036,0.336095,0.337870,2,2,1.005917e-02
1690,0.325843,0.335896,0.338261,0.325843,0.335896,0.338261,2,2,1.005322e-02
1691,0.325650,0.335697,0.338652,0.325650,0.335697,0.338652,2,2,1.004728e-02
1692,0.325458,0.335499,0.339043,0.325458,0.335499,0.339043,2,2,1.004135e-02
1693,0.325266,0.335301,0.339433,0.325266,0.335301,0.339433,2,2,1.003542e-02
1694,0.325074,0.335103,0.339823,0.325074,0.335103,0.339823,2,2,1.002950e-02
1695,0.324882,0.334906,0.340212,0.324882,0.334906,0.340212,2,2,1.002358e-02
1696,0.324691,0.334708,0.340601,0.324691,0.334708,0.340601,2,2,1.001768e-02
1697,0.324499,0.334511,0.340989,0.324499,0.334511,0.340989,2,2,1.001178e-02
1698,0.324308,0.334314,0.341377,0.324308,0.334314,0.341377,2,2,1.000589e-02
1699,0.324118,0.334118,0.341765,0.324118,0.334118,0.341765,2,2,1.000000e-02
1700,0.323927,0.333921,0.342152,0.323927,0.333921,0.342152,2,2,9.994121e-03
1701,0.323737,0.333725,0.342538,0.323737,0.333725,0.342538,2,2,9.988249e-03
1702,0.323547,0.333529,0.342924,0.323547,0.333529,0.342924,2,2,9.982384e-03
1703,0.323357,0.333333,0.343310,0.323357,0.333333,0.343310,2,2,9.976526e-03
1704,0.323754,0.333138,0.343109,0.323754,0.333138,0.343109,0,0,9.970674e-03
1705,0.324150,0.332943,0.342907,0.324150,0.332943,0.342907,0,0,9.964830e-03
1706,0.324546,0.332748,0.342707,0.324546,0.332748,0.342707,0,0,9.958992e-03
1707,0.324941,0.332553,0.342506,0.324941,0.332553,0.342506,0,0,9.953162e-03
1708,0.325336,0.332358,0.342305,0.325336,0.332358,0.342305,0,0,9.947338e-03
1709,0.325731,0.332164,0.342105,0.325731,0.332164,0.342105,0,0,9.941520e-03
1710,0.326125,0.331970,0.341905,0.326125,0.331970,0.341905,0,0,9.935710e-03
1711,0.326519,0.331776,0.341706,0.326519,0.331776,0.341706,0,0,9.929907e-03
1712,0.326912,0.331582,0.341506,0.326912,0.331582,0.341506,0,0,9.924110e-03
1713,0.327305,0.331389,0.341307,0.327305,0.331389,0.341307,0,0,9.918320e-03
1714,0.327697,0.331195,0.341108,0.327697,0.331195,0.341108,0,0,9.912536e-03
1715,0.328089,0.331002,0.340909,0.328089,0.331002,0.340909,0,0,9.906760e-03
1716,0.328480,0.330810,0.340711,0.328480,0.330810,0.340711,0,0,9.900990e-03
1717,0.328871,0.330617,0.340512,0.328871,0.330617,0.340512,0,0,9.895227e-03
1718,0.329261,0.330425,0.340314,0.329261,0.330425,0.340314,0,0,9.889471e-03
1719,0.329651,0.330233,0.340116,0.329651,0.330233,0.340116,0,0,9.883721e-03
1720,0.330041,0.330041,0.339919,0.330041,0.330041,0.339919,0,0,9.877978e-03
1721,0.330430,0.329849,0.339721,0.330430,0.329849,0.339721,0,0,9.872242e-03
1722,0.330818,0.329658,0.339524,0.330818,0.329658,0.339524,0,0,9.866512e-03
1723,0.331206,0.329466,0.339327,0.331206,0.329466,0.339327,0,0,9.860789e-03
1724,0.331594,0.329275,0.339130,0.331594,0.329275,0.339130,0,0,9.855072e-03
1725,0.331981,0.329085,0.338934,0.331981,0.329085,0.338934,0,0,9.849363e-03
1726,0.332368,0.328894,0.338738,0.332368,0.328894,0.338738,0,0,9.843660e-03
1727,0.332755,0.328704,0.338542,0.332755,0.328704,0.338542,0,0,9.837963e-03
1728,0.333141,0.328514,0.338346,0.333141,0.328514,0.338346,0,0,9.832273e-03
1729,0.333526,0.328324,0.338150,0.333526,0.328324,0.338150,0,0,9.826590e-03
1730,0.333911,0.328134,0.337955,0.333911,0.328134,0.337955,0,0,9.820913e-03
1731,0.334296,0.327945,0.337760,0.334296,0.327945,0.337760,0,0,9.815242e-03
1732,0.334680,0.327755,0.337565,0.334680,0.327755,0.337565,0,0,9.809579e-03
1733,0.335063,0.327566,0.337370,0.335063,0.327566,0.337370,0,0,9.803922e-03
1734,0.335447,0.327378,0.337176,0.335447,0.327378,0.337176,0,0,9.798271e-03
1735,0.335829,0.327189,0.336982,0.335829,0.327189,0.336982,0,0,9.792627e-03
1736,0.336212,0.327001,0.336788,0.336212,0.327001,0.336788,0,0,9.786989e-03
1737,0.336594,0.326812,0.336594,0.336594,0.326812,0.336594,0,0,9.781358e-03
1738,0.336975,0.326624,0.336400,0.336975,0.326624,0.336400,0,0,9.775733e-03
1739,0.337356,0.326437,0.336207,0.337356,0.326437,0.336207,0,0,9.770115e-03
1740,0.337737,0.326249,0.336014,0.337737,0.326249,0.336014,0,0,9.764503e-03
1741,0.338117,0.326062,0.335821,0.338117,0.326062,0.335821,0,0,9.758898e-03
1742,0.338497,0.325875,0.335628,0.338497,0.325875,0.335628,0,0,9.753299e-03
1743,0.338876,0.325688,0.335436,0.338876,0.325688,0.335436,0,0,9.747706e-03
1744,0.339255,0.325501,0.335244,0.339255,0.325501,0.335244,0,0,9.742120e-03
1745,0.339633,0.325315,0.335052,0.339633,0.325315,0.335052,0,0,9.736541e-03
1746,0.340011,0.325129,0.334860,0.340011,0.325129,0.334860,0,0,9.730967e-03
1747,0.340389,0.324943,0.334668,0.340389,0.324943,0.334668,0,0,9.725400e-03
1748,0.340766,0.324757,0.334477,0.340766,0.324757,0.334477,0,0,9.719840e-03
1749,0.341143,0.324571,0.334286,0.341143,0.324571,0.334286,0,0,9.714286e-03
1750,0.341519,0.324386,0.334095,0.341519,0.324386,0.334095,0,0,9.708738e-03
1751,0.341895,0.324201,0.333904,0.341895,0.324201,0.333904,0,0,9.703196e-03
1752,0.342270,0.324016,0.333714,0.342270,0.324016,0.333714,0,0,9.697661e-03
1753,0.342645,0.323831,0.333523,0.342645,0.323831,0.333523,0,0,9.692132e-03
1754,0.343020,0.323647,0.333333,0.343020,0.323647,0.333333,0,0,9.686610e-03
1755,0.342825,0.324032,0.333144,0.342825,0.324032,0.333144,1,1,9.681093e-03
1756,0.342629,0.324417,0.332954,0.342629,0.324417,0.332954,1,1,9.675583e-03
1757,0.342435,0.324801,0.332765,0.342435,0.324801,0.332765,1,1,9.670080e-03
1758,0.342240,0.325185,0.332575,0.342240,0.325185,0.332575,1,1,9.664582e-03
1759,0.342045,0.325568,0.332386,0.342045,0.325568,0.332386,1,1,9.659091e-03
1760,0.341851,0.325951,0.332198,0.341851,0.325951,0.332198,1,1,9.653606e-03
1761,0.341657,0.326334,0.332009,0.341657,0.326334,0.332009,1,1,9.648127e-03
1762,0.341463,0.326716,0.331821,0.341463,0.326716,0.331821,1,1,9.642655e-03
1763,0.341270,0.327098,0.331633,0.341270,0.327098,0.331633,1,1,9.637188e-03
1764,0.341076,0.327479,0.331445,0.341076,0.327479,0.331445,1,1,9.631728e-03
1765,0.340883,0.327860,0.331257,0.340883,0.327860,0.331257,1,1,9.626274e-03
1766,0.340690,0.328240,0.331070,0.340690,0.328240,0.331070,1,1,9.620826e-03
1767,0.340498,0.328620,0.330882,0.340498,0.328620,0.330882,1,1,9.615385e-03
1768,0.340305,0.328999,0.330695,0.340305,0.328999,0.330695,1,1,9.609949e-03
1769,0.340113,0.329379,0.330508,0.340113,0.329379,0.330508,1,1,9.604520e-03
1770,0.339921,0.329757,0.330322,0.339921,0.329757,0.330322,1,1,9.599097e-03
1771,0.339729,0.330135,0.330135,0.339729,0.330135,0.330135,1,1,9.593679e-03
1772,0.339538,0.330513,0.329949,0.339538,0.330513,0.329949,1,1,9.588268e-03
1773,0.339346,0.330891,0.329763,0.339346,0.330891,0.329763,1,1,9.582864e-03
1774,0.339155,0.331268,0.329577,0.339155,0.331268,0.329577,1,1,9.577465e-03
1775,0.338964,0.331644,0.329392,0.338964,0.331644,0.329392,1,1,9.572072e-03
1776,0.338773,0.332020,0.329207,0.338773,0.332020,0.329207,1,1,9.566685e-03
1777,0.338583,0.332396,0.329021,0.338583,0.332396,0.329021,1,1,9.561305e-03
1778,0.338392,0.332771,0.328836,0.338392,0.332771,0.328836,1,1,9.555930e-03
1779,0.338202,0.333146,0.328652,0.338202,0.333146,0.328652,1,1,9.550562e-03
1780,0.338012,0.333520,0.328467,0.338012,0.333520,0.328467,1,1,9.545199e-03
1781,0.337823,0.333895,0.328283,0.337823,0.333895,0.328283,1,1,9.539843e-03
1782,0.337633,0.334268,0.328099,0.337633,0.334268,0.328099,1,1,9.534492e-03
1783,0.337444,0.334641,0.327915,0.337444,0.334641,0.327915,1,1,9.529148e-03
1784,0.337255,0.335014,0.327731,0.337255,0.335014,0.327731,1,1,9.523810e-03
1785,0.337066,0.335386,0.327548,0.337066,0.335386,0.327548,1,1,9.518477e-03
1786,0.336877,0.335758,0.327364,0.336877,0.335758,0.327364,1,1,9.513151e-03
1787,0.336689,0.336130,0.327181,0.336689,0.336130,0.327181,1,1,9.507830e-03
1788,0.336501,0.336501,0.326998,0.336501,0.336501,0.326998,1,1,9.502515e-03
1789,0.336313,0.336872,0.326816,0.336313,0.336872,0.326816,1,1,9.497207e-03
1790,0.336125,0.337242,0.326633,0.336125,0.337242,0.326633,1,1,9.491904e-03
1791,0.335938,0.337612,0.326451,0.335938,0.337612,0.326451,1,1,9.486607e-03
1792,0.335750,0.337981,0.326269,0.335750,0.337981,0.326269,1,1,9.481316e-03
1793,0.335563,0.338350,0.326087,0.335563,0.338350,0.326087,1,1,9.476031e-03
1794,0.335376,0.338719,0.325905,0.335376,0.338719,0.325905,1,1,9.470752e-03
1795,0.335189,0.339087,0.325724,0.335189,0.339087,0.325724,1,1,9.465479e-03
1796,0.335003,0.339455,0.325543,0.335003,0.339455,0.325543,1,1,9.460211e-03
1797,0.334816,0.339822,0.325362,0.334816,0.339822,0.325362,1,1,9.454950e-03
1798,0.334630,0.340189,0.325181,0.334630,0.340189,0.325181,1,1,9.449694e-03
1799,0.334444,0.340556,0.325000,0.334444,0.340556,0.325000,1,1,9.444444e-03
1800,0.334259,0.340922,0.324820,0.334259,0.340922,0.324820,1,1,9.439200e-03
1801,0.334073,0.341287,0.324639,0.334073,0.341287,0.324639,1,1,9.433962e-03
1802,0.333888,0.341653,0.324459,0.333888,0.341653,0.324459,1,1,9.428730e-03
1803,0.333703,0.342018,0.324279,0.333703,0.342018,0.324279,1,1,9.423503e-03
1804,0.333518,0.342382,0.324100,0.333518,0.342382,0.324100,1,1,9.418283e-03
1805,0.333333,0.342746,0.323920,0.333333,0.342746,0.323920,1,1,9.413068e-03
1806,0.333149,0.342557,0.324294,0.333149,0.342557,0.324294,2,2,9.407858e-03
1807,0.332965,0.342367,0.324668,0.332965,0.342367,0.324668,2,2,9.402655e-03
1808,0.332781,0.342178,0.325041,0.332781,0.342178,0.325041,2,2,9.397457e-03
1809,0.332597,0.341989,0.325414,0.332597,0.341989,0.325414,2,2,9.392265e-03
1810,0.332413,0.341800,0.325787,0.332413,0.341800,0.325787,2,2,9.387079e-03
1811,0.332230,0.341611,0.326159,0.332230,0.341611,0.326159,2,2,9.381898e-03
1812,0.332046,0.341423,0.326531,0.332046,0.341423,0.326531,2,2,9.376724e-03
1813,0.331863,0.341235,0.326902,0.331863,0.341235,0.326902,2,2,9.371555e-03
1814,0.331680,0.341047,0.327273,0.331680,0.341047,0.327273,2,2,9.366391e-03
1815,0.331498,0.340859,0.327643,0.331498,0.340859,0.327643,2,2,9.361233e-03
1816,0.331315,0.340671,0.328013,0.331315,0.340671,0.328013,2,2,9.356081e-03
1817,0.331133,0.340484,0.328383,0.331133,0.340484,0.328383,2,2,9.350935e-03
1818,0.330951,0.340297,0.328752,0.330951,0.340297,0.328752,2,2,9.345794e-03
1819,0.330769,0.340110,0.329121,0.330769,0.340110,0.329121,2,2,9.340659e-03
1820,0.330588,0.339923,0.329489,0.330588,0.339923,0.329489,2,2,9.335530e-03
1821,0.330406,0.339737,0.329857,0.330406,0.339737,0.329857,2,2,9.330406e-03
1822,0.330225,0.339550,0.330225,0.330225,0.339550,0.330225,2,2,9.325288e-03
1823,0.330044,0.339364,0.330592,0.330044,0.339364,0.330592,2,2,9.320175e-03
1824,0.329863,0.339178,0.330959,0.329863,0.339178,0.330959,2,2,9.315068e-03
1825,0.329682,0.338992,0.331325,0.329682,0.338992,0.331325,2,2,9.309967e-03
1826,0.329502,0.338807,0.331691,0.329502,0.338807,0.331691,2,2,9.304871e-03
1827,0.329322,0.338621,0.332057,0.329322,0.338621,0.332057,2,2,9.299781e-03
1828,0.329142,0.338436,0.332422,0.329142,0.338436,0.332422,2,2,9.294697e-03
1829,0.328962,0.338251,0.332787,0.328962,0.338251,0.332787,2,2,9.289617e-03
1830,0.328782,0.338067,0.333151,0.328782,0.338067,0.333151,2,2,9.284544e-03
1831,0.328603,0.337882,0.333515,0.328603,0.337882,0.333515,2,2,9.279476e-03
1832,0.328423,0.337698,0.333879,0.328423,0.337698,0.333879,2,2,9.274414e-03
1833,0.328244,0.337514,0.334242,0.328244,0.337514,0.334242,2,2,9.269357e-03
1834,0.328065,0.337330,0.334605,0.328065,0.337330,0.334605,2,2,9.264305e-03
1835,0.327887,0.337146,0.334967,0.327887,0.337146,0.334967,2,2,9.259259e-03
1836,0.327708,0.336962,0.335329,0.327708,0.336962,0.335329,2,2,9.254219e-03
1837,0.327530,0.336779,0.335691,0.327530,0.336779,0.335691,2,2,9.249184e-03
1838,0.327352,0.336596,0.336052,0.327352,0.336596,0.336052,2,2,9.244154e-03
1839,0.327174,0.336413,0.336413,0.327174,0.336413,0.336413,2,2,9.239130e-03
1840,0.326996,0.336230,0.336773,0.326996,0.336230,0.336773,2,2,9.234112e-03
1841,0.326819,0.336048,0.337134,0.326819,0.336048,0.337134,2,2,9.229099e-03
1842,0.326641,0.335865,0.337493,0.326641,0.335865,0.337493,2,2,9.224091e-03
1843,0.326464,0.335683,0.337852,0.326464,0.335683,0.337852,2,2,9.219089e-03
1844,0.326287,0.335501,0.338211,0.326287,0.335501,0.338211,2,2,9.214092e-03
1845,0.326111,0.335320,0.338570,0.326111,0.335320,0.338570,2,2,9.209101e-03
1846,0.325934,0.335138,0.338928,0.325934,0.335138,0.338928,2,2,9.204115e-03
1847,0.325758,0.334957,0.339286,0.325758,0.334957,0.339286,2,2,9.199134e-03
1848,0.325581,0.334776,0.339643,0.325581,0.334776,0.339643,2,2,9.194159e-03
1849,0.325405,0.334595,0.340000,0.325405,0.334595,0.340000,2,2,9.189189e-03
1850,0.325230,0.334414,0.340357,0.325230,0.334414,0.340357,2,2,9.184225e-03
1851,0.325054,0.334233,0.340713,0.325054,0.334233,0.340713,2,2,9.179266e-03
1852,0.324879,0.334053,0.341069,0.324879,0.334053,0.341069,2,2,9.174312e-03
1853,0.324703,0.333873,0.341424,0.324703,0.333873,0.341424,2,2,9.169364e-03
1854,0.324528,0.333693,0.341779,0.324528,0.333693,0.341779,2,2,9.164420e-03
1855,0.324353,0.333513,0.342134,0.324353,0.333513,0.342134,2,2,9.159483e-03
1856,0.324179,0.333333,0.342488,0.324179,0.333333,0.342488,2,2,9.154550e-03
1857,0.324543,0.333154,0.342304,0.324543,0.333154,0.342304,0,0,9.149623e-03
1858,0.324906,0.332975,0.342119,0.324906,0.332975,0.342119,0,0,9.144701e-03
1859,0.325269,0.332796,0.341935,0.325269,0.332796,0.341935,0,0,9.139785e-03
1860,0.325631,0.332617,0.341752,0.325631,0.332617,0.341752,0,0,9.134874e-03
1861,0.325994,0.332438,0.341568,0.325994,0.332438,0.341568,0,0,9.129968e-03
1862,0.326355,0.332260,0.341385,0.326355,0.332260,0.341385,0,0,9.125067e-03
1863,0.326717,0.332082,0.341202,0.326717,0.332082,0.341202,0,0,9.120172e-03
1864,0.327078,0.331903,0.341019,0.327078,0.331903,0.341019,0,0,9.115282e-03
1865,0.327438,0.331726,0.340836,0.327438,0.331726,0.340836,0,0,9.110397e-03
1866,0.327799,0.331548,0.340653,0.327799,0.331548,0.340653,0,0,9.105517e-03
1867,0.328158,0.331370,0.340471,0.328158,0.331370,0.340471,0,0,9.100642e-03
1868,0.328518,0.331193,0.340289,0.328518,0.331193,0.340289,0,0,9.095773e-03
1869,0.328877,0.331016,0.340107,0.328877,0.331016,0.340107,0,0,9.090909e-03
1870,0.329236,0.330839,0.339925,0.329236,0.330839,0.339925,0,0,9.086050e-03
1871,0.329594,0.330662,0.339744,0.329594,0.330662,0.339744,0,0,9.081197e-03
1872,0.329952,0.330486,0.339562,0.329952,0.330486,0.339562,0,0,9.076348e-03
1873,0.330309,0.330309,0.339381,0.330309,0.330309,0.339381,0,0,9.071505e-03
1874,0.330667,0.330133,0.339200,0.330667,0.330133,0.339200,0,0,9.066667e-03
1875,0.331023,0.329957,0.339019,0.331023,0.329957,0.339019,0,0,9.061834e-03
1876,0.331380,0.329782,0.338839,0.331380,0.329782,0.338839,0,0,9.057006e-03
1877,0.331736,0.329606,0.338658,0.331736,0.329606,0.338658,0,0,9.052183e-03
1878,0.332092,0.329431,0.338478,0.332092,0.329431,0.338478,0,0,9.047366e-03
1879,0.332447,0.329255,0.338298,0.332447,0.329255,0.338298,0,0,9.042553e-03
1880,0.332802,0.329080,0.338118,0.332802,0.329080,0.338118,0,0,9.037746e-03
1881,0.333156,0.328905,0.337938,0.333156,0.328905,0.337938,0,0,9.032944e-03
1882,0.333510,0.328731,0.337759,0.333510,0.328731,0.337759,0,0,9.028147e-03
1883,0.333864,0.328556,0.337580,0.333864,0.328556,0.337580,0,0,9.023355e-03
1884,0.334218,0.328382,0.337401,0.334218,0.328382,0.337401,0,0,9.018568e-03
1885,0.334571,0.328208,0.337222,0.334571,0.328208,0.337222,0,0,9.013786e-03
1886,0.334923,0.328034,0.337043,0.334923,0.328034,0.337043,0,0,9.009009e-03
1887,0.335275,0.327860,0.336864,0.335275,0.327860,0.336864,0,0,9.004237e-03
1888,0.335627,0.327687,0.336686,0.335627,0.327687,0.336686,0,0,8.999471e-03
1889,0.335979,0.327513,0.336508,0.335979,0.327513,0.336508,0,0,8.994709e-03
1890,0.336330,0.327340,0.336330,0.336330,0.327340,0.336330,0,0,8.989952e-03
1891,0.336681,0.327167,0.336152,0.336681,0.327167,0.336152,0,0,8.985201e-03
1892,0.337031,0.326994,0.335975,0.337031,0.326994,0.335975,0,0,8.980454e-03
1893,0.337381,0.326822,0.335797,0.337381,0.326822,0.335797,0,0,8.975713e-03
1894,0.337731,0.326649,0.335620,0.337731,0.326649,0.335620,0,0,8.970976e-03
1895,0.338080,0.326477,0.335443,0.338080,0.326477,0.335443,0,0,8.966245e-03
1896,0.338429,0.326305,0.335266,0.338429,0.326305,0.335266,0,0,8.961518e-03
1897,0.338778,0.326133,0.335090,0.338778,0.326133,0.335090,0,0,8.956797e-03
1898,0.339126,0.325961,0.334913,0.339126,0.325961,0.334913,0,0,8.952080e-03
1899,0.339474,0.325789,0.334737,0.339474,0.325789,0.334737,0,0,8.947368e-03
1900,0.339821,0.325618,0.334561,0.339821,0.325618,0.334561,0,0,8.942662e-03
1901,0.340168,0.325447,0.334385,0.340168,0.325447,0.334385,0,0,8.937960e-03
1902,0.340515,0.325276,0.334209,0.340515,0.325276,0.334209,0,0,8.933263e-03
1903,0.340861,0.325105,0.334034,0.340861,0.325105,0.334034,0,0,8.928571e-03
1904,0.341207,0.324934,0.333858,0.341207,0.324934,0.333858,0,0,8.923885e-03
1905,0.341553,0.324764,0.333683,0.341553,0.324764,0.333683,0,0,8.919203e-03
1906,0.341898,0.324594,0.333508,0.341898,0.324594,0.333508,0,0,8.914525e-03
1907,0.342243,0.324423,0.333333,0.342243,0.324423,0.333333,0,0,8.909853e-03
1908,0.342064,0.324777,0.333159,0.342064,0.324777,0.333159,1,1,8.905186e-03
1909,0.341885,0.325131,0.332984,0.341885,0.325131,0.332984,1,1,8.900524e-03
1910,0.341706,0.325484,0.332810,0.341706,0.325484,0.332810,1,1,8.895866e-03
1911,0.341527,0.325837,0.332636,0.341527,0.325837,0.332636,1,1,8.891213e-03
1912,0.341349,0.326189,0.332462,0.341349,0.326189,0.332462,1,1,8.886566e-03
1913,0.341170,0.326541,0.332288,0.341170,0.326541,0.332288,1,1,8.881923e-03
1914,0.340992,0.326893,0.332115,0.340992,0.326893,0.332115,1,1,8.877285e-03
1915,0.340814,0.327244,0.331942,0.340814,0.327244,0.331942,1,1,8.872651e-03
1916,0.340636,0.327595,0.331768,0.340636,0.327595,0.331768,1,1,8.868023e-03
1917,0.340459,0.327946,0.331595,0.340459,0.327946,0.331595,1,1,8.863399e-03
1918,0.340281,0.328296,0.331423,0.340281,0.328296,0.331423,1,1,8.858781e-03
1919,0.340104,0.328646,0.331250,0.340104,0.328646,0.331250,1,1,8.854167e-03
1920,0.339927,0.328995,0.331078,0.339927,0.328995,0.331078,1,1,8.849558e-03
1921,0.339750,0.329344,0.330905,0.339750,0.329344,0.330905,1,1,8.844953e-03
1922,0.339574,0.329693,0.330733,0.339574,0.329693,0.330733,1,1,8.840354e-03
1923,0.339397,0.330042,0.330561,0.339397,0.330042,0.330561,1,1,8.835759e-03
1924,0.339221,0.330390,0.330390,0.339221,0.330390,0.330390,1,1,8.831169e-03
1925,0.339045,0.330737,0.330218,0.339045,0.330737,0.330218,1,1,8.826584e-03
1926,0.338869,0.331085,0.330047,0.338869,0.331085,0.330047,1,1,8.822003e-03
1927,0.338693,0.331432,0.329876,0.338693,0.331432,0.329876,1,1,8.817427e-03
1928,0.338517,0.331778,0.329705,0.338517,0.331778,0.329705,1,1,8.812856e-03
1929,0.338342,0.332124,0.329534,0.338342,0.332124,0.329534,1,1,8.808290e-03
1930,0.338167,0.332470,0.329363,0.338167,0.332470,0.329363,1,1,8.803729e-03
1931,0.337992,0.332816,0.329193,0.337992,0.332816,0.329193,1,1,8.799172e-03
1932,0.337817,0.333161,0.329022,0.337817,0.333161,0.329022,1,1,8.794620e-03
1933,0.337642,0.333506,0.328852,0.337642,0.333506,0.328852,1,1,8.790072e-03
1934,0.337468,0.333850,0.328682,0.337468,0.333850,0.328682,1,1,8.785530e-03
1935,0.337293,0.334194,0.328512,0.337293,0.334194,0.328512,1,1,8.780992e-03
1936,0.337119,0.334538,0.328343,0.337119,0.334538,0.328343,1,1,8.776458e-03
1937,0.336945,0.334881,0.328173,0.336945,0.334881,0.328173,1,1,8.771930e-03
1938,0.336772,0.335224,0.328004,0.336772,0.335224,0.328004,1,1,8.767406e-03
1939,0.336598,0.335567,0.327835,0.336598,0.335567,0.327835,1,1,8.762887e-03
1940,0.336425,0.335909,0.327666,0.336425,0.335909,0.327666,1,1,8.758372e-03
1941,0.336251,0.336251,0.327497,0.336251,0.336251,0.327497,1,1,8.753862e-03
1942,0.336078,0.336593,0.327329,0.336078,0.336593,0.327329,1,1,8.749357e-03
1943,0.335905,0.336934,0.327160,0.335905,0.336934,0.327160,1,1,8.744856e-03
1944,0.335733,0.337275,0.326992,0.335733,0.337275,0.326992,1,1,8.740360e-03
1945,0.335560,0.337616,0.326824,0.335560,0.337616,0.326824,1,1,8.735868e-03
1946,0.335388,0.337956,0.326656,0.335388,0.337956,0.326656,1,1,8.731382e-03
1947,0.335216,0.338296,0.326489,0.335216,0.338296,0.326489,1,1,8.726899e-03
1948,0.335044,0.338635,0.326321,0.335044,0.338635,0.326321,1,1,8.722422e-03
1949,0.334872,0.338974,0.326154,0.334872,0.338974,0.326154,1,1,8.717949e-03
1950,0.334700,0.339313,0.325987,0.334700,0.339313,0.325987,1,1,8.713480e-03
1951,0.334529,0.339652,0.325820,0.334529,0.339652,0.325820,1,1,8.709016e-03
1952,0.334357,0.339990,0.325653,0.334357,0.339990,0.325653,1,1,8.704557e-03
1953,0.334186,0.340328,0.325486,0.334186,0.340328,0.325486,1,1,8.700102e-03
1954,0.334015,0.340665,0.325320,0.334015,0.340665,0.325320,1,1,8.695652e-03
1955,0.333845,0.341002,0.325153,0.333845,0.341002,0.325153,1,1,8.691207e-03
1956,0.333674,0.341339,0.324987,0.333674,0.341339,0.324987,1,1,8.686765e-03
1957,0.333504,0.341675,0.324821,0.333504,0.341675,0.324821,1,1,8.682329e-03
1958,0.333333,0.342011,0.324655,0.333333,0.342011,0.324655,1,1,8.677897e-03
1959,0.333163,0.341837,0.325000,0.333163,0.341837,0.325000,2,2,8.673469e-03
1960,0.332993,0.341662,0.325344,0.332993,0.341662,0.325344,2,2,8.669046e-03
1961,0.332824,0.341488,0.325688,0.332824,0.341488,0.325688,2,2,8.664628e-03
1962,0.332654,0.341314,0.326032,0.332654,0.341314,0.326032,2,2,8.660214e-03
1963,0.332485,0.341141,0.326375,0.332485,0.341141,0.326375,2,2,8.655804e-03
1964,0.332316,0.340967,0.326718,0.332316,0.340967,0.326718,2,2,8.651399e-03
1965,0.332146,0.340793,0.327060,0.332146,0.340793,0.327060,2,2,8.646999e-03
1966,0.331978,0.340620,0.327402,0.331978,0.340620,0.327402,2,2,8.642603e-03
1967,0.331809,0.340447,0.327744,0.331809,0.340447,0.327744,2,2,8.638211e-03
1968,0.331640,0.340274,0.328085,0.331640,0.340274,0.328085,2,2,8.633824e-03
1969,0.331472,0.340102,0.328426,0.331472,0.340102,0.328426,2,2,8.629442e-03
1970,0.331304,0.339929,0.328767,0.331304,0.339929,0.328767,2,2,8.625063e-03
1971,0.331136,0.339757,0.329108,0.331136,0.339757,0.329108,2,2,8.620690e-03
1972,0.330968,0.339584,0.329448,0.330968,0.339584,0.329448,2,2,8.616320e-03
1973,0.330800,0.339412,0.329787,0.330800,0.339412,0.329787,2,2,8.611955e-03
1974,0.330633,0.339241,0.330127,0.330633,0.339241,0.330127,2,2,8.607595e-03
1975,0.330466,0.339069,0.330466,0.330466,0.339069,0.330466,2,2,8.603239e-03
1976,0.330298,0.338897,0.330804,0.330298,0.338897,0.330804,2,2,8.598887e-03
1977,0.330131,0.338726,0.331143,0.330131,0.338726,0.331143,2,2,8.594540e-03
1978,0.329965,0.338555,0.331481,0.329965,0.338555,0.331481,2,2,8.590197e-03
1979,0.329798,0.338384,0.331818,0.329798,0.338384,0.331818,2,2,8.585859e-03
1980,0.329631,0.338213,0.332155,0.329631,0.338213,0.332155,2,2,8.581524e-03
1981,0.329465,0.338042,0.332492,0.329465,0.338042,0.332492,2,2,8.577195e-03
1982,0.329299,0.337872,0.332829,0.329299,0.337872,0.332829,2,2,8.572869e-03
1983,0.329133,0.337702,0.333165,0.329133,0.337702,0.333165,2,2,8.568548e-03
1984,0.328967,0.337531,0.333501,0.328967,0.337531,0.333501,2,2,8.564232e-03
1985,0.328802,0.337362,0.333837,0.328802,0.337362,0.333837,2,2,8.559919e-03
1986,0.328636,0.337192,0.334172,0.328636,0.337192,0.334172,2,2,8.555611e-03
1987,0.328471,0.337022,0.334507,0.328471,0.337022,0.334507,2,2,8.551308e-03
1988,0.328306,0.336853,0.334842,0.328306,0.336853,0.334842,2,2,8.547009e-03
1989,0.328141,0.336683,0.335176,0.328141,0.336683,0.335176,2,2,8.542714e-03
1990,0.327976,0.336514,0.335510,0.327976,0.336514,0.335510,2,2,8.538423e-03
1991,0.327811,0.336345,0.335843,0.327811,0.336345,0.335843,2,2,8.534137e-03
1992,0.327647,0.336177,0.336177,0.327647,0.336177,0.336177,2,2,8.529854e-03
1993,0.327482,0.336008,0.336510,0.327482,0.336008,0.336510,2,2,8.525577e-03
1994,0.327318,0.335840,0.336842,0.327318,0.335840,0.336842,2,2,8.521303e-03
1995,0.327154,0.335671,0.337174,0.327154,0.335671,0.337174,2,2,8.517034e-03
1996,0.326990,0.335503,0.337506,0.326990,0.335503,0.337506,2,2,8.512769e-03
1997,0.326827,0.335335,0.337838,0.326827,0.335335,0.337838,2,2,8.508509e-03
1998,0.326663,0.335168,0.338169,0.326663,0.335168,0.338169,2,2,8.504252e-03
1999,0.326500,0.335000,0.338500,0.326500,0.335000,0.338500,2,2,8.500000e-03
2000,0.326337,0.334833,0.338831,0.326337,0.334833,0.338831,2,2,8.495752e-03
2001,0.326174,0.334665,0.339161,0.326174,0.334665,0.339161,2,2,8.491508e-03
2002,0.326011,0.334498,0.339491,0.326011,0.334498,0.339491,2,2,8.487269e-03
2003,0.325848,0.334331,0.339820,0.325848,0.334331,0.339820,2,2,8.483034e-03
2004,0.325686,0.334165,0.340150,0.325686,0.334165,0.340150,2,2,8.478803e-03
2005,0.325523,0.333998,0.340479,0.325523,0.333998,0.340479,2,2,8.474576e-03
2006,0.325361,0.333832,0.340807,0.325361,0.333832,0.340807,2,2,8.470354e-03
2007,0.325199,0.333665,0.341135,0.325199,0.333665,0.341135,2,2,8.466135e-03
2008,0.325037,0.333499,0.341463,0.325037,0.333499,0.341463,2,2,8.461921e-03
2009,0.324876,0.333333,0.341791,0.324876,0.333333,0.341791,2,2,8.457711e-03
2010,0.325211,0.333168,0.341621,0.325211,0.333168,0.341621,0,0,8.453506e-03
2011,0.325547,0.333002,0.341451,0.325547,0.333002,0.341451,0,0,8.449304e-03
2012,0.325882,0.332837,0.341282,0.325882,0.332837,0.341282,0,0,8.445107e-03
2013,0.326216,0.332671,0.341112,0.326216,0.332671,0.341112,0,0,8.440914e-03
2014,0.326551,0.332506,0.340943,0.326551,0.332506,0.340943,0,0,8.436725e-03
2015,0.326885,0.332341,0.340774,0.326885,0.332341,0.340774,0,0,8.432540e-03
2016,0.327219,0.332176,0.340605,0.327219,0.332176,0.340605,0,0,8.428359e-03
2017,0.327552,0.332012,0.340436,0.327552,0.332012,0.340436,0,0,8.424182e-03
2018,0.327885,0.331847,0.340267,0.327885,0.331847,0.340267,0,0,8.420010e-03
2019,0.328218,0.331683,0.340099,0.328218,0.331683,0.340099,0,0,8.415842e-03
2020,0.328550,0.331519,0.339931,0.328550,0.331519,0.339931,0,0,8.411677e-03
2021,0.328882,0.331355,0.339763,0.328882,0.331355,0.339763,0,0,8.407517e-03
2022,0.329214,0.331191,0.339595,0.329214,0.331191,0.339595,0,0,8.403361e-03
2023,0.329545,0.331028,0.339427,0.329545,0.331028,0.339427,0,0,8.399209e-03
2024,0.329877,0.330864,0.339259,0.329877,0.330864,0.339259,0,0,8.395062e-03
2025,0.330207,0.330701,0.339092,0.330207,0.330701,0.339092,0,0,8.390918e-03
2026,0.330538,0.330538,0.338925,0.330538,0.330538,0.338925,0,0,8.386778e-03
2027,0.330868,0.330375,0.338757,0.330868,0.330375,0.338757,0,0,8.382643e-03
2028,0.331198,0.330212,0.338590,0.331198,0.330212,0.338590,0,0,8.378512e-03
2029,0.331527,0.330049,0.338424,0.331527,0.330049,0.338424,0,0,8.374384e-03
2030,0.331856,0.329887,0.338257,0.331856,0.329887,0.338257,0,0,8.370261e-03
2031,0.332185,0.329724,0.338091,0.332185,0.329724,0.338091,0,0,8.366142e-03
2032,0.332514,0.329562,0.337924,0.332514,0.329562,0.337924,0,0,8.362027e-03
2033,0.332842,0.329400,0.337758,0.332842,0.329400,0.337758,0,0,8.357915e-03
2034,0.333170,0.329238,0.337592,0.333170,0.329238,0.337592,0,0,8.353808e-03
2035,0.333497,0.329077,0.337426,0.333497,0.329077,0.337426,0,0,8.349705e-03
2036,0.333824,0.328915,0.337261,0.333824,0.328915,0.337261,0,0,8.345606e-03
2037,0.334151,0.328754,0.337095,0.334151,0.328754,0.337095,0,0,8.341511e-03
2038,0.334478,0.328592,0.336930,0.334478,0.328592,0.336930,0,0,8.337420e-03
2039,0.334804,0.328431,0.336765,0.334804,0.328431,0.336765,0,0,8.333333e-03
2040,0.335130,0.328270,0.336600,0.335130,0.328270,0.336600,0,0,8.329250e-03
2041,0.335455,0.328110,0.336435,0.335455,0.328110,0.336435,0,0,8.325171e-03
2042,0.335781,0.327949,0.336270,0.335781,0.327949,0.336270,0,0,8.321096e-03
2043,0.336106,0.327789,0.336106,0.336106,0.327789,0.336106,0,0,8.317025e-03
2044,0.336430,0.327628,0.335941,0.336430,0.327628,0.335941,0,0,8.312958e-03
2045,0.336755,0.327468,0.335777,0.336755,0.327468,0.335777,0,0,8.308895e-03
2046,0.337079,0.327308,0.335613,0.337079,0.327308,0.335613,0,0,8.304836e-03
2047,0.337402,0.327148,0.335449,0.337402,0.327148,0.335449,0,0,8.300781e-03
2048,0.337726,0.326989,0.335286,0.337726,0.326989,0.335286,0,0,8.296730e-03
2049,0.338049,0.326829,0.335122,0.338049,0.326829,0.335122,0,0,8.292683e-03
2050,0.338372,0.326670,0.334959,0.338372,0.326670,0.334959,0,0,8.288640e-03
2051,0.338694,0.326511,0.334795,0.338694,0.326511,0.334795,0,0,8.284600e-03
2052,0.339016,0.326352,0.334632,0.339016,0.326352,0.334632,0,0,8.280565e-03
2053,0.339338,0.326193,0.334469,0.339338,0.326193,0.334469,0,0,8.276534e-03
2054,0.339659,0.326034,0.334307,0.339659,0.326034,0.334307,0,0,8.272506e-03
2055,0.339981,0.325875,0.334144,0.339981,0.325875,0.334144,0,0,8.268482e-03
2056,0.340301,0.325717,0.333982,0.340301,0.325717,0.333982,0,0,8.264463e-03
2057,0.340622,0.325559,0.333819,0.340622,0.325559,0.333819,0,0,8.260447e-03
2058,0.340942,0.325401,0.333657,0.340942,0.325401,0.333657,0,0,8.256435e-03
2059,0.341262,0.325243,0.333495,0.341262,0.325243,0.333495,0,0,8.252427e-03
2060,0.341582,0.325085,0.333333,0.341582,0.325085,0.333333,0,0,8.248423e-03
2061,0.341416,0.325412,0.333172,0.341416,0.325412,0.333172,1,1,8.244423e-03
2062,0.341251,0.325739,0.333010,0.341251,0.325739,0.333010,1,1,8.240427e-03
2063,0.341085,0.326066,0.332849,0.341085,0.326066,0.332849,1,1,8.236434e-03
2064,0.340920,0.326392,0.332688,0.340920,0.326392,0.332688,1,1,8.232446e-03
2065,0.340755,0.326718,0.332527,0.340755,0.326718,0.332527,1,1,8.228461e-03
2066,0.340590,0.327044,0.332366,0.340590,0.327044,0.332366,1,1,8.224480e-03
2067,0.340426,0.327369,0.332205,0.340426,0.327369,0.332205,1,1,8.220503e-03
2068,0.340261,0.327695,0.332044,0.340261,0.327695,0.332044,1,1,8.216530e-03
2069,0.340097,0.328019,0.331884,0.340097,0.328019,0.331884,1,1,8.212560e-03
2070,0.339932,0.328344,0.331724,0.339932,0.328344,0.331724,1,1,8.208595e-03
2071,0.339768,0.328668,0.331564,0.339768,0.328668,0.331564,1,1,8.204633e-03
2072,0.339604,0.328992,0.331404,0.339604,0.328992,0.331404,1,1,8.200675e-03
2073,0.339441,0.329315,0.331244,0.339441,0.329315,0.331244,1,1,8.196721e-03
2074,0.339277,0.329639,0.331084,0.339277,0.329639,0.331084,1,1,8.192771e-03
2075,0.339114,0.329961,0.330925,0.339114,0.329961,0.330925,1,1,8.188825e-03
2076,0.338950,0.330284,0.330766,0.338950,0.330284,0.330766,1,1,8.184882e-03
2077,0.338787,0.330606,0.330606,0.338787,0.330606,0.330606,1,1,8.180943e-03
2078,0.338624,0.330928,0.330447,0.338624,0.330928,0.330447,1,1,8.177008e-03
2079,0.338462,0.331250,0.330288,0.338462,0.331250,0.330288,1,1,8.173077e-03
2080,0.338299,0.331571,0.330130,0.338299,0.331571,0.330130,1,1,8.169149e-03
2081,0.338136,0.331892,0.329971,0.338136,0.331892,0.329971,1,1,8.165226e-03
2082,0.337974,0.332213,0.329813,0.337974,0.332213,0.329813,1,1,8.161306e-03
2083,0.337812,0.332534,0.329655,0.337812,0.332534,0.329655,1,1,8.157390e-03
2084,0.337650,0.332854,0.329496,0.337650,0.332854,0.329496,1,1,8.153477e-03
2085,0.337488,0.333174,0.329338,0.337488,0.333174,0.329338,1,1,8.149569e-03
2086,0.337326,0.333493,0.329181,0.337326,0.333493,0.329181,1,1,8.145664e-03
2087,0.337165,0.333812,0.329023,0.337165,0.333812,0.329023,1,1,8.141762e-03
2088,0.337003,0.334131,0.328865,0.337003,0.334131,0.328865,1,1,8.137865e-03
2089,0.336842,0.334450,0.328708,0.336842,0.334450,0.328708,1,1,8.133971e-03
2090,0.336681,0.334768,0.328551,0.336681,0.334768,0.328551,1,1,8.130081e-03
2091,0.336520,0.335086,0.328394,0.336520,0.335086,0.328394,1,1,8.126195e-03
2092,0.336359,0.335404,0.328237,0.336359,0.335404,0.328237,1,1,8.122312e-03
2093,0.336199,0.335721,0.328080,0.336199,0.335721,0.328080,1,1,8.118434e-03
2094,0.336038,0.336038,0.327924,0.336038,0.336038,0.327924,1,1,8.114558e-03
2095,0.335878,0.336355,0.327767,0.335878,0.336355,0.327767,1,1,8.110687e-03
2096,0.335718,0.336671,0.327611,0.335718,0.336671,0.327611,1,1,8.106819e-03
2097,0.335558,0.336988,0.327455,0.335558,0.336988,0.327455,1,1,8.102955e-03
2098,0.335398,0.337303,0.327299,0.335398,0.337303,0.327299,1,1,8.099095e-03
2099,0.335238,0.337619,0.327143,0.335238,0.337619,0.327143,1,1,8.095238e-03
2100,0.335079,0.337934,0.326987,0.335079,0.337934,0.326987,1,1,8.091385e-03
2101,0.334919,0.338249,0.326832,0.334919,0.338249,0.326832,1,1,8.087536e-03
2102,0.334760,0.338564,0.326676,0.334760,0.338564,0.326676,1,1,8.083690e-03
2103,0.334601,0.338878,0.326521,0.334601,0.338878,0.326521,1,1,8.079848e-03
2104,0.334442,0.339192,0.326366,0.334442,0.339192,0.326366,1,1,8.076010e-03
2105,0.334283,0.339506,0.326211,0.334283,0.339506,0.326211,1,1,8.072175e-03
2106,0.334124,0.339820,0.326056,0.334124,0.339820,0.326056,1,1,8.068344e-03
2107,0.333966,0.340133,0.325901,0.333966,0.340133,0.325901,1,1,8.064516e-03
2108,0.333807,0.340446,0.325747,0.333807,0.340446,0.325747,1,1,8.060692e-03
2109,0.333649,0.340758,0.325592,0.333649,0.340758,0.325592,1,1,8.056872e-03
2110,0.333491,0.341071,0.325438,0.333491,0.341071,0.325438,1,1,8.053055e-03
2111,0.333333,0.341383,0.325284,0.333333,0.341383,0.325284,1,1,8.049242e-03
2112,0.333176,0.341694,0.325130,0.333176,0.341694,0.325130,1,1,8.518694e-03
2113,0.333018,0.341533,0.325449,0.333018,0.341533,0.325449,2,2,8.514664e-03
2114,0.332861,0.341371,0.325768,0.332861,0.341371,0.325768,2,2,8.510638e-03
2115,0.332703,0.341210,0.326087,0.332703,0.341210,0.326087,2,2,8.506616e-03
2116,0.332546,0.341049,0.326405,0.332546,0.341049,0.326405,2,2,8.502598e-03
2117,0.332389,0.340888,0.326723,0.332389,0.340888,0.326723,2,2,8.498584e-03
2118,0.332232,0.340727,0.327041,0.332232,0.340727,0.327041,2,2,8.494573e-03
2119,0.332075,0.340566,0.327358,0.332075,0.340566,0.327358,2,2,8.490566e-03
2120,0.331919,0.340405,0.327676,0.331919,0.340405,0.327676,2,2,8.486563e-03
2121,0.331762,0.340245,0.327992,0.331762,0.340245,0.327992,2,2,8.482564e-03
2122,0.331606,0.340085,0.328309,0.331606,0.340085,0.328309,2,2,8.478568e-03
2123,0.331450,0.339925,0.328625,0.331450,0.339925,0.328625,2,2,8.474576e-03
2124,0.331294,0.339765,0.328941,0.331294,0.339765,0.328941,2,2,8.470588e-03
2125,0.331138,0.339605,0.329257,0.331138,0.339605,0.329257,2,2,8.466604e-03
2126,0.330983,0.339445,0.329572,0.330983,0.339445,0.329572,2,2,8.462623e-03
2127,0.330827,0.339286,0.329887,0.330827,0.339286,0.329887,2,2,8.458647e-03
2128,0.330672,0.339126,0.330202,0.330672,0.339126,0.330202,2,2,8.454674e-03
2129,0.330516,0.338967,0.330516,0.330516,0.338967,0.330516,2,2,8.450704e-03
2130,0.330361,0.338808,0.330831,0.330361,0.338808,0.330831,2,2,8.446739e-03
2131,0.330206,0.338649,0.331144,0.330206,0.338649,0.331144,2,2,8.442777e-03
2132,0.330052,0.338490,0.331458,0.330052,0.338490,0.331458,2,2,8.438819e-03
2133,0.329897,0.338332,0.331771,0.329897,0.338332,0.331771,2,2,8.434864e-03
2134,0.329742,0.338173,0.332084,0.329742,0.338173,0.332084,2,2,8.430913e-03
2135,0.329588,0.338015,0.332397,0.329588,0.338015,0.332397,2,2,8.426966e-03
2136,0.329434,0.337857,0.332709,0.329434,0.337857,0.332709,2,2,8.423023e-03
2137,0.329280,0.337699,0.333022,0.329280,0.337699,0.333022,2,2,8.419083e-03
2138,0.329126,0.337541,0.333333,0.329126,0.337541,0.333333,2,2,8.415147e-03
2139,0.328972,0.337383,0.333645,0.328972,0.337383,0.333645,2,2,8.411215e-03
2140,0.328818,0.337226,0.333956,0.328818,0.337226,0.333956,2,2,8.407286e-03
2141,0.328665,0.337068,0.334267,0.328665,0.337068,0.334267,2,2,8.403361e-03
2142,0.328511,0.336911,0.334578,0.328511,0.336911,0.334578,2,2,8.399440e-03
2143,0.328358,0.336754,0.334888,0.328358,0.336754,0.334888,2,2,8.395522e-03
2144,0.328205,0.336597,0.335198,0.328205,0.336597,0.335198,2,2,8.391608e-03
2145,0.328052,0.336440,0.335508,0.328052,0.336440,0.335508,2,2,8.387698e-03
2146,0.327899,0.336283,0.335817,0.327899,0.336283,0.335817,2,2,8.383791e-03
2147,0.327747,0.336127,0.336127,0.327747,0.336127,0.336127,2,2,8.379888e-03
2148,0.327594,0.335970,0.336436,0.327594,0.335970,0.336436,2,2,8.375989e-03
2149,0.327442,0.335814,0.336744,0.327442,0.335814,0.336744,2,2,8.372093e-03
2150,0.327290,0.335658,0.337053,0.327290,0.335658,0.337053,2,2,8.368201e-03
2151,0.327138,0.335502,0.337361,0.327138,0.335502,0.337361,2,2,8.364312e-03
2152,0.326986,0.335346,0.337668,0.326986,0.335346,0.337668,2,2,8.360427e-03
2153,0.326834,0.335190,0.337976,0.326834,0.335190,0.337976,2,2,8.356546e-03
2154,0.326682,0.335035,0.338283,0.326682,0.335035,0.338283,2,2,8.352668e-03
2155,0.326531,0.334879,0.338590,0.326531,0.334879,0.338590,2,2,8.348794e-03
2156,0.326379,0.334724,0.338897,0.326379,0.334724,0.338897,2,2,8.344924e-03
2157,0.326228,0.334569,0.339203,0.326228,0.334569,0.339203,2,2,8.341057e-03
2158,0.326077,0.334414,0.339509,0.326077,0.334414,0.339509,2,2,8.337193e-03
2159,0.325926,0.334259,0.339815,0.325926,0.334259,0.339815,2,2,8.333333e-03
2160,0.325775,0.334105,0.340120,0.325775,0.334105,0.340120,2,2,8.329477e-03
2161,0.325624,0.333950,0.340426,0.325624,0.333950,0.340426,2,2,8.325624e-03
2162,0.325474,0.333796,0.340730,0.325474,0.333796,0.340730,2,2,8.321775e-03
2163,0.325323,0.333641,0.341035,0.325323,0.333641,0.341035,2,2,8.317930e-03
2164,0.325173,0.333487,0.341339,0.325173,0.333487,0.341339,2,2,8.314088e-03
2165,0.325023,0.333333,0.341644,0.325023,0.333333,0.341644,2,2,8.310249e-03
2166,0.325335,0.333180,0.341486,0.325335,0.333180,0.341486,0,0,8.306414e-03
2167,0.325646,0.333026,0.341328,0.325646,0.333026,0.341328,0,0,8.302583e-03
2168,0.325957,0.332872,0.341171,0.325957,0.332872,0.341171,0,0,8.298755e-03
2169,0.326267,0.332719,0.341014,0.326267,0.332719,0.341014,0,0,8.294931e-03
2170,0.326578,0.332566,0.340857,0.326578,0.332566,0.340857,0,0,8.291110e-03
2171,0.326888,0.332413,0.340700,0.326888,0.332413,0.340700,0,0,8.287293e-03
2172,0.327197,0.332260,0.340543,0.327197,0.332260,0.340543,0,0,8.283479e-03
2173,0.327507,0.332107,0.340386,0.327507,0.332107,0.340386,0,0,8.279669e-03
2174,0.327816,0.331954,0.340230,0.327816,0.331954,0.340230,0,0,8.275862e-03
2175,0.328125,0.331801,0.340074,0.328125,0.331801,0.340074,0,0,8.272059e-03
2176,0.328434,0.331649,0.339917,0.328434,0.331649,0.339917,0,0,8.268259e-03
2177,0.328742,0.331497,0.339761,0.328742,0.331497,0.339761,0,0,8.264463e-03
2178,0.329050,0.331345,0.339605,0.329050,0.331345,0.339605,0,0,8.260670e-03
2179,0.329358,0.331193,0.339450,0.329358,0.331193,0.339450,0,0,8.256881e-03
2180,0.329665,0.331041,0.339294,0.329665,0.331041,0.339294,0,0,8.253095e-03
2181,0.329973,0.330889,0.339138,0.329973,0.330889,0.339138,0,0,8.249313e-03
2182,0.330279,0.330738,0.338983,0.330279,0.330738,0.338983,0,0,8.245534e-03
2183,0.330586,0.330586,0.338828,0.330586,0.330586,0.338828,0,0,8.241758e-03
2184,0.330892,0.330435,0.338673,0.330892,0.330435,0.338673,0,0,8.237986e-03
2185,0.331199,0.330284,0.338518,0.331199,0.330284,0.338518,0,0,8.234218e-03
2186,0.331504,0.330133,0.338363,0.331504,0.330133,0.338363,0,0,8.230453e-03
2187,0.331810,0.329982,0.338208,0.331810,0.329982,0.338208,0,0,8.226691e-03
2188,0.332115,0.329831,0.338054,0.332115,0.329831,0.338054,0,0,8.222933e-03
2189,0.332420,0.329680,0.337900,0.332420,0.329680,0.337900,0,0,8.219178e-03
2190,0.332725,0.329530,0.337745,0.332725,0.329530,0.337745,0,0,8.215427e-03
2191,0.333029,0.329380,0.337591,0.333029,0.329380,0.337591,0,0,8.211679e-03
2192,0.333333,0.329229,0.337437,0.333333,0.329229,0.337437,0,0,8.207934e-03
2193,0.333637,0.329079,0.337284,0.333637,0.329079,0.337284,0,0,8.204193e-03
2194,0.333941,0.328929,0.337130,0.333941,0.328929,0.337130,0,0,8.200456e-03
2195,0.334244,0.328780,0.336976,0.334244,0.328780,0.336976,0,0,8.196721e-03
2196,0.334547,0.328630,0.336823,0.334547,0.328630,0.336823,0,0,8.192990e-03
2197,0.334850,0.328480,0.336670,0.334850,0.328480,0.336670,0,0,8.189263e-03
2198,0.335152,0.328331,0.336517,0.335152,0.328331,0.336517,0,0,8.185539e-03
2199,0.335455,0.328182,0.336364,0.335455,0.328182,0.336364,0,0,8.181818e-03
2200,0.335756,0.328033,0.336211,0.335756,0.328033,0.336211,0,0,8.178101e-03
2201,0.336058,0.327884,0.336058,0.336058,0.327884,0.336058,0,0,8.174387e-03
2202,0.336360,0.327735,0.335906,0.336360,0.327735,0.335906,0,0,8.170676e-03
2203,0.336661,0.327586,0.335753,0.336661,0.327586,0.335753,0,0,8.166969e-03
2204,0.336961,0.327438,0.335601,0.336961,0.327438,0.335601,0,0,8.163265e-03
2205,0.337262,0.327289,0.335449,0.337262,0.327289,0.335449,0,0,8.159565e-03
2206,0.337562,0.327141,0.335297,0.337562,0.327141,0.335297,0,0,8.155868e-03
2207,0.337862,0.326993,0.335145,0.337862,0.326993,0.335145,0,0,8.152174e-03
2208,0.338162,0.326845,0.334993,0.338162,0.326845,0.334993,0,0,8.148483e-03
2209,0.338462,0.326697,0.334842,0.338462,0.326697,0.334842,0,0,8.144796e-03
2210,0.338761,0.326549,0.334690,0.338761,0.326549,0.334690,0,0,8.141113e-03
2211,0.339060,0.326401,0.334539,0.339060,0.326401,0.334539,0,0,8.137432e-03
2212,0.339358,0.326254,0.334388,0.339358,0.326254,0.334388,0,0,8.133755e-03
2213,0.339657,0.326107,0.334237,0.339657,0.326107,0.334237,0,0,8.130081e-03
2214,0.339955,0.325959,0.334086,0.339955,0.325959,0.334086,0,0,8.126411e-03
2215,0.340253,0.325812,0.333935,0.340253,0.325812,0.333935,0,0,8.122744e-03
2216,0.340550,0.325665,0.333784,0.340550,0.325665,0.333784,0,0,8.119080e-03
2217,0.340848,0.325518,0.333634,0.340848,0.325518,0.333634,0,0,8.115419e-03
2218,0.341145,0.325372,0.333484,0.341145,0.325372,0.333484,0,0,8.111762e-03
2219,0.341441,0.325225,0.333333,0.341441,0.325225,0.333333,0,0,8.108108e-03
2220,0.341288,0.325529,0.333183,0.341288,0.325529,0.333183,1,1,8.104457e-03
2221,0.341134,0.325833,0.333033,0.341134,0.325833,0.333033,1,1,8.100810e-03
2222,0.340981,0.326136,0.332883,0.340981,0.326136,0.332883,1,1,8.097166e-03
2223,0.340827,0.326439,0.332734,0.340827,0.326439,0.332734,1,1,8.093525e-03
2224,0.340674,0.326742,0.332584,0.340674,0.326742,0.332584,1,1,8.089888e-03
2225,0.340521,0.327044,0.332435,0.340521,0.327044,0.332435,1,1,8.086253e-03
2226,0.340368,0.327346,0.332286,0.340368,0.327346,0.332286,1,1,8.082622e-03
2227,0.340215,0.327648,0.332136,0.340215,0.327648,0.332136,1,1,8.078995e-03
2228,0.340063,0.327950,0.331987,0.340063,0.327950,0.331987,1,1,8.075370e-03
2229,0.339910,0.328251,0.331839,0.339910,0.328251,0.331839,1,1,8.071749e-03
2230,0.339758,0.328552,0.331690,0.339758,0.328552,0.331690,1,1,8.068131e-03
2231,0.339606,0.328853,0.331541,0.339606,0.328853,0.331541,1,1,8.064516e-03
2232,0.339454,0.329154,0.331393,0.339454,0.329154,0.331393,1,1,8.060905e-03
2233,0.339302,0.329454,0.331244,0.339302,0.329454,0.331244,1,1,8.057296e-03
2234,0.339150,0.329754,0.331096,0.339150,0.329754,0.331096,1,1,8.053691e-03
2235,0.338998,0.330054,0.330948,0.338998,0.330054,0.330948,1,1,8.050089e-03
2236,0.338847,0.330353,0.330800,0.338847,0.330353,0.330800,1,1,8.046491e-03
2237,0.338695,0.330652,0.330652,0.338695,0.330652,0.330652,1,1,8.042895e-03
2238,0.338544,0.330951,0.330505,0.338544,0.330951,0.330505,1,1,8.039303e-03
2239,0.338393,0.331250,0.330357,0.338393,0.331250,0.330357,1,1,8.035714e-03
2240,0.338242,0.331548,0.330210,0.338242,0.331548,0.330210,1,1,8.032129e-03
2241,0.338091,0.331847,0.330062,0.338091,0.331847,0.330062,1,1,8.028546e-03
2242,0.337940,0.332144,0.329915,0.337940,0.332144,0.329915,1,1,8.024967e-03
2243,0.337790,0.332442,0.329768,0.337790,0.332442,0.329768,1,1,8.021390e-03
2244,0.337639,0.332739,0.329621,0.337639,0.332739,0.329621,1,1,8.017817e-03
2245,0.337489,0.333037,0.329475,0.337489,0.333037,0.329475,1,1,8.014248e-03
2246,0.337339,0.333333,0.329328,0.337339,0.333333,0.329328,1,1,8.010681e-03
2247,0.337189,0.333630,0.329181,0.337189,0.333630,0.329181,1,1,8.007117e-03
2248,0.337039,0.333926,0.329035,0.337039,0.333926,0.329035,1,1,8.003557e-03
2249,0.336889,0.334222,0.328889,0.336889,0.334222,0.328889,1,1,8.000000e-03
2250,0.336739,0.334518,0.328743,0.336739,0.334518,0.328743,1,1,7.996446e-03
2251,0.336590,0.334813,0.328597,0.336590,0.334813,0.328597,1,1,7.992895e-03
2252,0.336440,0.335109,0.328451,0.336440,0.335109,0.328451,1,1,7.989348e-03
2253,0.336291,0.335404,0.328305,0.336291,0.335404,0.328305,1,1,7.985803e-03
2254,0.336142,0.335698,0.328160,0.336142,0.335698,0.328160,1,1,7.982262e-03
2255,0.335993,0.335993,0.328014,0.335993,0.335993,0.328014,1,1,7.978723e-03
2256,0.335844,0.336287,0.327869,0.335844,0.336287,0.327869,1,1,7.975188e-03
2257,0.335695,0.336581,0.327724,0.335695,0.336581,0.327724,1,1,7.971656e-03
2258,0.335547,0.336875,0.327579,0.335547,0.336875,0.327579,1,1,7.968127e-03
2259,0.335398,0.337168,0.327434,0.335398,0.337168,0.327434,1,1,7.964602e-03
2260,0.335250,0.337461,0.327289,0.335250,0.337461,0.327289,1,1,7.961079e-03
2261,0.335102,0.337754,0.327144,0.335102,0.337754,0.327144,1,1,7.957560e-03
2262,0.334954,0.338047,0.327000,0.334954,0.338047,0.327000,1,1,7.954043e-03
2263,0.334806,0.338339,0.326855,0.334806,0.338339,0.326855,1,1,7.950530e-03
2264,0.334658,0.338631,0.326711,0.334658,0.338631,0.326711,1,1,7.947020e-03
2265,0.334510,0.338923,0.326567,0.334510,0.338923,0.326567,1,1,7.943513e-03
2266,0.334363,0.339215,0.326423,0.334363,0.339215,0.326423,1,1,7.940009e-03
2267,0.334215,0.339506,0.326279,0.334215,0.339506,0.326279,1,1,7.936508e-03
2268,0.334068,0.339797,0.326135,0.334068,0.339797,0.326135,1,1,7.933010e-03
2269,0.333921,0.340088,0.325991,0.333921,0.340088,0.325991,1,1,7.929515e-03
2270,0.333774,0.340379,0.325848,0.333774,0.340379,0.325848,1,1,7.926024e-03
2271,0.333627,0.340669,0.325704,0.333627,0.340669,0.325704,1,1,7.922535e-03
2272,0.333480,0.340959,0.325561,0.333480,0.340959,0.325561,1,1,7.919050e-03
2273,0.333333,0.341249,0.325418,0.333333,0.341249,0.325418,1,1,7.915567e-03
2274,0.333187,0.341538,0.325275,0.333187,0.341538,0.325275,1,1,8.351648e-03
2275,0.333040,0.341388,0.325571,0.333040,0.341388,0.325571,2,2,8.347979e-03
2276,0.332894,0.341238,0.325867,0.332894,0.341238,0.325867,2,2,8.344313e-03
2277,0.332748,0.341089,0.326163,0.332748,0.341089,0.326163,2,2,8.340650e-03
2278,0.332602,0.340939,0.326459,0.332602,0.340939,0.326459,2,2,8.336990e-03
2279,0.332456,0.340789,0.326754,0.332456,0.340789,0.326754,2,2,8.333333e-03
2280,0.332310,0.340640,0.327050,0.332310,0.340640,0.327050,2,2,8.329680e-03
2281,0.332165,0.340491,0.327344,0.332165,0.340491,0.327344,2,2,8.326030e-03
2282,0.332019,0.340342,0.327639,0.332019,0.340342,0.327639,2,2,8.322383e-03
2283,0.331874,0.340193,0.327933,0.331874,0.340193,0.327933,2,2,8.318739e-03
2284,0.331729,0.340044,0.328228,0.331729,0.340044,0.328228,2,2,8.315098e-03
2285,0.331584,0.339895,0.328521,0.331584,0.339895,0.328521,2,2,8.311461e-03
2286,0.331439,0.339746,0.328815,0.331439,0.339746,0.328815,2,2,8.307827e-03
2287,0.331294,0.339598,0.329108,0.331294,0.339598,0.329108,2,2,8.304196e-03
2288,0.331149,0.339450,0.329401,0.331149,0.339450,0.329401,2,2,8.300568e-03
2289,0.331004,0.339301,0.329694,0.331004,0.339301,0.329694,2,2,8.296943e-03
2290,0.330860,0.339153,0.329987,0.330860,0.339153,0.329987,2,2,8.293322e-03
2291,0.330716,0.339005,0.330279,0.330716,0.339005,0.330279,2,2,8.289703e-03
2292,0.330571,0.338857,0.330571,0.330571,0.338857,0.330571,2,2,8.286088e-03
2293,0.330427,0.338710,0.330863,0.330427,0.338710,0.330863,2,2,8.282476e-03
2294,0.330283,0.338562,0.331155,0.330283,0.338562,0.331155,2,2,8.278867e-03
2295,0.330139,0.338415,0.331446,0.330139,0.338415,0.331446,2,2,8.275261e-03
2296,0.329996,0.338267,0.331737,0.329996,0.338267,0.331737,2,2,8.271659e-03
2297,0.329852,0.338120,0.332028,0.329852,0.338120,0.332028,2,2,8.268059e-03
2298,0.329709,0.337973,0.332318,0.329709,0.337973,0.332318,2,2,8.264463e-03
2299,0.329565,0.337826,0.332609,0.329565,0.337826,0.332609,2,2,8.260870e-03
2300,0.329422,0.337679,0.332899,0.329422,0.337679,0.332899,2,2,8.257279e-03
2301,0.329279,0.337533,0.333189,0.329279,0.337533,0.333189,2,2,8.253692e-03
2302,0.329136,0.337386,0.333478,0.329136,0.337386,0.333478,2,2,8.250109e-03
2303,0.328993,0.337240,0.333767,0.328993,0.337240,0.333767,2,2,8.246528e-03
2304,0.328850,0.337093,0.334056,0.328850,0.337093,0.334056,2,2,8.242950e-03
2305,0.328708,0.336947,0.334345,0.328708,0.336947,0.334345,2,2,8.239376e-03
2306,0.328565,0.336801,0.334634,0.328565,0.336801,0.334634,2,2,8.235804e-03
2307,0.328423,0.336655,0.334922,0.328423,0.336655,0.334922,2,2,8.232236e-03
2308,0.328281,0.336509,0.335210,0.328281,0.336509,0.335210,2,2,8.228670e-03
2309,0.328139,0.336364,0.335498,0.328139,0.336364,0.335498,2,2,8.225108e-03
2310,0.327997,0.336218,0.335785,0.327997,0.336218,0.335785,2,2,8.221549e-03
2311,0.327855,0.336073,0.336073,0.327855,0.336073,0.336073,2,2,8.217993e-03
2312,0.327713,0.335927,0.336360,0.327713,0.335927,0.336360,2,2,8.214440e-03
2313,0.327571,0.335782,0.336646,0.327571,0.335782,0.336646,2,2,8.210890e-03
2314,0.327430,0.335637,0.336933,0.327430,0.335637,0.336933,2,2,8.207343e-03
2315,0.327288,0.335492,0.337219,0.327288,0.335492,0.337219,2,2,8.203800e-03
2316,0.327147,0.335347,0.337505,0.327147,0.335347,0.337505,2,2,8.200259e-03
2317,0.327006,0.335203,0.337791,0.327006,0.335203,0.337791,2,2,8.196721e-03
2318,0.326865,0.335058,0.338077,0.326865,0.335058,0.338077,2,2,8.193187e-03
2319,0.326724,0.334914,0.338362,0.326724,0.334914,0.338362,2,2,8.189655e-03
2320,0.326583,0.334769,0.338647,0.326583,0.334769,0.338647,2,2,8.186127e-03
2321,0.326443,0.334625,0.338932,0.326443,0.334625,0.338932,2,2,8.182601e-03
2322,0.326302,0.334481,0.339217,0.326302,0.334481,0.339217,2,2,8.179079e-03
2323,0.326162,0.334337,0.339501,0.326162,0.334337,0.339501,2,2,8.175559e-03
2324,0.326022,0.334194,0.339785,0.326022,0.334194,0.339785,2,2,8.172043e-03
2325,0.325881,0.334050,0.340069,0.325881,0.334050,0.340069,2,2,8.168530e-03
2326,0.325741,0.333906,0.340352,0.325741,0.333906,0.340352,2,2,8.165019e-03
2327,0.325601,0.333763,0.340636,0.325601,0.333763,0.340636,2,2,8.161512e-03
2328,0.325462,0.333620,0.340919,0.325462,0.333620,0.340919,2,2,8.158008e-03
2329,0.325322,0.333476,0.341202,0.325322,0.333476,0.341202,2,2,8.154506e-03
2330,0.325182,0.333333,0.341484,0.325182,0.333333,0.341484,2,2,8.151008e-03
2331,0.325472,0.333190,0.341338,0.325472,0.333190,0.341338,0,0,8.147513e-03
2332,0.325761,0.333048,0.341192,0.325761,0.333048,0.341192,0,0,8.144021e-03
2333,0.326050,0.332905,0.341045,0.326050,0.332905,0.341045,0,0,8.140531e-03
2334,0.326338,0.332762,0.340899,0.326338,0.332762,0.340899,0,0,8.137045e-03
2335,0.326627,0.332620,0.340753,0.326627,0.332620,0.340753,0,0,8.133562e-03
2336,0.326915,0.332478,0.340608,0.326915,0.332478,0.340608,0,0,8.130081e-03
2337,0.327203,0.332335,0.340462,0.327203,0.332335,0.340462,0,0,8.126604e-03
2338,0.327490,0.332193,0.340316,0.327490,0.332193,0.340316,0,0,8.123130e-03
2339,0.327778,0.332051,0.340171,0.327778,0.332051,0.340171,0,0,8.119658e-03
2340,0.328065,0.331909,0.340026,0.328065,0.331909,0.340026,0,0,8.116190e-03
2341,0.328352,0.331768,0.339880,0.328352,0.331768,0.339880,0,0,8.112724e-03
2342,0.328638,0.331626,0.339735,0.328638,0.331626,0.339735,0,0,8.109262e-03
2343,0.328925,0.331485,0.339590,0.328925,0.331485,0.339590,0,0,8.105802e-03
2344,0.329211,0.331343,0.339446,0.329211,0.331343,0.339446,0,0,8.102345e-03
2345,0.329497,0.331202,0.339301,0.329497,0.331202,0.339301,0,0,8.098892e-03
2346,0.329783,0.331061,0.339156,0.329783,0.331061,0.339156,0,0,8.095441e-03
2347,0.330068,0.330920,0.339012,0.330068,0.330920,0.339012,0,0,8.091993e-03
2348,0.330353,0.330779,0.338868,0.330353,0.330779,0.338868,0,0,8.088548e-03
2349,0.330638,0.330638,0.338723,0.330638,0.330638,0.338723,0,0,8.085106e-03
2350,0.330923,0.330498,0.338579,0.330923,0.330498,0.338579,0,0,8.081667e-03
2351,0.331207,0.330357,0.338435,0.331207,0.330357,0.338435,0,0,8.078231e-03
2352,0.331492,0.330217,0.338292,0.331492,0.330217,0.338292,0,0,8.074798e-03
2353,0.331776,0.330076,0.338148,0.331776,0.330076,0.338148,0,0,8.071368e-03
2354,0.332059,0.329936,0.338004,0.332059,0.329936,0.338004,0,0,8.067941e-03
2355,0.332343,0.329796,0.337861,0.332343,0.329796,0.337861,0,0,8.064516e-03
2356,0.332626,0.329656,0.337717,0.332626,0.329656,0.337717,0,0,8.061095e-03
2357,0.332909,0.329517,0.337574,0.332909,0.329517,0.337574,0,0,8.057676e-03
2358,0.333192,0.329377,0.337431,0.333192,0.329377,0.337431,0,0,8.054260e-03
2359,0.333475,0.329237,0.337288,0.333475,0.329237,0.337288,0,0,8.050847e-03
2360,0.333757,0.329098,0.337145,0.333757,0.329098,0.337145,0,0,8.047438e-03
2361,0.334039,0.328959,0.337003,0.334039,0.328959,0.337003,0,0,8.044030e-03
2362,0.334321,0.328819,0.336860,0.334321,0.328819,0.336860,0,0,8.040626e-03
2363,0.334602,0.328680,0.336717,0.334602,0.328680,0.336717,0,0,8.037225e-03
2364,0.334884,0.328541,0.336575,0.334884,0.328541,0.336575,0,0,8.033827e-03
2365,0.335165,0.328402,0.336433,0.335165,0.328402,0.336433,0,0,8.030431e-03
2366,0.335446,0.328264,0.336291,0.335446,0.328264,0.336291,0,0,8.027038e-03
2367,0.335726,0.328125,0.336149,0.335726,0.328125,0.336149,0,0,8.023649e-03
2368,0.336007,0.327986,0.336007,0.336007,0.327986,0.336007,0,0,8.020262e-03
2369,0.336287,0.327848,0.335865,0.336287,0.327848,0.335865,0,0,8.016878e-03
2370,0.336567,0.327710,0.335723,0.336567,0.327710,0.335723,0,0,8.013496e-03
2371,0.336847,0.327572,0.335582,0.336847,0.327572,0.335582,0,0,8.010118e-03
2372,0.337126,0.327434,0.335440,0.337126,0.327434,0.335440,0,0,8.006743e-03
2373,0.337405,0.327296,0.335299,0.337405,0.327296,0.335299,0,0,8.003370e-03
2374,0.337684,0.327158,0.335158,0.337684,0.327158,0.335158,0,0,8.000000e-03
2375,0.337963,0.327020,0.335017,0.337963,0.327020,0.335017,0,0,7.996633e-03
2376,0.338241,0.326883,0.334876,0.338241,0.326883,0.334876,0,0,7.993269e-03
2377,0.338520,0.326745,0.334735,0.338520,0.326745,0.334735,0,0,7.989907e-03
2378,0.338798,0.326608,0.334594,0.338798,0.326608,0.334594,0,0,7.986549e-03
2379,0.339076,0.326471,0.334454,0.339076,0.326471,0.334454,0,0,7.983193e-03
2380,0.339353,0.326333,0.334313,0.339353,0.326333,0.334313,0,0,7.979840e-03
2381,0.339631,0.326196,0.334173,0.339631,0.326196,0.334173,0,0,7.976490e-03
2382,0.339908,0.326060,0.334033,0.339908,0.326060,0.334033,0,0,7.973143e-03
2383,0.340185,0.325923,0.333893,0.340185,0.325923,0.333893,0,0,7.969799e-03
2384,0.340461,0.325786,0.333753,0.340461,0.325786,0.333753,0,0,7.966457e-03
2385,0.340738,0.325650,0.333613,0.340738,0.325650,0.333613,0,0,7.963118e-03
2386,0.341014,0.325513,0.333473,0.341014,0.325513,0.333473,0,0,7.959782e-03
2387,0.341290,0.325377,0.333333,0.341290,0.325377,0.333333,0,0,7.956449e-03
2388,0.341147,0.325659,0.333194,0.341147,0.325659,0.333194,1,1,7.953118e-03
2389,0.341004,0.325941,0.333054,0.341004,0.325941,0.333054,1,1,7.949791e-03
2390,0.340862,0.326223,0.332915,0.340862,0.326223,0.332915,1,1,7.946466e-03
2391,0.340719,0.326505,0.332776,0.340719,0.326505,0.332776,1,1,7.943144e-03
2392,0.340577,0.326786,0.332637,0.340577,0.326786,0.332637,1,1,7.939824e-03
2393,0.340434,0.327068,0.332498,0.340434,0.327068,0.332498,1,1,7.936508e-03
2394,0.340292,0.327349,0.332359,0.340292,0.327349,0.332359,1,1,7.933194e-03
2395,0.340150,0.327629,0.332220,0.340150,0.327629,0.332220,1,1,7.929883e-03
2396,0.340008,0.327910,0.332082,0.340008,0.327910,0.332082,1,1,7.926575e-03
2397,0.339867,0.328190,0.331943,0.339867,0.328190,0.331943,1,1,7.923269e-03
2398,0.339725,0.328470,0.331805,0.339725,0.328470,0.331805,1,1,7.919967e-03
2399,0.339583,0.328750,0.331667,0.339583,0.328750,0.331667,1,1,7.916667e-03
2400,0.339442,0.329030,0.331529,0.339442,0.329030,0.331529,1,1,7.913369e-03
2401,0.339301,0.329309,0.331391,0.339301,0.329309,0.331391,1,1,7.910075e-03
2402,0.339159,0.329588,0.331253,0.339159,0.329588,0.331253,1,1,7.906783e-03
2403,0.339018,0.329867,0.331115,0.339018,0.329867,0.331115,1,1,7.903494e-03
2404,0.338877,0.330146,0.330977,0.338877,0.330146,0.330977,1,1,7.900208e-03
2405,0.338736,0.330424,0.330840,0.338736,0.330424,0.330840,1,1,7.896924e-03
2406,0.338596,0.330702,0.330702,0.338596,0.330702,0.330702,1,1,7.893644e-03
2407,0.338455,0.330980,0.330565,0.338455,0.330980,0.330565,1,1,7.890365e-03
2408,0.338315,0.331258,0.330428,0.338315,0.331258,0.330428,1,1,7.887090e-03
2409,0.338174,0.331535,0.330290,0.338174,0.331535,0.330290,1,1,7.883817e-03
2410,0.338034,0.331813,0.330153,0.338034,0.331813,0.330153,1,1,7.880547e-03
2411,0.337894,0.332090,0.330017,0.337894,0.332090,0.330017,1,1,7.877280e-03
2412,0.337754,0.332366,0.329880,0.337754,0.332366,0.329880,1,1,7.874016e-03
2413,0.337614,0.332643,0.329743,0.337614,0.332643,0.329743,1,1,7.870754e-03
2414,0.337474,0.332919,0.329607,0.337474,0.332919,0.329607,1,1,7.867495e-03
2415,0.337334,0.333195,0.329470,0.337334,0.333195,0.329470,1,1,7.864238e-03
2416,0.337195,0.333471,0.329334,0.337195,0.333471,0.329334,1,1,7.860985e-03
2417,0.337055,0.333747,0.329198,0.337055,0.333747,0.329198,1,1,7.857734e-03
2418,0.336916,0.334022,0.329062,0.336916,0.334022,0.329062,1,1,7.854485e-03
2419,0.336777,0.334298,0.328926,0.336777,0.334298,0.328926,1,1,7.851240e-03
2420,0.336638,0.334572,0.328790,0.336638,0.334572,0.328790,1,1,7.847997e-03
2421,0.336499,0.334847,0.328654,0.336499,0.334847,0.328654,1,1,7.844756e-03
2422,0.336360,0.335122,0.328518,0.336360,0.335122,0.328518,1,1,7.841519e-03
2423,0.336221,0.335396,0.328383,0.336221,0.335396,0.328383,1,1,7.838284e-03
2424,0.336082,0.335670,0.328247,0.336082,0.335670,0.328247,1,1,7.835052e-03
2425,0.335944,0.335944,0.328112,0.335944,0.335944,0.328112,1,1,7.831822e-03
2426,0.335806,0.336218,0.327977,0.335806,0.336218,0.327977,1,1,7.828595e-03
2427,0.335667,0.336491,0.327842,0.335667,0.336491,0.327842,1,1,7.825371e-03
2428,0.335529,0.336764,0.327707,0.335529,0.336764,0.327707,1,1,7.822149e-03
2429,0.335391,0.337037,0.327572,0.335391,0.337037,0.327572,1,1,7.818930e-03
2430,0.335253,0.337310,0.327437,0.335253,0.337310,0.327437,1,1,7.815714e-03
2431,0.335115,0.337582,0.327303,0.335115,0.337582,0.327303,1,1,7.812500e-03
2432,0.334977,0.337855,0.327168,0.334977,0.337855,0.327168,1,1,7.809289e-03
2433,0.334840,0.338127,0.327034,0.334840,0.338127,0.327034,1,1,7.806081e-03
2434,0.334702,0.338398,0.326899,0.334702,0.338398,0.326899,1,1,7.802875e-03
2435,0.334565,0.338670,0.326765,0.334565,0.338670,0.326765,1,1,7.799672e-03
2436,0.334428,0.338941,0.326631,0.334428,0.338941,0.326631,1,1,7.796471e-03
2437,0.334290,0.339212,0.326497,0.334290,0.339212,0.326497,1,1,7.793273e-03
2438,0.334153,0.339483,0.326363,0.334153,0.339483,0.326363,1,1,7.790078e-03
2439,0.334016,0.339754,0.326230,0.334016,0.339754,0.326230,1,1,7.786885e-03
2440,0.333880,0.340025,0.326096,0.333880,0.340025,0.326096,1,1,7.783695e-03
2441,0.333743,0.340295,0.325962,0.333743,0.340295,0.325962,1,1,7.780508e-03
2442,0.333606,0.340565,0.325829,0.333606,0.340565,0.325829,1,1,7.777323e-03
2443,0.333470,0.340835,0.325696,0.333470,0.340835,0.325696,1,1,7.774141e-03
2444,0.333333,0.341104,0.325562,0.333333,0.341104,0.325562,1,1,7.770961e-03
2445,0.333197,0.341374,0.325429,0.333197,0.341374,0.325429,1,1,8.176615e-03
2446,0.333061,0.341234,0.325705,0.333061,0.341234,0.325705,2,2,8.173273e-03
2447,0.332925,0.341095,0.325980,0.332925,0.341095,0.325980,2,2,8.169935e-03
2448,0.332789,0.340955,0.326256,0.332789,0.340955,0.326256,2,2,8.166599e-03
2449,0.332653,0.340816,0.326531,0.332653,0.340816,0.326531,2,2,8.163265e-03
2450,0.332517,0.340677,0.326805,0.332517,0.340677,0.326805,2,2,8.159935e-03
2451,0.332382,0.340538,0.327080,0.332382,0.340538,0.327080,2,2,8.156607e-03
2452,0.332246,0.340400,0.327354,0.332246,0.340400,0.327354,2,2,8.153282e-03
2453,0.332111,0.340261,0.327628,0.332111,0.340261,0.327628,2,2,8.149959e-03
2454,0.331976,0.340122,0.327902,0.331976,0.340122,0.327902,2,2,8.146640e-03
2455,0.331840,0.339984,0.328176,0.331840,0.339984,0.328176,2,2,8.143322e-03
2456,0.331705,0.339845,0.328449,0.331705,0.339845,0.328449,2,2,8.140008e-03
2457,0.331570,0.339707,0.328723,0.331570,0.339707,0.328723,2,2,8.136697e-03
2458,0.331436,0.339569,0.328996,0.331436,0.339569,0.328996,2,2,8.133388e-03
2459,0.331301,0.339431,0.329268,0.331301,0.339431,0.329268,2,2,8.130081e-03
2460,0.331166,0.339293,0.329541,0.331166,0.339293,0.329541,2,2,8.126778e-03
2461,0.331032,0.339155,0.329813,0.331032,0.339155,0.329813,2,2,8.123477e-03
2462,0.330897,0.339017,0.330085,0.330897,0.339017,0.330085,2,2,8.120179e-03
2463,0.330763,0.338880,0.330357,0.330763,0.338880,0.330357,2,2,8.116883e-03
2464,0.330629,0.338742,0.330629,0.330629,0.338742,0.330629,2,2,8.113590e-03
2465,0.330495,0.338605,0.330900,0.330495,0.338605,0.330900,2,2,8.110300e-03
2466,0.330361,0.338468,0.331171,0.330361,0.338468,0.331171,2,2,8.107013e-03
2467,0.330227,0.338331,0.331442,0.330227,0.338331,0.331442,2,2,8.103728e-03
2468,0.330093,0.338194,0.331713,0.330093,0.338194,0.331713,2,2,8.100446e-03
2469,0.329960,0.338057,0.331984,0.329960,0.338057,0.331984,2,2,8.097166e-03
2470,0.329826,0.337920,0.332254,0.329826,0.337920,0.332254,2,2,8.093889e-03
2471,0.329693,0.337783,0.332524,0.329693,0.337783,0.332524,2,2,8.090615e-03
2472,0.329559,0.337647,0.332794,0.329559,0.337647,0.332794,2,2,8.087343e-03
2473,0.329426,0.337510,0.333064,0.329426,0.337510,0.333064,2,2,8.084074e-03
2474,0.329293,0.337374,0.333333,0.329293,0.337374,0.333333,2,2,8.080808e-03
2475,0.329160,0.337237,0.333603,0.329160,0.337237,0.333603,2,2,8.077544e-03
2476,0.329027,0.337101,0.333872,0.329027,0.337101,0.333872,2,2,8.074283e-03
2477,0.328894,0.336965,0.334140,0.328894,0.336965,0.334140,2,2,8.071025e-03
2478,0.328762,0.336829,0.334409,0.328762,0.336829,0.334409,2,2,8.067769e-03
2479,0.328629,0.336694,0.334677,0.328629,0.336694,0.334677,2,2,8.064516e-03
2480,0.328497,0.336558,0.334946,0.328497,0.336558,0.334946,2,2,8.061266e-03
2481,0.328364,0.336422,0.335214,0.328364,0.336422,0.335214,2,2,8.058018e-03
2482,0.328232,0.336287,0.335481,0.328232,0.336287,0.335481,2,2,8.054772e-03
2483,0.328100,0.336151,0.335749,0.328100,0.336151,0.335749,2,2,8.051530e-03
2484,0.327968,0.336016,0.336016,0.327968,0.336016,0.336016,2,2,8.048290e-03
2485,0.327836,0.335881,0.336283,0.327836,0.335881,0.336283,2,2,8.045052e-03
2486,0.327704,0.335746,0.336550,0.327704,0.335746,0.336550,2,2,8.041817e-03
2487,0.327572,0.335611,0.336817,0.327572,0.335611,0.336817,2,2,8.038585e-03
2488,0.327441,0.335476,0.337083,0.327441,0.335476,0.337083,2,2,8.035356e-03
2489,0.327309,0.335341,0.337349,0.327309,0.335341,0.337349,2,2,8.032129e-03
2490,0.327178,0.335207,0.337615,0.327178,0.335207,0.337615,2,2,8.028904e-03
2491,0.327047,0.335072,0.337881,0.327047,0.335072,0.337881,2,2,8.025682e-03
2492,0.326915,0.334938,0.338147,0.326915,0.334938,0.338147,2,2,8.022463e-03
2493,0.326784,0.334804,0.338412,0.326784,0.334804,0.338412,2,2,8.019246e-03
2494,0.326653,0.334669,0.338677,0.326653,0.334669,0.338677,2,2,8.016032e-03
2495,0.326522,0.334535,0.338942,0.326522,0.334535,0.338942,2,2,8.012821e-03
2496,0.326392,0.334401,0.339207,0.326392,0.334401,0.339207,2,2,8.009612e-03
2497,0.326261,0.334267,0.339472,0.326261,0.334267,0.339472,2,2,8.006405e-03
2498,0.326130,0.334134,0.339736,0.326130,0.334134,0.339736,2,2,8.003201e-03
2499,0.326000,0.334000,0.340000,0.326000,0.334000,0.340000,2,2,8.000000e-03
2500,0.325870,0.333866,0.340264,0.325870,0.333866,0.340264,2,2,7.996801e-03
2501,0.325739,0.333733,0.340528,0.325739,0.333733,0.340528,2,2,7.993605e-03
2502,0.325609,0.333600,0.340791,0.325609,0.333600,0.340791,2,2,7.990412e-03
2503,0.325479,0.333466,0.341054,0.325479,0.333466,0.341054,2,2,7.987220e-03
2504,0.325349,0.333333,0.341317,0.325349,0.333333,0.341317,2,2,7.984032e-03
2505,0.325619,0.333200,0.341181,0.325619,0.333200,0.341181,0,0,7.980846e-03
2506,0.325888,0.333067,0.341045,0.325888,0.333067,0.341045,0,0,7.977663e-03
2507,0.326156,0.332935,0.340909,0.326156,0.332935,0.340909,0,0,7.974482e-03
2508,0.326425,0.332802,0.340773,0.326425,0.332802,0.340773,0,0,7.971303e-03
2509,0.326693,0.332669,0.340637,0.326693,0.332669,0.340637,0,0,7.968127e-03
2510,0.326961,0.332537,0.340502,0.326961,0.332537,0.340502,0,0,7.964954e-03
2511,0.327229,0.332404,0.340366,0.327229,0.332404,0.340366,0,0,7.961783e-03
2512,0.327497,0.332272,0.340231,0.327497,0.332272,0.340231,0,0,7.958615e-03
2513,0.327765,0.332140,0.340095,0.327765,0.332140,0.340095,0,0,7.955449e-03
2514,0.328032,0.332008,0.339960,0.328032,0.332008,0.339960,0,0,7.952286e-03
2515,0.328299,0.331876,0.339825,0.328299,0.331876,0.339825,0,0,7.949126e-03
2516,0.328566,0.331744,0.339690,0.328566,0.331744,0.339690,0,0,7.945967e-03
2517,0.328832,0.331612,0.339555,0.328832,0.331612,0.339555,0,0,7.942812e-03
2518,0.329099,0.331481,0.339420,0.329099,0.331481,0.339420,0,0,7.939659e-03
2519,0.329365,0.331349,0.339286,0.329365,0.331349,0.339286,0,0,7.936508e-03
2520,0.329631,0.331218,0.339151,0.329631,0.331218,0.339151,0,0,7.933360e-03
2521,0.329897,0.331086,0.339017,0.329897,0.331086,0.339017,0,0,7.930214e-03
2522,0.330163,0.330955,0.338882,0.330163,0.330955,0.338882,0,0,7.927071e-03
2523,0.330428,0.330824,0.338748,0.330428,0.330824,0.338748,0,0,7.923930e-03
2524,0.330693,0.330693,0.338614,0.330693,0.330693,0.338614,0,0,7.920792e-03
2525,0.330958,0.330562,0.338480,0.330958,0.330562,0.338480,0,0,7.917656e-03
2526,0.331223,0.330431,0.338346,0.331223,0.330431,0.338346,0,0,7.914523e-03
2527,0.331487,0.330301,0.338212,0.331487,0.330301,0.338212,0,0,7.911392e-03
2528,0.331752,0.330170,0.338078,0.331752,0.330170,0.338078,0,0,7.908264e-03
2529,0.332016,0.330040,0.337945,0.332016,0.330040,0.337945,0,0,7.905138e-03
2530,0.332280,0.329909,0.337811,0.332280,0.329909,0.337811,0,0,7.902015e-03
2531,0.332543,0.329779,0.337678,0.332543,0.329779,0.337678,0,0,7.898894e-03
2532,0.332807,0.329649,0.337544,0.332807,0.329649,0.337544,0,0,7.895776e-03
2533,0.333070,0.329519,0.337411,0.333070,0.329519,0.337411,0,0,7.892660e-03
2534,0.333333,0.329389,0.337278,0.333333,0.329389,0.337278,0,0,7.889546e-03
2535,0.333596,0.329259,0.337145,0.333596,0.329259,0.337145,0,0,7.886435e-03
2536,0.333859,0.329129,0.337012,0.333859,0.329129,0.337012,0,0,7.883327e-03
2537,0.334121,0.328999,0.336879,0.334121,0.328999,0.336879,0,0,7.880221e-03
2538,0.334384,0.328870,0.336747,0.334384,0.328870,0.336747,0,0,7.877117e-03
2539,0.334646,0.328740,0.336614,0.334646,0.328740,0.336614,0,0,7.874016e-03
2540,0.334908,0.328611,0.336482,0.334908,0.328611,0.336482,0,0,7.870917e-03
2541,0.335169,0.328482,0.336349,0.335169,0.328482,0.336349,0,0,7.867821e-03
2542,0.335431,0.328352,0.336217,0.335431,0.328352,0.336217,0,0,7.864727e-03
2543,0.335692,0.328223,0.336085,0.335692,0.328223,0.336085,0,0,7.861635e-03
2544,0.335953,0.328094,0.335953,0.335953,0.328094,0.335953,0,0,7.858546e-03
2545,0.336214,0.327965,0.335821,0.336214,0.327965,0.335821,0,0,7.855460e-03
2546,0.336474,0.327837,0.335689,0.336474,0.327837,0.335689,0,0,7.852375e-03
2547,0.336735,0.327708,0.335557,0.336735,0.327708,0.335557,0,0,7.849294e-03
2548,0.336995,0.327579,0.335426,0.336995,0.327579,0.335426,0,0,7.846214e-03
2549,0.337255,0.327451,0.335294,0.337255,0.327451,0.335294,0,0,7.843137e-03
2550,0.337515,0.327323,0.335163,0.337515,0.327323,0.335163,0,0,7.840063e-03
2551,0.337774,0.327194,0.335031,0.337774,0.327194,0.335031,0,0,7.836991e-03
2552,0.338034,0.327066,0.334900,0.338034,0.327066,0.334900,0,0,7.833921e-03
2553,0.338293,0.326938,0.334769,0.338293,0.326938,0.334769,0,0,7.830854e-03
2554,0.338552,0.326810,0.334638,0.338552,0.326810,0.334638,0,0,7.827789e-03
2555,0.338811,0.326682,0.334507,0.338811,0.326682,0.334507,0,0,7.824726e-03
2556,0.339069,0.326555,0.334376,0.339069,0.326555,0.334376,0,0,7.821666e-03
2557,0.339328,0.326427,0.334246,0.339328,0.326427,0.334246,0,0,7.818608e-03
2558,0.339586,0.326299,0.334115,0.339586,0.326299,0.334115,0,0,7.815553e-03
2559,0.339844,0.326172,0.333984,0.339844,0.326172,0.333984,0,0,7.812500e-03
2560,0.340102,0.326045,0.333854,0.340102,0.326045,0.333854,0,0,7.809449e-03
2561,0.340359,0.325917,0.333724,0.340359,0.325917,0.333724,0,0,7.806401e-03
2562,0.340616,0.325790,0.333593,0.340616,0.325790,0.333593,0,0,7.803355e-03
2563,0.340874,0.325663,0.333463,0.340874,0.325663,0.333463,0,0,7.800312e-03
2564,0.341131,0.325536,0.333333,0.341131,0.325536,0.333333,0,0,7.797271e-03
2565,0.341387,0.325409,0.333203,0.341387,0.325409,0.333203,0,0,8.183944e-03
2566,0.341254,0.325672,0.333074,0.341254,0.325672,0.333074,1,1,8.180756e-03
2567,0.341121,0.325935,0.332944,0.341121,0.325935,0.332944,1,1,8.177570e-03
2568,0.340989,0.326197,0.332814,0.340989,0.326197,0.332814,1,1,8.174387e-03
2569,0.340856,0.326459,0.332685,0.340856,0.326459,0.332685,1,1,8.171206e-03
2570,0.340723,0.326721,0.332555,0.340723,0.326721,0.332555,1,1,8.168028e-03
2571,0.340591,0.326983,0.332426,0.340591,0.326983,0.332426,1,1,8.164852e-03
2572,0.340459,0.327244,0.332297,0.340459,0.327244,0.332297,1,1,8.161679e-03
2573,0.340326,0.327506,0.332168,0.340326,0.327506,0.332168,1,1,8.158508e-03
2574,0.340194,0.327767,0.332039,0.340194,0.327767,0.332039,1,1,8.155340e-03
2575,0.340062,0.328028,0.331910,0.340062,0.328028,0.331910,1,1,8.152174e-03
2576,0.339930,0.328289,0.331781,0.339930,0.328289,0.331781,1,1,8.149010e-03
2577,0.339798,0.328549,0.331652,0.339798,0.328549,0.331652,1,1,8.145849e-03
2578,0.339667,0.328810,0.331524,0.339667,0.328810,0.331524,1,1,8.142691e-03
2579,0.339535,0.329070,0.331395,0.339535,0.329070,0.331395,1,1,8.139535e-03
2580,0.339403,0.329330,0.331267,0.339403,0.329330,0.331267,1,1,8.136381e-03
2581,0.339272,0.329589,0.331139,0.339272,0.329589,0.331139,1,1,8.133230e-03
2582,0.339141,0.329849,0.331010,0.339141,0.329849,0.331010,1,1,8.130081e-03
2583,0.339009,0.330108,0.330882,0.339009,0.330108,0.330882,1,1,8.126935e-03
2584,0.338878,0.330368,0.330754,0.338878,0.330368,0.330754,1,1,8.123791e-03
2585,0.338747,0.330626,0.330626,0.338747,0.330626,0.330626,1,1,8.120650e-03
2586,0.338616,0.330885,0.330499,0.338616,0.330885,0.330499,1,1,8.117511e-03
2587,0.338485,0.331144,0.330371,0.338485,0.331144,0.330371,1,1,8.114374e-03
2588,0.338355,0.331402,0.330243,0.338355,0.331402,0.330243,1,1,8.111240e-03
2589,0.338224,0.331660,0.330116,0.338224,0.331660,0.330116,1,1,8.108108e-03
2590,0.338093,0.331918,0.329988,0.338093,0.331918,0.329988,1,1,8.104979e-03
2591,0.337963,0.332176,0.329861,0.337963,0.332176,0.329861,1,1,8.101852e-03
2592,0.337833,0.332433,0.329734,0.337833,0.332433,0.329734,1,1,8.098727e-03
2593,0.337702,0.332691,0.329607,0.337702,0.332691,0.329607,1,1,8.095605e-03
2594,0.337572,0.332948,0.329480,0.337572,0.332948,0.329480,1,1,8.092486e-03
2595,0.337442,0.333205,0.329353,0.337442,0.333205,0.329353,1,1,8.089368e-03
2596,0.337312,0.333462,0.329226,0.337312,0.333462,0.329226,1,1,8.086253e-03
2597,0.337182,0.333718,0.329099,0.337182,0.333718,0.329099,1,1,8.083141e-03
2598,0.337053,0.333975,0.328973,0.337053,0.333975,0.328973,1,1,8.080031e-03
2599,0.336923,0.334231,0.328846,0.336923,0.334231,0.328846,1,1,8.076923e-03
2600,0.336794,0.334487,0.328720,0.336794,0.334487,0.328720,1,1,8.073818e-03
2601,0.336664,0.334743,0.328593,0.336664,0.334743,0.328593,1,1,8.070715e-03
2602,0.336535,0.334998,0.328467,0.336535,0.334998,0.328467,1,1,8.067614e-03
2603,0.336406,0.335253,0.328341,0.336406,0.335253,0.328341,1,1,8.064516e-03
2604,0.336276,0.335509,0.328215,0.336276,0.335509,0.328215,1,1,8.061420e-03
2605,0.336147,0.335764,0.328089,0.336147,0.335764,0.328089,1,1,8.058327e-03
2606,0.336018,0.336018,0.327963,0.336018,0.336018,0.327963,1,1,8.055236e-03
2607,0.335890,0.336273,0.327837,0.335890,0.336273,0.327837,1,1,8.052147e-03
2608,0.335761,0.336527,0.327712,0.335761,0.336527,0.327712,1,1,8.049061e-03
2609,0.335632,0.336782,0.327586,0.335632,0.336782,0.327586,1,1,8.045977e-03
2610,0.335504,0.337036,0.327461,0.335504,0.337036,0.327461,1,1,8.042895e-03
2611,0.335375,0.337289,0.327335,0.335375,0.337289,0.327335,1,1,8.039816e-03
2612,0.335247,0.337543,0.327210,0.335247,0.337543,0.327210,1,1,8.036739e-03
2613,0.335119,0.337796,0.327085,0.335119,0.337796,0.327085,1,1,8.033665e-03
2614,0.334990,0.338050,0.326960,0.334990,0.338050,0.326960,1,1,8.030593e-03
2615,0.334862,0.338303,0.326835,0.334862,0.338303,0.326835,1,1,8.027523e-03
2616,0.334734,0.338556,0.326710,0.334734,0.338556,0.326710,1,1,8.024455e-03
2617,0.334607,0.338808,0.326585,0.334607,0.338808,0.326585,1,1,8.021390e-03
2618,0.334479,0.339061,0.326460,0.334479,0.339061,0.326460,1,1,8.018328e-03
2619,0.334351,0.339313,0.326336,0.334351,0.339313,0.326336,1,1,8.015267e-03
2620,0.334224,0.339565,0.326211,0.334224,0.339565,0.326211,1,1,8.012209e-03
2621,0.334096,0.339817,0.326087,0.334096,0.339817,0.326087,1,1,8.009153e-03
2622,0.333969,0.340069,0.325963,0.333969,0.340069,0.325963,1,1,8.006100e-03
2623,0.333841,0.340320,0.325838,0.333841,0.340320,0.325838,1,1,8.003049e-03
2624,0.333714,0.340571,0.325714,0.333714,0.340571,0.325714,1,1,8.000000e-03
2625,0.333587,0.340823,0.325590,0.333587,0.340823,0.325590,1,1,7.996954e-03
2626,0.333460,0.341073,0.325466,0.333460,0.341073,0.325466,1,1,7.993909e-03
2627,0.333333,0.341324,0.325342,0.333333,0.341324,0.325342,1,1,7.990868e-03
2628,0.333207,0.341194,0.325599,0.333207,0.341194,0.325599,2,2,7.987828e-03
2629,0.333080,0.341065,0.325856,0.333080,0.341065,0.325856,2,2,7.984791e-03
2630,0.332953,0.340935,0.326112,0.332953,0.340935,0.326112,2,2,7.981756e-03
2631,0.332827,0.340805,0.326368,0.332827,0.340805,0.326368,2,2,7.978723e-03
2632,0.332700,0.340676,0.326624,0.332700,0.340676,0.326624,2,2,7.975693e-03
2633,0.332574,0.340547,0.326879,0.332574,0.340547,0.326879,2,2,7.972665e-03
2634,0.332448,0.340417,0.327135,0.332448,0.340417,0.327135,2,2,7.969639e-03
2635,0.332322,0.340288,0.327390,0.332322,0.340288,0.327390,2,2,7.966616e-03
2636,0.332196,0.340159,0.327645,0.332196,0.340159,0.327645,2,2,7.963595e-03
2637,0.332070,0.340030,0.327900,0.332070,0.340030,0.327900,2,2,7.960576e-03
2638,0.331944,0.339901,0.328155,0.331944,0.339901,0.328155,2,2,7.957560e-03
2639,0.331818,0.339773,0.328409,0.331818,0.339773,0.328409,2,2,7.954545e-03
2640,0.331693,0.339644,0.328663,0.331693,0.339644,0.328663,2,2,7.951534e-03
2641,0.331567,0.339516,0.328917,0.331567,0.339516,0.328917,2,2,7.948524e-03
2642,0.331442,0.339387,0.329171,0.331442,0.339387,0.329171,2,2,7.945516e-03
2643,0.331316,0.339259,0.329425,0.331316,0.339259,0.329425,2,2,7.942511e-03
2644,0.331191,0.339130,0.329679,0.331191,0.339130,0.329679,2,2,7.939509e-03
2645,0.331066,0.339002,0.329932,0.331066,0.339002,0.329932,2,2,7.936508e-03
2646,0.330941,0.338874,0.330185,0.330941,0.338874,0.330185,2,2,7.933510e-03
2647,0.330816,0.338746,0.330438,0.330816,0.338746,0.330438,2,2,7.930514e-03
2648,0.330691,0.338618,0.330691,0.330691,0.338618,0.330691,2,2,7.927520e-03
2649,0.330566,0.338491,0.330943,0.330566,0.338491,0.330943,2,2,7.924528e-03
2650,0.330441,0.338363,0.331196,0.330441,0.338363,0.331196,2,2,7.921539e-03
2651,0.330317,0.338235,0.331448,0.330317,0.338235,0.331448,2,2,7.918552e-03
2652,0.330192,0.338108,0.331700,0.330192,0.338108,0.331700,2,2,7.915567e-03
2653,0.330068,0.337980,0.331952,0.330068,0.337980,0.331952,2,2,7.912585e-03
2654,0.329944,0.337853,0.332203,0.329944,0.337853,0.332203,2,2,7.909605e-03
2655,0.329819,0.337726,0.332455,0.329819,0.337726,0.332455,2,2,7.906627e-03
2656,0.329695,0.337599,0.332706,0.329695,0.337599,0.332706,2,2,7.903651e-03
2657,0.329571,0.337472,0.332957,0.329571,0.337472,0.332957,2,2,7.900677e-03
2658,0.329447,0.337345,0.333208,0.329447,0.337345,0.333208,2,2,7.897706e-03
2659,0.329323,0.337218,0.333459,0.329323,0.337218,0.333459,2,2,7.894737e-03
2660,0.329200,0.337091,0.333709,0.329200,0.337091,0.333709,2,2,7.891770e-03
2661,0.329076,0.336965,0.333959,0.329076,0.336965,0.333959,2,2,7.888805e-03
2662,0.328952,0.336838,0.334210,0.328952,0.336838,0.334210,2,2,7.885843e-03
2663,0.328829,0.336712,0.334459,0.328829,0.336712,0.334459,2,2,7.882883e-03
2664,0.328705,0.336585,0.334709,0.328705,0.336585,0.334709,2,2,7.879925e-03
2665,0.328582,0.336459,0.334959,0.328582,0.336459,0.334959,2,2,7.876969e-03
2666,0.328459,0.336333,0.335208,0.328459,0.336333,0.335208,2,2,7.874016e-03
2667,0.328336,0.336207,0.335457,0.328336,0.336207,0.335457,2,2,7.871064e-03
2668,0.328213,0.336081,0.335706,0.328213,0.336081,0.335706,2,2,7.868115e-03
2669,0.328090,0.335955,0.335955,0.328090,0.335955,0.335955,2,2,7.865169e-03
2670,0.327967,0.335829,0.336204,0.327967,0.335829,0.336204,2,2,7.862224e-03
2671,0.327844,0.335704,0.336452,0.327844,0.335704,0.336452,2,2,7.859281e-03
2672,0.327722,0.335578,0.336700,0.327722,0.335578,0.336700,2,2,7.856341e-03
2673,0.327599,0.335453,0.336948,0.327599,0.335453,0.336948,2,2,7.853403e-03
2674,0.327477,0.335327,0.337196,0.327477,0.335327,0.337196,2,2,7.850467e-03
2675,0.327354,0.335202,0.337444,0.327354,0.335202,0.337444,2,2,7.847534e-03
2676,0.327232,0.335077,0.337691,0.327232,0.335077,0.337691,2,2,7.844602e-03
2677,0.327110,0.334951,0.337939,0.327110,0.334951,0.337939,2,2,7.841673e-03
2678,0.326988,0.334826,0.338186,0.326988,0.334826,0.338186,2,2,7.838746e-03
2679,0.326866,0.334701,0.338433,0.326866,0.334701,0.338433,2,2,7.835821e-03
2680,0.326744,0.334577,0.338680,0.326744,0.334577,0.338680,2,2,7.832898e-03
2681,0.326622,0.334452,0.338926,0.326622,0.334452,0.338926,2,2,7.829978e-03
2682,0.326500,0.334327,0.339173,0.326500,0.334327,0.339173,2,2,7.827059e-03
2683,0.326379,0.334203,0.339419,0.326379,0.334203,0.339419,2,2,7.824143e-03
2684,0.326257,0.334078,0.339665,0.326257,0.334078,0.339665,2,2,7.821229e-03
2685,0.326136,0.333954,0.339911,0.326136,0.333954,0.339911,2,2,7.818317e-03
2686,0.326014,0.333830,0.340156,0.326014,0.333830,0.340156,2,2,7.815408e-03
2687,0.325893,0.333705,0.340402,0.325893,0.333705,0.340402,2,2,7.812500e-03
2688,0.325772,0.333581,0.340647,0.325772,0.333581,0.340647,2,2,7.809595e-03
2689,0.325651,0.333457,0.340892,0.325651,0.333457,0.340892,2,2,7.806691e-03
2690,0.325530,0.333333,0.341137,0.325530,0.333333,0.341137,2,2,7.803790e-03
2691,0.325780,0.333210,0.341010,0.325780,0.333210,0.341010,0,0,7.800892e-03
2692,0.326030,0.333086,0.340884,0.326030,0.333086,0.340884,0,0,7.797995e-03
2693,0.326281,0.332962,0.340757,0.326281,0.332962,0.340757,0,0,7.795100e-03
2694,0.326531,0.332839,0.340631,0.326531,0.332839,0.340631,0,0,7.792208e-03
2695,0.326780,0.332715,0.340504,0.326780,0.332715,0.340504,0,0,7.789318e-03
2696,0.327030,0.332592,0.340378,0.327030,0.332592,0.340378,0,0,7.786429e-03
2697,0.327279,0.332468,0.340252,0.327279,0.332468,0.340252,0,0,7.783543e-03
2698,0.327529,0.332345,0.340126,0.327529,0.332345,0.340126,0,0,7.780660e-03
2699,0.327778,0.332222,0.340000,0.327778,0.332222,0.340000,0,0,7.777778e-03
2700,0.328027,0.332099,0.339874,0.328027,0.332099,0.339874,0,0,7.774898e-03
2701,0.328275,0.331976,0.339748,0.328275,0.331976,0.339748,0,0,7.772021e-03
2702,0.328524,0.331853,0.339623,0.328524,0.331853,0.339623,0,0,7.769145e-03
2703,0.328772,0.331731,0.339497,0.328772,0.331731,0.339497,0,0,7.766272e-03
2704,0.329020,0.331608,0.339372,0.329020,0.331608,0.339372,0,0,7.763401e-03
2705,0.329268,0.331486,0.339246,0.329268,0.331486,0.339246,0,0,7.760532e-03
2706,0.329516,0.331363,0.339121,0.329516,0.331363,0.339121,0,0,7.757665e-03
2707,0.329764,0.331241,0.338996,0.329764,0.331241,0.338996,0,0,7.754801e-03
2708,0.330011,0.331118,0.338870,0.330011,0.331118,0.338870,0,0,7.751938e-03
2709,0.330258,0.330996,0.338745,0.330258,0.330996,0.338745,0,0,7.749077e-03
2710,0.330505,0.330874,0.338620,0.330505,0.330874,0.338620,0,0,7.746219e-03
2711,0.330752,0.330752,0.338496,0.330752,0.330752,0.338496,0,0,7.743363e-03
2712,0.330999,0.330630,0.338371,0.330999,0.330630,0.338371,0,0,7.740509e-03
2713,0.331245,0.330508,0.338246,0.331245,0.330508,0.338246,0,0,7.737657e-03
2714,0.331492,0.330387,0.338122,0.331492,0.330387,0.338122,0,0,7.734807e-03
2715,0.331738,0.330265,0.337997,0.331738,0.330265,0.337997,0,0,7.731959e-03
2716,0.331984,0.330144,0.337873,0.331984,0.330144,0.337873,0,0,7.729113e-03
2717,0.332230,0.330022,0.337748,0.332230,0.330022,0.337748,0,0,7.726269e-03
2718,0.332475,0.329901,0.337624,0.332475,0.329901,0.337624,0,0,7.723428e-03
2719,0.332721,0.329779,0.337500,0.332721,0.329779,0.337500,0,0,7.720588e-03
2720,0.332966,0.329658,0.337376,0.332966,0.329658,0.337376,0,0,7.717751e-03
2721,0.333211,0.329537,0.337252,0.333211,0.329537,0.337252,0,0,7.714916e-03
2722,0.333456,0.329416,0.337128,0.333456,0.329416,0.337128,0,0,7.712082e-03
2723,0.333700,0.329295,0.337004,0.333700,0.329295,0.337004,0,0,7.709251e-03
2724,0.333945,0.329174,0.336881,0.333945,0.329174,0.336881,0,0,7.706422e-03
2725,0.334189,0.329054,0.336757,0.334189,0.329054,0.336757,0,0,7.703595e-03
2726,0.334433,0.328933,0.336634,0.334433,0.328933,0.336634,0,0,7.700770e-03
2727,0.334677,0.328812,0.336510,0.334677,0.328812,0.336510,0,0,7.697947e-03
2728,0.334921,0.328692,0.336387,0.334921,0.328692,0.336387,0,0,7.695126e-03
2729,0.335165,0.328571,0.336264,0.335165,0.328571,0.336264,0,0,7.692308e-03
2730,0.335408,0.328451,0.336141,0.335408,0.328451,0.336141,0,0,7.689491e-03
2731,0.335652,0.328331,0.336018,0.335652,0.328331,0.336018,0,0,7.686676e-03
2732,0.335895,0.328211,0.335895,0.335895,0.328211,0.335895,0,0,7.683864e-03
2733,0.336138,0.328091,0.335772,0.336138,0.328091,0.335772,0,0,7.681053e-03
2734,0.336380,0.327971,0.335649,0.336380,0.327971,0.335649,0,0,7.678245e-03
2735,0.336623,0.327851,0.335526,0.336623,0.327851,0.335526,0,0,7.675439e-03
2736,0.336865,0.327731,0.335404,0.336865,0.327731,0.335404,0,0,7.672634e-03
2737,0.337107,0.327611,0.335281,0.337107,0.327611,0.335281,0,0,7.669832e-03
2738,0.337349,0.327492,0.335159,0.337349,0.327492,0.335159,0,0,7.667032e-03
2739,0.337591,0.327372,0.335036,0.337591,0.327372,0.335036,0,0,7.664234e-03
2740,0.337833,0.327253,0.334914,0.337833,0.327253,0.334914,0,0,7.661437e-03
2741,0.338074,0.327133,0.334792,0.338074,0.327133,0.334792,0,0,7.658643e-03
2742,0.338316,0.327014,0.334670,0.338316,0.327014,0.334670,0,0,7.655851e-03
2743,0.338557,0.326895,0.334548,0.338557,0.326895,0.334548,0,0,7.653061e-03
2744,0.338798,0.326776,0.334426,0.338798,0.326776,0.334426,0,0,7.650273e-03
2745,0.339039,0.326657,0.334304,0.339039,0.326657,0.334304,0,0,7.647487e-03
2746,0.339279,0.326538,0.334183,0.339279,0.326538,0.334183,0,0,7.644703e-03
2747,0.339520,0.326419,0.334061,0.339520,0.326419,0.334061,0,0,7.641921e-03
2748,0.339760,0.326300,0.333940,0.339760,0.326300,0.333940,0,0,7.639142e-03
2749,0.340000,0.326182,0.333818,0.340000,0.326182,0.333818,0,0,7.636364e-03
2750,0.340240,0.326063,0.333697,0.340240,0.326063,0.333697,0,0,7.633588e-03
2751,0.340480,0.325945,0.333576,0.340480,0.325945,0.333576,0,0,7.630814e-03
2752,0.340719,0.325826,0.333454,0.340719,0.325826,0.333454,0,0,7.628042e-03
2753,0.340959,0.325708,0.333333,0.340959,0.325708,0.333333,0,0,7.625272e-03
2754,0.341198,0.325590,0.333212,0.341198,0.325590,0.333212,0,0,7.985481e-03
2755,0.341074,0.325835,0.333091,0.341074,0.325835,0.333091,1,1,7.982583e-03
2756,0.340950,0.326079,0.332971,0.340950,0.326079,0.332971,1,1,7.979688e-03
2757,0.340827,0.326323,0.332850,0.340827,0.326323,0.332850,1,1,7.976795e-03
2758,0.340703,0.326568,0.332729,0.340703,0.326568,0.332729,1,1,7.973904e-03
2759,0.340580,0.326812,0.332609,0.340580,0.326812,0.332609,1,1,7.971014e-03
2760,0.340456,0.327055,0.332488,0.340456,0.327055,0.332488,1,1,7.968127e-03
2761,0.340333,0.327299,0.332368,0.340333,0.327299,0.332368,1,1,7.965243e-03
2762,0.340210,0.327543,0.332248,0.340210,0.327543,0.332248,1,1,7.962360e-03
2763,0.340087,0.327786,0.332127,0.340087,0.327786,0.332127,1,1,7.959479e-03
2764,0.339964,0.328029,0.332007,0.339964,0.328029,0.332007,1,1,7.956600e-03
2765,0.339841,0.328272,0.331887,0.339841,0.328272,0.331887,1,1,7.953724e-03
2766,0.339718,0.328515,0.331767,0.339718,0.328515,0.331767,1,1,7.950849e-03
2767,0.339595,0.328757,0.331647,0.339595,0.328757,0.331647,1,1,7.947977e-03
2768,0.339473,0.329000,0.331528,0.339473,0.329000,0.331528,1,1,7.945107e-03
2769,0.339350,0.329242,0.331408,0.339350,0.329242,0.331408,1,1,7.942238e-03
2770,0.339228,0.329484,0.331288,0.339228,0.329484,0.331288,1,1,7.939372e-03
2771,0.339105,0.329726,0.331169,0.339105,0.329726,0.331169,1,1,7.936508e-03
2772,0.338983,0.329968,0.331049,0.338983,0.329968,0.331049,1,1,7.933646e-03
2773,0.338861,0.330209,0.330930,0.338861,0.330209,0.330930,1,1,7.930786e-03
2774,0.338739,0.330450,0.330811,0.338739,0.330450,0.330811,1,1,7.927928e-03
2775,0.338617,0.330692,0.330692,0.338617,0.330692,0.330692,1,1,7.925072e-03
2776,0.338495,0.330933,0.330573,0.338495,0.330933,0.330573,1,1,7.922218e-03
2777,0.338373,0.331174,0.330454,0.338373,0.331174,0.330454,1,1,7.919366e-03
2778,0.338251,0.331414,0.330335,0.338251,0.331414,0.330335,1,1,7.916517e-03
2779,0.338129,0.331655,0.330216,0.338129,0.331655,0.330216,1,1,7.913669e-03
2780,0.338008,0.331895,0.330097,0.338008,0.331895,0.330097,1,1,7.910823e-03
2781,0.337886,0.332135,0.329978,0.337886,0.332135,0.329978,1,1,7.907980e-03
2782,0.337765,0.332375,0.329860,0.337765,0.332375,0.329860,1,1,7.905138e-03
2783,0.337644,0.332615,0.329741,0.337644,0.332615,0.329741,1,1,7.902299e-03
2784,0.337522,0.332855,0.329623,0.337522,0.332855,0.329623,1,1,7.899461e-03
2785,0.337401,0.333094,0.329505,0.337401,0.333094,0.329505,1,1,7.896626e-03
2786,0.337280,0.333333,0.329386,0.337280,0.333333,0.329386,1,1,7.893793e-03
2787,0.337159,0.333572,0.329268,0.337159,0.333572,0.329268,1,1,7.890961e-03
2788,0.337038,0.333811,0.329150,0.337038,0.333811,0.329150,1,1,7.888132e-03
2789,0.336918,0.334050,0.329032,0.336918,0.334050,0.329032,1,1,7.885305e-03
2790,0.336797,0.334289,0.328914,0.336797,0.334289,0.328914,1,1,7.882479e-03
2791,0.336676,0.334527,0.328797,0.336676,0.334527,0.328797,1,1,7.879656e-03
2792,0.336556,0.334765,0.328679,0.336556,0.334765,0.328679,1,1,7.876835e-03
2793,0.336435,0.335004,0.328561,0.336435,0.335004,0.328561,1,1,7.874016e-03
2794,0.336315,0.335242,0.328444,0.336315,0.335242,0.328444,1,1,7.871199e-03
2795,0.336195,0.335479,0.328326,0.336195,0.335479,0.328326,1,1,7.868383e-03
2796,0.336074,0.335717,0.328209,0.336074,0.335717,0.328209,1,1,7.865570e-03
2797,0.335954,0.335954,0.328091,0.335954,0.335954,0.328091,1,1,7.862759e-03
2798,0.335834,0.336191,0.327974,0.335834,0.336191,0.327974,1,1,7.859950e-03
2799,0.335714,0.336429,0.327857,0.335714,0.336429,0.327857,1,1,7.857143e-03
2800,0.335594,0.336665,0.327740,0.335594,0.336665,0.327740,1,1,7.854338e-03
2801,0.335475,0.336902,0.327623,0.335475,0.336902,0.327623,1,1,7.851535e-03
2802,0.335355,0.337139,0.327506,0.335355,0.337139,0.327506,1,1,7.848733e-03
2803,0.335235,0.337375,0.327389,0.335235,0.337375,0.327389,1,1,7.845934e-03
2804,0.335116,0.337611,0.327273,0.335116,0.337611,0.327273,1,1,7.843137e-03
2805,0.334996,0.337847,0.327156,0.334996,0.337847,0.327156,1,1,7.840342e-03
2806,0.334877,0.338083,0.327040,0.334877,0.338083,0.327040,1,1,7.837549e-03
2807,0.334758,0.338319,0.326923,0.334758,0.338319,0.326923,1,1,7.834758e-03
2808,0.334639,0.338555,0.326807,0.334639,0.338555,0.326807,1,1,7.831969e-03
2809,0.334520,0.338790,0.326690,0.334520,0.338790,0.326690,1,1,7.829181e-03
2810,0.334401,0.339025,0.326574,0.334401,0.339025,0.326574,1,1,7.826396e-03
2811,0.334282,0.339260,0.326458,0.334282,0.339260,0.326458,1,1,7.823613e-03
2812,0.334163,0.339495,0.326342,0.334163,0.339495,0.326342,1,1,7.820832e-03
2813,0.334044,0.339730,0.326226,0.334044,0.339730,0.326226,1,1,7.818053e-03
2814,0.333925,0.339964,0.326110,0.333925,0.339964,0.326110,1,1,7.815275e-03
2815,0.333807,0.340199,0.325994,0.333807,0.340199,0.325994,1,1,7.812500e-03
2816,0.333688,0.340433,0.325879,0.333688,0.340433,0.325879,1,1,7.809727e-03
2817,0.333570,0.340667,0.325763,0.333570,0.340667,0.325763,1,1,7.806955e-03
2818,0.333452,0.340901,0.325647,0.333452,0.340901,0.325647,1,1,7.804186e-03
2819,0.333333,0.341135,0.325532,0.333333,0.341135,0.325532,1,1,7.801418e-03
2820,0.333215,0.341014,0.325771,0.333215,0.341014,0.325771,2,2,7.798653e-03
2821,0.333097,0.340893,0.326010,0.333097,0.340893,0.326010,2,2,7.795889e-03
2822,0.332979,0.340772,0.326249,0.332979,0.340772,0.326249,2,2,7.793128e-03
2823,0.332861,0.340652,0.326487,0.332861,0.340652,0.326487,2,2,7.790368e-03
2824,0.332743,0.340531,0.326726,0.332743,0.340531,0.326726,2,2,7.787611e-03
2825,0.332626,0.340410,0.326964,0.332626,0.340410,0.326964,2,2,7.784855e-03
2826,0.332508,0.340290,0.327202,0.332508,0.340290,0.327202,2,2,7.782101e-03
2827,0.332390,0.340170,0.327440,0.332390,0.340170,0.327440,2,2,7.779349e-03
2828,0.332273,0.340049,0.327678,0.332273,0.340049,0.327678,2,2,7.776600e-03
2829,0.332155,0.339929,0.327915,0.332155,0.339929,0.327915,2,2,7.773852e-03
2830,0.332038,0.339809,0.328153,0.332038,0.339809,0.328153,2,2,7.771106e-03
2831,0.331921,0.339689,0.328390,0.331921,0.339689,0.328390,2,2,7.768362e-03
2832,0.331804,0.339569,0.328627,0.331804,0.339569,0.328627,2,2,7.765619e-03
2833,0.331687,0.339450,0.328864,0.331687,0.339450,0.328864,2,2,7.762879e-03
2834,0.331570,0.339330,0.329101,0.331570,0.339330,0.329101,2,2,7.760141e-03
2835,0.331453,0.339210,0.329337,0.331453,0.339210,0.329337,2,2,7.757405e-03
2836,0.331336,0.339091,0.329573,0.331336,0.339091,0.329573,2,2,7.754670e-03
2837,0.331219,0.338971,0.329810,0.331219,0.338971,0.329810,2,2,7.751938e-03
2838,0.331103,0.338852,0.330046,0.331103,0.338852,0.330046,2,2,7.749207e-03
2839,0.330986,0.338732,0.330282,0.330986,0.338732,0.330282,2,2,7.746479e-03
2840,0.330869,0.338613,0.330517,0.330869,0.338613,0.330517,2,2,7.743752e-03
2841,0.330753,0.338494,0.330753,0.330753,0.338494,0.330753,2,2,7.741027e-03
2842,0.330637,0.338375,0.330988,0.330637,0.338375,0.330988,2,2,7.738305e-03
2843,0.330520,0.338256,0.331224,0.330520,0.338256,0.331224,2,2,7.735584e-03
2844,0.330404,0.338137,0.331459,0.330404,0.338137,0.331459,2,2,7.732865e-03
2845,0.330288,0.338018,0.331694,0.330288,0.338018,0.331694,2,2,7.730148e-03
2846,0.330172,0.337900,0.331928,0.330172,0.337900,0.331928,2,2,7.727432e-03
2847,0.330056,0.337781,0.332163,0.330056,0.337781,0.332163,2,2,7.724719e-03
2848,0.329940,0.337662,0.332397,0.329940,0.337662,0.332397,2,2,7.722008e-03
2849,0.329825,0.337544,0.332632,0.329825,0.337544,0.332632,2,2,7.719298e-03
2850,0.329709,0.337425,0.332866,0.329709,0.337425,0.332866,2,2,7.716591e-03
2851,0.329593,0.337307,0.333100,0.329593,0.337307,0.333100,2,2,7.713885e-03
2852,0.329478,0.337189,0.333333,0.329478,0.337189,0.333333,2,2,7.711181e-03
2853,0.329362,0.337071,0.333567,0.329362,0.337071,0.333567,2,2,7.708479e-03
2854,0.329247,0.336953,0.333800,0.329247,0.336953,0.333800,2,2,7.705779e-03
2855,0.329132,0.336835,0.334034,0.329132,0.336835,0.334034,2,2,7.703081e-03
2856,0.329016,0.336717,0.334267,0.329016,0.336717,0.334267,2,2,7.700385e-03
2857,0.328901,0.336599,0.334500,0.328901,0.336599,0.334500,2,2,7.697691e-03
2858,0.328786,0.336481,0.334732,0.328786,0.336481,0.334732,2,2,7.694998e-03
2859,0.328671,0.336364,0.334965,0.328671,0.336364,0.334965,2,2,7.692308e-03
2860,0.328556,0.336246,0.335197,0.328556,0.336246,0.335197,2,2,7.689619e-03
2861,0.328442,0.336129,0.335430,0.328442,0.336129,0.335430,2,2,7.686932e-03
2862,0.328327,0.336011,0.335662,0.328327,0.336011,0.335662,2,2,7.684247e-03
2863,0.328212,0.335894,0.335894,0.328212,0.335894,0.335894,2,2,7.681564e-03
2864,0.328098,0.335777,0.336126,0.328098,0.335777,0.336126,2,2,7.678883e-03
2865,0.327983,0.335659,0.336357,0.327983,0.335659,0.336357,2,2,7.676204e-03
2866,0.327869,0.335542,0.336589,0.327869,0.335542,0.336589,2,2,7.673526e-03
2867,0.327755,0.335425,0.336820,0.327755,0.335425,0.336820,2,2,7.670851e-03
2868,0.327640,0.335308,0.337051,0.327640,0.335308,0.337051,2,2,7.668177e-03
2869,0.327526,0.335192,0.337282,0.327526,0.335192,0.337282,2,2,7.665505e-03
2870,0.327412,0.335075,0.337513,0.327412,0.335075,0.337513,2,2,7.662835e-03
2871,0.327298,0.334958,0.337744,0.327298,0.334958,0.337744,2,2,7.660167e-03
2872,0.327184,0.334842,0.337974,0.327184,0.334842,0.337974,2,2,7.657501e-03
2873,0.327070,0.334725,0.338205,0.327070,0.334725,0.338205,2,2,7.654836e-03
2874,0.326957,0.334609,0.338435,0.326957,0.334609,0.338435,2,2,7.652174e-03
2875,0.326843,0.334492,0.338665,0.326843,0.334492,0.338665,2,2,7.649513e-03
2876,0.326729,0.334376,0.338895,0.326729,0.334376,0.338895,2,2,7.646854e-03
2877,0.326616,0.334260,0.339124,0.326616,0.334260,0.339124,2,2,7.644197e-03
2878,0.326502,0.334144,0.339354,0.326502,0.334144,0.339354,2,2,7.641542e-03
2879,0.326389,0.334028,0.339583,0.326389,0.334028,0.339583,2,2,7.638889e-03
2880,0.326276,0.333912,0.339813,0.326276,0.333912,0.339813,2,2,7.636237e-03
2881,0.326162,0.333796,0.340042,0.326162,0.333796,0.340042,2,2,7.633588e-03
2882,0.326049,0.333680,0.340271,0.326049,0.333680,0.340271,2,2,7.630940e-03
2883,0.325936,0.333564,0.340499,0.325936,0.333564,0.340499,2,2,7.628294e-03
2884,0.325823,0.333449,0.340728,0.325823,0.333449,0.340728,2,2,7.625650e-03
2885,0.325710,0.333333,0.340956,0.325710,0.333333,0.340956,2,2,7.623008e-03
2886,0.325944,0.333218,0.340838,0.325944,0.333218,0.340838,0,0,7.620367e-03
2887,0.326177,0.333102,0.340720,0.326177,0.333102,0.340720,0,0,7.617729e-03
2888,0.326411,0.332987,0.340602,0.326411,0.332987,0.340602,0,0,7.615092e-03
2889,0.326644,0.332872,0.340484,0.326644,0.332872,0.340484,0,0,7.612457e-03
2890,0.326877,0.332757,0.340367,0.326877,0.332757,0.340367,0,0,7.609824e-03
2891,0.327109,0.332642,0.340249,0.327109,0.332642,0.340249,0,0,7.607192e-03
2892,0.327342,0.332527,0.340131,0.327342,0.332527,0.340131,0,0,7.604563e-03
2893,0.327574,0.332412,0.340014,0.327574,0.332412,0.340014,0,0,7.601935e-03
2894,0.327807,0.332297,0.339896,0.327807,0.332297,0.339896,0,0,7.599309e-03
2895,0.328039,0.332182,0.339779,0.328039,0.332182,0.339779,0,0,7.596685e-03
2896,0.328271,0.332068,0.339662,0.328271,0.332068,0.339662,0,0,7.594063e-03
2897,0.328502,0.331953,0.339545,0.328502,0.331953,0.339545,0,0,7.591442e-03
2898,0.328734,0.331839,0.339427,0.328734,0.331839,0.339427,0,0,7.588824e-03
2899,0.328966,0.331724,0.339310,0.328966,0.331724,0.339310,0,0,7.586207e-03
2900,0.329197,0.331610,0.339193,0.329197,0.331610,0.339193,0,0,7.583592e-03
2901,0.329428,0.331496,0.339076,0.329428,0.331496,0.339076,0,0,7.580979e-03
2902,0.329659,0.331381,0.338960,0.329659,0.331381,0.338960,0,0,7.578367e-03
2903,0.329890,0.331267,0.338843,0.329890,0.331267,0.338843,0,0,7.575758e-03
2904,0.330120,0.331153,0.338726,0.330120,0.331153,0.338726,0,0,7.573150e-03
2905,0.330351,0.331039,0.338610,0.330351,0.331039,0.338610,0,0,7.570544e-03
2906,0.330581,0.330925,0.338493,0.330581,0.330925,0.338493,0,0,7.567939e-03
2907,0.330812,0.330812,0.338377,0.330812,0.330812,0.338377,0,0,7.565337e-03
2908,0.331042,0.330698,0.338261,0.331042,0.330698,0.338261,0,0,7.562736e-03
2909,0.331271,0.330584,0.338144,0.331271,0.330584,0.338144,0,0,7.560137e-03
2910,0.331501,0.330471,0.338028,0.331501,0.330471,0.338028,0,0,7.557540e-03
2911,0.331731,0.330357,0.337912,0.331731,0.330357,0.337912,0,0,7.554945e-03
2912,0.331960,0.330244,0.337796,0.331960,0.330244,0.337796,0,0,7.552352e-03
2913,0.332189,0.330130,0.337680,0.332189,0.330130,0.337680,0,0,7.549760e-03
2914,0.332419,0.330017,0.337564,0.332419,0.330017,0.337564,0,0,7.547170e-03
2915,0.332647,0.329904,0.337449,0.332647,0.329904,0.337449,0,0,7.544582e-03
2916,0.332876,0.329791,0.337333,0.332876,0.329791,0.337333,0,0,7.541995e-03
2917,0.333105,0.329678,0.337217,0.333105,0.329678,0.337217,0,0,7.539411e-03
2918,0.333333,0.329565,0.337102,0.333333,0.329565,0.337102,0,0,7.536828e-03
2919,0.333562,0.329452,0.336986,0.333562,0.329452,0.336986,0,0,7.534247e-03
2920,0.333790,0.329339,0.336871,0.333790,0.329339,0.336871,0,0,7.531667e-03
2921,0.334018,0.329227,0.336756,0.334018,0.329227,0.336756,0,0,7.529090e-03
2922,0.334246,0.329114,0.336640,0.334246,0.329114,0.336640,0,0,7.526514e-03
2923,0.334473,0.329001,0.336525,0.334473,0.329001,0.336525,0,0,7.523940e-03
2924,0.334701,0.328889,0.336410,0.334701,0.328889,0.336410,0,0,7.521368e-03
2925,0.334928,0.328776,0.336295,0.334928,0.328776,0.336295,0,0,7.518797e-03
2926,0.335155,0.328664,0.336180,0.335155,0.328664,0.336180,0,0,7.516228e-03
2927,0.335383,0.328552,0.336066,0.335383,0.328552,0.336066,0,0,7.513661e-03
2928,0.335609,0.328440,0.335951,0.335609,0.328440,0.335951,0,0,7.511096e-03
2929,0.335836,0.328328,0.335836,0.335836,0.328328,0.335836,0,0,7.508532e-03
2930,0.336063,0.328216,0.335722,0.336063,0.328216,0.335722,0,0,7.505971e-03
2931,0.336289,0.328104,0.335607,0.336289,0.328104,0.335607,0,0,7.503411e-03
2932,0.336516,0.327992,0.335493,0.336516,0.327992,0.335493,0,0,7.500852e-03
2933,0.336742,0.327880,0.335378,0.336742,0.327880,0.335378,0,0,7.498296e-03
2934,0.336968,0.327768,0.335264,0.336968,0.327768,0.335264,0,0,7.495741e-03
2935,0.337193,0.327657,0.335150,0.337193,0.327657,0.335150,0,0,7.493188e-03
2936,0.337419,0.327545,0.335036,0.337419,0.327545,0.335036,0,0,7.490637e-03
2937,0.337645,0.327434,0.334922,0.337645,0.327434,0.334922,0,0,7.488087e-03
2938,0.337870,0.327322,0.334808,0.337870,0.327322,0.334808,0,0,7.485539e-03
2939,0.338095,0.327211,0.334694,0.338095,0.327211,0.334694,0,0,7.482993e-03
2940,0.338320,0.327100,0.334580,0.338320,0.327100,0.334580,0,0,7.480449e-03
2941,0.338545,0.326988,0.334466,0.338545,0.326988,0.334466,0,0,7.477906e-03
2942,0.338770,0.326877,0.334353,0.338770,0.326877,0.334353,0,0,7.475365e-03
2943,0.338995,0.326766,0.334239,0.338995,0.326766,0.334239,0,0,7.472826e-03
2944,0.339219,0.326655,0.334126,0.339219,0.326655,0.334126,0,0,7.470289e-03
2945,0.339443,0.326544,0.334012,0.339443,0.326544,0.334012,0,0,7.467753e-03
2946,0.339667,0.326434,0.333899,0.339667,0.326434,0.333899,0,0,7.465219e-03
2947,0.339891,0.326323,0.333786,0.339891,0.326323,0.333786,0,0,7.462687e-03
2948,0.340115,0.326212,0.333672,0.340115,0.326212,0.333672,0,0,7.460156e-03
2949,0.340339,0.326102,0.333559,0.340339,0.326102,0.333559,0,0,7.457627e-03
2950,0.340563,0.325991,0.333446,0.340563,0.325991,0.333446,0,0,7.455100e-03
2951,0.340786,0.325881,0.333333,0.340786,0.325881,0.333333,0,0,7.452575e-03
2952,0.340671,0.326109,0.333220,0.340671,0.326109,0.333220,1,1,7.450051e-03
2953,0.340555,0.326337,0.333108,0.340555,0.326337,0.333108,1,1,7.447529e-03
2954,0.340440,0.326565,0.332995,0.340440,0.326565,0.332995,1,1,7.445008e-03
2955,0.340325,0.326793,0.332882,0.340325,0.326793,0.332882,1,1,7.442490e-03
2956,0.340210,0.327021,0.332770,0.340210,0.327021,0.332770,1,1,7.439973e-03
2957,0.340095,0.327248,0.332657,0.340095,0.327248,0.332657,1,1,7.437458e-03
2958,0.339980,0.327475,0.332545,0.339980,0.327475,0.332545,1,1,7.434944e-03
2959,0.339865,0.327703,0.332432,0.339865,0.327703,0.332432,1,1,7.432432e-03
2960,0.339750,0.327930,0.332320,0.339750,0.327930,0.332320,1,1,7.429922e-03
2961,0.339635,0.328157,0.332208,0.339635,0.328157,0.332208,1,1,7.427414e-03
2962,0.339521,0.328383,0.332096,0.339521,0.328383,0.332096,1,1,7.424907e-03
2963,0.339406,0.328610,0.331984,0.339406,0.328610,0.331984,1,1,7.422402e-03
2964,0.339292,0.328836,0.331872,0.339292,0.328836,0.331872,1,1,7.419899e-03
2965,0.339177,0.329063,0.331760,0.339177,0.329063,0.331760,1,1,7.417397e-03
2966,0.339063,0.329289,0.331648,0.339063,0.329289,0.331648,1,1,7.414897e-03
2967,0.338949,0.329515,0.331536,0.338949,0.329515,0.331536,1,1,7.412399e-03
2968,0.338835,0.329741,0.331425,0.338835,0.329741,0.331425,1,1,7.409902e-03
2969,0.338721,0.329966,0.331313,0.338721,0.329966,0.331313,1,1,7.407407e-03
2970,0.338607,0.330192,0.331202,0.338607,0.330192,0.331202,1,1,7.404914e-03
2971,0.338493,0.330417,0.331090,0.338493,0.330417,0.331090,1,1,7.402423e-03
2972,0.338379,0.330642,0.330979,0.338379,0.330642,0.330979,1,1,7.399933e-03
2973,0.338265,0.330868,0.330868,0.338265,0.330868,0.330868,1,1,7.397445e-03
2974,0.338151,0.331092,0.330756,0.338151,0.331092,0.330756,1,1,7.394958e-03
2975,0.338038,0.331317,0.330645,0.338038,0.331317,0.330645,1,1,7.392473e-03
2976,0.337924,0.331542,0.330534,0.337924,0.331542,0.330534,1,1,7.389990e-03
2977,0.337811,0.331766,0.330423,0.337811,0.331766,0.330423,1,1,7.387508e-03
2978,0.337697,0.331991,0.330312,0.337697,0.331991,0.330312,1,1,7.385029e-03
2979,0.337584,0.332215,0.330201,0.337584,0.332215,0.330201,1,1,7.382550e-03
2980,0.337471,0.332439,0.330091,0.337471,0.332439,0.330091,1,1,7.380074e-03
2981,0.337357,0.332663,0.329980,0.337357,0.332663,0.329980,1,1,7.377599e-03
2982,0.337244,0.332886,0.329869,0.337244,0.332886,0.329869,1,1,7.375126e-03
2983,0.337131,0.333110,0.329759,0.337131,0.333110,0.329759,1,1,7.372654e-03
2984,0.337018,0.333333,0.329648,0.337018,0.333333,0.329648,1,1,7.370184e-03
2985,0.336906,0.333557,0.329538,0.336906,0.333557,0.329538,1,1,7.367716e-03
2986,0.336793,0.333780,0.329428,0.336793,0.333780,0.329428,1,1,7.365249e-03
2987,0.336680,0.334003,0.329317,0.336680,0.334003,0.329317,1,1,7.362784e-03
2988,0.336567,0.334225,0.329207,0.336567,0.334225,0.329207,1,1,7.360321e-03
2989,0.336455,0.334448,0.329097,0.336455,0.334448,0.329097,1,1,7.357860e-03
2990,0.336342,0.334671,0.328987,0.336342,0.334671,0.328987,1,1,7.355400e-03
2991,0.336230,0.334893,0.328877,0.336230,0.334893,0.328877,1,1,7.352941e-03
2992,0.336118,0.335115,0.328767,0.336118,0.335115,0.328767,1,1,7.350484e-03
2993,0.336005,0.335337,0.328657,0.336005,0.335337,0.328657,1,1,7.348029e-03
2994,0.335893,0.335559,0.328548,0.335893,0.335559,0.328548,1,1,7.345576e-03
2995,0.335781,0.335781,0.328438,0.335781,0.335781,0.328438,1,1,7.343124e-03
2996,0.335669,0.336003,0.328328,0.335669,0.336003,0.328328,1,1,7.340674e-03
2997,0.335557,0.336224,0.328219,0.335557,0.336224,0.328219,1,1,7.338225e-03
2998,0.335445,0.336445,0.328109,0.335445,0.336445,0.328109,1,1,7.335779e-03
2999,0.335333,0.336667,0.328000,0.335333,0.336667,0.328000,1,1,7.333333e-03
3000,0.335222,0.336888,0.327891,0.335222,0.336888,0.327891,1,1,7.330890e-03
3001,0.335110,0.337109,0.327781,0.335110,0.337109,0.327781,1,1,7.328448e-03
3002,0.334998,0.337329,0.327672,0.334998,0.337329,0.327672,1,1,7.326007e-03
3003,0.334887,0.337550,0.327563,0.334887,0.337550,0.327563,1,1,7.323569e-03
3004,0.334775,0.337770,0.327454,0.334775,0.337770,0.327454,1,1,7.321131e-03
3005,0.334664,0.337991,0.327345,0.334664,0.337991,0.327345,1,1,7.318696e-03
3006,0.334553,0.338211,0.327236,0.334553,0.338211,0.327236,1,1,7.316262e-03
3007,0.334441,0.338431,0.327128,0.334441,0.338431,0.327128,1,1,7.313830e-03
3008,0.334330,0.338651,0.327019,0.334330,0.338651,0.327019,1,1,7.311399e-03
3009,0.334219,0.338870,0.326910,0.334219,0.338870,0.326910,1,1,7.308970e-03
3010,0.334108,0.339090,0.326802,0.334108,0.339090,0.326802,1,1,7.306543e-03
3011,0.333997,0.339309,0.326693,0.333997,0.339309,0.326693,1,1,7.304117e-03
3012,0.333886,0.339529,0.326585,0.333886,0.339529,0.326585,1,1,7.301693e-03
3013,0.333776,0.339748,0.326476,0.333776,0.339748,0.326476,1,1,7.299270e-03
3014,0.333665,0.339967,0.326368,0.333665,0.339967,0.326368,1,1,7.296849e-03
3015,0.333554,0.340186,0.326260,0.333554,0.340186,0.326260,1,1,7.294430e-03
3016,0.333444,0.340404,0.326152,0.333444,0.340404,0.326152,1,1,7.292012e-03
3017,0.333333,0.340623,0.326044,0.333333,0.340623,0.326044,1,1,7.289596e-03
3018,0.333223,0.340510,0.326267,0.333223,0.340510,0.326267,2,2,7.287181e-03
3019,0.333113,0.340397,0.326490,0.333113,0.340397,0.326490,2,2,7.284768e-03
3020,0.333002,0.340285,0.326713,0.333002,0.340285,0.326713,2,2,7.282357e-03
3021,0.332892,0.340172,0.326936,0.332892,0.340172,0.326936,2,2,7.279947e-03
3022,0.332782,0.340060,0.327158,0.332782,0.340060,0.327158,2,2,7.277539e-03
3023,0.332672,0.339947,0.327381,0.332672,0.339947,0.327381,2,2,7.275132e-03
3024,0.332562,0.339835,0.327603,0.332562,0.339835,0.327603,2,2,7.272727e-03
3025,0.332452,0.339722,0.327826,0.332452,0.339722,0.327826,2,2,7.270324e-03
3026,0.332342,0.339610,0.328048,0.332342,0.339610,0.328048,2,2,7.267922e-03
3027,0.332232,0.339498,0.328269,0.332232,0.339498,0.328269,2,2,7.265522e-03
3028,0.332123,0.339386,0.328491,0.332123,0.339386,0.328491,2,2,7.263123e-03
3029,0.332013,0.339274,0.328713,0.332013,0.339274,0.328713,2,2,7.260726e-03
3030,0.331904,0.339162,0.328934,0.331904,0.339162,0.328934,2,2,7.258331e-03
3031,0.331794,0.339050,0.329156,0.331794,0.339050,0.329156,2,2,7.255937e-03
3032,0.331685,0.338938,0.329377,0.331685,0.338938,0.329377,2,2,7.253544e-03
3033,0.331575,0.338827,0.329598,0.331575,0.338827,0.329598,2,2,7.251154e-03
3034,0.331466,0.338715,0.329819,0.331466,0.338715,0.329819,2,2,7.248764e-03
3035,0.331357,0.338603,0.330040,0.331357,0.338603,0.330040,2,2,7.246377e-03
3036,0.331248,0.338492,0.330260,0.331248,0.338492,0.330260,2,2,7.243991e-03
3037,0.331139,0.338381,0.330481,0.331139,0.338381,0.330481,2,2,7.241606e-03
3038,0.331030,0.338269,0.330701,0.331030,0.338269,0.330701,2,2,7.239223e-03
3039,0.330921,0.338158,0.330921,0.330921,0.338158,0.330921,2,2,7.236842e-03
3040,0.330812,0.338047,0.331141,0.330812,0.338047,0.331141,2,2,7.234462e-03
3041,0.330703,0.337936,0.331361,0.330703,0.337936,0.331361,2,2,7.232084e-03
3042,0.330595,0.337825,0.331581,0.330595,0.337825,0.331581,2,2,7.229708e-03
3043,0.330486,0.337714,0.331800,0.330486,0.337714,0.331800,2,2,7.227332e-03
3044,0.330378,0.337603,0.332020,0.330378,0.337603,0.332020,2,2,7.224959e-03
3045,0.330269,0.337492,0.332239,0.330269,0.337492,0.332239,2,2,7.222587e-03
3046,0.330161,0.337381,0.332458,0.330161,0.337381,0.332458,2,2,7.220217e-03
3047,0.330052,0.337270,0.332677,0.330052,0.337270,0.332677,2,2,7.217848e-03
3048,0.329944,0.337160,0.332896,0.329944,0.337160,0.332896,2,2,7.215480e-03
3049,0.329836,0.337049,0.333115,0.329836,0.337049,0.333115,2,2,7.213115e-03
3050,0.329728,0.336939,0.333333,0.329728,0.336939,0.333333,2,2,7.210751e-03
3051,0.329620,0.336828,0.333552,0.329620,0.336828,0.333552,2,2,7.208388e-03
3052,0.329512,0.336718,0.333770,0.329512,0.336718,0.333770,2,2,7.206027e-03
3053,0.329404,0.336608,0.333988,0.329404,0.336608,0.333988,2,2,7.203667e-03
3054,0.329296,0.336498,0.334206,0.329296,0.336498,0.334206,2,2,7.201309e-03
3055,0.329188,0.336387,0.334424,0.329188,0.336387,0.334424,2,2,7.198953e-03
3056,0.329081,0.336277,0.334642,0.329081,0.336277,0.334642,2,2,7.196598e-03
3057,0.328973,0.336167,0.334859,0.328973,0.336167,0.334859,2,2,7.194245e-03
3058,0.328866,0.336058,0.335077,0.328866,0.336058,0.335077,2,2,7.191893e-03
3059,0.328758,0.335948,0.335294,0.328758,0.335948,0.335294,2,2,7.189542e-03
3060,0.328651,0.335838,0.335511,0.328651,0.335838,0.335511,2,2,7.187194e-03
3061,0.328543,0.335728,0.335728,0.328543,0.335728,0.335728,2,2,7.184847e-03
3062,0.328436,0.335619,0.335945,0.328436,0.335619,0.335945,2,2,7.182501e-03
3063,0.328329,0.335509,0.336162,0.328329,0.335509,0.336162,2,2,7.180157e-03
3064,0.328222,0.335400,0.336378,0.328222,0.335400,0.336378,2,2,7.177814e-03
3065,0.328115,0.335290,0.336595,0.328115,0.335290,0.336595,2,2,7.175473e-03
3066,0.328008,0.335181,0.336811,0.328008,0.335181,0.336811,2,2,7.173133e-03
3067,0.327901,0.335072,0.337027,0.327901,0.335072,0.337027,2,2,7.170795e-03
3068,0.327794,0.334963,0.337243,0.327794,0.334963,0.337243,2,2,7.168459e-03
3069,0.327687,0.334853,0.337459,0.327687,0.334853,0.337459,2,2,7.166124e-03
3070,0.327581,0.334744,0.337675,0.327581,0.334744,0.337675,2,2,7.163790e-03
3071,0.327474,0.334635,0.337891,0.327474,0.334635,0.337891,2,2,7.161458e-03
3072,0.327367,0.334527,0.338106,0.327367,0.334527,0.338106,2,2,7.159128e-03
3073,0.327261,0.334418,0.338321,0.327261,0.334418,0.338321,2,2,7.156799e-03
3074,0.327154,0.334309,0.338537,0.327154,0.334309,0.338537,2,2,7.154472e-03
3075,0.327048,0.334200,0.338752,0.327048,0.334200,0.338752,2,2,7.152146e-03
3076,0.326942,0.334092,0.338967,0.326942,0.334092,0.338967,2,2,7.149821e-03
3077,0.326836,0.333983,0.339181,0.326836,0.333983,0.339181,2,2,7.147498e-03
3078,0.326729,0.333875,0.339396,0.326729,0.333875,0.339396,2,2,7.145177e-03
3079,0.326623,0.333766,0.339610,0.326623,0.333766,0.339610,2,2,7.142857e-03
3080,0.326517,0.333658,0.339825,0.326517,0.333658,0.339825,2,2,7.140539e-03
3081,0.326411,0.333550,0.340039,0.326411,0.333550,0.340039,2,2,7.138222e-03
3082,0.326306,0.333441,0.340253,0.326306,0.333441,0.340253,2,2,7.135907e-03
3083,0.326200,0.333333,0.340467,0.326200,0.333333,0.340467,2,2,7.133593e-03
3084,0.326418,0.333225,0.340357,0.326418,0.333225,0.340357,0,0,7.131280e-03
3085,0.326636,0.333117,0.340246,0.326636,0.333117,0.340246,0,0,7.128970e-03
3086,0.326855,0.333009,0.340136,0.326855,0.333009,0.340136,0,0,7.126660e-03
3087,0.327073,0.332902,0.340026,0.327073,0.332902,0.340026,0,0,7.124352e-03
3088,0.327290,0.332794,0.339916,0.327290,0.332794,0.339916,0,0,7.122046e-03
3089,0.327508,0.332686,0.339806,0.327508,0.332686,0.339806,0,0,7.119741e-03
3090,0.327726,0.332578,0.339696,0.327726,0.332578,0.339696,0,0,7.117438e-03
3091,0.327943,0.332471,0.339586,0.327943,0.332471,0.339586,0,0,7.115136e-03
3092,0.328160,0.332363,0.339476,0.328160,0.332363,0.339476,0,0,7.112835e-03
3093,0.328378,0.332256,0.339367,0.328378,0.332256,0.339367,0,0,7.110537e-03
3094,0.328595,0.332149,0.339257,0.328595,0.332149,0.339257,0,0,7.108239e-03
3095,0.328811,0.332041,0.339147,0.328811,0.332041,0.339147,0,0,7.105943e-03
3096,0.329028,0.331934,0.339038,0.329028,0.331934,0.339038,0,0,7.103649e-03
3097,0.329245,0.331827,0.338928,0.329245,0.331827,0.338928,0,0,7.101356e-03
3098,0.329461,0.331720,0.338819,0.329461,0.331720,0.338819,0,0,7.099064e-03
3099,0.329677,0.331613,0.338710,0.329677,0.331613,0.338710,0,0,7.096774e-03
3100,0.329894,0.331506,0.338600,0.329894,0.331506,0.338600,0,0,7.094486e-03
3101,0.330110,0.331399,0.338491,0.330110,0.331399,0.338491,0,0,7.092199e-03
3102,0.330325,0.331292,0.338382,0.330325,0.331292,0.338382,0,0,7.089913e-03
3103,0.330541,0.331186,0.338273,0.330541,0.331186,0.338273,0,0,7.087629e-03
3104,0.330757,0.331079,0.338164,0.330757,0.331079,0.338164,0,0,7.085346e-03
3105,0.330972,0.330972,0.338055,0.330972,0.330972,0.338055,0,0,7.083065e-03
3106,0.331188,0.330866,0.337947,0.331188,0.330866,0.337947,0,0,7.080785e-03
3107,0.331403,0.330759,0.337838,0.331403,0.330759,0.337838,0,0,7.078507e-03
3108,0.331618,0.330653,0.337729,0.331618,0.330653,0.337729,0,0,7.076230e-03
3109,0.331833,0.330547,0.337621,0.331833,0.330547,0.337621,0,0,7.073955e-03
3110,0.332048,0.330440,0.337512,0.332048,0.330440,0.337512,0,0,7.071681e-03
3111,0.332262,0.330334,0.337404,0.332262,0.330334,0.337404,0,0,7.069409e-03
3112,0.332477,0.330228,0.337295,0.332477,0.330228,0.337295,0,0,7.067138e-03
3113,0.332691,0.330122,0.337187,0.332691,0.330122,0.337187,0,0,7.064868e-03
3114,0.332905,0.330016,0.337079,0.332905,0.330016,0.337079,0,0,7.062600e-03
3115,0.333119,0.329910,0.336970,0.333119,0.329910,0.336970,0,0,7.060334e-03
3116,0.333333,0.329804,0.336862,0.333333,0.329804,0.336862,0,0,7.058069e-03
3117,0.333547,0.329699,0.336754,0.333547,0.329699,0.336754,0,0,7.055805e-03
3118,0.333761,0.329593,0.336646,0.333761,0.329593,0.336646,0,0,7.053543e-03
3119,0.333974,0.329487,0.336538,0.333974,0.329487,0.336538,0,0,7.051282e-03
3120,0.334188,0.329382,0.336431,0.334188,0.329382,0.336431,0,0,7.049023e-03
3121,0.334401,0.329276,0.336323,0.334401,0.329276,0.336323,0,0,7.046765e-03
3122,0.334614,0.329171,0.336215,0.334614,0.329171,0.336215,0,0,7.044508e-03
3123,0.334827,0.329065,0.336108,0.334827,0.329065,0.336108,0,0,7.042254e-03
3124,0.335040,0.328960,0.336000,0.335040,0.328960,0.336000,0,0,7.040000e-03
3125,0.335253,0.328855,0.335893,0.335253,0.328855,0.335893,0,0,7.037748e-03
3126,0.335465,0.328750,0.335785,0.335465,0.328750,0.335785,0,0,7.035497e-03
3127,0.335678,0.328645,0.335678,0.335678,0.328645,0.335678,0,0,7.033248e-03
3128,0.335890,0.328539,0.335570,0.335890,0.328539,0.335570,0,0,7.031000e-03
3129,0.336102,0.328435,0.335463,0.336102,0.328435,0.335463,0,0,7.028754e-03
3130,0.336314,0.328330,0.335356,0.336314,0.328330,0.335356,0,0,7.026509e-03
3131,0.336526,0.328225,0.335249,0.336526,0.328225,0.335249,0,0,7.024266e-03
3132,0.336738,0.328120,0.335142,0.336738,0.328120,0.335142,0,0,7.022024e-03
3133,0.336950,0.328015,0.335035,0.336950,0.328015,0.335035,0,0,7.019783e-03
3134,0.337161,0.327911,0.334928,0.337161,0.327911,0.334928,0,0,7.017544e-03
3135,0.337372,0.327806,0.334821,0.337372,0.327806,0.334821,0,0,7.015306e-03
3136,0.337584,0.327702,0.334715,0.337584,0.327702,0.334715,0,0,7.013070e-03
3137,0.337795,0.327597,0.334608,0.337795,0.327597,0.334608,0,0,7.010835e-03
3138,0.338006,0.327493,0.334501,0.338006,0.327493,0.334501,0,0,7.008601e-03
3139,0.338217,0.327389,0.334395,0.338217,0.327389,0.334395,0,0,7.006369e-03
3140,0.338427,0.327284,0.334288,0.338427,0.327284,0.334288,0,0,7.004139e-03
3141,0.338638,0.327180,0.334182,0.338638,0.327180,0.334182,0,0,7.001910e-03
3142,0.338848,0.327076,0.334076,0.338848,0.327076,0.334076,0,0,6.999682e-03
3143,0.339059,0.326972,0.333969,0.339059,0.326972,0.333969,0,0,6.997455e-03
3144,0.339269,0.326868,0.333863,0.339269,0.326868,0.333863,0,0,6.995231e-03
3145,0.339479,0.326764,0.333757,0.339479,0.326764,0.333757,0,0,6.993007e-03
3146,0.339689,0.326660,0.333651,0.339689,0.326660,0.333651,0,0,6.990785e-03
3147,0.339898,0.326557,0.333545,0.339898,0.326557,0.333545,0,0,6.988564e-03
3148,0.340108,0.326453,0.333439,0.340108,0.326453,0.333439,0,0,6.986345e-03
3149,0.340317,0.326349,0.333333,0.340317,0.326349,0.333333,0,0,6.984127e-03
3150,0.340527,0.326246,0.333228,0.340527,0.326246,0.333228,0,0,7.299270e-03
3151,0.340419,0.326459,0.333122,0.340419,0.326459,0.333122,1,1,7.296954e-03
3152,0.340311,0.326673,0.333016,0.340311,0.326673,0.333016,1,1,7.294640e-03
3153,0.340203,0.326886,0.332911,0.340203,0.326886,0.332911,1,1,7.292327e-03
3154,0.340095,0.327100,0.332805,0.340095,0.327100,0.332805,1,1,7.290016e-03
3155,0.339987,0.327313,0.332700,0.339987,0.327313,0.332700,1,1,7.287706e-03
3156,0.339880,0.327526,0.332594,0.339880,0.327526,0.332594,1,1,7.285398e-03
3157,0.339772,0.327739,0.332489,0.339772,0.327739,0.332489,1,1,7.283091e-03
3158,0.339664,0.327952,0.332384,0.339664,0.327952,0.332384,1,1,7.280785e-03
3159,0.339557,0.328165,0.332278,0.339557,0.328165,0.332278,1,1,7.278481e-03
3160,0.339450,0.328377,0.332173,0.339450,0.328377,0.332173,1,1,7.276178e-03
3161,0.339342,0.328590,0.332068,0.339342,0.328590,0.332068,1,1,7.273877e-03
3162,0.339235,0.328802,0.331963,0.339235,0.328802,0.331963,1,1,7.271578e-03
3163,0.339128,0.329014,0.331858,0.339128,0.329014,0.331858,1,1,7.269279e-03
3164,0.339021,0.329226,0.331754,0.339021,0.329226,0.331754,1,1,7.266983e-03
3165,0.338913,0.329438,0.331649,0.338913,0.329438,0.331649,1,1,7.264687e-03
3166,0.338806,0.329650,0.331544,0.338806,0.329650,0.331544,1,1,7.262393e-03
3167,0.338699,0.329861,0.331439,0.338699,0.329861,0.331439,1,1,7.260101e-03
3168,0.338593,0.330073,0.331335,0.338593,0.330073,0.331335,1,1,7.257810e-03
3169,0.338486,0.330284,0.331230,0.338486,0.330284,0.331230,1,1,7.255521e-03
3170,0.338379,0.330495,0.331126,0.338379,0.330495,0.331126,1,1,7.253232e-03
3171,0.338272,0.330706,0.331021,0.338272,0.330706,0.331021,1,1,7.250946e-03
3172,0.338166,0.330917,0.330917,0.338166,0.330917,0.330917,1,1,7.248661e-03
3173,0.338059,0.331128,0.330813,0.338059,0.331128,0.330813,1,1,7.246377e-03
3174,0.337953,0.331339,0.330709,0.337953,0.331339,0.330709,1,1,7.244094e-03
3175,0.337846,0.331549,0.330605,0.337846,0.331549,0.330605,1,1,7.241814e-03
3176,0.337740,0.331760,0.330500,0.337740,0.331760,0.330500,1,1,7.239534e-03
3177,0.337634,0.331970,0.330396,0.337634,0.331970,0.330396,1,1,7.237256e-03
3178,0.337528,0.332180,0.330293,0.337528,0.332180,0.330293,1,1,7.234980e-03
3179,0.337421,0.332390,0.330189,0.337421,0.332390,0.330189,1,1,7.232704e-03
3180,0.337315,0.332600,0.330085,0.337315,0.332600,0.330085,1,1,7.230431e-03
3181,0.337209,0.332810,0.329981,0.337209,0.332810,0.329981,1,1,7.228158e-03
3182,0.337103,0.333019,0.329877,0.337103,0.333019,0.329877,1,1,7.225888e-03
3183,0.336997,0.333229,0.329774,0.336997,0.333229,0.329774,1,1,7.223618e-03
3184,0.336892,0.333438,0.329670,0.336892,0.333438,0.329670,1,1,7.221350e-03
3185,0.336786,0.333647,0.329567,0.336786,0.333647,0.329567,1,1,7.219083e-03
3186,0.336680,0.333856,0.329463,0.336680,0.333856,0.329463,1,1,7.216818e-03
3187,0.336575,0.334065,0.329360,0.336575,0.334065,0.329360,1,1,7.214555e-03
3188,0.336469,0.334274,0.329257,0.336469,0.334274,0.329257,1,1,7.212292e-03
3189,0.336364,0.334483,0.329154,0.336364,0.334483,0.329154,1,1,7.210031e-03
3190,0.336258,0.334691,0.329050,0.336258,0.334691,0.329050,1,1,7.207772e-03
3191,0.336153,0.334900,0.328947,0.336153,0.334900,0.328947,1,1,7.205514e-03
3192,0.336048,0.335108,0.328844,0.336048,0.335108,0.328844,1,1,7.203257e-03
3193,0.335942,0.335316,0.328741,0.335942,0.335316,0.328741,1,1,7.201002e-03
3194,0.335837,0.335524,0.328638,0.335837,0.335524,0.328638,1,1,7.198748e-03
3195,0.335732,0.335732,0.328536,0.335732,0.335732,0.328536,1,1,7.196496e-03
3196,0.335627,0.335940,0.328433,0.335627,0.335940,0.328433,1,1,7.194245e-03
3197,0.335522,0.336148,0.328330,0.335522,0.336148,0.328330,1,1,7.191995e-03
3198,0.335417,0.336355,0.328228,0.335417,0.336355,0.328228,1,1,7.189747e-03
3199,0.335313,0.336562,0.328125,0.335313,0.336562,0.328125,1,1,7.187500e-03
3200,0.335208,0.336770,0.328022,0.335208,0.336770,0.328022,1,1,7.185255e-03
3201,0.335103,0.336977,0.327920,0.335103,0.336977,0.327920,1,1,7.183011e-03
3202,0.334998,0.337184,0.327818,0.334998,0.337184,0.327818,1,1,7.180768e-03
3203,0.334894,0.337391,0.327715,0.334894,0.337391,0.327715,1,1,7.178527e-03
3204,0.334789,0.337598,0.327613,0.334789,0.337598,0.327613,1,1,7.176287e-03
3205,0.334685,0.337804,0.327511,0.334685,0.337804,0.327511,1,1,7.174049e-03
3206,0.334581,0.338011,0.327409,0.334581,0.338011,0.327409,1,1,7.171812e-03
3207,0.334476,0.338217,0.327307,0.334476,0.338217,0.327307,1,1,7.169576e-03
3208,0.334372,0.338423,0.327205,0.334372,0.338423,0.327205,1,1,7.167342e-03
3209,0.334268,0.338629,0.327103,0.334268,0.338629,0.327103,1,1,7.165109e-03
3210,0.334164,0.338835,0.327001,0.334164,0.338835,0.327001,1,1,7.162878e-03
3211,0.334060,0.339041,0.326899,0.334060,0.339041,0.326899,1,1,7.160648e-03
3212,0.333956,0.339247,0.326797,0.333956,0.339247,0.326797,1,1,7.158419e-03
3213,0.333852,0.339452,0.326696,0.333852,0.339452,0.326696,1,1,7.156192e-03
3214,0.333748,0.339658,0.326594,0.333748,0.339658,0.326594,1,1,7.153966e-03
3215,0.333644,0.339863,0.326493,0.333644,0.339863,0.326493,1,1,7.151741e-03
3216,0.333541,0.340068,0.326391,0.333541,0.340068,0.326391,1,1,7.149518e-03
3217,0.333437,0.340273,0.326290,0.333437,0.340273,0.326290,1,1,7.147296e-03
3218,0.333333,0.340478,0.326188,0.333333,0.340478,0.326188,1,1,7.145076e-03
3219,0.333230,0.340373,0.326398,0.333230,0.340373,0.326398,2,2,7.142857e-03
3220,0.333126,0.340267,0.326607,0.333126,0.340267,0.326607,2,2,7.140640e-03
3221,0.333023,0.340161,0.326816,0.333023,0.340161,0.326816,2,2,7.138423e-03
3222,0.332920,0.340056,0.327025,0.332920,0.340056,0.327025,2,2,7.136209e-03
3223,0.332816,0.339950,0.327233,0.332816,0.339950,0.327233,2,2,7.133995e-03
3224,0.332713,0.339845,0.327442,0.332713,0.339845,0.327442,2,2,7.131783e-03
3225,0.332610,0.339740,0.327650,0.332610,0.339740,0.327650,2,2,7.129572e-03
3226,0.332507,0.339634,0.327859,0.332507,0.339634,0.327859,2,2,7.127363e-03
3227,0.332404,0.339529,0.328067,0.332404,0.339529,0.328067,2,2,7.125155e-03
3228,0.332301,0.339424,0.328275,0.332301,0.339424,0.328275,2,2,7.122948e-03
3229,0.332198,0.339319,0.328483,0.332198,0.339319,0.328483,2,2,7.120743e-03
3230,0.332095,0.339214,0.328691,0.332095,0.339214,0.328691,2,2,7.118539e-03
3231,0.331993,0.339109,0.328899,0.331993,0.339109,0.328899,2,2,7.116337e-03
3232,0.331890,0.339004,0.329106,0.331890,0.339004,0.329106,2,2,7.114135e-03
3233,0.331787,0.338899,0.329314,0.331787,0.338899,0.329314,2,2,7.111936e-03
3234,0.331685,0.338794,0.329521,0.331685,0.338794,0.329521,2,2,7.109737e-03
3235,0.331582,0.338690,0.329728,0.331582,0.338690,0.329728,2,2,7.107540e-03
3236,0.331480,0.338585,0.329935,0.331480,0.338585,0.329935,2,2,7.105344e-03
3237,0.331377,0.338481,0.330142,0.331377,0.338481,0.330142,2,2,7.103150e-03
3238,0.331275,0.338376,0.330349,0.331275,0.338376,0.330349,2,2,7.100957e-03
3239,0.331173,0.338272,0.330556,0.331173,0.338272,0.330556,2,2,7.098765e-03
3240,0.331071,0.338167,0.330762,0.331071,0.338167,0.330762,2,2,7.096575e-03
3241,0.330969,0.338063,0.330969,0.330969,0.338063,0.330969,2,2,7.094386e-03
3242,0.330866,0.337959,0.331175,0.330866,0.337959,0.331175,2,2,7.092199e-03
3243,0.330764,0.337855,0.331381,0.330764,0.337855,0.331381,2,2,7.090012e-03
3244,0.330663,0.337750,0.331587,0.330663,0.337750,0.331587,2,2,7.087827e-03
3245,0.330561,0.337646,0.331793,0.330561,0.337646,0.331793,2,2,7.085644e-03
3246,0.330459,0.337542,0.331999,0.330459,0.337542,0.331999,2,2,7.083462e-03
3247,0.330357,0.337438,0.332204,0.330357,0.337438,0.332204,2,2,7.081281e-03
3248,0.330255,0.337335,0.332410,0.330255,0.337335,0.332410,2,2,7.079101e-03
3249,0.330154,0.337231,0.332615,0.330154,0.337231,0.332615,2,2,7.076923e-03
3250,0.330052,0.337127,0.332821,0.330052,0.337127,0.332821,2,2,7.074746e-03
3251,0.329951,0.337023,0.333026,0.329951,0.337023,0.333026,2,2,7.072571e-03
3252,0.329849,0.336920,0.333231,0.329849,0.336920,0.333231,2,2,7.070397e-03
3253,0.329748,0.336816,0.333436,0.329748,0.336816,0.333436,2,2,7.068224e-03
3254,0.329647,0.336713,0.333641,0.329647,0.336713,0.333641,2,2,7.066052e-03
3255,0.329545,0.336609,0.333845,0.329545,0.336609,0.333845,2,2,7.063882e-03
3256,0.329444,0.336506,0.334050,0.329444,0.336506,0.334050,2,2,7.061713e-03
3257,0.329343,0.336403,0.334254,0.329343,0.336403,0.334254,2,2,7.059546e-03
3258,0.329242,0.336299,0.334458,0.329242,0.336299,0.334458,2,2,7.057380e-03
3259,0.329141,0.336196,0.334663,0.329141,0.336196,0.334663,2,2,7.055215e-03
3260,0.329040,0.336093,0.334867,0.329040,0.336093,0.334867,2,2,7.053051e-03
3261,0.328939,0.335990,0.335071,0.328939,0.335990,0.335071,2,2,7.050889e-03
3262,0.328838,0.335887,0.335274,0.328838,0.335887,0.335274,2,2,7.048728e-03
3263,0.328738,0.335784,0.335478,0.328738,0.335784,0.335478,2,2,7.046569e-03
3264,0.328637,0.335681,0.335681,0.328637,0.335681,0.335681,2,2,7.044410e-03
3265,0.328536,0.335579,0.335885,0.328536,0.335579,0.335885,2,2,7.042254e-03
3266,0.328436,0.335476,0.336088,0.328436,0.335476,0.336088,2,2,7.040098e-03
3267,0.328335,0.335373,0.336291,0.328335,0.335373,0.336291,2,2,7.037944e-03
3268,0.328235,0.335271,0.336494,0.328235,0.335271,0.336494,2,2,7.035791e-03
3269,0.328135,0.335168,0.336697,0.328135,0.335168,0.336697,2,2,7.033639e-03
3270,0.328034,0.335066,0.336900,0.328034,0.335066,0.336900,2,2,7.031489e-03
3271,0.327934,0.334963,0.337103,0.327934,0.334963,0.337103,2,2,7.029340e-03
3272,0.327834,0.334861,0.337305,0.327834,0.334861,0.337305,2,2,7.027192e-03
3273,0.327734,0.334759,0.337508,0.327734,0.334759,0.337508,2,2,7.025046e-03
3274,0.327634,0.334656,0.337710,0.327634,0.334656,0.337710,2,2,7.022901e-03
3275,0.327534,0.334554,0.337912,0.327534,0.334554,0.337912,2,2,7.020757e-03
3276,0.327434,0.334452,0.338114,0.327434,0.334452,0.338114,2,2,7.018615e-03
3277,0.327334,0.334350,0.338316,0.327334,0.334350,0.338316,2,2,7.016473e-03
3278,0.327234,0.334248,0.338518,0.327234,0.334248,0.338518,2,2,7.014334e-03
3279,0.327134,0.334146,0.338720,0.327134,0.334146,0.338720,2,2,7.012195e-03
3280,0.327034,0.334044,0.338921,0.327034,0.334044,0.338921,2,2,7.010058e-03
3281,0.326935,0.333943,0.339122,0.326935,0.333943,0.339122,2,2,7.007922e-03
3282,0.326835,0.333841,0.339324,0.326835,0.333841,0.339324,2,2,7.005787e-03
3283,0.326736,0.333739,0.339525,0.326736,0.333739,0.339525,2,2,7.003654e-03
3284,0.326636,0.333638,0.339726,0.326636,0.333638,0.339726,2,2,7.001522e-03
3285,0.326537,0.333536,0.339927,0.326537,0.333536,0.339927,2,2,6.999391e-03
3286,0.326437,0.333435,0.340128,0.326437,0.333435,0.340128,2,2,6.997262e-03
3287,0.326338,0.333333,0.340328,0.326338,0.333333,0.340328,2,2,6.995134e-03
3288,0.326543,0.333232,0.340225,0.326543,0.333232,0.340225,0,0,6.993007e-03
3289,0.326748,0.333131,0.340122,0.326748,0.333131,0.340122,0,0,6.990881e-03
3290,0.326952,0.333029,0.340018,0.326952,0.333029,0.340018,0,0,6.988757e-03
3291,0.327157,0.332928,0.339915,0.327157,0.332928,0.339915,0,0,6.986634e-03
3292,0.327361,0.332827,0.339812,0.327361,0.332827,0.339812,0,0,6.984513e-03
3293,0.327565,0.332726,0.339709,0.327565,0.332726,0.339709,0,0,6.982392e-03
3294,0.327769,0.332625,0.339605,0.327769,0.332625,0.339605,0,0,6.980273e-03
3295,0.327973,0.332524,0.339502,0.327973,0.332524,0.339502,0,0,6.978155e-03
3296,0.328177,0.332423,0.339399,0.328177,0.332423,0.339399,0,0,6.976039e-03
3297,0.328381,0.332323,0.339297,0.328381,0.332323,0.339297,0,0,6.973924e-03
3298,0.328584,0.332222,0.339194,0.328584,0.332222,0.339194,0,0,6.971810e-03
3299,0.328788,0.332121,0.339091,0.328788,0.332121,0.339091,0,0,6.969697e-03
3300,0.328991,0.332021,0.338988,0.328991,0.332021,0.338988,0,0,6.967586e-03
3301,0.329194,0.331920,0.338886,0.329194,0.331920,0.338886,0,0,6.965475e-03
3302,0.329398,0.331820,0.338783,0.329398,0.331820,0.338783,0,0,6.963367e-03
3303,0.329600,0.331719,0.338680,0.329600,0.331719,0.338680,0,0,6.961259e-03
3304,0.329803,0.331619,0.338578,0.329803,0.331619,0.338578,0,0,6.959153e-03
3305,0.330006,0.331518,0.338475,0.330006,0.331518,0.338475,0,0,6.957048e-03
3306,0.330209,0.331418,0.338373,0.330209,0.331418,0.338373,0,0,6.954944e-03
3307,0.330411,0.331318,0.338271,0.330411,0.331318,0.338271,0,0,6.952842e-03
3308,0.330613,0.331218,0.338169,0.330613,0.331218,0.338169,0,0,6.950740e-03
3309,0.330816,0.331118,0.338066,0.330816,0.331118,0.338066,0,0,6.948640e-03
3310,0.331018,0.331018,0.337964,0.331018,0.331018,0.337964,0,0,6.946542e-03
3311,0.331220,0.330918,0.337862,0.331220,0.330918,0.337862,0,0,6.944444e-03
3312,0.331422,0.330818,0.337760,0.331422,0.330818,0.337760,0,0,6.942348e-03
3313,0.331623,0.330718,0.337658,0.331623,0.330718,0.337658,0,0,6.940253e-03
3314,0.331825,0.330618,0.337557,0.331825,0.330618,0.337557,0,0,6.938160e-03
3315,0.332027,0.330519,0.337455,0.332027,0.330519,0.337455,0,0,6.936068e-03
3316,0.332228,0.330419,0.337353,0.332228,0.330419,0.337353,0,0,6.933976e-03
3317,0.332429,0.330319,0.337251,0.332429,0.330319,0.337251,0,0,6.931887e-03
3318,0.332630,0.330220,0.337150,0.332630,0.330220,0.337150,0,0,6.929798e-03
3319,0.332831,0.330120,0.337048,0.332831,0.330120,0.337048,0,0,6.927711e-03
3320,0.333032,0.330021,0.336947,0.333032,0.330021,0.336947,0,0,6.925625e-03
3321,0.333233,0.329922,0.336845,0.333233,0.329922,0.336845,0,0,6.923540e-03
3322,0.333434,0.329822,0.336744,0.333434,0.329822,0.336744,0,0,6.921457e-03
3323,0.333634,0.329723,0.336643,0.333634,0.329723,0.336643,0,0,6.919374e-03
3324,0.333835,0.329624,0.336541,0.333835,0.329624,0.336541,0,0,6.917293e-03
3325,0.334035,0.329525,0.336440,0.334035,0.329525,0.336440,0,0,6.915213e-03
3326,0.334235,0.329426,0.336339,0.334235,0.329426,0.336339,0,0,6.913135e-03
3327,0.334435,0.329327,0.336238,0.334435,0.329327,0.336238,0,0,6.911058e-03
3328,0.334635,0.329228,0.336137,0.334635,0.329228,0.336137,0,0,6.908982e-03
3329,0.334835,0.329129,0.336036,0.334835,0.329129,0.336036,0,0,6.906907e-03
3330,0.335035,0.329030,0.335935,0.335035,0.329030,0.335935,0,0,6.904833e-03
3331,0.335234,0.328932,0.335834,0.335234,0.328932,0.335834,0,0,6.902761e-03
3332,0.335434,0.328833,0.335734,0.335434,0.328833,0.335734,0,0,6.900690e-03
3333,0.335633,0.328734,0.335633,0.335633,0.328734,0.335633,0,0,6.898620e-03
3334,0.335832,0.328636,0.335532,0.335832,0.328636,0.335532,0,0,6.896552e-03
3335,0.336031,0.328537,0.335432,0.336031,0.328537,0.335432,0,0,6.894484e-03
3336,0.336230,0.328439,0.335331,0.336230,0.328439,0.335331,0,0,6.892418e-03
3337,0.336429,0.328340,0.335231,0.336429,0.328340,0.335231,0,0,6.890354e-03
3338,0.336628,0.328242,0.335130,0.336628,0.328242,0.335130,0,0,6.888290e-03
3339,0.336826,0.328144,0.335030,0.336826,0.328144,0.335030,0,0,6.886228e-03
3340,0.337025,0.328045,0.334930,0.337025,0.328045,0.334930,0,0,6.884166e-03
3341,0.337223,0.327947,0.334829,0.337223,0.327947,0.334829,0,0,6.882107e-03
3342,0.337421,0.327849,0.334729,0.337421,0.327849,0.334729,0,0,6.880048e-03
3343,0.337620,0.327751,0.334629,0.337620,0.327751,0.334629,0,0,6.877990e-03
3344,0.337818,0.327653,0.334529,0.337818,0.327653,0.334529,0,0,6.875934e-03
3345,0.338016,0.327555,0.334429,0.338016,0.327555,0.334429,0,0,6.873879e-03
3346,0.338213,0.327457,0.334329,0.338213,0.327457,0.334329,0,0,6.871826e-03
3347,0.338411,0.327360,0.334229,0.338411,0.327360,0.334229,0,0,6.869773e-03
3348,0.338609,0.327262,0.334130,0.338609,0.327262,0.334130,0,0,6.867722e-03
3349,0.338806,0.327164,0.334030,0.338806,0.327164,0.334030,0,0,6.865672e-03
3350,0.339003,0.327067,0.333930,0.339003,0.327067,0.333930,0,0,6.863623e-03
3351,0.339200,0.326969,0.333831,0.339200,0.326969,0.333831,0,0,6.861575e-03
3352,0.339398,0.326871,0.333731,0.339398,0.326871,0.333731,0,0,6.859529e-03
3353,0.339595,0.326774,0.333631,0.339595,0.326774,0.333631,0,0,6.857484e-03
3354,0.339791,0.326677,0.333532,0.339791,0.326677,0.333532,0,0,6.855440e-03
3355,0.339988,0.326579,0.333433,0.339988,0.326579,0.333433,0,0,6.853397e-03
3356,0.340185,0.326482,0.333333,0.340185,0.326482,0.333333,0,0,6.851355e-03
3357,0.340083,0.326683,0.333234,0.340083,0.326683,0.333234,1,1,6.849315e-03
3358,0.339982,0.326883,0.333135,0.339982,0.326883,0.333135,1,1,6.847276e-03
3359,0.339881,0.327083,0.333036,0.339881,0.327083,0.333036,1,1,6.845238e-03
3360,0.339780,0.327284,0.332937,0.339780,0.327284,0.332937,1,1,6.843201e-03
3361,0.339679,0.327484,0.332838,0.339679,0.327484,0.332838,1,1,6.841166e-03
3362,0.339578,0.327684,0.332739,0.339578,0.327684,0.332739,1,1,6.839132e-03
3363,0.339477,0.327883,0.332640,0.339477,0.327883,0.332640,1,1,6.837099e-03
3364,0.339376,0.328083,0.332541,0.339376,0.328083,0.332541,1,1,6.835067e-03
3365,0.339275,0.328283,0.332442,0.339275,0.328283,0.332442,1,1,6.833036e-03
3366,0.339174,0.328482,0.332343,0.339174,0.328482,0.332343,1,1,6.831007e-03
3367,0.339074,0.328682,0.332245,0.339074,0.328682,0.332245,1,1,6.828979e-03
3368,0.338973,0.328881,0.332146,0.338973,0.328881,0.332146,1,1,6.826952e-03
3369,0.338872,0.329080,0.332047,0.338872,0.329080,0.332047,1,1,6.824926e-03
3370,0.338772,0.329279,0.331949,0.338772,0.329279,0.331949,1,1,6.822901e-03
3371,0.338671,0.329478,0.331851,0.338671,0.329478,0.331851,1,1,6.820878e-03
3372,0.338571,0.329677,0.331752,0.338571,0.329677,0.331752,1,1,6.818856e-03
3373,0.338471,0.329876,0.331654,0.338471,0.329876,0.331654,1,1,6.816835e-03
3374,0.338370,0.330074,0.331556,0.338370,0.330074,0.331556,1,1,6.814815e-03
3375,0.338270,0.330273,0.331457,0.338270,0.330273,0.331457,1,1,6.812796e-03
3376,0.338170,0.330471,0.331359,0.338170,0.330471,0.331359,1,1,6.810779e-03
3377,0.338070,0.330669,0.331261,0.338070,0.330669,0.331261,1,1,6.808763e-03
3378,0.337970,0.330867,0.331163,0.337970,0.330867,0.331163,1,1,6.806748e-03
3379,0.337870,0.331065,0.331065,0.337870,0.331065,0.331065,1,1,6.804734e-03
3380,0.337770,0.331263,0.330967,0.337770,0.331263,0.330967,1,1,6.802721e-03
3381,0.337670,0.331461,0.330869,0.337670,0.331461,0.330869,1,1,6.800710e-03
3382,0.337570,0.331658,0.330772,0.337570,0.331658,0.330772,1,1,6.798699e-03
3383,0.337470,0.331856,0.330674,0.337470,0.331856,0.330674,1,1,6.796690e-03
3384,0.337371,0.332053,0.330576,0.337371,0.332053,0.330576,1,1,6.794682e-03
3385,0.337271,0.332250,0.330478,0.337271,0.332250,0.330478,1,1,6.792676e-03
3386,0.337172,0.332448,0.330381,0.337172,0.332448,0.330381,1,1,6.790670e-03
3387,0.337072,0.332645,0.330283,0.337072,0.332645,0.330283,1,1,6.788666e-03
3388,0.336973,0.332842,0.330186,0.336973,0.332842,0.330186,1,1,6.786663e-03
3389,0.336873,0.333038,0.330088,0.336873,0.333038,0.330088,1,1,6.784661e-03
3390,0.336774,0.333235,0.329991,0.336774,0.333235,0.329991,1,1,6.782660e-03
3391,0.336675,0.333432,0.329894,0.336675,0.333432,0.329894,1,1,6.780660e-03
3392,0.336575,0.333628,0.329797,0.336575,0.333628,0.329797,1,1,6.778662e-03
3393,0.336476,0.333824,0.329699,0.336476,0.333824,0.329699,1,1,6.776665e-03
3394,0.336377,0.334021,0.329602,0.336377,0.334021,0.329602,1,1,6.774669e-03
3395,0.336278,0.334217,0.329505,0.336278,0.334217,0.329505,1,1,6.772674e-03
3396,0.336179,0.334413,0.329408,0.336179,0.334413,0.329408,1,1,6.770680e-03
3397,0.336080,0.334609,0.329311,0.336080,0.334609,0.329311,1,1,6.768687e-03
3398,0.335981,0.334804,0.329214,0.335981,0.334804,0.329214,1,1,6.766696e-03
3399,0.335882,0.335000,0.329118,0.335882,0.335000,0.329118,1,1,6.764706e-03
3400,0.335784,0.335196,0.329021,0.335784,0.335196,0.329021,1,1,6.762717e-03
3401,0.335685,0.335391,0.328924,0.335685,0.335391,0.328924,1,1,6.760729e-03
3402,0.335586,0.335586,0.328828,0.335586,0.335586,0.328828,1,1,6.758742e-03
3403,0.335488,0.335781,0.328731,0.335488,0.335781,0.328731,1,1,6.756757e-03
3404,0.335389,0.335977,0.328634,0.335389,0.335977,0.328634,1,1,6.754772e-03
3405,0.335291,0.336171,0.328538,0.335291,0.336171,0.328538,1,1,6.752789e-03
3406,0.335192,0.336366,0.328441,0.335192,0.336366,0.328441,1,1,6.750807e-03
3407,0.335094,0.336561,0.328345,0.335094,0.336561,0.328345,1,1,6.748826e-03
3408,0.334996,0.336756,0.328249,0.334996,0.336756,0.328249,1,1,6.746847e-03
3409,0.334897,0.336950,0.328152,0.334897,0.336950,0.328152,1,1,6.744868e-03
3410,0.334799,0.337145,0.328056,0.334799,0.337145,0.328056,1,1,6.742891e-03
3411,0.334701,0.337339,0.327960,0.334701,0.337339,0.327960,1,1,6.740914e-03
3412,0.334603,0.337533,0.327864,0.334603,0.337533,0.327864,1,1,6.738939e-03
3413,0.334505,0.337727,0.327768,0.334505,0.337727,0.327768,1,1,6.736965e-03
3414,0.334407,0.337921,0.327672,0.334407,0.337921,0.327672,1,1,6.734993e-03
3415,0.334309,0.338115,0.327576,0.334309,0.338115,0.327576,1,1,6.733021e-03
3416,0.334211,0.338308,0.327480,0.334211,0.338308,0.327480,1,1,6.731051e-03
3417,0.334114,0.338502,0.327384,0.334114,0.338502,0.327384,1,1,6.729081e-03
3418,0.334016,0.338696,0.327289,0.334016,0.338696,0.327289,1,1,6.727113e-03
3419,0.333918,0.338889,0.327193,0.333918,0.338889,0.327193,1,1,6.725146e-03
3420,0.333821,0.339082,0.327097,0.333821,0.339082,0.327097,1,1,6.723180e-03
3421,0.333723,0.339275,0.327002,0.333723,0.339275,0.327002,1,1,6.721216e-03
3422,0.333625,0.339468,0.326906,0.333625,0.339468,0.326906,1,1,6.719252e-03
3423,0.333528,0.339661,0.326811,0.333528,0.339661,0.326811,1,1,6.717290e-03
3424,0.333431,0.339854,0.326715,0.333431,0.339854,0.326715,1,1,6.715328e-03
3425,0.333333,0.340047,0.326620,0.333333,0.340047,0.326620,1,1,6.713368e-03
3426,0.333236,0.339947,0.326816,0.333236,0.339947,0.326816,2,2,6.711409e-03
3427,0.333139,0.339848,0.327013,0.333139,0.339848,0.327013,2,2,6.709452e-03
3428,0.333042,0.339749,0.327209,0.333042,0.339749,0.327209,2,2,6.707495e-03
3429,0.332945,0.339650,0.327405,0.332945,0.339650,0.327405,2,2,6.705539e-03
3430,0.332848,0.339551,0.327601,0.332848,0.339551,0.327601,2,2,6.703585e-03
3431,0.332751,0.339452,0.327797,0.332751,0.339452,0.327797,2,2,6.701632e-03
3432,0.332654,0.339353,0.327993,0.332654,0.339353,0.327993,2,2,6.699680e-03
3433,0.332557,0.339255,0.328189,0.332557,0.339255,0.328189,2,2,6.697729e-03
3434,0.332460,0.339156,0.328384,0.332460,0.339156,0.328384,2,2,6.695779e-03
3435,0.332363,0.339057,0.328580,0.332363,0.339057,0.328580,2,2,6.693830e-03
3436,0.332267,0.338958,0.328775,0.332267,0.338958,0.328775,2,2,6.691882e-03
3437,0.332170,0.338860,0.328970,0.332170,0.338860,0.328970,2,2,6.689936e-03
3438,0.332073,0.338761,0.329165,0.332073,0.338761,0.329165,2,2,6.687991e-03
3439,0.331977,0.338663,0.329360,0.331977,0.338663,0.329360,2,2,6.686047e-03
3440,0.331880,0.338564,0.329555,0.331880,0.338564,0.329555,2,2,6.684103e-03
3441,0.331784,0.338466,0.329750,0.331784,0.338466,0.329750,2,2,6.682162e-03
3442,0.331687,0.338368,0.329945,0.331687,0.338368,0.329945,2,2,6.680221e-03
3443,0.331591,0.338269,0.330139,0.331591,0.338269,0.330139,2,2,6.678281e-03
3444,0.331495,0.338171,0.330334,0.331495,0.338171,0.330334,2,2,6.676343e-03
3445,0.331399,0.338073,0.330528,0.331399,0.338073,0.330528,2,2,6.674405e-03
3446,0.331303,0.337975,0.330722,0.331303,0.337975,0.330722,2,2,6.672469e-03
3447,0.331206,0.337877,0.330916,0.331206,0.337877,0.330916,2,2,6.670534e-03
3448,0.331110,0.337779,0.331110,0.331110,0.337779,0.331110,2,2,6.668600e-03
3449,0.331014,0.337681,0.331304,0.331014,0.337681,0.331304,2,2,6.666667e-03
3450,0.330919,0.337583,0.331498,0.330919,0.337583,0.331498,2,2,6.664735e-03
3451,0.330823,0.337486,0.331692,0.330823,0.337486,0.331692,2,2,6.662804e-03
3452,0.330727,0.337388,0.331885,0.330727,0.337388,0.331885,2,2,6.660875e-03
3453,0.330631,0.337290,0.332079,0.330631,0.337290,0.332079,2,2,6.658946e-03
3454,0.330535,0.337192,0.332272,0.330535,0.337192,0.332272,2,2,6.657019e-03
3455,0.330440,0.337095,0.332465,0.330440,0.337095,0.332465,2,2,6.655093e-03
3456,0.330344,0.336997,0.332658,0.330344,0.336997,0.332658,2,2,6.653167e-03
3457,0.330249,0.336900,0.332851,0.330249,0.336900,0.332851,2,2,6.651243e-03
3458,0.330153,0.336803,0.333044,0.330153,0.336803,0.333044,2,2,6.649321e-03
3459,0.330058,0.336705,0.333237,0.330058,0.336705,0.333237,2,2,6.647399e-03
3460,0.329962,0.336608,0.333430,0.329962,0.336608,0.333430,2,2,6.645478e-03
3461,0.329867,0.336511,0.333622,0.329867,0.336511,0.333622,2,2,6.643559e-03
3462,0.329772,0.336414,0.333815,0.329772,0.336414,0.333815,2,2,6.641640e-03
3463,0.329677,0.336316,0.334007,0.329677,0.336316,0.334007,2,2,6.639723e-03
3464,0.329582,0.336219,0.334199,0.329582,0.336219,0.334199,2,2,6.637807e-03
3465,0.329486,0.336122,0.334391,0.329486,0.336122,0.334391,2,2,6.635892e-03
3466,0.329391,0.336025,0.334583,0.329391,0.336025,0.334583,2,2,6.633978e-03
3467,0.329296,0.335928,0.334775,0.329296,0.335928,0.334775,2,2,6.632065e-03
3468,0.329201,0.335832,0.334967,0.329201,0.335832,0.334967,2,2,6.630153e-03
3469,0.329107,0.335735,0.335159,0.329107,0.335735,0.335159,2,2,6.628242e-03
3470,0.329012,0.335638,0.335350,0.329012,0.335638,0.335350,2,2,6.626332e-03
3471,0.328917,0.335541,0.335541,0.328917,0.335541,0.335541,2,2,6.624424e-03
3472,0.328822,0.335445,0.335733,0.328822,0.335445,0.335733,2,2,6.622517e-03
3473,0.328728,0.335348,0.335924,0.328728,0.335348,0.335924,2,2,6.620610e-03
3474,0.328633,0.335252,0.336115,0.328633,0.335252,0.336115,2,2,6.618705e-03
3475,0.328539,0.335155,0.336306,0.328539,0.335155,0.336306,2,2,6.616801e-03
3476,0.328444,0.335059,0.336497,0.328444,0.335059,0.336497,2,2,6.614898e-03
3477,0.328350,0.334963,0.336688,0.328350,0.334963,0.336688,2,2,6.612996e-03
3478,0.328255,0.334866,0.336878,0.328255,0.334866,0.336878,2,2,6.611095e-03
3479,0.328161,0.334770,0.337069,0.328161,0.334770,0.337069,2,2,6.609195e-03
3480,0.328067,0.334674,0.337259,0.328067,0.334674,0.337259,2,2,6.607297e-03
3481,0.327972,0.334578,0.337450,0.327972,0.334578,0.337450,2,2,6.605399e-03
3482,0.327878,0.334482,0.337640,0.327878,0.334482,0.337640,2,2,6.603503e-03
3483,0.327784,0.334386,0.337830,0.327784,0.334386,0.337830,2,2,6.601607e-03
3484,0.327690,0.334290,0.338020,0.327690,0.334290,0.338020,2,2,6.599713e-03
3485,0.327596,0.334194,0.338210,0.327596,0.334194,0.338210,2,2,6.597820e-03
3486,0.327502,0.334098,0.338400,0.327502,0.334098,0.338400,2,2,6.595928e-03
3487,0.327408,0.334002,0.338589,0.327408,0.334002,0.338589,2,2,6.594037e-03
3488,0.327314,0.333907,0.338779,0.327314,0.333907,0.338779,2,2,6.592147e-03
3489,0.327221,0.333811,0.338968,0.327221,0.333811,0.338968,2,2,6.590258e-03
3490,0.327127,0.333715,0.339158,0.327127,0.333715,0.339158,2,2,6.588370e-03
3491,0.327033,0.333620,0.339347,0.327033,0.333620,0.339347,2,2,6.586483e-03
3492,0.326940,0.333524,0.339536,0.326940,0.333524,0.339536,2,2,6.584598e-03
3493,0.326846,0.333429,0.339725,0.326846,0.333429,0.339725,2,2,6.582713e-03
3494,0.326753,0.333333,0.339914,0.326753,0.333333,0.339914,2,2,6.580830e-03
3495,0.326945,0.333238,0.339817,0.326945,0.333238,0.339817,0,0,6.578947e-03
3496,0.327138,0.333143,0.339720,0.327138,0.333143,0.339720,0,0,6.577066e-03
3497,0.327330,0.333047,0.339623,0.327330,0.333047,0.339623,0,0,6.575186e-03
3498,0.327522,0.332952,0.339526,0.327522,0.332952,0.339526,0,0,6.573307e-03
3499,0.327714,0.332857,0.339429,0.327714,0.332857,0.339429,0,0,6.571429e-03
3500,0.327906,0.332762,0.339332,0.327906,0.332762,0.339332,0,0,6.569552e-03
3501,0.328098,0.332667,0.339235,0.328098,0.332667,0.339235,0,0,6.567676e-03
3502,0.328290,0.332572,0.339138,0.328290,0.332572,0.339138,0,0,6.565801e-03
3503,0.328482,0.332477,0.339041,0.328482,0.332477,0.339041,0,0,6.563927e-03
3504,0.328673,0.332382,0.338944,0.328673,0.332382,0.338944,0,0,6.562054e-03
3505,0.328865,0.332288,0.338848,0.328865,0.332288,0.338848,0,0,6.560183e-03
3506,0.329056,0.332193,0.338751,0.329056,0.332193,0.338751,0,0,6.558312e-03
3507,0.329247,0.332098,0.338655,0.329247,0.332098,0.338655,0,0,6.556442e-03
3508,0.329439,0.332003,0.338558,0.329439,0.332003,0.338558,0,0,6.554574e-03
3509,0.329630,0.331909,0.338462,0.329630,0.331909,0.338462,0,0,6.552707e-03
3510,0.329821,0.331814,0.338365,0.329821,0.331814,0.338365,0,0,6.550840e-03
3511,0.330011,0.331720,0.338269,0.330011,0.331720,0.338269,0,0,6.548975e-03
3512,0.330202,0.331625,0.338173,0.330202,0.331625,0.338173,0,0,6.547111e-03
3513,0.330393,0.331531,0.338076,0.330393,0.331531,0.338076,0,0,6.545248e-03
3514,0.330583,0.331437,0.337980,0.330583,0.331437,0.337980,0,0,6.543385e-03
3515,0.330774,0.331342,0.337884,0.330774,0.331342,0.337884,0,0,6.541524e-03
3516,0.330964,0.331248,0.337788,0.330964,0.331248,0.337788,0,0,6.539664e-03
3517,0.331154,0.331154,0.337692,0.331154,0.331154,0.337692,0,0,6.537806e-03
3518,0.331344,0.331060,0.337596,0.331344,0.331060,0.337596,0,0,6.535948e-03
3519,0.331534,0.330966,0.337500,0.331534,0.330966,0.337500,0,0,6.534091e-03
3520,0.331724,0.330872,0.337404,0.331724,0.330872,0.337404,0,0,6.532235e-03
3521,0.331914,0.330778,0.337308,0.331914,0.330778,0.337308,0,0,6.530380e-03
3522,0.332103,0.330684,0.337213,0.332103,0.330684,0.337213,0,0,6.528527e-03
3523,0.332293,0.330590,0.337117,0.332293,0.330590,0.337117,0,0,6.526674e-03
3524,0.332482,0.330496,0.337021,0.332482,0.330496,0.337021,0,0,6.524823e-03
3525,0.332672,0.330403,0.336926,0.332672,0.330403,0.336926,0,0,6.522972e-03
3526,0.332861,0.330309,0.336830,0.332861,0.330309,0.336830,0,0,6.521123e-03
3527,0.333050,0.330215,0.336735,0.333050,0.330215,0.336735,0,0,6.519274e-03
3528,0.333239,0.330122,0.336639,0.333239,0.330122,0.336639,0,0,6.517427e-03
3529,0.333428,0.330028,0.336544,0.333428,0.330028,0.336544,0,0,6.515581e-03
3530,0.333617,0.329935,0.336449,0.333617,0.329935,0.336449,0,0,6.513735e-03
3531,0.333805,0.329841,0.336353,0.333805,0.329841,0.336353,0,0,6.511891e-03
3532,0.333994,0.329748,0.336258,0.333994,0.329748,0.336258,0,0,6.510048e-03
3533,0.334182,0.329655,0.336163,0.334182,0.329655,0.336163,0,0,6.508206e-03
3534,0.334371,0.329562,0.336068,0.334371,0.329562,0.336068,0,0,6.506365e-03
3535,0.334559,0.329468,0.335973,0.334559,0.329468,0.335973,0,0,6.504525e-03
3536,0.334747,0.329375,0.335878,0.334747,0.329375,0.335878,0,0,6.502686e-03
3537,0.334935,0.329282,0.335783,0.334935,0.329282,0.335783,0,0,6.500848e-03
3538,0.335123,0.329189,0.335688,0.335123,0.329189,0.335688,0,0,6.499011e-03
3539,0.335311,0.329096,0.335593,0.335311,0.329096,0.335593,0,0,6.497175e-03
3540,0.335498,0.329003,0.335498,0.335498,0.329003,0.335498,0,0,6.495340e-03
3541,0.335686,0.328910,0.335404,0.335686,0.328910,0.335404,0,0,6.493506e-03
3542,0.335874,0.328817,0.335309,0.335874,0.328817,0.335309,0,0,6.491674e-03
3543,0.336061,0.328725,0.335214,0.336061,0.328725,0.335214,0,0,6.489842e-03
3544,0.336248,0.328632,0.335120,0.336248,0.328632,0.335120,0,0,6.488011e-03
3545,0.336435,0.328539,0.335025,0.336435,0.328539,0.335025,0,0,6.486182e-03
3546,0.336622,0.328447,0.334931,0.336622,0.328447,0.334931,0,0,6.484353e-03
3547,0.336809,0.328354,0.334837,0.336809,0.328354,0.334837,0,0,6.482525e-03
3548,0.336996,0.328261,0.334742,0.336996,0.328261,0.334742,0,0,6.480699e-03
3549,0.337183,0.328169,0.334648,0.337183,0.328169,0.334648,0,0,6.478873e-03
3550,0.337370,0.328077,0.334554,0.337370,0.328077,0.334554,0,0,6.477049e-03
3551,0.337556,0.327984,0.334459,0.337556,0.327984,0.334459,0,0,6.475225e-03
3552,0.337743,0.327892,0.334365,0.337743,0.327892,0.334365,0,0,6.473403e-03
3553,0.337929,0.327800,0.334271,0.337929,0.327800,0.334271,0,0,6.471581e-03
3554,0.338115,0.327707,0.334177,0.338115,0.327707,0.334177,0,0,6.469761e-03
3555,0.338301,0.327615,0.334083,0.338301,0.327615,0.334083,0,0,6.467942e-03
3556,0.338487,0.327523,0.333989,0.338487,0.327523,0.333989,0,0,6.466123e-03
3557,0.338673,0.327431,0.333895,0.338673,0.327431,0.333895,0,0,6.464306e-03
3558,0.338859,0.327339,0.333802,0.338859,0.327339,0.333802,0,0,6.462489e-03
3559,0.339045,0.327247,0.333708,0.339045,0.327247,0.333708,0,0,6.460674e-03
3560,0.339231,0.327155,0.333614,0.339231,0.327155,0.333614,0,0,6.458860e-03
3561,0.339416,0.327063,0.333520,0.339416,0.327063,0.333520,0,0,6.457047e-03
3562,0.339601,0.326972,0.333427,0.339601,0.326972,0.333427,0,0,6.455234e-03
3563,0.339787,0.326880,0.333333,0.339787,0.326880,0.333333,0,0,6.453423e-03
3564,0.339972,0.326788,0.333240,0.339972,0.326788,0.333240,0,0,6.732118e-03
3565,0.339877,0.326977,0.333146,0.339877,0.326977,0.333146,1,1,6.730230e-03
3566,0.339781,0.327166,0.333053,0.339781,0.327166,0.333053,1,1,6.728343e-03
3567,0.339686,0.327354,0.332960,0.339686,0.327354,0.332960,1,1,6.726457e-03
3568,0.339591,0.327543,0.332866,0.339591,0.327543,0.332866,1,1,6.724573e-03
3569,0.339496,0.327731,0.332773,0.339496,0.327731,0.332773,1,1,6.722689e-03
3570,0.339401,0.327919,0.332680,0.339401,0.327919,0.332680,1,1,6.720806e-03
3571,0.339306,0.328108,0.332587,0.339306,0.328108,0.332587,1,1,6.718925e-03
3572,0.339211,0.328296,0.332494,0.339211,0.328296,0.332494,1,1,6.717045e-03
3573,0.339116,0.328483,0.332401,0.339116,0.328483,0.332401,1,1,6.715165e-03
3574,0.339021,0.328671,0.332308,0.339021,0.328671,0.332308,1,1,6.713287e-03
3575,0.338926,0.328859,0.332215,0.338926,0.328859,0.332215,1,1,6.711409e-03
3576,0.338831,0.329047,0.332122,0.338831,0.329047,0.332122,1,1,6.709533e-03
3577,0.338737,0.329234,0.332029,0.338737,0.329234,0.332029,1,1,6.707658e-03
3578,0.338642,0.329422,0.331936,0.338642,0.329422,0.331936,1,1,6.705784e-03
3579,0.338547,0.329609,0.331844,0.338547,0.329609,0.331844,1,1,6.703911e-03
3580,0.338453,0.329796,0.331751,0.338453,0.329796,0.331751,1,1,6.702039e-03
3581,0.338358,0.329983,0.331658,0.338358,0.329983,0.331658,1,1,6.700168e-03
3582,0.338264,0.330170,0.331566,0.338264,0.330170,0.331566,1,1,6.698298e-03
3583,0.338170,0.330357,0.331473,0.338170,0.330357,0.331473,1,1,6.696429e-03
3584,0.338075,0.330544,0.331381,0.338075,0.330544,0.331381,1,1,6.694561e-03
3585,0.337981,0.330731,0.331288,0.337981,0.330731,0.331288,1,1,6.692694e-03
3586,0.337887,0.330917,0.331196,0.337887,0.330917,0.331196,1,1,6.690828e-03
3587,0.337793,0.331104,0.331104,0.337793,0.331104,0.331104,1,1,6.688963e-03
3588,0.337699,0.331290,0.331011,0.337699,0.331290,0.331011,1,1,6.687099e-03
3589,0.337604,0.331476,0.330919,0.337604,0.331476,0.330919,1,1,6.685237e-03
3590,0.337510,0.331662,0.330827,0.337510,0.331662,0.330827,1,1,6.683375e-03
3591,0.337416,0.331849,0.330735,0.337416,0.331849,0.330735,1,1,6.681514e-03
3592,0.337323,0.332035,0.330643,0.337323,0.332035,0.330643,1,1,6.679655e-03
3593,0.337229,0.332220,0.330551,0.337229,0.332220,0.330551,1,1,6.677796e-03
3594,0.337135,0.332406,0.330459,0.337135,0.332406,0.330459,1,1,6.675939e-03
3595,0.337041,0.332592,0.330367,0.337041,0.332592,0.330367,1,1,6.674082e-03
3596,0.336947,0.332777,0.330275,0.336947,0.332777,0.330275,1,1,6.672227e-03
3597,0.336854,0.332963,0.330183,0.336854,0.332963,0.330183,1,1,6.670372e-03
3598,0.336760,0.333148,0.330092,0.336760,0.333148,0.330092,1,1,6.668519e-03
3599,0.336667,0.333333,0.330000,0.336667,0.333333,0.330000,1,1,6.666667e-03
3600,0.336573,0.333518,0.329908,0.336573,0.333518,0.329908,1,1,6.664815e-03
3601,0.336480,0.333703,0.329817,0.336480,0.333703,0.329817,1,1,6.662965e-03
3602,0.336386,0.333888,0.329725,0.336386,0.333888,0.329725,1,1,6.661116e-03
3603,0.336293,0.334073,0.329634,0.336293,0.334073,0.329634,1,1,6.659267e-03
3604,0.336200,0.334258,0.329542,0.336200,0.334258,0.329542,1,1,6.657420e-03
3605,0.336106,0.334443,0.329451,0.336106,0.334443,0.329451,1,1,6.655574e-03
3606,0.336013,0.334627,0.329360,0.336013,0.334627,0.329360,1,1,6.653729e-03
3607,0.335920,0.334812,0.329268,0.335920,0.334812,0.329268,1,1,6.651885e-03
3608,0.335827,0.334996,0.329177,0.335827,0.334996,0.329177,1,1,6.650042e-03
3609,0.335734,0.335180,0.329086,0.335734,0.335180,0.329086,1,1,6.648199e-03
3610,0.335641,0.335364,0.328995,0.335641,0.335364,0.328995,1,1,6.646358e-03
3611,0.335548,0.335548,0.328904,0.335548,0.335548,0.328904,1,1,6.644518e-03
3612,0.335455,0.335732,0.328813,0.335455,0.335732,0.328813,1,1,6.642679e-03
3613,0.335362,0.335916,0.328722,0.335362,0.335916,0.328722,1,1,6.640841e-03
3614,0.335270,0.336100,0.328631,0.335270,0.336100,0.328631,1,1,6.639004e-03
3615,0.335177,0.336283,0.328540,0.335177,0.336283,0.328540,1,1,6.637168e-03
3616,0.335084,0.336467,0.328449,0.335084,0.336467,0.328449,1,1,6.635333e-03
3617,0.334992,0.336650,0.328358,0.334992,0.336650,0.328358,1,1,6.633499e-03
3618,0.334899,0.336833,0.328267,0.334899,0.336833,0.328267,1,1,6.631666e-03
3619,0.334807,0.337017,0.328177,0.334807,0.337017,0.328177,1,1,6.629834e-03
3620,0.334714,0.337200,0.328086,0.334714,0.337200,0.328086,1,1,6.628003e-03
3621,0.334622,0.337383,0.327996,0.334622,0.337383,0.327996,1,1,6.626173e-03
3622,0.334529,0.337566,0.327905,0.334529,0.337566,0.327905,1,1,6.624344e-03
3623,0.334437,0.337748,0.327815,0.334437,0.337748,0.327815,1,1,6.622517e-03
3624,0.334345,0.337931,0.327724,0.334345,0.337931,0.327724,1,1,6.620690e-03
3625,0.334253,0.338114,0.327634,0.334253,0.338114,0.327634,1,1,6.618864e-03
3626,0.334160,0.338296,0.327543,0.334160,0.338296,0.327543,1,1,6.617039e-03
3627,0.334068,0.338479,0.327453,0.334068,0.338479,0.327453,1,1,6.615215e-03
3628,0.333976,0.338661,0.327363,0.333976,0.338661,0.327363,1,1,6.613392e-03
3629,0.333884,0.338843,0.327273,0.333884,0.338843,0.327273,1,1,6.611570e-03
3630,0.333792,0.339025,0.327183,0.333792,0.339025,0.327183,1,1,6.609749e-03
3631,0.333700,0.339207,0.327093,0.333700,0.339207,0.327093,1,1,6.607930e-03
3632,0.333609,0.339389,0.327002,0.333609,0.339389,0.327002,1,1,6.606111e-03
3633,0.333517,0.339571,0.326912,0.333517,0.339571,0.326912,1,1,6.604293e-03
3634,0.333425,0.339752,0.326823,0.333425,0.339752,0.326823,1,1,6.602476e-03
3635,0.333333,0.339934,0.326733,0.333333,0.339934,0.326733,1,1,6.600660e-03
3636,0.333242,0.339841,0.326918,0.333242,0.339841,0.326918,2,2,6.598845e-03
3637,0.333150,0.339747,0.327103,0.333150,0.339747,0.327103,2,2,6.597031e-03
3638,0.333059,0.339654,0.327288,0.333059,0.339654,0.327288,2,2,6.595218e-03
3639,0.332967,0.339560,0.327473,0.332967,0.339560,0.327473,2,2,6.593407e-03
3640,0.332876,0.339467,0.327657,0.332876,0.339467,0.327657,2,2,6.591596e-03
3641,0.332784,0.339374,0.327842,0.332784,0.339374,0.327842,2,2,6.589786e-03
3642,0.332693,0.339281,0.328026,0.332693,0.339281,0.328026,2,2,6.587977e-03
3643,0.332602,0.339188,0.328211,0.332602,0.339188,0.328211,2,2,6.586169e-03
3644,0.332510,0.339095,0.328395,0.332510,0.339095,0.328395,2,2,6.584362e-03
3645,0.332419,0.339002,0.328579,0.332419,0.339002,0.328579,2,2,6.582556e-03
3646,0.332328,0.338909,0.328763,0.332328,0.338909,0.328763,2,2,6.580751e-03
3647,0.332237,0.338816,0.328947,0.332237,0.338816,0.328947,2,2,6.578947e-03
3648,0.332146,0.338723,0.329131,0.332146,0.338723,0.329131,2,2,6.577144e-03
3649,0.332055,0.338630,0.329315,0.332055,0.338630,0.329315,2,2,6.575342e-03
3650,0.331964,0.338537,0.329499,0.331964,0.338537,0.329499,2,2,6.573541e-03
3651,0.331873,0.338445,0.329682,0.331873,0.338445,0.329682,2,2,6.571742e-03
3652,0.331782,0.338352,0.329866,0.331782,0.338352,0.329866,2,2,6.569943e-03
3653,0.331691,0.338259,0.330049,0.331691,0.338259,0.330049,2,2,6.568144e-03
3654,0.331601,0.338167,0.330233,0.331601,0.338167,0.330233,2,2,6.566347e-03
3655,0.331510,0.338074,0.330416,0.331510,0.338074,0.330416,2,2,6.564551e-03
3656,0.331419,0.337982,0.330599,0.331419,0.337982,0.330599,2,2,6.562756e-03
3657,0.331329,0.337890,0.330782,0.331329,0.337890,0.330782,2,2,6.560962e-03
3658,0.331238,0.337797,0.330965,0.331238,0.337797,0.330965,2,2,6.559169e-03
3659,0.331148,0.337705,0.331148,0.331148,0.337705,0.331148,2,2,6.557377e-03
3660,0.331057,0.337613,0.331330,0.331057,0.337613,0.331330,2,2,6.555586e-03
3661,0.330967,0.337520,0.331513,0.330967,0.337520,0.331513,2,2,6.553796e-03
3662,0.330876,0.337428,0.331695,0.330876,0.337428,0.331695,2,2,6.552007e-03
3663,0.330786,0.337336,0.331878,0.330786,0.337336,0.331878,2,2,6.550218e-03
3664,0.330696,0.337244,0.332060,0.330696,0.337244,0.332060,2,2,6.548431e-03
3665,0.330606,0.337152,0.332242,0.330606,0.337152,0.332242,2,2,6.546645e-03
3666,0.330515,0.337060,0.332424,0.330515,0.337060,0.332424,2,2,6.544860e-03
3667,0.330425,0.336968,0.332606,0.330425,0.336968,0.332606,2,2,6.543075e-03
3668,0.330335,0.336877,0.332788,0.330335,0.336877,0.332788,2,2,6.541292e-03
3669,0.330245,0.336785,0.332970,0.330245,0.336785,0.332970,2,2,6.539510e-03
3670,0.330155,0.336693,0.333152,0.330155,0.336693,0.333152,2,2,6.537728e-03
3671,0.330065,0.336601,0.333333,0.330065,0.336601,0.333333,2,2,6.535948e-03
3672,0.329975,0.336510,0.333515,0.329975,0.336510,0.333515,2,2,6.534168e-03
3673,0.329886,0.336418,0.333696,0.329886,0.336418,0.333696,2,2,6.532390e-03
3674,0.329796,0.336327,0.333878,0.329796,0.336327,0.333878,2,2,6.530612e-03
3675,0.329706,0.336235,0.334059,0.329706,0.336235,0.334059,2,2,6.528836e-03
3676,0.329617,0.336144,0.334240,0.329617,0.336144,0.334240,2,2,6.527060e-03
3677,0.329527,0.336052,0.334421,0.329527,0.336052,0.334421,2,2,6.525285e-03
3678,0.329437,0.335961,0.334602,0.329437,0.335961,0.334602,2,2,6.523512e-03
3679,0.329348,0.335870,0.334783,0.329348,0.335870,0.334783,2,2,6.521739e-03
3680,0.329258,0.335778,0.334963,0.329258,0.335778,0.334963,2,2,6.519967e-03
3681,0.329169,0.335687,0.335144,0.329169,0.335687,0.335144,2,2,6.518197e-03
3682,0.329080,0.335596,0.335324,0.329080,0.335596,0.335324,2,2,6.516427e-03
3683,0.328990,0.335505,0.335505,0.328990,0.335505,0.335505,2,2,6.514658e-03
3684,0.328901,0.335414,0.335685,0.328901,0.335414,0.335685,2,2,6.512890e-03
3685,0.328812,0.335323,0.335865,0.328812,0.335323,0.335865,2,2,6.511123e-03
3686,0.328723,0.335232,0.336046,0.328723,0.335232,0.336046,2,2,6.509357e-03
3687,0.328633,0.335141,0.336226,0.328633,0.335141,0.336226,2,2,6.507592e-03
3688,0.328544,0.335050,0.336406,0.328544,0.335050,0.336406,2,2,6.505828e-03
3689,0.328455,0.334959,0.336585,0.328455,0.334959,0.336585,2,2,6.504065e-03
3690,0.328366,0.334869,0.336765,0.328366,0.334869,0.336765,2,2,6.502303e-03
3691,0.328277,0.334778,0.336945,0.328277,0.334778,0.336945,2,2,6.500542e-03
3692,0.328188,0.334687,0.337124,0.328188,0.334687,0.337124,2,2,6.498781e-03
3693,0.328100,0.334597,0.337304,0.328100,0.334597,0.337304,2,2,6.497022e-03
3694,0.328011,0.334506,0.337483,0.328011,0.334506,0.337483,2,2,6.495264e-03
3695,0.327922,0.334416,0.337662,0.327922,0.334416,0.337662,2,2,6.493506e-03
3696,0.327833,0.334325,0.337841,0.327833,0.334325,0.337841,2,2,6.491750e-03
3697,0.327745,0.334235,0.338021,0.327745,0.334235,0.338021,2,2,6.489995e-03
3698,0.327656,0.334144,0.338200,0.327656,0.334144,0.338200,2,2,6.488240e-03
3699,0.327568,0.334054,0.338378,0.327568,0.334054,0.338378,2,2,6.486486e-03
3700,0.327479,0.333964,0.338557,0.327479,0.333964,0.338557,2,2,6.484734e-03
3701,0.327391,0.333874,0.338736,0.327391,0.333874,0.338736,2,2,6.482982e-03
3702,0.327302,0.333783,0.338914,0.327302,0.333783,0.338914,2,2,6.481231e-03
3703,0.327214,0.333693,0.339093,0.327214,0.333693,0.339093,2,2,6.479482e-03
3704,0.327126,0.333603,0.339271,0.327126,0.333603,0.339271,2,2,6.477733e-03
3705,0.327037,0.333513,0.339450,0.327037,0.333513,0.339450,2,2,6.475985e-03
3706,0.326949,0.333423,0.339628,0.326949,0.333423,0.339628,2,2,6.474238e-03
3707,0.326861,0.333333,0.339806,0.326861,0.333333,0.339806,2,2,6.472492e-03
3708,0.327042,0.333243,0.339714,0.327042,0.333243,0.339714,0,0,6.470747e-03
3709,0.327224,0.333154,0.339623,0.327224,0.333154,0.339623,0,0,6.469003e-03
3710,0.327405,0.333064,0.339531,0.327405,0.333064,0.339531,0,0,6.467259e-03
3711,0.327586,0.332974,0.339440,0.327586,0.332974,0.339440,0,0,6.465517e-03
3712,0.327767,0.332884,0.339348,0.327767,0.332884,0.339348,0,0,6.463776e-03
3713,0.327948,0.332795,0.339257,0.327948,0.332795,0.339257,0,0,6.462036e-03
3714,0.328129,0.332705,0.339166,0.328129,0.332705,0.339166,0,0,6.460296e-03
3715,0.328310,0.332616,0.339074,0.328310,0.332616,0.339074,0,0,6.458558e-03
3716,0.328491,0.332526,0.338983,0.328491,0.332526,0.338983,0,0,6.456820e-03
3717,0.328671,0.332437,0.338892,0.328671,0.332437,0.338892,0,0,6.455083e-03
3718,0.328852,0.332347,0.338801,0.328852,0.332347,0.338801,0,0,6.453348e-03
3719,0.329032,0.332258,0.338710,0.329032,0.332258,0.338710,0,0,6.451613e-03
3720,0.329213,0.332169,0.338619,0.329213,0.332169,0.338619,0,0,6.449879e-03
3721,0.329393,0.332080,0.338528,0.329393,0.332080,0.338528,0,0,6.448146e-03
3722,0.329573,0.331990,0.338437,0.329573,0.331990,0.338437,0,0,6.446414e-03
3723,0.329753,0.331901,0.338346,0.329753,0.331901,0.338346,0,0,6.444683e-03
3724,0.329933,0.331812,0.338255,0.329933,0.331812,0.338255,0,0,6.442953e-03
3725,0.330113,0.331723,0.338164,0.330113,0.331723,0.338164,0,0,6.441224e-03
3726,0.330292,0.331634,0.338074,0.330292,0.331634,0.338074,0,0,6.439496e-03
3727,0.330472,0.331545,0.337983,0.330472,0.331545,0.337983,0,0,6.437768e-03
3728,0.330652,0.331456,0.337892,0.330652,0.331456,0.337892,0,0,6.436042e-03
3729,0.330831,0.331367,0.337802,0.330831,0.331367,0.337802,0,0,6.434316e-03
3730,0.331010,0.331278,0.337711,0.331010,0.331278,0.337711,0,0,6.432592e-03
3731,0.331190,0.331190,0.337621,0.331190,0.331190,0.337621,0,0,6.430868e-03
3732,0.331369,0.331101,0.337530,0.331369,0.331101,0.337530,0,0,6.429145e-03
3733,0.331548,0.331012,0.337440,0.331548,0.331012,0.337440,0,0,6.427424e-03
3734,0.331727,0.330924,0.337349,0.331727,0.330924,0.337349,0,0,6.425703e-03
3735,0.331906,0.330835,0.337259,0.331906,0.330835,0.337259,0,0,6.423983e-03
3736,0.332085,0.330747,0.337169,0.332085,0.330747,0.337169,0,0,6.422264e-03
3737,0.332263,0.330658,0.337079,0.332263,0.330658,0.337079,0,0,6.420546e-03
3738,0.332442,0.330570,0.336988,0.332442,0.330570,0.336988,0,0,6.418829e-03
3739,0.332620,0.330481,0.336898,0.332620,0.330481,0.336898,0,0,6.417112e-03
3740,0.332799,0.330393,0.336808,0.332799,0.330393,0.336808,0,0,6.415397e-03
3741,0.332977,0.330305,0.336718,0.332977,0.330305,0.336718,0,0,6.413683e-03
3742,0.333155,0.330216,0.336628,0.333155,0.330216,0.336628,0,0,6.411969e-03
3743,0.333333,0.330128,0.336538,0.333333,0.330128,0.336538,0,0,6.410256e-03
3744,0.333511,0.330040,0.336449,0.333511,0.330040,0.336449,0,0,6.408545e-03
3745,0.333689,0.329952,0.336359,0.333689,0.329952,0.336359,0,0,6.406834e-03
3746,0.333867,0.329864,0.336269,0.333867,0.329864,0.336269,0,0,6.405124e-03
3747,0.334045,0.329776,0.336179,0.334045,0.329776,0.336179,0,0,6.403415e-03
3748,0.334222,0.329688,0.336090,0.334222,0.329688,0.336090,0,0,6.401707e-03
3749,0.334400,0.329600,0.336000,0.334400,0.329600,0.336000,0,0,6.400000e-03
3750,0.334577,0.329512,0.335910,0.334577,0.329512,0.335910,0,0,6.398294e-03
3751,0.334755,0.329424,0.335821,0.334755,0.329424,0.335821,0,0,6.396588e-03
3752,0.334932,0.329337,0.335731,0.334932,0.329337,0.335731,0,0,6.394884e-03
3753,0.335109,0.329249,0.335642,0.335109,0.329249,0.335642,0,0,6.393181e-03
3754,0.335286,0.329161,0.335553,0.335286,0.329161,0.335553,0,0,6.391478e-03
3755,0.335463,0.329073,0.335463,0.335463,0.329073,0.335463,0,0,6.389776e-03
3756,0.335640,0.328986,0.335374,0.335640,0.328986,0.335374,0,0,6.388076e-03
3757,0.335817,0.328898,0.335285,0.335817,0.328898,0.335285,0,0,6.386376e-03
3758,0.335994,0.328811,0.335196,0.335994,0.328811,0.335196,0,0,6.384677e-03
3759,0.336170,0.328723,0.335106,0.336170,0.328723,0.335106,0,0,6.382979e-03
3760,0.336347,0.328636,0.335017,0.336347,0.328636,0.335017,0,0,6.381282e-03
3761,0.336523,0.328549,0.334928,0.336523,0.328549,0.334928,0,0,6.379585e-03
3762,0.336699,0.328461,0.334839,0.336699,0.328461,0.334839,0,0,6.377890e-03
3763,0.336876,0.328374,0.334750,0.336876,0.328374,0.334750,0,0,6.376196e-03
3764,0.337052,0.328287,0.334661,0.337052,0.328287,0.334661,0,0,6.374502e-03
3765,0.337228,0.328200,0.334572,0.337228,0.328200,0.334572,0,0,6.372809e-03
3766,0.337404,0.328113,0.334484,0.337404,0.328113,0.334484,0,0,6.371118e-03
3767,0.337580,0.328025,0.334395,0.337580,0.328025,0.334395,0,0,6.369427e-03
3768,0.337755,0.327938,0.334306,0.337755,0.327938,0.334306,0,0,6.367737e-03
3769,0.337931,0.327851,0.334218,0.337931,0.327851,0.334218,0,0,6.366048e-03
3770,0.338107,0.327765,0.334129,0.338107,0.327765,0.334129,0,0,6.364360e-03
3771,0.338282,0.327678,0.334040,0.338282,0.327678,0.334040,0,0,6.362672e-03
3772,0.338457,0.327591,0.333952,0.338457,0.327591,0.333952,0,0,6.360986e-03
3773,0.338633,0.327504,0.333863,0.338633,0.327504,0.333863,0,0,6.359300e-03
3774,0.338808,0.327417,0.333775,0.338808,0.327417,0.333775,0,0,6.357616e-03
3775,0.338983,0.327331,0.333686,0.338983,0.327331,0.333686,0,0,6.355932e-03
3776,0.339158,0.327244,0.333598,0.339158,0.327244,0.333598,0,0,6.354249e-03
3777,0.339333,0.327157,0.333510,0.339333,0.327157,0.333510,0,0,6.352567e-03
3778,0.339508,0.327071,0.333422,0.339508,0.327071,0.333422,0,0,6.350886e-03
3779,0.339683,0.326984,0.333333,0.339683,0.326984,0.333333,0,0,6.349206e-03
3780,0.339593,0.327162,0.333245,0.339593,0.327162,0.333245,1,1,6.347527e-03
3781,0.339503,0.327340,0.333157,0.339503,0.327340,0.333157,1,1,6.345849e-03
3782,0.339413,0.327518,0.333069,0.339413,0.327518,0.333069,1,1,6.344171e-03
3783,0.339323,0.327696,0.332981,0.339323,0.327696,0.332981,1,1,6.342495e-03
3784,0.339234,0.327873,0.332893,0.339234,0.327873,0.332893,1,1,6.340819e-03
3785,0.339144,0.328051,0.332805,0.339144,0.328051,0.332805,1,1,6.339144e-03
3786,0.339055,0.328228,0.332717,0.339055,0.328228,0.332717,1,1,6.337470e-03
3787,0.338965,0.328405,0.332629,0.338965,0.328405,0.332629,1,1,6.335797e-03
3788,0.338876,0.328583,0.332542,0.338876,0.328583,0.332542,1,1,6.334125e-03
3789,0.338786,0.328760,0.332454,0.338786,0.328760,0.332454,1,1,6.332454e-03
3790,0.338697,0.328937,0.332366,0.338697,0.328937,0.332366,1,1,6.330783e-03
3791,0.338608,0.329114,0.332278,0.338608,0.329114,0.332278,1,1,6.329114e-03
3792,0.338518,0.329291,0.332191,0.338518,0.329291,0.332191,1,1,6.327445e-03
3793,0.338429,0.329468,0.332103,0.338429,0.329468,0.332103,1,1,6.325778e-03
3794,0.338340,0.329644,0.332016,0.338340,0.329644,0.332016,1,1,6.324111e-03
3795,0.338251,0.329821,0.331928,0.338251,0.329821,0.331928,1,1,6.322445e-03
3796,0.338162,0.329997,0.331841,0.338162,0.329997,0.331841,1,1,6.320780e-03
3797,0.338073,0.330174,0.331754,0.338073,0.330174,0.331754,1,1,6.319115e-03
3798,0.337984,0.330350,0.331666,0.337984,0.330350,0.331666,1,1,6.317452e-03
3799,0.337895,0.330526,0.331579,0.337895,0.330526,0.331579,1,1,6.315789e-03
3800,0.337806,0.330702,0.331492,0.337806,0.330702,0.331492,1,1,6.314128e-03
3801,0.337717,0.330878,0.331405,0.337717,0.330878,0.331405,1,1,6.312467e-03
3802,0.337628,0.331054,0.331317,0.337628,0.331054,0.331317,1,1,6.310807e-03
3803,0.337539,0.331230,0.331230,0.337539,0.331230,0.331230,1,1,6.309148e-03
3804,0.337451,0.331406,0.331143,0.337451,0.331406,0.331143,1,1,6.307490e-03
3805,0.337362,0.331582,0.331056,0.337362,0.331582,0.331056,1,1,6.305833e-03
3806,0.337273,0.331757,0.330969,0.337273,0.331757,0.330969,1,1,6.304177e-03
3807,0.337185,0.331933,0.330882,0.337185,0.331933,0.330882,1,1,6.302521e-03
3808,0.337096,0.332108,0.330795,0.337096,0.332108,0.330795,1,1,6.300866e-03
3809,0.337008,0.332283,0.330709,0.337008,0.332283,0.330709,1,1,6.299213e-03
3810,0.336919,0.332459,0.330622,0.336919,0.332459,0.330622,1,1,6.297560e-03
3811,0.336831,0.332634,0.330535,0.336831,0.332634,0.330535,1,1,6.295908e-03
3812,0.336743,0.332809,0.330448,0.336743,0.332809,0.330448,1,1,6.294256e-03
3813,0.336654,0.332984,0.330362,0.336654,0.332984,0.330362,1,1,6.292606e-03
3814,0.336566,0.333159,0.330275,0.336566,0.333159,0.330275,1,1,6.290957e-03
3815,0.336478,0.333333,0.330189,0.336478,0.333333,0.330189,1,1,6.289308e-03
3816,0.336390,0.333508,0.330102,0.336390,0.333508,0.330102,1,1,6.287660e-03
3817,0.336302,0.333683,0.330016,0.336302,0.333683,0.330016,1,1,6.286014e-03
3818,0.336214,0.333857,0.329929,0.336214,0.333857,0.329929,1,1,6.284368e-03
3819,0.336126,0.334031,0.329843,0.336126,0.334031,0.329843,1,1,6.282723e-03
3820,0.336038,0.334206,0.329757,0.336038,0.334206,0.329757,1,1,6.281078e-03
3821,0.335950,0.334380,0.329670,0.335950,0.334380,0.329670,1,1,6.279435e-03
3822,0.335862,0.334554,0.329584,0.335862,0.334554,0.329584,1,1,6.277792e-03
3823,0.335774,0.334728,0.329498,0.335774,0.334728,0.329498,1,1,6.276151e-03
3824,0.335686,0.334902,0.329412,0.335686,0.334902,0.329412,1,1,6.274510e-03
3825,0.335599,0.335076,0.329326,0.335599,0.335076,0.329326,1,1,6.272870e-03
3826,0.335511,0.335250,0.329240,0.335511,0.335250,0.329240,1,1,6.271231e-03
3827,0.335423,0.335423,0.329154,0.335423,0.335423,0.329154,1,1,6.269592e-03
3828,0.335336,0.335597,0.329068,0.335336,0.335597,0.329068,1,1,6.267955e-03
3829,0.335248,0.335770,0.328982,0.335248,0.335770,0.328982,1,1,6.266319e-03
3830,0.335161,0.335944,0.328896,0.335161,0.335944,0.328896,1,1,6.264683e-03
3831,0.335073,0.336117,0.328810,0.335073,0.336117,0.328810,1,1,6.263048e-03
3832,0.334986,0.336290,0.328724,0.334986,0.336290,0.328724,1,1,6.261414e-03
3833,0.334898,0.336463,0.328638,0.334898,0.336463,0.328638,1,1,6.259781e-03
3834,0.334811,0.336636,0.328553,0.334811,0.336636,0.328553,1,1,6.258149e-03
3835,0.334724,0.336809,0.328467,0.334724,0.336809,0.328467,1,1,6.256517e-03
3836,0.334636,0.336982,0.328382,0.334636,0.336982,0.328382,1,1,6.254887e-03
3837,0.334549,0.337155,0.328296,0.334549,0.337155,0.328296,1,1,6.253257e-03
3838,0.334462,0.337327,0.328210,0.334462,0.337327,0.328210,1,1,6.251628e-03
3839,0.334375,0.337500,0.328125,0.334375,0.337500,0.328125,1,1,6.250000e-03
3840,0.334288,0.337672,0.328040,0.334288,0.337672,0.328040,1,1,6.248373e-03
3841,0.334201,0.337845,0.327954,0.334201,0.337845,0.327954,1,1,6.246746e-03
3842,0.334114,0.338017,0.327869,0.334114,0.338017,0.327869,1,1,6.245121e-03
3843,0.334027,0.338189,0.327784,0.334027,0.338189,0.327784,1,1,6.243496e-03
3844,0.333940,0.338362,0.327698,0.333940,0.338362,0.327698,1,1,6.241873e-03
3845,0.333853,0.338534,0.327613,0.333853,0.338534,0.327613,1,1,6.240250e-03
3846,0.333767,0.338705,0.327528,0.333767,0.338705,0.327528,1,1,6.238628e-03
3847,0.333680,0.338877,0.327443,0.333680,0.338877,0.327443,1,1,6.237006e-03
3848,0.333593,0.339049,0.327358,0.333593,0.339049,0.327358,1,1,6.235386e-03
3849,0.333506,0.339221,0.327273,0.333506,0.339221,0.327273,1,1,6.233766e-03
3850,0.333420,0.339392,0.327188,0.333420,0.339392,0.327188,1,1,6.232147e-03
3851,0.333333,0.339564,0.327103,0.333333,0.339564,0.327103,1,1,6.230530e-03
3852,0.333247,0.339735,0.327018,0.333247,0.339735,0.327018,1,1,6.488451e-03
3853,0.333160,0.339647,0.327193,0.333160,0.339647,0.327193,2,2,6.486767e-03
3854,0.333074,0.339559,0.327367,0.333074,0.339559,0.327367,2,2,6.485084e-03
3855,0.332988,0.339471,0.327541,0.332988,0.339471,0.327541,2,2,6.483402e-03
3856,0.332901,0.339383,0.327716,0.332901,0.339383,0.327716,2,2,6.481722e-03
3857,0.332815,0.339295,0.327890,0.332815,0.339295,0.327890,2,2,6.480041e-03
3858,0.332729,0.339207,0.328064,0.332729,0.339207,0.328064,2,2,6.478362e-03
3859,0.332642,0.339119,0.328238,0.332642,0.339119,0.328238,2,2,6.476684e-03
3860,0.332556,0.339031,0.328412,0.332556,0.339031,0.328412,2,2,6.475006e-03
3861,0.332470,0.338944,0.328586,0.332470,0.338944,0.328586,2,2,6.473330e-03
3862,0.332384,0.338856,0.328760,0.332384,0.338856,0.328760,2,2,6.471654e-03
3863,0.332298,0.338768,0.328934,0.332298,0.338768,0.328934,2,2,6.469979e-03
3864,0.332212,0.338680,0.329107,0.332212,0.338680,0.329107,2,2,6.468305e-03
3865,0.332126,0.338593,0.329281,0.332126,0.338593,0.329281,2,2,6.466632e-03
3866,0.332040,0.338505,0.329454,0.332040,0.338505,0.329454,2,2,6.464960e-03
3867,0.331954,0.338418,0.329628,0.331954,0.338418,0.329628,2,2,6.463289e-03
3868,0.331869,0.338330,0.329801,0.331869,0.338330,0.329801,2,2,6.461618e-03
3869,0.331783,0.338243,0.329974,0.331783,0.338243,0.329974,2,2,6.459948e-03
3870,0.331697,0.338156,0.330147,0.331697,0.338156,0.330147,2,2,6.458280e-03
3871,0.331612,0.338068,0.330320,0.331612,0.338068,0.330320,2,2,6.456612e-03
3872,0.331526,0.337981,0.330493,0.331526,0.337981,0.330493,2,2,6.454944e-03
3873,0.331440,0.337894,0.330666,0.331440,0.337894,0.330666,2,2,6.453278e-03
3874,0.331355,0.337806,0.330839,0.331355,0.337806,0.330839,2,2,6.451613e-03
3875,0.331269,0.337719,0.331011,0.331269,0.337719,0.331011,2,2,6.449948e-03
3876,0.331184,0.337632,0.331184,0.331184,0.337632,0.331184,2,2,6.448285e-03
3877,0.331099,0.337545,0.331356,0.331099,0.337545,0.331356,2,2,6.446622e-03
3878,0.331013,0.337458,0.331529,0.331013,0.337458,0.331529,2,2,6.444960e-03
3879,0.330928,0.337371,0.331701,0.330928,0.337371,0.331701,2,2,6.443299e-03
3880,0.330843,0.337284,0.331873,0.330843,0.337284,0.331873,2,2,6.441639e-03
3881,0.330757,0.337197,0.332045,0.330757,0.337197,0.332045,2,2,6.439979e-03
3882,0.330672,0.337110,0.332217,0.330672,0.337110,0.332217,2,2,6.438321e-03
3883,0.330587,0.337024,0.332389,0.330587,0.337024,0.332389,2,2,6.436663e-03
3884,0.330502,0.336937,0.332561,0.330502,0.336937,0.332561,2,2,6.435006e-03
3885,0.330417,0.336850,0.332733,0.330417,0.336850,0.332733,2,2,6.433350e-03
3886,0.330332,0.336764,0.332905,0.330332,0.336764,0.332905,2,2,6.431695e-03
3887,0.330247,0.336677,0.333076,0.330247,0.336677,0.333076,2,2,6.430041e-03
3888,0.330162,0.336590,0.333248,0.330162,0.336590,0.333248,2,2,6.428388e-03
3889,0.330077,0.336504,0.333419,0.330077,0.336504,0.333419,2,2,6.426735e-03
3890,0.329992,0.336417,0.333590,0.329992,0.336417,0.333590,2,2,6.425084e-03
3891,0.329908,0.336331,0.333762,0.329908,0.336331,0.333762,2,2,6.423433e-03
3892,0.329823,0.336245,0.333933,0.329823,0.336245,0.333933,2,2,6.421783e-03
3893,0.329738,0.336158,0.334104,0.329738,0.336158,0.334104,2,2,6.420134e-03
3894,0.329653,0.336072,0.334275,0.329653,0.336072,0.334275,2,2,6.418485e-03
3895,0.329569,0.335986,0.334446,0.329569,0.335986,0.334446,2,2,6.416838e-03
3896,0.329484,0.335899,0.334616,0.329484,0.335899,0.334616,2,2,6.415191e-03
3897,0.329400,0.335813,0.334787,0.329400,0.335813,0.334787,2,2,6.413545e-03
3898,0.329315,0.335727,0.334958,0.329315,0.335727,0.334958,2,2,6.411900e-03
3899,0.329231,0.335641,0.335128,0.329231,0.335641,0.335128,2,2,6.410256e-03
3900,0.329146,0.335555,0.335299,0.329146,0.335555,0.335299,2,2,6.408613e-03
3901,0.329062,0.335469,0.335469,0.329062,0.335469,0.335469,2,2,6.406971e-03
3902,0.328978,0.335383,0.335639,0.328978,0.335383,0.335639,2,2,6.405329e-03
3903,0.328893,0.335297,0.335809,0.328893,0.335297,0.335809,2,2,6.403689e-03
3904,0.328809,0.335211,0.335980,0.328809,0.335211,0.335980,2,2,6.402049e-03
3905,0.328725,0.335125,0.336150,0.328725,0.335125,0.336150,2,2,6.400410e-03
3906,0.328641,0.335040,0.336319,0.328641,0.335040,0.336319,2,2,6.398771e-03
3907,0.328557,0.334954,0.336489,0.328557,0.334954,0.336489,2,2,6.397134e-03
3908,0.328473,0.334868,0.336659,0.328473,0.334868,0.336659,2,2,6.395498e-03
3909,0.328389,0.334783,0.336829,0.328389,0.334783,0.336829,2,2,6.393862e-03
3910,0.328305,0.334697,0.336998,0.328305,0.334697,0.336998,2,2,6.392227e-03
3911,0.328221,0.334611,0.337168,0.328221,0.334611,0.337168,2,2,6.390593e-03
3912,0.328137,0.334526,0.337337,0.328137,0.334526,0.337337,2,2,6.388960e-03
3913,0.328053,0.334440,0.337506,0.328053,0.334440,0.337506,2,2,6.387328e-03
3914,0.327969,0.334355,0.337676,0.327969,0.334355,0.337676,2,2,6.385696e-03
3915,0.327886,0.334270,0.337845,0.327886,0.334270,0.337845,2,2,6.384065e-03
3916,0.327802,0.334184,0.338014,0.327802,0.334184,0.338014,2,2,6.382436e-03
3917,0.327718,0.334099,0.338183,0.327718,0.334099,0.338183,2,2,6.380807e-03
3918,0.327635,0.334014,0.338352,0.327635,0.334014,0.338352,2,2,6.379178e-03
3919,0.327551,0.333929,0.338520,0.327551,0.333929,0.338520,2,2,6.377551e-03
3920,0.327467,0.333843,0.338689,0.327467,0.333843,0.338689,2,2,6.375925e-03
3921,0.327384,0.333758,0.338858,0.327384,0.333758,0.338858,2,2,6.374299e-03
3922,0.327301,0.333673,0.339026,0.327301,0.333673,0.339026,2,2,6.372674e-03
3923,0.327217,0.333588,0.339195,0.327217,0.333588,0.339195,2,2,6.371050e-03
3924,0.327134,0.333503,0.339363,0.327134,0.333503,0.339363,2,2,6.369427e-03
3925,0.327050,0.333418,0.339531,0.327050,0.333418,0.339531,2,2,6.367804e-03
3926,0.326967,0.333333,0.339700,0.326967,0.333333,0.339700,2,2,6.366183e-03
3927,0.327138,0.333248,0.339613,0.327138,0.333248,0.339613,0,0,6.364562e-03
3928,0.327310,0.333164,0.339527,0.327310,0.333164,0.339527,0,0,6.362942e-03
3929,0.327481,0.333079,0.339440,0.327481,0.333079,0.339440,0,0,6.361323e-03
3930,0.327652,0.332994,0.339354,0.327652,0.332994,0.339354,0,0,6.359705e-03
3931,0.327823,0.332909,0.339268,0.327823,0.332909,0.339268,0,0,6.358087e-03
3932,0.327994,0.332825,0.339181,0.327994,0.332825,0.339181,0,0,6.356471e-03
3933,0.328165,0.332740,0.339095,0.328165,0.332740,0.339095,0,0,6.354855e-03
3934,0.328335,0.332656,0.339009,0.328335,0.332656,0.339009,0,0,6.353240e-03
3935,0.328506,0.332571,0.338923,0.328506,0.332571,0.338923,0,0,6.351626e-03
3936,0.328677,0.332487,0.338837,0.328677,0.332487,0.338837,0,0,6.350013e-03
3937,0.328847,0.332402,0.338751,0.328847,0.332402,0.338751,0,0,6.348400e-03
3938,0.329018,0.332318,0.338665,0.329018,0.332318,0.338665,0,0,6.346789e-03
3939,0.329188,0.332234,0.338579,0.329188,0.332234,0.338579,0,0,6.345178e-03
3940,0.329358,0.332149,0.338493,0.329358,0.332149,0.338493,0,0,6.343568e-03
3941,0.329528,0.332065,0.338407,0.329528,0.332065,0.338407,0,0,6.341958e-03
3942,0.329698,0.331981,0.338321,0.329698,0.331981,0.338321,0,0,6.340350e-03
3943,0.329868,0.331897,0.338235,0.329868,0.331897,0.338235,0,0,6.338742e-03
3944,0.330038,0.331812,0.338150,0.330038,0.331812,0.338150,0,0,6.337136e-03
3945,0.330208,0.331728,0.338064,0.330208,0.331728,0.338064,0,0,6.335530e-03
3946,0.330378,0.331644,0.337978,0.330378,0.331644,0.337978,0,0,6.333924e-03
3947,0.330547,0.331560,0.337893,0.330547,0.331560,0.337893,0,0,6.332320e-03
3948,0.330717,0.331476,0.337807,0.330717,0.331476,0.337807,0,0,6.330717e-03
3949,0.330886,0.331392,0.337722,0.330886,0.331392,0.337722,0,0,6.329114e-03
3950,0.331055,0.331309,0.337636,0.331055,0.331309,0.337636,0,0,6.327512e-03
3951,0.331225,0.331225,0.337551,0.331225,0.331225,0.337551,0,0,6.325911e-03
3952,0.331394,0.331141,0.337465,0.331394,0.331141,0.337465,0,0,6.324311e-03
3953,0.331563,0.331057,0.337380,0.331563,0.331057,0.337380,0,0,6.322711e-03
3954,0.331732,0.330973,0.337295,0.331732,0.330973,0.337295,0,0,6.321113e-03
3955,0.331901,0.330890,0.337209,0.331901,0.330890,0.337209,0,0,6.319515e-03
3956,0.332070,0.330806,0.337124,0.332070,0.330806,0.337124,0,0,6.317918e-03
3957,0.332239,0.330723,0.337039,0.332239,0.330723,0.337039,0,0,6.316321e-03
3958,0.332407,0.330639,0.336954,0.332407,0.330639,0.336954,0,0,6.314726e-03
3959,0.332576,0.330556,0.336869,0.332576,0.330556,0.336869,0,0,6.313131e-03
3960,0.332744,0.330472,0.336784,0.332744,0.330472,0.336784,0,0,6.311537e-03
3961,0.332913,0.330389,0.336699,0.332913,0.330389,0.336699,0,0,6.309944e-03
3962,0.333081,0.330305,0.336614,0.333081,0.330305,0.336614,0,0,6.308352e-03
3963,0.333249,0.330222,0.336529,0.333249,0.330222,0.336529,0,0,6.306761e-03
3964,0.333417,0.330139,0.336444,0.333417,0.330139,0.336444,0,0,6.305170e-03
3965,0.333585,0.330055,0.336359,0.333585,0.330055,0.336359,0,0,6.303580e-03
3966,0.333753,0.329972,0.336274,0.333753,0.329972,0.336274,0,0,6.301991e-03
3967,0.333921,0.329889,0.336190,0.333921,0.329889,0.336190,0,0,6.300403e-03
3968,0.334089,0.329806,0.336105,0.334089,0.329806,0.336105,0,0,6.298816e-03
3969,0.334257,0.329723,0.336020,0.334257,0.329723,0.336020,0,0,6.297229e-03
3970,0.334425,0.329640,0.335936,0.334425,0.329640,0.335936,0,0,6.295643e-03
3971,0.334592,0.329557,0.335851,0.334592,0.329557,0.335851,0,0,6.294058e-03
3972,0.334760,0.329474,0.335766,0.334760,0.329474,0.335766,0,0,6.292474e-03
3973,0.334927,0.329391,0.335682,0.334927,0.329391,0.335682,0,0,6.290891e-03
3974,0.335094,0.329308,0.335597,0.335094,0.329308,0.335597,0,0,6.289308e-03
3975,0.335262,0.329225,0.335513,0.335262,0.329225,0.335513,0,0,6.287726e-03
3976,0.335429,0.329143,0.335429,0.335429,0.329143,0.335429,0,0,6.286145e-03
3977,0.335596,0.329060,0.335344,0.335596,0.329060,0.335344,0,0,6.284565e-03
3978,0.335763,0.328977,0.335260,0.335763,0.328977,0.335260,0,0,6.282986e-03
3979,0.335930,0.328894,0.335176,0.335930,0.328894,0.335176,0,0,6.281407e-03
3980,0.336096,0.328812,0.335092,0.336096,0.328812,0.335092,0,0,6.279829e-03
3981,0.336263,0.328729,0.335008,0.336263,0.328729,0.335008,0,0,6.278252e-03
3982,0.336430,0.328647,0.334923,0.336430,0.328647,0.334923,0,0,6.276676e-03
3983,0.336596,0.328564,0.334839,0.336596,0.328564,0.334839,0,0,6.275100e-03
3984,0.336763,0.328482,0.334755,0.336763,0.328482,0.334755,0,0,6.273526e-03
3985,0.336929,0.328399,0.334671,0.336929,0.328399,0.334671,0,0,6.271952e-03
3986,0.337096,0.328317,0.334587,0.337096,0.328317,0.334587,0,0,6.270379e-03
3987,0.337262,0.328235,0.334504,0.337262,0.328235,0.334504,0,0,6.268806e-03
3988,0.337428,0.328152,0.334420,0.337428,0.328152,0.334420,0,0,6.267235e-03
3989,0.337594,0.328070,0.334336,0.337594,0.328070,0.334336,0,0,6.265664e-03
3990,0.337760,0.327988,0.334252,0.337760,0.327988,0.334252,0,0,6.264094e-03
3991,0.337926,0.327906,0.334168,0.337926,0.327906,0.334168,0,0,6.262525e-03
3992,0.338092,0.327824,0.334085,0.338092,0.327824,0.334085,0,0,6.260957e-03
3993,0.338257,0.327742,0.334001,0.338257,0.327742,0.334001,0,0,6.259389e-03
3994,0.338423,0.327660,0.333917,0.338423,0.327660,0.333917,0,0,6.257822e-03
3995,0.338589,0.327578,0.333834,0.338589,0.327578,0.333834,0,0,6.256256e-03
3996,0.338754,0.327496,0.333750,0.338754,0.327496,0.333750,0,0,6.254691e-03
3997,0.338919,0.327414,0.333667,0.338919,0.327414,0.333667,0,0,6.253127e-03
3998,0.339085,0.327332,0.333583,0.339085,0.327332,0.333583,0,0,6.251563e-03
3999,0.339250,0.327250,0.333500,0.339250,0.327250,0.333500,0,0,6.250000e-03
4000,0.339415,0.327168,0.333417,0.339415,0.327168,0.333417,0,0,6.248438e-03
4001,0.339580,0.327086,0.333333,0.339580,0.327086,0.333333,0,0,6.246877e-03
4002,0.339495,0.327255,0.333250,0.339495,0.327255,0.333250,1,1,6.245316e-03
4003,0.339411,0.327423,0.333167,0.339411,0.327423,0.333167,1,1,6.243756e-03
4004,0.339326,0.327591,0.333084,0.339326,0.327591,0.333084,1,1,6.242197e-03
4005,0.339241,0.327758,0.333000,0.339241,0.327758,0.333000,1,1,6.240639e-03
4006,0.339156,0.327926,0.332917,0.339156,0.327926,0.332917,1,1,6.239082e-03
4007,0.339072,0.328094,0.332834,0.339072,0.328094,0.332834,1,1,6.237525e-03
4008,0.338987,0.328261,0.332751,0.338987,0.328261,0.332751,1,1,6.235969e-03
4009,0.338903,0.328429,0.332668,0.338903,0.328429,0.332668,1,1,6.234414e-03
4010,0.338818,0.328596,0.332585,0.338818,0.328596,0.332585,1,1,6.232860e-03
4011,0.338734,0.328764,0.332502,0.338734,0.328764,0.332502,1,1,6.231306e-03
4012,0.338649,0.328931,0.332420,0.338649,0.328931,0.332420,1,1,6.229753e-03
4013,0.338565,0.329098,0.332337,0.338565,0.329098,0.332337,1,1,6.228201e-03
4014,0.338481,0.329265,0.332254,0.338481,0.329265,0.332254,1,1,6.226650e-03
4015,0.338396,0.329432,0.332171,0.338396,0.329432,0.332171,1,1,6.225100e-03
4016,0.338312,0.329599,0.332089,0.338312,0.329599,0.332089,1,1,6.223550e-03
4017,0.338228,0.329766,0.332006,0.338228,0.329766,0.332006,1,1,6.222001e-03
4018,0.338144,0.329933,0.331923,0.338144,0.329933,0.331923,1,1,6.220453e-03
4019,0.338060,0.330100,0.331841,0.338060,0.330100,0.331841,1,1,6.218905e-03
4020,0.337976,0.330266,0.331758,0.337976,0.330266,0.331758,1,1,6.217359e-03
4021,0.337892,0.330433,0.331676,0.337892,0.330433,0.331676,1,1,6.215813e-03
4022,0.337808,0.330599,0.331593,0.337808,0.330599,0.331593,1,1,6.214268e-03
4023,0.337724,0.330765,0.331511,0.337724,0.330765,0.331511,1,1,6.212724e-03
4024,0.337640,0.330932,0.331429,0.337640,0.330932,0.331429,1,1,6.211180e-03
4025,0.337556,0.331098,0.331346,0.337556,0.331098,0.331346,1,1,6.209637e-03
4026,0.337472,0.331264,0.331264,0.337472,0.331264,0.331264,1,1,6.208095e-03
4027,0.337388,0.331430,0.331182,0.337388,0.331430,0.331182,1,1,6.206554e-03
4028,0.337305,0.331596,0.331100,0.337305,0.331596,0.331100,1,1,6.205014e-03
4029,0.337221,0.331762,0.331017,0.337221,0.331762,0.331017,1,1,6.203474e-03
4030,0.337137,0.331928,0.330935,0.337137,0.331928,0.330935,1,1,6.201935e-03
4031,0.337054,0.332093,0.330853,0.337054,0.332093,0.330853,1,1,6.200397e-03
4032,0.336970,0.332259,0.330771,0.336970,0.332259,0.330771,1,1,6.198859e-03
4033,0.336886,0.332424,0.330689,0.336886,0.332424,0.330689,1,1,6.197323e-03
4034,0.336803,0.332590,0.330607,0.336803,0.332590,0.330607,1,1,6.195787e-03
4035,0.336720,0.332755,0.330525,0.336720,0.332755,0.330525,1,1,6.194252e-03
4036,0.336636,0.332920,0.330443,0.336636,0.332920,0.330443,1,1,6.192717e-03
4037,0.336553,0.333086,0.330362,0.336553,0.333086,0.330362,1,1,6.191184e-03
4038,0.336469,0.333251,0.330280,0.336469,0.333251,0.330280,1,1,6.189651e-03
4039,0.336386,0.333416,0.330198,0.336386,0.333416,0.330198,1,1,6.188119e-03
4040,0.336303,0.333581,0.330116,0.336303,0.333581,0.330116,1,1,6.186587e-03
4041,0.336220,0.333746,0.330035,0.336220,0.333746,0.330035,1,1,6.185057e-03
4042,0.336137,0.333910,0.329953,0.336137,0.333910,0.329953,1,1,6.183527e-03
4043,0.336053,0.334075,0.329871,0.336053,0.334075,0.329871,1,1,6.181998e-03
4044,0.335970,0.334240,0.329790,0.335970,0.334240,0.329790,1,1,6.180470e-03
4045,0.335887,0.334404,0.329708,0.335887,0.334404,0.329708,1,1,6.178942e-03
4046,0.335804,0.334569,0.329627,0.335804,0.334569,0.329627,1,1,6.177415e-03
4047,0.335721,0.334733,0.329545,0.335721,0.334733,0.329545,1,1,6.175889e-03
4048,0.335638,0.334898,0.329464,0.335638,0.334898,0.329464,1,1,6.174364e-03
4049,0.335556,0.335062,0.329383,0.335556,0.335062,0.329383,1,1,6.172840e-03
4050,0.335473,0.335226,0.329301,0.335473,0.335226,0.329301,1,1,6.171316e-03
4051,0.335390,0.335390,0.329220,0.335390,0.335390,0.329220,1,1,6.169793e-03
4052,0.335307,0.335554,0.329139,0.335307,0.335554,0.329139,1,1,6.168270e-03
4053,0.335224,0.335718,0.329058,0.335224,0.335718,0.329058,1,1,6.166749e-03
4054,0.335142,0.335882,0.328977,0.335142,0.335882,0.328977,1,1,6.165228e-03
4055,0.335059,0.336045,0.328895,0.335059,0.336045,0.328895,1,1,6.163708e-03
4056,0.334977,0.336209,0.328814,0.334977,0.336209,0.328814,1,1,6.162189e-03
4057,0.334894,0.336373,0.328733,0.334894,0.336373,0.328733,1,1,6.160670e-03
4058,0.334812,0.336536,0.328652,0.334812,0.336536,0.328652,1,1,6.159153e-03
4059,0.334729,0.336700,0.328571,0.334729,0.336700,0.328571,1,1,6.157635e-03
4060,0.334647,0.336863,0.328491,0.334647,0.336863,0.328491,1,1,6.156119e-03
4061,0.334564,0.337026,0.328410,0.334564,0.337026,0.328410,1,1,6.154604e-03
4062,0.334482,0.337189,0.328329,0.334482,0.337189,0.328329,1,1,6.153089e-03
4063,0.334400,0.337352,0.328248,0.334400,0.337352,0.328248,1,1,6.151575e-03
4064,0.334317,0.337515,0.328167,0.334317,0.337515,0.328167,1,1,6.150062e-03
4065,0.334235,0.337678,0.328087,0.334235,0.337678,0.328087,1,1,6.148549e-03
4066,0.334153,0.337841,0.328006,0.334153,0.337841,0.328006,1,1,6.147037e-03
4067,0.334071,0.338004,0.327925,0.334071,0.338004,0.327925,1,1,6.145526e-03
4068,0.333989,0.338167,0.327845,0.333989,0.338167,0.327845,1,1,6.144016e-03
4069,0.333907,0.338329,0.327764,0.333907,0.338329,0.327764,1,1,6.142506e-03
4070,0.333825,0.338492,0.327684,0.333825,0.338492,0.327684,1,1,6.140997e-03
4071,0.333743,0.338654,0.327603,0.333743,0.338654,0.327603,1,1,6.139489e-03
4072,0.333661,0.338817,0.327523,0.333661,0.338817,0.327523,1,1,6.137982e-03
4073,0.333579,0.338979,0.327442,0.333579,0.338979,0.327442,1,1,6.136475e-03
4074,0.333497,0.339141,0.327362,0.333497,0.339141,0.327362,1,1,6.134969e-03
4075,0.333415,0.339303,0.327282,0.333415,0.339303,0.327282,1,1,6.133464e-03
4076,0.333333,0.339465,0.327201,0.333333,0.339465,0.327201,1,1,6.131960e-03
4077,0.333252,0.339627,0.327121,0.333252,0.339627,0.327121,1,1,6.375674e-03
4078,0.333170,0.339544,0.327286,0.333170,0.339544,0.327286,2,2,6.374111e-03
4079,0.333088,0.339461,0.327451,0.333088,0.339461,0.327451,2,2,6.372549e-03
4080,0.333007,0.339378,0.327616,0.333007,0.339378,0.327616,2,2,6.370988e-03
4081,0.332925,0.339294,0.327780,0.332925,0.339294,0.327780,2,2,6.369427e-03
4082,0.332843,0.339211,0.327945,0.332843,0.339211,0.327945,2,2,6.367867e-03
4083,0.332762,0.339128,0.328110,0.332762,0.339128,0.328110,2,2,6.366308e-03
4084,0.332681,0.339045,0.328274,0.332681,0.339045,0.328274,2,2,6.364749e-03
4085,0.332599,0.338962,0.328439,0.332599,0.338962,0.328439,2,2,6.363191e-03
4086,0.332518,0.338879,0.328603,0.332518,0.338879,0.328603,2,2,6.361634e-03
4087,0.332436,0.338796,0.328767,0.332436,0.338796,0.328767,2,2,6.360078e-03
4088,0.332355,0.338714,0.328931,0.332355,0.338714,0.328931,2,2,6.358523e-03
4089,0.332274,0.338631,0.329095,0.332274,0.338631,0.329095,2,2,6.356968e-03
4090,0.332193,0.338548,0.329259,0.332193,0.338548,0.329259,2,2,6.355414e-03
4091,0.332111,0.338465,0.329423,0.332111,0.338465,0.329423,2,2,6.353861e-03
4092,0.332030,0.338383,0.329587,0.332030,0.338383,0.329587,2,2,6.352309e-03
4093,0.331949,0.338300,0.329751,0.331949,0.338300,0.329751,2,2,6.350757e-03
4094,0.331868,0.338217,0.329915,0.331868,0.338217,0.329915,2,2,6.349206e-03
4095,0.331787,0.338135,0.330078,0.331787,0.338135,0.330078,2,2,6.347656e-03
4096,0.331706,0.338052,0.330242,0.331706,0.338052,0.330242,2,2,6.346107e-03
4097,0.331625,0.337970,0.330405,0.331625,0.337970,0.330405,2,2,6.344558e-03
4098,0.331544,0.337887,0.330568,0.331544,0.337887,0.330568,2,2,6.343010e-03
4099,0.331463,0.337805,0.330732,0.331463,0.337805,0.330732,2,2,6.341463e-03
4100,0.331383,0.337723,0.330895,0.331383,0.337723,0.330895,2,2,6.339917e-03
4101,0.331302,0.337640,0.331058,0.331302,0.337640,0.331058,2,2,6.338372e-03
4102,0.331221,0.337558,0.331221,0.331221,0.337558,0.331221,2,2,6.336827e-03
4103,0.331140,0.337476,0.331384,0.331140,0.337476,0.331384,2,2,6.335283e-03
4104,0.331060,0.337393,0.331547,0.331060,0.337393,0.331547,2,2,6.333739e-03
4105,0.330979,0.337311,0.331710,0.330979,0.337311,0.331710,2,2,6.332197e-03
4106,0.330898,0.337229,0.331872,0.330898,0.337229,0.331872,2,2,6.330655e-03
4107,0.330818,0.337147,0.332035,0.330818,0.337147,0.332035,2,2,6.329114e-03
4108,0.330737,0.337065,0.332198,0.330737,0.337065,0.332198,2,2,6.327574e-03
4109,0.330657,0.336983,0.332360,0.330657,0.336983,0.332360,2,2,6.326034e-03
4110,0.330577,0.336901,0.332523,0.330577,0.336901,0.332523,2,2,6.324495e-03
4111,0.330496,0.336819,0.332685,0.330496,0.336819,0.332685,2,2,6.322957e-03
4112,0.330416,0.336737,0.332847,0.330416,0.336737,0.332847,2,2,6.321420e-03
4113,0.330335,0.336655,0.333009,0.330335,0.336655,0.333009,2,2,6.319883e-03
4114,0.330255,0.336574,0.333171,0.330255,0.336574,0.333171,2,2,6.318348e-03
4115,0.330175,0.336492,0.333333,0.330175,0.336492,0.333333,2,2,6.316812e-03
4116,0.330095,0.336410,0.333495,0.330095,0.336410,0.333495,2,2,6.315278e-03
4117,0.330015,0.336328,0.333657,0.330015,0.336328,0.333657,2,2,6.313745e-03
4118,0.329934,0.336247,0.333819,0.329934,0.336247,0.333819,2,2,6.312212e-03
4119,0.329854,0.336165,0.333981,0.329854,0.336165,0.333981,2,2,6.310680e-03
4120,0.329774,0.336083,0.334142,0.329774,0.336083,0.334142,2,2,6.309148e-03
4121,0.329694,0.336002,0.334304,0.329694,0.336002,0.334304,2,2,6.307618e-03
4122,0.329614,0.335920,0.334465,0.329614,0.335920,0.334465,2,2,6.306088e-03
4123,0.329534,0.335839,0.334627,0.329534,0.335839,0.334627,2,2,6.304559e-03
4124,0.329455,0.335758,0.334788,0.329455,0.335758,0.334788,2,2,6.303030e-03
4125,0.329375,0.335676,0.334949,0.329375,0.335676,0.334949,2,2,6.301503e-03
4126,0.329295,0.335595,0.335110,0.329295,0.335595,0.335110,2,2,6.299976e-03
4127,0.329215,0.335514,0.335271,0.329215,0.335514,0.335271,2,2,6.298450e-03
4128,0.329135,0.335432,0.335432,0.329135,0.335432,0.335432,2,2,6.296924e-03
4129,0.329056,0.335351,0.335593,0.329056,0.335351,0.335593,2,2,6.295400e-03
4130,0.328976,0.335270,0.335754,0.328976,0.335270,0.335754,2,2,6.293876e-03
4131,0.328896,0.335189,0.335915,0.328896,0.335189,0.335915,2,2,6.292352e-03
4132,0.328817,0.335108,0.336075,0.328817,0.335108,0.336075,2,2,6.290830e-03
4133,0.328737,0.335027,0.336236,0.328737,0.335027,0.336236,2,2,6.289308e-03
4134,0.328658,0.334946,0.336397,0.328658,0.334946,0.336397,2,2,6.287787e-03
4135,0.328578,0.334865,0.336557,0.328578,0.334865,0.336557,2,2,6.286267e-03
4136,0.328499,0.334784,0.336717,0.328499,0.334784,0.336717,2,2,6.284747e-03
4137,0.328420,0.334703,0.336878,0.328420,0.334703,0.336878,2,2,6.283229e-03
4138,0.328340,0.334622,0.337038,0.328340,0.334622,0.337038,2,2,6.281711e-03
4139,0.328261,0.334541,0.337198,0.328261,0.334541,0.337198,2,2,6.280193e-03
4140,0.328182,0.334460,0.337358,0.328182,0.334460,0.337358,2,2,6.278677e-03
4141,0.328102,0.334380,0.337518,0.328102,0.334380,0.337518,2,2,6.277161e-03
4142,0.328023,0.334299,0.337678,0.328023,0.334299,0.337678,2,2,6.275646e-03
4143,0.327944,0.334218,0.337838,0.327944,0.334218,0.337838,2,2,6.274131e-03
4144,0.327865,0.334138,0.337998,0.327865,0.334138,0.337998,2,2,6.272618e-03
4145,0.327786,0.334057,0.338157,0.327786,0.334057,0.338157,2,2,6.271105e-03
4146,0.327707,0.333976,0.338317,0.327707,0.333976,0.338317,2,2,6.269592e-03
4147,0.327628,0.333896,0.338476,0.327628,0.333896,0.338476,2,2,6.268081e-03
4148,0.327549,0.333815,0.338636,0.327549,0.333815,0.338636,2,2,6.266570e-03
4149,0.327470,0.333735,0.338795,0.327470,0.333735,0.338795,2,2,6.265060e-03
4150,0.327391,0.333655,0.338954,0.327391,0.333655,0.338954,2,2,6.263551e-03
4151,0.327312,0.333574,0.339114,0.327312,0.333574,0.339114,2,2,6.262042e-03
4152,0.327233,0.333494,0.339273,0.327233,0.333494,0.339273,2,2,6.260535e-03
4153,0.327155,0.333414,0.339432,0.327155,0.333414,0.339432,2,2,6.259027e-03
4154,0.327076,0.333333,0.339591,0.327076,0.333333,0.339591,2,2,6.257521e-03
4155,0.327238,0.333253,0.339509,0.327238,0.333253,0.339509,0,0,6.256015e-03
4156,0.327400,0.333173,0.339427,0.327400,0.333173,0.339427,0,0,6.254510e-03
4157,0.327561,0.333093,0.339346,0.327561,0.333093,0.339346,0,0,6.253006e-03
4158,0.327723,0.333013,0.339264,0.327723,0.333013,0.339264,0,0,6.251503e-03
4159,0.327885,0.332933,0.339183,0.327885,0.332933,0.339183,0,0,6.250000e-03
4160,0.328046,0.332853,0.339101,0.328046,0.332853,0.339101,0,0,6.248498e-03
4161,0.328208,0.332773,0.339020,0.328208,0.332773,0.339020,0,0,6.246997e-03
4162,0.328369,0.332693,0.338938,0.328369,0.332693,0.338938,0,0,6.245496e-03
4163,0.328530,0.332613,0.338857,0.328530,0.332613,0.338857,0,0,6.243996e-03
4164,0.328691,0.332533,0.338776,0.328691,0.332533,0.338776,0,0,6.242497e-03
4165,0.328853,0.332453,0.338694,0.328853,0.332453,0.338694,0,0,6.240999e-03
4166,0.329014,0.332373,0.338613,0.329014,0.332373,0.338613,0,0,6.239501e-03
4167,0.329175,0.332294,0.338532,0.329175,0.332294,0.338532,0,0,6.238004e-03
4168,0.329336,0.332214,0.338450,0.329336,0.332214,0.338450,0,0,6.236508e-03
4169,0.329496,0.332134,0.338369,0.329496,0.332134,0.338369,0,0,6.235012e-03
4170,0.329657,0.332055,0.338288,0.329657,0.332055,0.338288,0,0,6.233517e-03
4171,0.329818,0.331975,0.338207,0.329818,0.331975,0.338207,0,0,6.232023e-03
4172,0.329978,0.331896,0.338126,0.329978,0.331896,0.338126,0,0,6.230530e-03
4173,0.330139,0.331816,0.338045,0.330139,0.331816,0.338045,0,0,6.229037e-03
4174,0.330299,0.331737,0.337964,0.330299,0.331737,0.337964,0,0,6.227545e-03
4175,0.330460,0.331657,0.337883,0.330460,0.331657,0.337883,0,0,6.226054e-03
4176,0.330620,0.331578,0.337802,0.330620,0.331578,0.337802,0,0,6.224563e-03
4177,0.330780,0.331498,0.337721,0.330780,0.331498,0.337721,0,0,6.223073e-03
4178,0.330940,0.331419,0.337641,0.330940,0.331419,0.337641,0,0,6.221584e-03
4179,0.331100,0.331340,0.337560,0.331100,0.331340,0.337560,0,0,6.220096e-03
4180,0.331260,0.331260,0.337479,0.331260,0.331260,0.337479,0,0,6.218608e-03
4181,0.331420,0.331181,0.337398,0.331420,0.331181,0.337398,0,0,6.217121e-03
4182,0.331580,0.331102,0.337318,0.331580,0.331102,0.337318,0,0,6.215635e-03
4183,0.331740,0.331023,0.337237,0.331740,0.331023,0.337237,0,0,6.214149e-03
4184,0.331900,0.330944,0.337157,0.331900,0.330944,0.337157,0,0,6.212664e-03
4185,0.332059,0.330865,0.337076,0.332059,0.330865,0.337076,0,0,6.211180e-03
4186,0.332219,0.330786,0.336995,0.332219,0.330786,0.336995,0,0,6.209697e-03
4187,0.332378,0.330707,0.336915,0.332378,0.330707,0.336915,0,0,6.208214e-03
4188,0.332538,0.330628,0.336835,0.332538,0.330628,0.336835,0,0,6.206732e-03
4189,0.332697,0.330549,0.336754,0.332697,0.330549,0.336754,0,0,6.205251e-03
4190,0.332856,0.330470,0.336674,0.332856,0.330470,0.336674,0,0,6.203770e-03
4191,0.333015,0.330391,0.336594,0.333015,0.330391,0.336594,0,0,6.202290e-03
4192,0.333174,0.330312,0.336513,0.333174,0.330312,0.336513,0,0,6.200811e-03
4193,0.333333,0.330234,0.336433,0.333333,0.330234,0.336433,0,0,6.199332e-03
4194,0.333492,0.330155,0.336353,0.333492,0.330155,0.336353,0,0,6.197855e-03
4195,0.333651,0.330076,0.336273,0.333651,0.330076,0.336273,0,0,6.196378e-03
4196,0.333810,0.329998,0.336193,0.333810,0.329998,0.336193,0,0,6.194901e-03
4197,0.333969,0.329919,0.336112,0.333969,0.329919,0.336112,0,0,6.193425e-03
4198,0.334127,0.329840,0.336032,0.334127,0.329840,0.336032,0,0,6.191950e-03
4199,0.334286,0.329762,0.335952,0.334286,0.329762,0.335952,0,0,6.190476e-03
4200,0.334444,0.329683,0.335872,0.334444,0.329683,0.335872,0,0,6.189003e-03
4201,0.334603,0.329605,0.335792,0.334603,0.329605,0.335792,0,0,6.187530e-03
4202,0.334761,0.329527,0.335713,0.334761,0.329527,0.335713,0,0,6.186058e-03
4203,0.334919,0.329448,0.335633,0.334919,0.329448,0.335633,0,0,6.184586e-03
4204,0.335077,0.329370,0.335553,0.335077,0.329370,0.335553,0,0,6.183115e-03
4205,0.335235,0.329291,0.335473,0.335235,0.329291,0.335473,0,0,6.181645e-03
4206,0.335393,0.329213,0.335393,0.335393,0.329213,0.335393,0,0,6.180176e-03
4207,0.335551,0.329135,0.335314,0.335551,0.329135,0.335314,0,0,6.178707e-03
4208,0.335709,0.329057,0.335234,0.335709,0.329057,0.335234,0,0,6.177239e-03
4209,0.335867,0.328979,0.335154,0.335867,0.328979,0.335154,0,0,6.175772e-03
4210,0.336025,0.328900,0.335075,0.336025,0.328900,0.335075,0,0,6.174305e-03
4211,0.336182,0.328822,0.334995,0.336182,0.328822,0.334995,0,0,6.172840e-03
4212,0.336340,0.328744,0.334916,0.336340,0.328744,0.334916,0,0,6.171374e-03
4213,0.336497,0.328666,0.334836,0.336497,0.328666,0.334836,0,0,6.169910e-03
4214,0.336655,0.328588,0.334757,0.336655,0.328588,0.334757,0,0,6.168446e-03
4215,0.336812,0.328510,0.334677,0.336812,0.328510,0.334677,0,0,6.166983e-03
4216,0.336969,0.328433,0.334598,0.336969,0.328433,0.334598,0,0,6.165521e-03
4217,0.337127,0.328355,0.334519,0.337127,0.328355,0.334519,0,0,6.164059e-03
4218,0.337284,0.328277,0.334439,0.337284,0.328277,0.334439,0,0,6.162598e-03
4219,0.337441,0.328199,0.334360,0.337441,0.328199,0.334360,0,0,6.161137e-03
4220,0.337598,0.328121,0.334281,0.337598,0.328121,0.334281,0,0,6.159678e-03
4221,0.337755,0.328044,0.334202,0.337755,0.328044,0.334202,0,0,6.158219e-03
4222,0.337911,0.327966,0.334123,0.337911,0.327966,0.334123,0,0,6.156761e-03
4223,0.338068,0.327888,0.334044,0.338068,0.327888,0.334044,0,0,6.155303e-03
4224,0.338225,0.327811,0.333964,0.338225,0.327811,0.333964,0,0,6.153846e-03
4225,0.338381,0.327733,0.333885,0.338381,0.327733,0.333885,0,0,6.152390e-03
4226,0.338538,0.327656,0.333806,0.338538,0.327656,0.333806,0,0,6.150934e-03
4227,0.338694,0.327578,0.333728,0.338694,0.327578,0.333728,0,0,6.149480e-03
4228,0.338851,0.327501,0.333649,0.338851,0.327501,0.333649,0,0,6.148026e-03
4229,0.339007,0.327423,0.333570,0.339007,0.327423,0.333570,0,0,6.146572e-03
4230,0.339163,0.327346,0.333491,0.339163,0.327346,0.333491,0,0,6.145119e-03
4231,0.339319,0.327268,0.333412,0.339319,0.327268,0.333412,0,0,6.143667e-03
4232,0.339476,0.327191,0.333333,0.339476,0.327191,0.333333,0,0,6.142216e-03
4233,0.339395,0.327350,0.333255,0.339395,0.327350,0.333255,1,1,6.140765e-03
4234,0.339315,0.327509,0.333176,0.339315,0.327509,0.333176,1,1,6.139315e-03
4235,0.339235,0.327668,0.333097,0.339235,0.327668,0.333097,1,1,6.137866e-03
4236,0.339155,0.327826,0.333019,0.339155,0.327826,0.333019,1,1,6.136417e-03
4237,0.339075,0.327985,0.332940,0.339075,0.327985,0.332940,1,1,6.134969e-03
4238,0.338995,0.328143,0.332862,0.338995,0.328143,0.332862,1,1,6.133522e-03
4239,0.338915,0.328302,0.332783,0.338915,0.328302,0.332783,1,1,6.132075e-03
4240,0.338835,0.328460,0.332705,0.338835,0.328460,0.332705,1,1,6.130630e-03
4241,0.338755,0.328619,0.332626,0.338755,0.328619,0.332626,1,1,6.129184e-03
4242,0.338675,0.328777,0.332548,0.338675,0.328777,0.332548,1,1,6.127740e-03
4243,0.338596,0.328935,0.332469,0.338596,0.328935,0.332469,1,1,6.126296e-03
4244,0.338516,0.329093,0.332391,0.338516,0.329093,0.332391,1,1,6.124853e-03
4245,0.338436,0.329251,0.332313,0.338436,0.329251,0.332313,1,1,6.123410e-03
4246,0.338356,0.329409,0.332235,0.338356,0.329409,0.332235,1,1,6.121968e-03
4247,0.338277,0.329567,0.332156,0.338277,0.329567,0.332156,1,1,6.120527e-03
4248,0.338197,0.329725,0.332078,0.338197,0.329725,0.332078,1,1,6.119087e-03
4249,0.338118,0.329882,0.332000,0.338118,0.329882,0.332000,1,1,6.117647e-03
4250,0.338038,0.330040,0.331922,0.338038,0.330040,0.331922,1,1,6.116208e-03
4251,0.337959,0.330198,0.331844,0.337959,0.330198,0.331844,1,1,6.114770e-03
4252,0.337879,0.330355,0.331766,0.337879,0.330355,0.331766,1,1,6.113332e-03
4253,0.337800,0.330512,0.331688,0.337800,0.330512,0.331688,1,1,6.111895e-03
4254,0.337720,0.330670,0.331610,0.337720,0.330670,0.331610,1,1,6.110458e-03
4255,0.337641,0.330827,0.331532,0.337641,0.330827,0.331532,1,1,6.109023e-03
4256,0.337562,0.330984,0.331454,0.337562,0.330984,0.331454,1,1,6.107588e-03
4257,0.337482,0.331141,0.331376,0.337482,0.331141,0.331376,1,1,6.106153e-03
4258,0.337403,0.331298,0.331298,0.337403,0.331298,0.331298,1,1,6.104719e-03
4259,0.337324,0.331455,0.331221,0.337324,0.331455,0.331221,1,1,6.103286e-03
4260,0.337245,0.331612,0.331143,0.337245,0.331612,0.331143,1,1,6.101854e-03
4261,0.337166,0.331769,0.331065,0.337166,0.331769,0.331065,1,1,6.100422e-03
4262,0.337087,0.331926,0.330988,0.337087,0.331926,0.330988,1,1,6.098991e-03
4263,0.337008,0.332083,0.330910,0.337008,0.332083,0.330910,1,1,6.097561e-03
4264,0.336928,0.332239,0.330832,0.336928,0.332239,0.330832,1,1,6.096131e-03
4265,0.336850,0.332396,0.330755,0.336850,0.332396,0.330755,1,1,6.094702e-03
4266,0.336771,0.332552,0.330677,0.336771,0.332552,0.330677,1,1,6.093274e-03
4267,0.336692,0.332709,0.330600,0.336692,0.332709,0.330600,1,1,6.091846e-03
4268,0.336613,0.332865,0.330522,0.336613,0.332865,0.330522,1,1,6.090419e-03
4269,0.336534,0.333021,0.330445,0.336534,0.333021,0.330445,1,1,6.088993e-03
4270,0.336455,0.333177,0.330368,0.336455,0.333177,0.330368,1,1,6.087567e-03
4271,0.336376,0.333333,0.330290,0.336376,0.333333,0.330290,1,1,6.086142e-03
4272,0.336298,0.333489,0.330213,0.336298,0.333489,0.330213,1,1,6.084718e-03
4273,0.336219,0.333645,0.330136,0.336219,0.333645,0.330136,1,1,6.083294e-03
4274,0.336140,0.333801,0.330058,0.336140,0.333801,0.330058,1,1,6.081871e-03
4275,0.336062,0.333957,0.329981,0.336062,0.333957,0.329981,1,1,6.080449e-03
4276,0.335983,0.334113,0.329904,0.335983,0.334113,0.329904,1,1,6.079027e-03
4277,0.335905,0.334268,0.329827,0.335905,0.334268,0.329827,1,1,6.077606e-03
4278,0.335826,0.334424,0.329750,0.335826,0.334424,0.329750,1,1,6.076186e-03
4279,0.335748,0.334579,0.329673,0.335748,0.334579,0.329673,1,1,6.074766e-03
4280,0.335669,0.334735,0.329596,0.335669,0.334735,0.329596,1,1,6.073347e-03
4281,0.335591,0.334890,0.329519,0.335591,0.334890,0.329519,1,1,6.071929e-03
4282,0.335512,0.335046,0.329442,0.335512,0.335046,0.329442,1,1,6.070511e-03
4283,0.335434,0.335201,0.329365,0.335434,0.335201,0.329365,1,1,6.069094e-03
4284,0.335356,0.335356,0.329288,0.335356,0.335356,0.329288,1,1,6.067678e-03
4285,0.335278,0.335511,0.329211,0.335278,0.335511,0.329211,1,1,6.066262e-03
4286,0.335199,0.335666,0.329135,0.335199,0.335666,0.329135,1,1,6.064847e-03
4287,0.335121,0.335821,0.329058,0.335121,0.335821,0.329058,1,1,6.063433e-03
4288,0.335043,0.335976,0.328981,0.335043,0.335976,0.328981,1,1,6.062019e-03
4289,0.334965,0.336131,0.328904,0.334965,0.336131,0.328904,1,1,6.060606e-03
4290,0.334887,0.336285,0.328828,0.334887,0.336285,0.328828,1,1,6.059194e-03
4291,0.334809,0.336440,0.328751,0.334809,0.336440,0.328751,1,1,6.057782e-03
4292,0.334731,0.336594,0.328675,0.334731,0.336594,0.328675,1,1,6.056371e-03
4293,0.334653,0.336749,0.328598,0.334653,0.336749,0.328598,1,1,6.054960e-03
4294,0.334575,0.336903,0.328522,0.334575,0.336903,0.328522,1,1,6.053551e-03
4295,0.334497,0.337058,0.328445,0.334497,0.337058,0.328445,1,1,6.052142e-03
4296,0.334419,0.337212,0.328369,0.334419,0.337212,0.328369,1,1,6.050733e-03
4297,0.334342,0.337366,0.328292,0.334342,0.337366,0.328292,1,1,6.049325e-03
4298,0.334264,0.337520,0.328216,0.334264,0.337520,0.328216,1,1,6.047918e-03
4299,0.334186,0.337674,0.328140,0.334186,0.337674,0.328140,1,1,6.046512e-03
4300,0.334108,0.337828,0.328063,0.334108,0.337828,0.328063,1,1,6.045106e-03
4301,0.334031,0.337982,0.327987,0.334031,0.337982,0.327987,1,1,6.043701e-03
4302,0.333953,0.338136,0.327911,0.333953,0.338136,0.327911,1,1,6.042296e-03
4303,0.333875,0.338290,0.327835,0.333875,0.338290,0.327835,1,1,6.040892e-03
4304,0.333798,0.338444,0.327758,0.333798,0.338444,0.327758,1,1,6.039489e-03
4305,0.333720,0.338597,0.327682,0.333720,0.338597,0.327682,1,1,6.038086e-03
4306,0.333643,0.338751,0.327606,0.333643,0.338751,0.327606,1,1,6.036684e-03
4307,0.333565,0.338904,0.327530,0.333565,0.338904,0.327530,1,1,6.035283e-03
4308,0.333488,0.339058,0.327454,0.333488,0.339058,0.327454,1,1,6.033883e-03
4309,0.333411,0.339211,0.327378,0.333411,0.339211,0.327378,1,1,6.032483e-03
4310,0.333333,0.339364,0.327302,0.333333,0.339364,0.327302,1,1,6.031083e-03
4311,0.333256,0.339286,0.327458,0.333256,0.339286,0.327458,2,2,6.029685e-03
4312,0.333179,0.339207,0.327614,0.333179,0.339207,0.327614,2,2,6.028287e-03
4313,0.333102,0.339128,0.327770,0.333102,0.339128,0.327770,2,2,6.026889e-03
4314,0.333024,0.339050,0.327926,0.333024,0.339050,0.327926,2,2,6.025492e-03
4315,0.332947,0.338971,0.328082,0.332947,0.338971,0.328082,2,2,6.024096e-03
4316,0.332870,0.338893,0.328237,0.332870,0.338893,0.328237,2,2,6.022701e-03
4317,0.332793,0.338814,0.328393,0.332793,0.338814,0.328393,2,2,6.021306e-03
4318,0.332716,0.338736,0.328548,0.332716,0.338736,0.328548,2,2,6.019912e-03
4319,0.332639,0.338657,0.328704,0.332639,0.338657,0.328704,2,2,6.018519e-03
4320,0.332562,0.338579,0.328859,0.332562,0.338579,0.328859,2,2,6.017126e-03
4321,0.332485,0.338501,0.329014,0.332485,0.338501,0.329014,2,2,6.015733e-03
4322,0.332408,0.338422,0.329170,0.332408,0.338422,0.329170,2,2,6.014342e-03
4323,0.332331,0.338344,0.329325,0.332331,0.338344,0.329325,2,2,6.012951e-03
4324,0.332254,0.338266,0.329480,0.332254,0.338266,0.329480,2,2,6.011561e-03
4325,0.332178,0.338188,0.329635,0.332178,0.338188,0.329635,2,2,6.010171e-03
4326,0.332101,0.338110,0.329790,0.332101,0.338110,0.329790,2,2,6.008782e-03
4327,0.332024,0.338031,0.329945,0.332024,0.338031,0.329945,2,2,6.007394e-03
4328,0.331947,0.337953,0.330099,0.331947,0.337953,0.330099,2,2,6.006006e-03
4329,0.331871,0.337875,0.330254,0.331871,0.337875,0.330254,2,2,6.004619e-03
4330,0.331794,0.337797,0.330409,0.331794,0.337797,0.330409,2,2,6.003233e-03
4331,0.331717,0.337719,0.330563,0.331717,0.337719,0.330563,2,2,6.001847e-03
4332,0.331641,0.337641,0.330718,0.331641,0.337641,0.330718,2,2,6.000462e-03
4333,0.331564,0.337563,0.330872,0.331564,0.337563,0.330872,2,2,5.999077e-03
4334,0.331488,0.337486,0.331027,0.331488,0.337486,0.331027,2,2,5.997693e-03
4335,0.331411,0.337408,0.331181,0.331411,0.337408,0.331181,2,2,5.996310e-03
4336,0.331335,0.337330,0.331335,0.331335,0.337330,0.331335,2,2,5.994927e-03
4337,0.331259,0.337252,0.331489,0.331259,0.337252,0.331489,2,2,5.993545e-03
4338,0.331182,0.337174,0.331643,0.331182,0.337174,0.331643,2,2,5.992164e-03
4339,0.331106,0.337097,0.331797,0.331106,0.337097,0.331797,2,2,5.990783e-03
4340,0.331030,0.337019,0.331951,0.331030,0.337019,0.331951,2,2,5.989403e-03
4341,0.330953,0.336942,0.332105,0.330953,0.336942,0.332105,2,2,5.988024e-03
4342,0.330877,0.336864,0.332259,0.330877,0.336864,0.332259,2,2,5.986645e-03
4343,0.330801,0.336786,0.332413,0.330801,0.336786,0.332413,2,2,5.985267e-03
4344,0.330725,0.336709,0.332566,0.330725,0.336709,0.332566,2,2,5.983890e-03
4345,0.330649,0.336631,0.332720,0.330649,0.336631,0.332720,2,2,5.982513e-03
4346,0.330573,0.336554,0.332873,0.330573,0.336554,0.332873,2,2,5.981136e-03
4347,0.330497,0.336477,0.333027,0.330497,0.336477,0.333027,2,2,5.979761e-03
4348,0.330421,0.336399,0.333180,0.330421,0.336399,0.333180,2,2,5.978386e-03
4349,0.330345,0.336322,0.333333,0.330345,0.336322,0.333333,2,2,5.977011e-03
4350,0.330269,0.336245,0.333487,0.330269,0.336245,0.333487,2,2,5.975638e-03
4351,0.330193,0.336167,0.333640,0.330193,0.336167,0.333640,2,2,5.974265e-03
4352,0.330117,0.336090,0.333793,0.330117,0.336090,0.333793,2,2,5.972892e-03
4353,0.330041,0.336013,0.333946,0.330041,0.336013,0.333946,2,2,5.971520e-03
4354,0.329966,0.335936,0.334099,0.329966,0.335936,0.334099,2,2,5.970149e-03
4355,0.329890,0.335859,0.334252,0.329890,0.335859,0.334252,2,2,5.968779e-03
4356,0.329814,0.335782,0.334404,0.329814,0.335782,0.334404,2,2,5.967409e-03
4357,0.329738,0.335704,0.334557,0.329738,0.335704,0.334557,2,2,5.966039e-03
4358,0.329663,0.335627,0.334710,0.329663,0.335627,0.334710,2,2,5.964671e-03
4359,0.329587,0.335550,0.334862,0.329587,0.335550,0.334862,2,2,5.963303e-03
4360,0.329512,0.335474,0.335015,0.329512,0.335474,0.335015,2,2,5.961935e-03
4361,0.329436,0.335397,0.335167,0.329436,0.335397,0.335167,2,2,5.960569e-03
4362,0.329361,0.335320,0.335320,0.329361,0.335320,0.335320,2,2,5.959202e-03
4363,0.329285,0.335243,0.335472,0.329285,0.335243,0.335472,2,2,5.957837e-03
4364,0.329210,0.335166,0.335624,0.329210,0.335166,0.335624,2,2,5.956472e-03
4365,0.329134,0.335089,0.335776,0.329134,0.335089,0.335776,2,2,5.955108e-03
4366,0.329059,0.335013,0.335929,0.329059,0.335013,0.335929,2,2,5.953744e-03
4367,0.328984,0.334936,0.336081,0.328984,0.334936,0.336081,2,2,5.952381e-03
4368,0.328908,0.334859,0.336233,0.328908,0.334859,0.336233,2,2,5.951019e-03
4369,0.328833,0.334783,0.336384,0.328833,0.334783,0.336384,2,2,5.949657e-03
4370,0.328758,0.334706,0.336536,0.328758,0.334706,0.336536,2,2,5.948296e-03
4371,0.328683,0.334629,0.336688,0.328683,0.334629,0.336688,2,2,5.946935e-03
4372,0.328607,0.334553,0.336840,0.328607,0.334553,0.336840,2,2,5.945575e-03
4373,0.328532,0.334476,0.336991,0.328532,0.334476,0.336991,2,2,5.944216e-03
4374,0.328457,0.334400,0.337143,0.328457,0.334400,0.337143,2,2,5.942857e-03
4375,0.328382,0.334324,0.337294,0.328382,0.334324,0.337294,2,2,5.941499e-03
4376,0.328307,0.334247,0.337446,0.328307,0.334247,0.337446,2,2,5.940142e-03
4377,0.328232,0.334171,0.337597,0.328232,0.334171,0.337597,2,2,5.938785e-03
4378,0.328157,0.334095,0.337748,0.328157,0.334095,0.337748,2,2,5.937429e-03
4379,0.328082,0.334018,0.337900,0.328082,0.334018,0.337900,2,2,5.936073e-03
4380,0.328007,0.333942,0.338051,0.328007,0.333942,0.338051,2,2,5.934718e-03
4381,0.327932,0.333866,0.338202,0.327932,0.333866,0.338202,2,2,5.933364e-03
4382,0.327858,0.333790,0.338353,0.327858,0.333790,0.338353,2,2,5.932010e-03
4383,0.327783,0.333714,0.338504,0.327783,0.333714,0.338504,2,2,5.930657e-03
4384,0.327708,0.333637,0.338655,0.327708,0.333637,0.338655,2,2,5.929304e-03
4385,0.327633,0.333561,0.338805,0.327633,0.333561,0.338805,2,2,5.927953e-03
4386,0.327559,0.333485,0.338956,0.327559,0.333485,0.338956,2,2,5.926601e-03
4387,0.327484,0.333409,0.339107,0.327484,0.333409,0.339107,2,2,5.925251e-03
4388,0.327409,0.333333,0.339257,0.327409,0.333333,0.339257,2,2,5.923901e-03
4389,0.327563,0.333257,0.339180,0.327563,0.333257,0.339180,0,0,5.922551e-03
4390,0.327716,0.333182,0.339103,0.327716,0.333182,0.339103,0,0,5.921202e-03
4391,0.327869,0.333106,0.339026,0.327869,0.333106,0.339026,0,0,5.919854e-03
4392,0.328022,0.333030,0.338948,0.328022,0.333030,0.338948,0,0,5.918507e-03
4393,0.328175,0.332954,0.338871,0.328175,0.332954,0.338871,0,0,5.917160e-03
4394,0.328328,0.332878,0.338794,0.328328,0.332878,0.338794,0,0,5.915813e-03
4395,0.328480,0.332803,0.338717,0.328480,0.332803,0.338717,0,0,5.914468e-03
4396,0.328633,0.332727,0.338640,0.328633,0.332727,0.338640,0,0,5.913123e-03
4397,0.328786,0.332651,0.338563,0.328786,0.332651,0.338563,0,0,5.911778e-03
4398,0.328938,0.332576,0.338486,0.328938,0.332576,0.338486,0,0,5.910434e-03
4399,0.329091,0.332500,0.338409,0.329091,0.332500,0.338409,0,0,5.909091e-03
4400,0.329243,0.332424,0.338332,0.329243,0.332424,0.338332,0,0,5.907748e-03
4401,0.329396,0.332349,0.338255,0.329396,0.332349,0.338255,0,0,5.906406e-03
4402,0.329548,0.332273,0.338179,0.329548,0.332273,0.338179,0,0,5.905065e-03
4403,0.329700,0.332198,0.338102,0.329700,0.332198,0.338102,0,0,5.903724e-03
4404,0.329852,0.332123,0.338025,0.329852,0.332123,0.338025,0,0,5.902384e-03
4405,0.330005,0.332047,0.337948,0.330005,0.332047,0.337948,0,0,5.901044e-03
4406,0.330157,0.331972,0.337872,0.330157,0.331972,0.337872,0,0,5.899705e-03
4407,0.330309,0.331897,0.337795,0.330309,0.331897,0.337795,0,0,5.898367e-03
4408,0.330460,0.331821,0.337718,0.330460,0.331821,0.337718,0,0,5.897029e-03
4409,0.330612,0.331746,0.337642,0.330612,0.331746,0.337642,0,0,5.895692e-03
4410,0.330764,0.331671,0.337565,0.330764,0.331671,0.337565,0,0,5.894355e-03
4411,0.330916,0.331596,0.337489,0.330916,0.331596,0.337489,0,0,5.893019e-03
4412,0.331067,0.331521,0.337412,0.331067,0.331521,0.337412,0,0,5.891684e-03
4413,0.331219,0.331445,0.337336,0.331219,0.331445,0.337336,0,0,5.890349e-03
4414,0.331370,0.331370,0.337259,0.331370,0.331370,0.337259,0,0,5.889015e-03
4415,0.331522,0.331295,0.337183,0.331522,0.331295,0.337183,0,0,5.887681e-03
4416,0.331673,0.331220,0.337107,0.331673,0.331220,0.337107,0,0,5.886348e-03
4417,0.331824,0.331145,0.337030,0.331824,0.331145,0.337030,0,0,5.885016e-03
4418,0.331976,0.331070,0.336954,0.331976,0.331070,0.336954,0,0,5.883684e-03
4419,0.332127,0.330995,0.336878,0.332127,0.330995,0.336878,0,0,5.882353e-03
4420,0.332278,0.330921,0.336802,0.332278,0.330921,0.336802,0,0,5.881022e-03
4421,0.332429,0.330846,0.336725,0.332429,0.330846,0.336725,0,0,5.879692e-03
4422,0.332580,0.330771,0.336649,0.332580,0.330771,0.336649,0,0,5.878363e-03
4423,0.332731,0.330696,0.336573,0.332731,0.330696,0.336573,0,0,5.877034e-03
4424,0.332881,0.330621,0.336497,0.332881,0.330621,0.336497,0,0,5.875706e-03
4425,0.333032,0.330547,0.336421,0.333032,0.330547,0.336421,0,0,5.874379e-03
4426,0.333183,0.330472,0.336345,0.333183,0.330472,0.336345,0,0,5.873052e-03
4427,0.333333,0.330397,0.336269,0.333333,0.330397,0.336269,0,0,5.871725e-03
4428,0.333484,0.330323,0.336193,0.333484,0.330323,0.336193,0,0,5.870400e-03
4429,0.333634,0.330248,0.336117,0.333634,0.330248,0.336117,0,0,5.869074e-03
4430,0.333785,0.330174,0.336042,0.333785,0.330174,0.336042,0,0,5.867750e-03
4431,0.333935,0.330099,0.335966,0.333935,0.330099,0.335966,0,0,5.866426e-03
4432,0.334085,0.330025,0.335890,0.334085,0.330025,0.335890,0,0,5.865103e-03
4433,0.334235,0.329950,0.335814,0.334235,0.329950,0.335814,0,0,5.863780e-03
4434,0.334386,0.329876,0.335738,0.334386,0.329876,0.335738,0,0,5.862458e-03
4435,0.334536,0.329802,0.335663,0.334536,0.329802,0.335663,0,0,5.861136e-03
4436,0.334686,0.329727,0.335587,0.334686,0.329727,0.335587,0,0,5.859815e-03
4437,0.334836,0.329653,0.335511,0.334836,0.329653,0.335511,0,0,5.858495e-03
4438,0.334985,0.329579,0.335436,0.334985,0.329579,0.335436,0,0,5.857175e-03
4439,0.335135,0.329505,0.335360,0.335135,0.329505,0.335360,0,0,5.855856e-03
4440,0.335285,0.329430,0.335285,0.335285,0.329430,0.335285,0,0,5.854537e-03
4441,0.335434,0.329356,0.335209,0.335434,0.329356,0.335209,0,0,5.853219e-03
4442,0.335584,0.329282,0.335134,0.335584,0.329282,0.335134,0,0,5.851902e-03
4443,0.335734,0.329208,0.335059,0.335734,0.329208,0.335059,0,0,5.850585e-03
4444,0.335883,0.329134,0.334983,0.335883,0.329134,0.334983,0,0,5.849269e-03
4445,0.336032,0.329060,0.334908,0.336032,0.329060,0.334908,0,0,5.847953e-03
4446,0.336182,0.328986,0.334832,0.336182,0.328986,0.334832,0,0,5.846638e-03
4447,0.336331,0.328912,0.334757,0.336331,0.328912,0.334757,0,0,5.845324e-03
4448,0.336480,0.328838,0.334682,0.336480,0.328838,0.334682,0,0,5.844010e-03
4449,0.336629,0.328764,0.334607,0.336629,0.328764,0.334607,0,0,5.842697e-03
4450,0.336778,0.328690,0.334532,0.336778,0.328690,0.334532,0,0,5.841384e-03
4451,0.336927,0.328616,0.334456,0.336927,0.328616,0.334456,0,0,5.840072e-03
4452,0.337076,0.328543,0.334381,0.337076,0.328543,0.334381,0,0,5.838760e-03
4453,0.337225,0.328469,0.334306,0.337225,0.328469,0.334306,0,0,5.837449e-03
4454,0.337374,0.328395,0.334231,0.337374,0.328395,0.334231,0,0,5.836139e-03
4455,0.337522,0.328321,0.334156,0.337522,0.328321,0.334156,0,0,5.834829e-03
4456,0.337671,0.328248,0.334081,0.337671,0.328248,0.334081,0,0,5.833520e-03
4457,0.337820,0.328174,0.334006,0.337820,0.328174,0.334006,0,0,5.832212e-03
4458,0.337968,0.328100,0.333931,0.337968,0.328100,0.333931,0,0,5.830904e-03
4459,0.338117,0.328027,0.333857,0.338117,0.328027,0.333857,0,0,5.829596e-03
4460,0.338265,0.327953,0.333782,0.338265,0.327953,0.333782,0,0,5.828290e-03
4461,0.338413,0.327880,0.333707,0.338413,0.327880,0.333707,0,0,5.826983e-03
4462,0.338562,0.327806,0.333632,0.338562,0.327806,0.333632,0,0,5.825678e-03
4463,0.338710,0.327733,0.333557,0.338710,0.327733,0.333557,0,0,5.824373e-03
4464,0.338858,0.327660,0.333483,0.338858,0.327660,0.333483,0,0,5.823068e-03
4465,0.339006,0.327586,0.333408,0.339006,0.327586,0.333408,0,0,5.821764e-03
4466,0.339154,0.327513,0.333333,0.339154,0.327513,0.333333,0,0,5.820461e-03
4467,0.339078,0.327663,0.333259,0.339078,0.327663,0.333259,1,1,5.819158e-03
4468,0.339002,0.327814,0.333184,0.339002,0.327814,0.333184,1,1,5.817856e-03
4469,0.338926,0.327964,0.333110,0.338926,0.327964,0.333110,1,1,5.816555e-03
4470,0.338850,0.328115,0.333035,0.338850,0.328115,0.333035,1,1,5.815254e-03
4471,0.338775,0.328265,0.332961,0.338775,0.328265,0.332961,1,1,5.813953e-03
4472,0.338699,0.328415,0.332886,0.338699,0.328415,0.332886,1,1,5.812654e-03
4473,0.338623,0.328565,0.332812,0.338623,0.328565,0.332812,1,1,5.811354e-03
4474,0.338547,0.328715,0.332737,0.338547,0.328715,0.332737,1,1,5.810056e-03
4475,0.338472,0.328865,0.332663,0.338472,0.328865,0.332663,1,1,5.808758e-03
4476,0.338396,0.329015,0.332589,0.338396,0.329015,0.332589,1,1,5.807460e-03
4477,0.338321,0.329165,0.332515,0.338321,0.329165,0.332515,1,1,5.806163e-03
4478,0.338245,0.329315,0.332440,0.338245,0.329315,0.332440,1,1,5.804867e-03
4479,0.338170,0.329464,0.332366,0.338170,0.329464,0.332366,1,1,5.803571e-03
4480,0.338094,0.329614,0.332292,0.338094,0.329614,0.332292,1,1,5.802276e-03
4481,0.338019,0.329763,0.332218,0.338019,0.329763,0.332218,1,1,5.800982e-03
4482,0.337943,0.329913,0.332144,0.337943,0.329913,0.332144,1,1,5.799688e-03
4483,0.337868,0.330062,0.332070,0.337868,0.330062,0.332070,1,1,5.798394e-03
4484,0.337793,0.330212,0.331996,0.337793,0.330212,0.331996,1,1,5.797101e-03
4485,0.337717,0.330361,0.331922,0.337717,0.330361,0.331922,1,1,5.795809e-03
4486,0.337642,0.330510,0.331848,0.337642,0.330510,0.331848,1,1,5.794517e-03
4487,0.337567,0.330660,0.331774,0.337567,0.330660,0.331774,1,1,5.793226e-03
4488,0.337492,0.330809,0.331700,0.337492,0.330809,0.331700,1,1,5.791936e-03
4489,0.337416,0.330958,0.331626,0.337416,0.330958,0.331626,1,1,5.790646e-03
4490,0.337341,0.331107,0.331552,0.337341,0.331107,0.331552,1,1,5.789356e-03
4491,0.337266,0.331256,0.331478,0.337266,0.331256,0.331478,1,1,5.788068e-03
4492,0.337191,0.331404,0.331404,0.337191,0.331404,0.331404,1,1,5.786779e-03
4493,0.337116,0.331553,0.331331,0.337116,0.331553,0.331331,1,1,5.785492e-03
4494,0.337041,0.331702,0.331257,0.337041,0.331702,0.331257,1,1,5.784205e-03
4495,0.336966,0.331851,0.331183,0.336966,0.331851,0.331183,1,1,5.782918e-03
4496,0.336891,0.331999,0.331110,0.336891,0.331999,0.331110,1,1,5.781632e-03
4497,0.336816,0.332148,0.331036,0.336816,0.332148,0.331036,1,1,5.780347e-03
4498,0.336741,0.332296,0.330962,0.336741,0.332296,0.330962,1,1,5.779062e-03
4499,0.336667,0.332444,0.330889,0.336667,0.332444,0.330889,1,1,5.777778e-03
4500,0.336592,0.332593,0.330815,0.336592,0.332593,0.330815,1,1,5.776494e-03
4501,0.336517,0.332741,0.330742,0.336517,0.332741,0.330742,1,1,5.775211e-03
4502,0.336442,0.332889,0.330668,0.336442,0.332889,0.330668,1,1,5.773928e-03
4503,0.336368,0.333037,0.330595,0.336368,0.333037,0.330595,1,1,5.772647e-03
4504,0.336293,0.333185,0.330522,0.336293,0.333185,0.330522,1,1,5.771365e-03
4505,0.336218,0.333333,0.330448,0.336218,0.333333,0.330448,1,1,5.770084e-03
4506,0.336144,0.333481,0.330375,0.336144,0.333481,0.330375,1,1,5.768804e-03
4507,0.336069,0.333629,0.330302,0.336069,0.333629,0.330302,1,1,5.767524e-03
4508,0.335995,0.333777,0.330228,0.335995,0.333777,0.330228,1,1,5.766245e-03
4509,0.335920,0.333925,0.330155,0.335920,0.333925,0.330155,1,1,5.764967e-03
4510,0.335846,0.334072,0.330082,0.335846,0.334072,0.330082,1,1,5.763689e-03
4511,0.335771,0.334220,0.330009,0.335771,0.334220,0.330009,1,1,5.762411e-03
4512,0.335697,0.334367,0.329936,0.335697,0.334367,0.329936,1,1,5.761135e-03
4513,0.335623,0.334515,0.329863,0.335623,0.334515,0.329863,1,1,5.759858e-03
4514,0.335548,0.334662,0.329790,0.335548,0.334662,0.329790,1,1,5.758583e-03
4515,0.335474,0.334810,0.329717,0.335474,0.334810,0.329717,1,1,5.757307e-03
4516,0.335400,0.334957,0.329644,0.335400,0.334957,0.329644,1,1,5.756033e-03
4517,0.335325,0.335104,0.329571,0.335325,0.335104,0.329571,1,1,5.754759e-03
4518,0.335251,0.335251,0.329498,0.335251,0.335251,0.329498,1,1,5.753485e-03
4519,0.335177,0.335398,0.329425,0.335177,0.335398,0.329425,1,1,5.752212e-03
4520,0.335103,0.335545,0.329352,0.335103,0.335545,0.329352,1,1,5.750940e-03
4521,0.335029,0.335692,0.329279,0.335029,0.335692,0.329279,1,1,5.749668e-03
4522,0.334955,0.335839,0.329206,0.334955,0.335839,0.329206,1,1,5.748397e-03
4523,0.334881,0.335986,0.329134,0.334881,0.335986,0.329134,1,1,5.747126e-03
4524,0.334807,0.336133,0.329061,0.334807,0.336133,0.329061,1,1,5.745856e-03
4525,0.334733,0.336279,0.328988,0.334733,0.336279,0.328988,1,1,5.744587e-03
4526,0.334659,0.336426,0.328915,0.334659,0.336426,0.328915,1,1,5.743318e-03
4527,0.334585,0.336572,0.328843,0.334585,0.336572,0.328843,1,1,5.742049e-03
4528,0.334511,0.336719,0.328770,0.334511,0.336719,0.328770,1,1,5.740782e-03
4529,0.334437,0.336865,0.328698,0.334437,0.336865,0.328698,1,1,5.739514e-03
4530,0.334363,0.337012,0.328625,0.334363,0.337012,0.328625,1,1,5.738248e-03
4531,0.334289,0.337158,0.328553,0.334289,0.337158,0.328553,1,1,5.736981e-03
4532,0.334216,0.337304,0.328480,0.334216,0.337304,0.328480,1,1,5.735716e-03
4533,0.334142,0.337450,0.328408,0.334142,0.337450,0.328408,1,1,5.734451e-03
4534,0.334068,0.337596,0.328335,0.334068,0.337596,0.328335,1,1,5.733186e-03
4535,0.333995,0.337743,0.328263,0.333995,0.337743,0.328263,1,1,5.731922e-03
4536,0.333921,0.337888,0.328190,0.333921,0.337888,0.328190,1,1,5.730659e-03
4537,0.333848,0.338034,0.328118,0.333848,0.338034,0.328118,1,1,5.729396e-03
4538,0.333774,0.338180,0.328046,0.333774,0.338180,0.328046,1,1,5.728134e-03
4539,0.333700,0.338326,0.327974,0.333700,0.338326,0.327974,1,1,5.726872e-03
4540,0.333627,0.338472,0.327901,0.333627,0.338472,0.327901,1,1,5.725611e-03
4541,0.333554,0.338617,0.327829,0.333554,0.338617,0.327829,1,1,5.724351e-03
4542,0.333480,0.338763,0.327757,0.333480,0.338763,0.327757,1,1,5.723090e-03
4543,0.333407,0.338908,0.327685,0.333407,0.338908,0.327685,1,1,5.721831e-03
4544,0.333333,0.339054,0.327613,0.333333,0.339054,0.327613,1,1,5.720572e-03
4545,0.333260,0.339199,0.327541,0.333260,0.339199,0.327541,1,1,5.939287e-03
4546,0.333187,0.339125,0.327689,0.333187,0.339125,0.327689,2,2,5.937981e-03
4547,0.333113,0.339050,0.327836,0.333113,0.339050,0.327836,2,2,5.936675e-03
4548,0.333040,0.338976,0.327984,0.333040,0.338976,0.327984,2,2,5.935370e-03
4549,0.332967,0.338901,0.328132,0.332967,0.338901,0.328132,2,2,5.934066e-03
4550,0.332894,0.338827,0.328279,0.332894,0.338827,0.328279,2,2,5.932762e-03
4551,0.332821,0.338752,0.328427,0.332821,0.338752,0.328427,2,2,5.931459e-03
4552,0.332748,0.338678,0.328575,0.332748,0.338678,0.328575,2,2,5.930156e-03
4553,0.332675,0.338603,0.328722,0.332675,0.338603,0.328722,2,2,5.928854e-03
4554,0.332602,0.338529,0.328869,0.332602,0.338529,0.328869,2,2,5.927552e-03
4555,0.332529,0.338455,0.329017,0.332529,0.338455,0.329017,2,2,5.926251e-03
4556,0.332456,0.338381,0.329164,0.332456,0.338381,0.329164,2,2,5.924951e-03
4557,0.332383,0.338306,0.329311,0.332383,0.338306,0.329311,2,2,5.923651e-03
4558,0.332310,0.338232,0.329458,0.332310,0.338232,0.329458,2,2,5.922351e-03
4559,0.332237,0.338158,0.329605,0.332237,0.338158,0.329605,2,2,5.921053e-03
4560,0.332164,0.338084,0.329752,0.332164,0.338084,0.329752,2,2,5.919754e-03
4561,0.332091,0.338010,0.329899,0.332091,0.338010,0.329899,2,2,5.918457e-03
4562,0.332018,0.337936,0.330046,0.332018,0.337936,0.330046,2,2,5.917160e-03
4563,0.331946,0.337862,0.330193,0.331946,0.337862,0.330193,2,2,5.915863e-03
4564,0.331873,0.337788,0.330340,0.331873,0.337788,0.330340,2,2,5.914567e-03
4565,0.331800,0.337714,0.330486,0.331800,0.337714,0.330486,2,2,5.913272e-03
4566,0.331728,0.337640,0.330633,0.331728,0.337640,0.330633,2,2,5.911977e-03
4567,0.331655,0.337566,0.330779,0.331655,0.337566,0.330779,2,2,5.910683e-03
4568,0.331582,0.337492,0.330926,0.331582,0.337492,0.330926,2,2,5.909389e-03
4569,0.331510,0.337418,0.331072,0.331510,0.337418,0.331072,2,2,5.908096e-03
4570,0.331437,0.337344,0.331219,0.331437,0.337344,0.331219,2,2,5.906804e-03
4571,0.331365,0.337270,0.331365,0.331365,0.337270,0.331365,2,2,5.905512e-03
4572,0.331292,0.337197,0.331511,0.331292,0.337197,0.331511,2,2,5.904220e-03
4573,0.331220,0.337123,0.331657,0.331220,0.337123,0.331657,2,2,5.902930e-03
4574,0.331148,0.337049,0.331803,0.331148,0.337049,0.331803,2,2,5.901639e-03
4575,0.331075,0.336976,0.331949,0.331075,0.336976,0.331949,2,2,5.900350e-03
4576,0.331003,0.336902,0.332095,0.331003,0.336902,0.332095,2,2,5.899061e-03
4577,0.330931,0.336828,0.332241,0.330931,0.336828,0.332241,2,2,5.897772e-03
4578,0.330858,0.336755,0.332387,0.330858,0.336755,0.332387,2,2,5.896484e-03
4579,0.330786,0.336681,0.332533,0.330786,0.336681,0.332533,2,2,5.895197e-03
4580,0.330714,0.336608,0.332678,0.330714,0.336608,0.332678,2,2,5.893910e-03
4581,0.330642,0.336534,0.332824,0.330642,0.336534,0.332824,2,2,5.892623e-03
4582,0.330569,0.336461,0.332970,0.330569,0.336461,0.332970,2,2,5.891338e-03
4583,0.330497,0.336387,0.333115,0.330497,0.336387,0.333115,2,2,5.890052e-03
4584,0.330425,0.336314,0.333261,0.330425,0.336314,0.333261,2,2,5.888768e-03
4585,0.330353,0.336241,0.333406,0.330353,0.336241,0.333406,2,2,5.887484e-03
4586,0.330281,0.336167,0.333551,0.330281,0.336167,0.333551,2,2,5.886200e-03
4587,0.330209,0.336094,0.333697,0.330209,0.336094,0.333697,2,2,5.884917e-03
4588,0.330137,0.336021,0.333842,0.330137,0.336021,0.333842,2,2,5.883635e-03
4589,0.330065,0.335948,0.333987,0.330065,0.335948,0.333987,2,2,5.882353e-03
4590,0.329993,0.335875,0.334132,0.329993,0.335875,0.334132,2,2,5.881072e-03
4591,0.329922,0.335801,0.334277,0.329922,0.335801,0.334277,2,2,5.879791e-03
4592,0.329850,0.335728,0.334422,0.329850,0.335728,0.334422,2,2,5.878511e-03
4593,0.329778,0.335655,0.334567,0.329778,0.335655,0.334567,2,2,5.877231e-03
4594,0.329706,0.335582,0.334712,0.329706,0.335582,0.334712,2,2,5.875952e-03
4595,0.329634,0.335509,0.334856,0.329634,0.335509,0.334856,2,2,5.874674e-03
4596,0.329563,0.335436,0.335001,0.329563,0.335436,0.335001,2,2,5.873396e-03
4597,0.329491,0.335363,0.335146,0.329491,0.335363,0.335146,2,2,5.872118e-03
4598,0.329419,0.335290,0.335290,0.329419,0.335290,0.335290,2,2,5.870841e-03
4599,0.329348,0.335217,0.335435,0.329348,0.335217,0.335435,2,2,5.869565e-03
4600,0.329276,0.335145,0.335579,0.329276,0.335145,0.335579,2,2,5.868290e-03
4601,0.329205,0.335072,0.335724,0.329205,0.335072,0.335724,2,2,5.867014e-03
4602,0.329133,0.334999,0.335868,0.329133,0.334999,0.335868,2,2,5.865740e-03
4603,0.329062,0.334926,0.336012,0.329062,0.334926,0.336012,2,2,5.864466e-03
4604,0.328990,0.334853,0.336156,0.328990,0.334853,0.336156,2,2,5.863192e-03
4605,0.328919,0.334781,0.336300,0.328919,0.334781,0.336300,2,2,5.861919e-03
4606,0.328847,0.334708,0.336445,0.328847,0.334708,0.336445,2,2,5.860647e-03
4607,0.328776,0.334635,0.336589,0.328776,0.334635,0.336589,2,2,5.859375e-03
4608,0.328705,0.334563,0.336732,0.328705,0.334563,0.336732,2,2,5.858104e-03
4609,0.328633,0.334490,0.336876,0.328633,0.334490,0.336876,2,2,5.856833e-03
4610,0.328562,0.334418,0.337020,0.328562,0.334418,0.337020,2,2,5.855563e-03
4611,0.328491,0.334345,0.337164,0.328491,0.334345,0.337164,2,2,5.854293e-03
4612,0.328420,0.334273,0.337308,0.328420,0.334273,0.337308,2,2,5.853024e-03
4613,0.328349,0.334200,0.337451,0.328349,0.334200,0.337451,2,2,5.851756e-03
4614,0.328277,0.334128,0.337595,0.328277,0.334128,0.337595,2,2,5.850488e-03
4615,0.328206,0.334055,0.337738,0.328206,0.334055,0.337738,2,2,5.849220e-03
4616,0.328135,0.333983,0.337882,0.328135,0.333983,0.337882,2,2,5.847953e-03
4617,0.328064,0.333911,0.338025,0.328064,0.333911,0.338025,2,2,5.846687e-03
4618,0.327993,0.333838,0.338168,0.327993,0.333838,0.338168,2,2,5.845421e-03
4619,0.327922,0.333766,0.338312,0.327922,0.333766,0.338312,2,2,5.844156e-03
4620,0.327851,0.333694,0.338455,0.327851,0.333694,0.338455,2,2,5.842891e-03
4621,0.327780,0.333622,0.338598,0.327780,0.333622,0.338598,2,2,5.841627e-03
4622,0.327709,0.333550,0.338741,0.327709,0.333550,0.338741,2,2,5.840363e-03
4623,0.327638,0.333478,0.338884,0.327638,0.333478,0.338884,2,2,5.839100e-03
4624,0.327568,0.333405,0.339027,0.327568,0.333405,0.339027,2,2,5.837838e-03
4625,0.327497,0.333333,0.339170,0.327497,0.333333,0.339170,2,2,5.836576e-03
4626,0.327642,0.333261,0.339097,0.327642,0.333261,0.339097,0,0,5.835314e-03
4627,0.327787,0.333189,0.339023,0.327787,0.333189,0.339023,0,0,5.834054e-03
4628,0.327933,0.333117,0.338950,0.327933,0.333117,0.338950,0,0,5.832793e-03
4629,0.328078,0.333045,0.338877,0.328078,0.333045,0.338877,0,0,5.831533e-03
4630,0.328223,0.332973,0.338804,0.328223,0.332973,0.338804,0,0,5.830274e-03
4631,0.328368,0.332902,0.338731,0.328368,0.332902,0.338731,0,0,5.829016e-03
4632,0.328513,0.332830,0.338657,0.328513,0.332830,0.338657,0,0,5.827757e-03
4633,0.328658,0.332758,0.338584,0.328658,0.332758,0.338584,0,0,5.826500e-03
4634,0.328803,0.332686,0.338511,0.328803,0.332686,0.338511,0,0,5.825243e-03
4635,0.328947,0.332614,0.338438,0.328947,0.332614,0.338438,0,0,5.823986e-03
4636,0.329092,0.332543,0.338365,0.329092,0.332543,0.338365,0,0,5.822730e-03
4637,0.329237,0.332471,0.338292,0.329237,0.332471,0.338292,0,0,5.821475e-03
4638,0.329381,0.332399,0.338219,0.329381,0.332399,0.338219,0,0,5.820220e-03
4639,0.329526,0.332328,0.338147,0.329526,0.332328,0.338147,0,0,5.818966e-03
4640,0.329670,0.332256,0.338074,0.329670,0.332256,0.338074,0,0,5.817712e-03
4641,0.329815,0.332184,0.338001,0.329815,0.332184,0.338001,0,0,5.816458e-03
4642,0.329959,0.332113,0.337928,0.329959,0.332113,0.337928,0,0,5.815206e-03
4643,0.330103,0.332041,0.337855,0.330103,0.332041,0.337855,0,0,5.813953e-03
4644,0.330248,0.331970,0.337783,0.330248,0.331970,0.337783,0,0,5.812702e-03
4645,0.330392,0.331898,0.337710,0.330392,0.331898,0.337710,0,0,5.811451e-03
4646,0.330536,0.331827,0.337637,0.330536,0.331827,0.337637,0,0,5.810200e-03
4647,0.330680,0.331756,0.337565,0.330680,0.331756,0.337565,0,0,5.808950e-03
4648,0.330824,0.331684,0.337492,0.330824,0.331684,0.337492,0,0,5.807701e-03
4649,0.330968,0.331613,0.337419,0.330968,0.331613,0.337419,0,0,5.806452e-03
4650,0.331112,0.331542,0.337347,0.331112,0.331542,0.337347,0,0,5.805203e-03
4651,0.331255,0.331470,0.337274,0.331255,0.331470,0.337274,0,0,5.803955e-03
4652,0.331399,0.331399,0.337202,0.331399,0.331399,0.337202,0,0,5.802708e-03
4653,0.331543,0.331328,0.337129,0.331543,0.331328,0.337129,0,0,5.801461e-03
4654,0.331686,0.331257,0.337057,0.331686,0.331257,0.337057,0,0,5.800215e-03
4655,0.331830,0.331186,0.336985,0.331830,0.331186,0.336985,0,0,5.798969e-03
4656,0.331973,0.331114,0.336912,0.331973,0.331114,0.336912,0,0,5.797724e-03
4657,0.332117,0.331043,0.336840,0.332117,0.331043,0.336840,0,0,5.796479e-03
4658,0.332260,0.330972,0.336768,0.332260,0.330972,0.336768,0,0,5.795235e-03
4659,0.332403,0.330901,0.336695,0.332403,0.330901,0.336695,0,0,5.793991e-03
4660,0.332547,0.330830,0.336623,0.332547,0.330830,0.336623,0,0,5.792748e-03
4661,0.332690,0.330759,0.336551,0.332690,0.330759,0.336551,0,0,5.791506e-03
4662,0.332833,0.330688,0.336479,0.332833,0.330688,0.336479,0,0,5.790264e-03
4663,0.332976,0.330617,0.336407,0.332976,0.330617,0.336407,0,0,5.789022e-03
4664,0.333119,0.330547,0.336334,0.333119,0.330547,0.336334,0,0,5.787781e-03
4665,0.333262,0.330476,0.336262,0.333262,0.330476,0.336262,0,0,5.786541e-03
4666,0.333405,0.330405,0.336190,0.333405,0.330405,0.336190,0,0,5.785301e-03
4667,0.333548,0.330334,0.336118,0.333548,0.330334,0.336118,0,0,5.784062e-03
4668,0.333690,0.330263,0.336046,0.333690,0.330263,0.336046,0,0,5.782823e-03
4669,0.333833,0.330193,0.335974,0.333833,0.330193,0.335974,0,0,5.781585e-03
4670,0.333976,0.330122,0.335902,0.333976,0.330122,0.335902,0,0,5.780347e-03
4671,0.334118,0.330051,0.335830,0.334118,0.330051,0.335830,0,0,5.779110e-03
4672,0.334261,0.329981,0.335759,0.334261,0.329981,0.335759,0,0,5.777873e-03
4673,0.334403,0.329910,0.335687,0.334403,0.329910,0.335687,0,0,5.776637e-03
4674,0.334545,0.329840,0.335615,0.334545,0.329840,0.335615,0,0,5.775401e-03
4675,0.334688,0.329769,0.335543,0.334688,0.329769,0.335543,0,0,5.774166e-03
4676,0.334830,0.329699,0.335471,0.334830,0.329699,0.335471,0,0,5.772931e-03
4677,0.334972,0.329628,0.335400,0.334972,0.329628,0.335400,0,0,5.771697e-03
4678,0.335114,0.329558,0.335328,0.335114,0.329558,0.335328,0,0,5.770464e-03
4679,0.335256,0.329487,0.335256,0.335256,0.329487,0.335256,0,0,5.769231e-03
4680,0.335398,0.329417,0.335185,0.335398,0.329417,0.335185,0,0,5.767998e-03
4681,0.335540,0.329346,0.335113,0.335540,0.329346,0.335113,0,0,5.766766e-03
4682,0.335682,0.329276,0.335042,0.335682,0.329276,0.335042,0,0,5.765535e-03
4683,0.335824,0.329206,0.334970,0.335824,0.329206,0.334970,0,0,5.764304e-03
4684,0.335966,0.329136,0.334899,0.335966,0.329136,0.334899,0,0,5.763074e-03
4685,0.336108,0.329065,0.334827,0.336108,0.329065,0.334827,0,0,5.761844e-03
4686,0.336249,0.328995,0.334756,0.336249,0.328995,0.334756,0,0,5.760614e-03
4687,0.336391,0.328925,0.334684,0.336391,0.328925,0.334684,0,0,5.759386e-03
4688,0.336532,0.328855,0.334613,0.336532,0.328855,0.334613,0,0,5.758157e-03
4689,0.336674,0.328785,0.334542,0.336674,0.328785,0.334542,0,0,5.756930e-03
4690,0.336815,0.328715,0.334470,0.336815,0.328715,0.334470,0,0,5.755702e-03
4691,0.336957,0.328645,0.334399,0.336957,0.328645,0.334399,0,0,5.754476e-03
4692,0.337098,0.328574,0.334328,0.337098,0.328574,0.334328,0,0,5.753250e-03
4693,0.337239,0.328504,0.334256,0.337239,0.328504,0.334256,0,0,5.752024e-03
4694,0.337380,0.328435,0.334185,0.337380,0.328435,0.334185,0,0,5.750799e-03
4695,0.337521,0.328365,0.334114,0.337521,0.328365,0.334114,0,0,5.749574e-03
4696,0.337662,0.328295,0.334043,0.337662,0.328295,0.334043,0,0,5.748350e-03
4697,0.337803,0.328225,0.333972,0.337803,0.328225,0.333972,0,0,5.747126e-03
4698,0.337944,0.328155,0.333901,0.337944,0.328155,0.333901,0,0,5.745903e-03
4699,0.338085,0.328085,0.333830,0.338085,0.328085,0.333830,0,0,5.744681e-03
4700,0.338226,0.328015,0.333759,0.338226,0.328015,0.333759,0,0,5.743459e-03
4701,0.338367,0.327946,0.333688,0.338367,0.327946,0.333688,0,0,5.742237e-03
4702,0.338507,0.327876,0.333617,0.338507,0.327876,0.333617,0,0,5.741016e-03
4703,0.338648,0.327806,0.333546,0.338648,0.327806,0.333546,0,0,5.739796e-03
4704,0.338789,0.327736,0.333475,0.338789,0.327736,0.333475,0,0,5.738576e-03
4705,0.338929,0.327667,0.333404,0.338929,0.327667,0.333404,0,0,5.737357e-03
4706,0.339069,0.327597,0.333333,0.339069,0.327597,0.333333,0,0,5.736138e-03
4707,0.339210,0.327528,0.333263,0.339210,0.327528,0.333263,0,0,5.947324e-03
4708,0.339138,0.327670,0.333192,0.339138,0.327670,0.333192,1,1,5.946061e-03
4709,0.339066,0.327813,0.333121,0.339066,0.327813,0.333121,1,1,5.944798e-03
4710,0.338994,0.327956,0.333050,0.338994,0.327956,0.333050,1,1,5.943536e-03
4711,0.338922,0.328098,0.332980,0.338922,0.328098,0.332980,1,1,5.942275e-03
4712,0.338850,0.328241,0.332909,0.338850,0.328241,0.332909,1,1,5.941014e-03
4713,0.338778,0.328384,0.332838,0.338778,0.328384,0.332838,1,1,5.939754e-03
4714,0.338706,0.328526,0.332768,0.338706,0.328526,0.332768,1,1,5.938494e-03
4715,0.338634,0.328668,0.332697,0.338634,0.328668,0.332697,1,1,5.937235e-03
4716,0.338563,0.328811,0.332627,0.338563,0.328811,0.332627,1,1,5.935976e-03
4717,0.338491,0.328953,0.332556,0.338491,0.328953,0.332556,1,1,5.934718e-03
4718,0.338419,0.329095,0.332486,0.338419,0.329095,0.332486,1,1,5.933460e-03
4719,0.338347,0.329237,0.332415,0.338347,0.329237,0.332415,1,1,5.932203e-03
4720,0.338276,0.329379,0.332345,0.338276,0.329379,0.332345,1,1,5.930947e-03
4721,0.338204,0.329521,0.332274,0.338204,0.329521,0.332274,1,1,5.929691e-03
4722,0.338133,0.329663,0.332204,0.338133,0.329663,0.332204,1,1,5.928435e-03
4723,0.338061,0.329805,0.332134,0.338061,0.329805,0.332134,1,1,5.927180e-03
4724,0.337989,0.329947,0.332063,0.337989,0.329947,0.332063,1,1,5.925926e-03
4725,0.337918,0.330089,0.331993,0.337918,0.330089,0.331993,1,1,5.924672e-03
4726,0.337846,0.330231,0.331923,0.337846,0.330231,0.331923,1,1,5.923419e-03
4727,0.337775,0.330372,0.331853,0.337775,0.330372,0.331853,1,1,5.922166e-03
4728,0.337704,0.330514,0.331783,0.337704,0.330514,0.331783,1,1,5.920914e-03
4729,0.337632,0.330655,0.331712,0.337632,0.330655,0.331712,1,1,5.919662e-03
4730,0.337561,0.330797,0.331642,0.337561,0.330797,0.331642,1,1,5.918410e-03
4731,0.337489,0.330938,0.331572,0.337489,0.330938,0.331572,1,1,5.917160e-03
4732,0.337418,0.331080,0.331502,0.337418,0.331080,0.331502,1,1,5.915910e-03
4733,0.337347,0.331221,0.331432,0.337347,0.331221,0.331432,1,1,5.914660e-03
4734,0.337276,0.331362,0.331362,0.337276,0.331362,0.331362,1,1,5.913411e-03
4735,0.337204,0.331503,0.331292,0.337204,0.331503,0.331292,1,1,5.912162e-03
4736,0.337133,0.331645,0.331222,0.337133,0.331645,0.331222,1,1,5.910914e-03
4737,0.337062,0.331786,0.331152,0.337062,0.331786,0.331152,1,1,5.909667e-03
4738,0.336991,0.331927,0.331083,0.336991,0.331927,0.331083,1,1,5.908419e-03
4739,0.336920,0.332068,0.331013,0.336920,0.332068,0.331013,1,1,5.907173e-03
4740,0.336849,0.332208,0.330943,0.336849,0.332208,0.330943,1,1,5.905927e-03
4741,0.336778,0.332349,0.330873,0.336778,0.332349,0.330873,1,1,5.904682e-03
4742,0.336707,0.332490,0.330803,0.336707,0.332490,0.330803,1,1,5.903437e-03
4743,0.336636,0.332631,0.330734,0.336636,0.332631,0.330734,1,1,5.902192e-03
4744,0.336565,0.332771,0.330664,0.336565,0.332771,0.330664,1,1,5.900948e-03
4745,0.336494,0.332912,0.330594,0.336494,0.332912,0.330594,1,1,5.899705e-03
4746,0.336423,0.333052,0.330525,0.336423,0.333052,0.330525,1,1,5.898462e-03
4747,0.336352,0.333193,0.330455,0.336352,0.333193,0.330455,1,1,5.897220e-03
4748,0.336281,0.333333,0.330385,0.336281,0.333333,0.330385,1,1,5.895978e-03
4749,0.336211,0.333474,0.330316,0.336211,0.333474,0.330316,1,1,5.894737e-03
4750,0.336140,0.333614,0.330246,0.336140,0.333614,0.330246,1,1,5.893496e-03
4751,0.336069,0.333754,0.330177,0.336069,0.333754,0.330177,1,1,5.892256e-03
4752,0.335998,0.333894,0.330107,0.335998,0.333894,0.330107,1,1,5.891016e-03
4753,0.335928,0.334034,0.330038,0.335928,0.334034,0.330038,1,1,5.889777e-03
4754,0.335857,0.334175,0.329968,0.335857,0.334175,0.329968,1,1,5.888538e-03
4755,0.335786,0.334315,0.329899,0.335786,0.334315,0.329899,1,1,5.887300e-03
4756,0.335716,0.334454,0.329830,0.335716,0.334454,0.329830,1,1,5.886063e-03
4757,0.335645,0.334594,0.329760,0.335645,0.334594,0.329760,1,1,5.884826e-03
4758,0.335575,0.334734,0.329691,0.335575,0.334734,0.329691,1,1,5.883589e-03
4759,0.335504,0.334874,0.329622,0.335504,0.334874,0.329622,1,1,5.882353e-03
4760,0.335434,0.335014,0.329553,0.335434,0.335014,0.329553,1,1,5.881117e-03
4761,0.335363,0.335153,0.329483,0.335363,0.335153,0.329483,1,1,5.879882e-03
4762,0.335293,0.335293,0.329414,0.335293,0.335293,0.329414,1,1,5.878648e-03
4763,0.335223,0.335432,0.329345,0.335223,0.335432,0.329345,1,1,5.877414e-03
4764,0.335152,0.335572,0.329276,0.335152,0.335572,0.329276,1,1,5.876180e-03
4765,0.335082,0.335711,0.329207,0.335082,0.335711,0.329207,1,1,5.874948e-03
4766,0.335012,0.335851,0.329138,0.335012,0.335851,0.329138,1,1,5.873715e-03
4767,0.334941,0.335990,0.329069,0.334941,0.335990,0.329069,1,1,5.872483e-03
4768,0.334871,0.336129,0.329000,0.334871,0.336129,0.329000,1,1,5.871252e-03
4769,0.334801,0.336268,0.328931,0.334801,0.336268,0.328931,1,1,5.870021e-03
4770,0.334731,0.336407,0.328862,0.334731,0.336407,0.328862,1,1,5.868791e-03
4771,0.334661,0.336547,0.328793,0.334661,0.336547,0.328793,1,1,5.867561e-03
4772,0.334590,0.336686,0.328724,0.334590,0.336686,0.328724,1,1,5.866331e-03
4773,0.334520,0.336824,0.328655,0.334520,0.336824,0.328655,1,1,5.865103e-03
4774,0.334450,0.336963,0.328586,0.334450,0.336963,0.328586,1,1,5.863874e-03
4775,0.334380,0.337102,0.328518,0.334380,0.337102,0.328518,1,1,5.862647e-03
4776,0.334310,0.337241,0.328449,0.334310,0.337241,0.328449,1,1,5.861419e-03
4777,0.334240,0.337380,0.328380,0.334240,0.337380,0.328380,1,1,5.860193e-03
4778,0.334170,0.337518,0.328311,0.334170,0.337518,0.328311,1,1,5.858966e-03
4779,0.334100,0.337657,0.328243,0.334100,0.337657,0.328243,1,1,5.857741e-03
4780,0.334031,0.337795,0.328174,0.334031,0.337795,0.328174,1,1,5.856515e-03
4781,0.333961,0.337934,0.328105,0.333961,0.337934,0.328105,1,1,5.855291e-03
4782,0.333891,0.338072,0.328037,0.333891,0.338072,0.328037,1,1,5.854066e-03
4783,0.333821,0.338211,0.327968,0.333821,0.338211,0.327968,1,1,5.852843e-03
4784,0.333751,0.338349,0.327900,0.333751,0.338349,0.327900,1,1,5.851620e-03
4785,0.333682,0.338487,0.327831,0.333682,0.338487,0.327831,1,1,5.850397e-03
4786,0.333612,0.338625,0.327763,0.333612,0.338625,0.327763,1,1,5.849175e-03
4787,0.333542,0.338764,0.327694,0.333542,0.338764,0.327694,1,1,5.847953e-03
4788,0.333473,0.338902,0.327626,0.333473,0.338902,0.327626,1,1,5.846732e-03
4789,0.333403,0.339040,0.327557,0.333403,0.339040,0.327557,1,1,5.845511e-03
4790,0.333333,0.339178,0.327489,0.333333,0.339178,0.327489,1,1,5.844291e-03
4791,0.333264,0.339107,0.327629,0.333264,0.339107,0.327629,2,2,5.843072e-03
4792,0.333194,0.339036,0.327770,0.333194,0.339036,0.327770,2,2,5.841853e-03
4793,0.333125,0.338965,0.327910,0.333125,0.338965,0.327910,2,2,5.840634e-03
4794,0.333055,0.338895,0.328050,0.333055,0.338895,0.328050,2,2,5.839416e-03
4795,0.332986,0.338824,0.328190,0.332986,0.338824,0.328190,2,2,5.838198e-03
4796,0.332916,0.338753,0.328330,0.332916,0.338753,0.328330,2,2,5.836981e-03
4797,0.332847,0.338683,0.328470,0.332847,0.338683,0.328470,2,2,5.835765e-03
4798,0.332778,0.338612,0.328610,0.332778,0.338612,0.328610,2,2,5.834549e-03
4799,0.332708,0.338542,0.328750,0.332708,0.338542,0.328750,2,2,5.833333e-03
4800,0.332639,0.338471,0.328890,0.332639,0.338471,0.328890,2,2,5.832118e-03
4801,0.332570,0.338401,0.329030,0.332570,0.338401,0.329030,2,2,5.830904e-03
4802,0.332501,0.338330,0.329169,0.332501,0.338330,0.329169,2,2,5.829690e-03
4803,0.332431,0.338260,0.329309,0.332431,0.338260,0.329309,2,2,5.828476e-03
4804,0.332362,0.338189,0.329448,0.332362,0.338189,0.329448,2,2,5.827263e-03
4805,0.332293,0.338119,0.329588,0.332293,0.338119,0.329588,2,2,5.826051e-03
4806,0.332224,0.338049,0.329727,0.332224,0.338049,0.329727,2,2,5.824839e-03
4807,0.332155,0.337978,0.329867,0.332155,0.337978,0.329867,2,2,5.823627e-03
4808,0.332086,0.337908,0.330006,0.332086,0.337908,0.330006,2,2,5.822416e-03
4809,0.332017,0.337838,0.330146,0.332017,0.337838,0.330146,2,2,5.821206e-03
4810,0.331948,0.337768,0.330285,0.331948,0.337768,0.330285,2,2,5.819996e-03
4811,0.331879,0.337697,0.330424,0.331879,0.337697,0.330424,2,2,5.818786e-03
4812,0.331810,0.337627,0.330563,0.331810,0.337627,0.330563,2,2,5.817577e-03
4813,0.331741,0.337557,0.330702,0.331741,0.337557,0.330702,2,2,5.816369e-03
4814,0.331672,0.337487,0.330841,0.331672,0.337487,0.330841,2,2,5.815161e-03
4815,0.331603,0.337417,0.330980,0.331603,0.337417,0.330980,2,2,5.813953e-03
4816,0.331534,0.337347,0.331119,0.331534,0.337347,0.331119,2,2,5.812747e-03
4817,0.331465,0.337277,0.331258,0.331465,0.337277,0.331258,2,2,5.811540e-03
4818,0.331397,0.337207,0.331397,0.331397,0.337207,0.331397,2,2,5.810334e-03
4819,0.331328,0.337137,0.331535,0.331328,0.337137,0.331535,2,2,5.809129e-03
4820,0.331259,0.337067,0.331674,0.331259,0.337067,0.331674,2,2,5.807924e-03
4821,0.331190,0.336997,0.331813,0.331190,0.336997,0.331813,2,2,5.806719e-03
4822,0.331122,0.336927,0.331951,0.331122,0.336927,0.331951,2,2,5.805515e-03
4823,0.331053,0.336857,0.332090,0.331053,0.336857,0.332090,2,2,5.804312e-03
4824,0.330984,0.336788,0.332228,0.330984,0.336788,0.332228,2,2,5.803109e-03
4825,0.330916,0.336718,0.332366,0.330916,0.336718,0.332366,2,2,5.801906e-03
4826,0.330847,0.336648,0.332505,0.330847,0.336648,0.332505,2,2,5.800704e-03
4827,0.330779,0.336578,0.332643,0.330779,0.336578,0.332643,2,2,5.799503e-03
4828,0.330710,0.336509,0.332781,0.330710,0.336509,0.332781,2,2,5.798302e-03
4829,0.330642,0.336439,0.332919,0.330642,0.336439,0.332919,2,2,5.797101e-03
4830,0.330573,0.336369,0.333057,0.330573,0.336369,0.333057,2,2,5.795901e-03
4831,0.330505,0.336300,0.333195,0.330505,0.336300,0.333195,2,2,5.794702e-03
4832,0.330437,0.336230,0.333333,0.330437,0.336230,0.333333,2,2,5.793503e-03
4833,0.330368,0.336161,0.333471,0.330368,0.336161,0.333471,2,2,5.792305e-03
4834,0.330300,0.336091,0.333609,0.330300,0.336091,0.333609,2,2,5.791107e-03
4835,0.330232,0.336022,0.333747,0.330232,0.336022,0.333747,2,2,5.789909e-03
4836,0.330163,0.335952,0.333885,0.330163,0.335952,0.333885,2,2,5.788712e-03
4837,0.330095,0.335883,0.334022,0.330095,0.335883,0.334022,2,2,5.787516e-03
4838,0.330027,0.335813,0.334160,0.330027,0.335813,0.334160,2,2,5.786319e-03
4839,0.329959,0.335744,0.334298,0.329959,0.335744,0.334298,2,2,5.785124e-03
4840,0.329891,0.335674,0.334435,0.329891,0.335674,0.334435,2,2,5.783929e-03
4841,0.329822,0.335605,0.334572,0.329822,0.335605,0.334572,2,2,5.782734e-03
4842,0.329754,0.335536,0.334710,0.329754,0.335536,0.334710,2,2,5.781540e-03
4843,0.329686,0.335467,0.334847,0.329686,0.335467,0.334847,2,2,5.780347e-03
4844,0.329618,0.335397,0.334985,0.329618,0.335397,0.334985,2,2,5.779154e-03
4845,0.329550,0.335328,0.335122,0.329550,0.335328,0.335122,2,2,5.777961e-03
4846,0.329482,0.335259,0.335259,0.329482,0.335259,0.335259,2,2,5.776769e-03
4847,0.329414,0.335190,0.335396,0.329414,0.335190,0.335396,2,2,5.775578e-03
4848,0.329346,0.335121,0.335533,0.329346,0.335121,0.335533,2,2,5.774386e-03
4849,0.329278,0.335052,0.335670,0.329278,0.335052,0.335670,2,2,5.773196e-03
4850,0.329210,0.334982,0.335807,0.329210,0.334982,0.335807,2,2,5.772006e-03
4851,0.329143,0.334913,0.335944,0.329143,0.334913,0.335944,2,2,5.770816e-03
4852,0.329075,0.334844,0.336081,0.329075,0.334844,0.336081,2,2,5.769627e-03
4853,0.329007,0.334775,0.336218,0.329007,0.334775,0.336218,2,2,5.768438e-03
4854,0.328939,0.334706,0.336354,0.328939,0.334706,0.336354,2,2,5.767250e-03
4855,0.328871,0.334638,0.336491,0.328871,0.334638,0.336491,2,2,5.766063e-03
4856,0.328804,0.334569,0.336628,0.328804,0.334569,0.336628,2,2,5.764875e-03
4857,0.328736,0.334500,0.336764,0.328736,0.334500,0.336764,2,2,5.763689e-03
4858,0.328668,0.334431,0.336901,0.328668,0.334431,0.336901,2,2,5.762503e-03
4859,0.328601,0.334362,0.337037,0.328601,0.334362,0.337037,2,2,5.761317e-03
4860,0.328533,0.334293,0.337173,0.328533,0.334293,0.337173,2,2,5.760132e-03
4861,0.328466,0.334225,0.337310,0.328466,0.334225,0.337310,2,2,5.758947e-03
4862,0.328398,0.334156,0.337446,0.328398,0.334156,0.337446,2,2,5.757763e-03
4863,0.328331,0.334087,0.337582,0.328331,0.334087,0.337582,2,2,5.756579e-03
4864,0.328263,0.334018,0.337718,0.328263,0.334018,0.337718,2,2,5.755396e-03
4865,0.328196,0.333950,0.337855,0.328196,0.333950,0.337855,2,2,5.754213e-03
4866,0.328128,0.333881,0.337991,0.328128,0.333881,0.337991,2,2,5.753031e-03
4867,0.328061,0.333813,0.338127,0.328061,0.333813,0.338127,2,2,5.751849e-03
4868,0.327993,0.333744,0.338262,0.327993,0.333744,0.338262,2,2,5.750667e-03
4869,0.327926,0.333676,0.338398,0.327926,0.333676,0.338398,2,2,5.749487e-03
4870,0.327859,0.333607,0.338534,0.327859,0.333607,0.338534,2,2,5.748306e-03
4871,0.327791,0.333539,0.338670,0.327791,0.333539,0.338670,2,2,5.747126e-03
4872,0.327724,0.333470,0.338806,0.327724,0.333470,0.338806,2,2,5.745947e-03
4873,0.327657,0.333402,0.338941,0.327657,0.333402,0.338941,2,2,5.744768e-03
4874,0.327590,0.333333,0.339077,0.327590,0.333333,0.339077,2,2,5.743590e-03
4875,0.327728,0.333265,0.339007,0.327728,0.333265,0.339007,0,0,5.742412e-03
4876,0.327865,0.333197,0.338938,0.327865,0.333197,0.338938,0,0,5.741234e-03
4877,0.328003,0.333128,0.338868,0.328003,0.333128,0.338868,0,0,5.740057e-03
4878,0.328141,0.333060,0.338799,0.328141,0.333060,0.338799,0,0,5.738881e-03
4879,0.328279,0.332992,0.338730,0.328279,0.332992,0.338730,0,0,5.737705e-03
4880,0.328416,0.332924,0.338660,0.328416,0.332924,0.338660,0,0,5.736529e-03
4881,0.328554,0.332855,0.338591,0.328554,0.332855,0.338591,0,0,5.735354e-03
4882,0.328691,0.332787,0.338521,0.328691,0.332787,0.338521,0,0,5.734180e-03
4883,0.328829,0.332719,0.338452,0.328829,0.332719,0.338452,0,0,5.733006e-03
4884,0.328966,0.332651,0.338383,0.328966,0.332651,0.338383,0,0,5.731832e-03
4885,0.329104,0.332583,0.338314,0.329104,0.332583,0.338314,0,0,5.730659e-03
4886,0.329241,0.332515,0.338244,0.329241,0.332515,0.338244,0,0,5.729486e-03
4887,0.329378,0.332447,0.338175,0.329378,0.332447,0.338175,0,0,5.728314e-03
4888,0.329515,0.332379,0.338106,0.329515,0.332379,0.338106,0,0,5.727143e-03
4889,0.329652,0.332311,0.338037,0.329652,0.332311,0.338037,0,0,5.725971e-03
4890,0.329789,0.332243,0.337968,0.329789,0.332243,0.337968,0,0,5.724801e-03
4891,0.329926,0.332175,0.337899,0.329926,0.332175,0.337899,0,0,5.723630e-03
4892,0.330063,0.332107,0.337830,0.330063,0.332107,0.337830,0,0,5.722461e-03
4893,0.330200,0.332039,0.337761,0.330200,0.332039,0.337761,0,0,5.721291e-03
4894,0.330337,0.331971,0.337692,0.330337,0.331971,0.337692,0,0,5.720123e-03
4895,0.330474,0.331904,0.337623,0.330474,0.331904,0.337623,0,0,5.718954e-03
4896,0.330611,0.331836,0.337554,0.330611,0.331836,0.337554,0,0,5.717786e-03
4897,0.330747,0.331768,0.337485,0.330747,0.331768,0.337485,0,0,5.716619e-03
4898,0.330884,0.331700,0.337416,0.330884,0.331700,0.337416,0,0,5.715452e-03
4899,0.331020,0.331633,0.337347,0.331020,0.331633,0.337347,0,0,5.714286e-03
4900,0.331157,0.331565,0.337278,0.331157,0.331565,0.337278,0,0,5.713120e-03
4901,0.331293,0.331497,0.337209,0.331293,0.331497,0.337209,0,0,5.711954e-03
4902,0.331430,0.331430,0.337141,0.331430,0.331430,0.337141,0,0,5.710789e-03
4903,0.331566,0.331362,0.337072,0.331566,0.331362,0.337072,0,0,5.709625e-03
4904,0.331702,0.331295,0.337003,0.331702,0.331295,0.337003,0,0,5.708461e-03
4905,0.331839,0.331227,0.336934,0.331839,0.331227,0.336934,0,0,5.707297e-03
4906,0.331975,0.331160,0.336866,0.331975,0.331160,0.336866,0,0,5.706134e-03
4907,0.332111,0.331092,0.336797,0.332111,0.331092,0.336797,0,0,5.704971e-03
4908,0.332247,0.331025,0.336728,0.332247,0.331025,0.336728,0,0,5.703809e-03
4909,0.332383,0.330957,0.336660,0.332383,0.330957,0.336660,0,0,5.702648e-03
4910,0.332519,0.330890,0.336591,0.332519,0.330890,0.336591,0,0,5.701486e-03
4911,0.332655,0.330822,0.336523,0.332655,0.330822,0.336523,0,0,5.700326e-03
4912,0.332791,0.330755,0.336454,0.332791,0.330755,0.336454,0,0,5.699165e-03
4913,0.332926,0.330688,0.336386,0.332926,0.330688,0.336386,0,0,5.698006e-03
4914,0.333062,0.330621,0.336317,0.333062,0.330621,0.336317,0,0,5.696846e-03
4915,0.333198,0.330553,0.336249,0.333198,0.330553,0.336249,0,0,5.695688e-03
4916,0.333333,0.330486,0.336181,0.333333,0.330486,0.336181,0,0,5.694529e-03
4917,0.333469,0.330419,0.336112,0.333469,0.330419,0.336112,0,0,5.693371e-03
4918,0.333604,0.330352,0.336044,0.333604,0.330352,0.336044,0,0,5.692214e-03
4919,0.333740,0.330285,0.335976,0.333740,0.330285,0.335976,0,0,5.691057e-03
4920,0.333875,0.330217,0.335907,0.333875,0.330217,0.335907,0,0,5.689900e-03
4921,0.334011,0.330150,0.335839,0.334011,0.330150,0.335839,0,0,5.688744e-03
4922,0.334146,0.330083,0.335771,0.334146,0.330083,0.335771,0,0,5.687589e-03
4923,0.334281,0.330016,0.335703,0.334281,0.330016,0.335703,0,0,5.686434e-03
4924,0.334416,0.329949,0.335635,0.334416,0.329949,0.335635,0,0,5.685279e-03
4925,0.334551,0.329882,0.335566,0.334551,0.329882,0.335566,0,0,5.684125e-03
4926,0.334686,0.329815,0.335498,0.334686,0.329815,0.335498,0,0,5.682971e-03
4927,0.334821,0.329748,0.335430,0.334821,0.329748,0.335430,0,0,5.681818e-03
4928,0.334956,0.329681,0.335362,0.334956,0.329681,0.335362,0,0,5.680665e-03
4929,0.335091,0.329615,0.335294,0.335091,0.329615,0.335294,0,0,5.679513e-03
4930,0.335226,0.329548,0.335226,0.335226,0.329548,0.335226,0,0,5.678361e-03
4931,0.335361,0.329481,0.335158,0.335361,0.329481,0.335158,0,0,5.677210e-03
4932,0.335496,0.329414,0.335090,0.335496,0.329414,0.335090,0,0,5.676059e-03
4933,0.335630,0.329347,0.335022,0.335630,0.329347,0.335022,0,0,5.674909e-03
4934,0.335765,0.329281,0.334954,0.335765,0.329281,0.334954,0,0,5.673759e-03
4935,0.335900,0.329214,0.334887,0.335900,0.329214,0.334887,0,0,5.672609e-03
4936,0.336034,0.329147,0.334819,0.336034,0.329147,0.334819,0,0,5.671460e-03
4937,0.336168,0.329081,0.334751,0.336168,0.329081,0.334751,0,0,5.670312e-03
4938,0.336303,0.329014,0.334683,0.336303,0.329014,0.334683,0,0,5.669164e-03
4939,0.336437,0.328947,0.334615,0.336437,0.328947,0.334615,0,0,5.668016e-03
4940,0.336572,0.328881,0.334548,0.336572,0.328881,0.334548,0,0,5.666869e-03
4941,0.336706,0.328814,0.334480,0.336706,0.328814,0.334480,0,0,5.665722e-03
4942,0.336840,0.328748,0.334412,0.336840,0.328748,0.334412,0,0,5.664576e-03
4943,0.336974,0.328681,0.334345,0.336974,0.328681,0.334345,0,0,5.663430e-03
4944,0.337108,0.328615,0.334277,0.337108,0.328615,0.334277,0,0,5.662285e-03
4945,0.337242,0.328548,0.334209,0.337242,0.328548,0.334209,0,0,5.661140e-03
4946,0.337376,0.328482,0.334142,0.337376,0.328482,0.334142,0,0,5.659996e-03
4947,0.337510,0.328416,0.334074,0.337510,0.328416,0.334074,0,0,5.658852e-03
4948,0.337644,0.328349,0.334007,0.337644,0.328349,0.334007,0,0,5.657709e-03
4949,0.337778,0.328283,0.333939,0.337778,0.328283,0.333939,0,0,5.656566e-03
4950,0.337912,0.328217,0.333872,0.337912,0.328217,0.333872,0,0,5.655423e-03
4951,0.338045,0.328150,0.333805,0.338045,0.328150,0.333805,0,0,5.654281e-03
4952,0.338179,0.328084,0.333737,0.338179,0.328084,0.333737,0,0,5.653140e-03
4953,0.338312,0.328018,0.333670,0.338312,0.328018,0.333670,0,0,5.651998e-03
4954,0.338446,0.327952,0.333602,0.338446,0.327952,0.333602,0,0,5.650858e-03
4955,0.338579,0.327885,0.333535,0.338579,0.327885,0.333535,0,0,5.649718e-03
4956,0.338713,0.327819,0.333468,0.338713,0.327819,0.333468,0,0,5.648578e-03
4957,0.338846,0.327753,0.333401,0.338846,0.327753,0.333401,0,0,5.647438e-03
4958,0.338980,0.327687,0.333333,0.338980,0.327687,0.333333,0,0,5.646300e-03
4959,0.338911,0.327823,0.333266,0.338911,0.327823,0.333266,1,1,5.645161e-03
4960,0.338843,0.327958,0.333199,0.338843,0.327958,0.333199,1,1,5.644023e-03
4961,0.338775,0.328094,0.333132,0.338775,0.328094,0.333132,1,1,5.642886e-03
4962,0.338706,0.328229,0.333065,0.338706,0.328229,0.333065,1,1,5.641749e-03
4963,0.338638,0.328364,0.332998,0.338638,0.328364,0.332998,1,1,5.640612e-03
4964,0.338570,0.328499,0.332931,0.338570,0.328499,0.332931,1,1,5.639476e-03
4965,0.338502,0.328635,0.332863,0.338502,0.328635,0.332863,1,1,5.638341e-03
4966,0.338434,0.328770,0.332796,0.338434,0.328770,0.332796,1,1,5.637206e-03
4967,0.338366,0.328905,0.332729,0.338366,0.328905,0.332729,1,1,5.636071e-03
4968,0.338297,0.329040,0.332663,0.338297,0.329040,0.332663,1,1,5.634937e-03
4969,0.338229,0.329175,0.332596,0.338229,0.329175,0.332596,1,1,5.633803e-03
4970,0.338161,0.329310,0.332529,0.338161,0.329310,0.332529,1,1,5.632669e-03
4971,0.338093,0.329445,0.332462,0.338093,0.329445,0.332462,1,1,5.631537e-03
4972,0.338025,0.329580,0.332395,0.338025,0.329580,0.332395,1,1,5.630404e-03
4973,0.337957,0.329715,0.332328,0.337957,0.329715,0.332328,1,1,5.629272e-03
4974,0.337889,0.329849,0.332261,0.337889,0.329849,0.332261,1,1,5.628141e-03
4975,0.337822,0.329984,0.332195,0.337822,0.329984,0.332195,1,1,5.627010e-03
4976,0.337754,0.330119,0.332128,0.337754,0.330119,0.332128,1,1,5.625879e-03
4977,0.337686,0.330253,0.332061,0.337686,0.330253,0.332061,1,1,5.624749e-03
4978,0.337618,0.330388,0.331994,0.337618,0.330388,0.331994,1,1,5.623619e-03
4979,0.337550,0.330522,0.331928,0.337550,0.330522,0.331928,1,1,5.622490e-03
4980,0.337482,0.330656,0.331861,0.337482,0.330656,0.331861,1,1,5.621361e-03
4981,0.337415,0.330791,0.331794,0.337415,0.330791,0.331794,1,1,5.620233e-03
4982,0.337347,0.330925,0.331728,0.337347,0.330925,0.331728,1,1,5.619105e-03
4983,0.337279,0.331059,0.331661,0.337279,0.331059,0.331661,1,1,5.617978e-03
4984,0.337212,0.331194,0.331595,0.337212,0.331194,0.331595,1,1,5.616851e-03
4985,0.337144,0.331328,0.331528,0.337144,0.331328,0.331528,1,1,5.615724e-03
4986,0.337076,0.331462,0.331462,0.337076,0.331462,0.331462,1,1,5.614598e-03
4987,0.337009,0.331596,0.331395,0.337009,0.331596,0.331395,1,1,5.613472e-03
4988,0.336941,0.331730,0.331329,0.336941,0.331730,0.331329,1,1,5.612347e-03
4989,0.336874,0.331864,0.331263,0.336874,0.331864,0.331263,1,1,5.611222e-03
4990,0.336806,0.331998,0.331196,0.336806,0.331998,0.331196,1,1,5.610098e-03
4991,0.336739,0.332131,0.331130,0.336739,0.332131,0.331130,1,1,5.608974e-03
4992,0.336671,0.332265,0.331063,0.336671,0.332265,0.331063,1,1,5.607851e-03
4993,0.336604,0.332399,0.330997,0.336604,0.332399,0.330997,1,1,5.606728e-03
4994,0.336537,0.332533,0.330931,0.336537,0.332533,0.330931,1,1,5.605606e-03
4995,0.336469,0.332666,0.330865,0.336469,0.332666,0.330865,1,1,5.604484e-03
4996,0.336402,0.332800,0.330798,0.336402,0.332800,0.330798,1,1,5.603362e-03
4997,0.336335,0.332933,0.330732,0.336335,0.332933,0.330732,1,1,5.602241e-03
4998,0.336267,0.333067,0.330666,0.336267,0.333067,0.330666,1,1,5.601120e-03
4999,0.336200,0.333200,0.330600,0.336200,0.333200,0.330600,1,1,5.600000e-03
5000,0.336133,0.333333,0.330534,0.336133,0.333333,0.330534,1,1,5.598880e-03
