iteration,p0_a1,p0_a2,p0_a3,p1_a1,p1_a2,p1_a3,br_p0,br_p1,full_exploitability
0,1.000000,0.000000,0.000000,0.500000,0.500000,0.000000,0,1,0.250000
1,1.000000,0.000000,0.000000,0.333333,0.666667,0.000000,0,1,0.333333
2,0.750000,0.250000,0.000000,0.250000,0.750000,0.000000,1,1,0.281250
3,0.600000,0.400000,0.000000,0.200000,0.800000,0.000000,1,1,0.240000
4,0.500000,0.500000,0.000000,0.166667,0.833333,0.000000,1,1,0.208333
5,0.428571,0.571429,0.000000,0.142857,0.857143,0.000000,1,1,0.255102
6,0.375000,0.625000,0.000000,0.125000,0.750000,0.125000,1,2,0.250000
7,0.333333,0.666667,0.000000,0.111111,0.666667,0.222222,1,2,0.240741
8,0.300000,0.700000,0.000000,0.100000,0.600000,0.300000,1,2,0.230000
9,0.272727,0.727273,0.000000,0.090909,0.545455,0.363636,1,2,0.219008
10,0.250000,0.750000,0.000000,0.083333,0.500000,0.416667,1,2,0.208333
11,0.230769,0.769231,0.000000,0.076923,0.461538,0.461538,1,2,0.198225
12,0.214286,0.785714,0.000000,0.071429,0.428571,0.500000,1,2,0.224490
13,0.200000,0.733333,0.066667,0.066667,0.400000,0.533333,2,2,0.224444
14,0.187500,0.687500,0.125000,0.062500,0.375000,0.562500,2,2,0.222656
15,0.176471,0.647059,0.176471,0.058824,0.352941,0.588235,2,2,0.219723
16,0.166667,0.611111,0.222222,0.055556,0.333333,0.611111,2,2,0.216049
17,0.157895,0.578947,0.263158,0.052632,0.315789,0.631579,2,2,0.211911
18,0.150000,0.550000,0.300000,0.050000,0.300000,0.650000,2,2,0.207500
19,0.142857,0.523810,0.333333,0.047619,0.285714,0.666667,2,2,0.202948
20,0.136364,0.500000,0.363636,0.045455,0.272727,0.681818,2,2,0.198347
21,0.130435,0.478261,0.391304,0.043478,0.260870,0.695652,2,2,0.193762
22,0.125000,0.458333,0.416667,0.041667,0.250000,0.708333,2,2,0.189236
23,0.120000,0.440000,0.440000,0.040000,0.240000,0.720000,2,2,0.184800
24,0.115385,0.423077,0.461538,0.076923,0.230769,0.692308,2,0,0.186391
25,0.111111,0.407407,0.481481,0.111111,0.222222,0.666667,2,0,0.187243
26,0.107143,0.392857,0.500000,0.142857,0.214286,0.642857,2,0,0.187500
27,0.103448,0.379310,0.517241,0.172414,0.206897,0.620690,2,0,0.187277
28,0.100000,0.366667,0.533333,0.200000,0.200000,0.600000,2,0,0.186667
29,0.096774,0.354839,0.548387,0.225806,0.193548,0.580645,2,0,0.185744
30,0.093750,0.343750,0.562500,0.250000,0.187500,0.562500,2,0,0.184570
31,0.090909,0.333333,0.575758,0.272727,0.181818,0.545455,2,0,0.183196
32,0.088235,0.323529,0.588235,0.294118,0.176471,0.529412,2,0,0.181661
33,0.085714,0.314286,0.600000,0.314286,0.171429,0.514286,2,0,0.180000
34,0.083333,0.305556,0.611111,0.333333,0.166667,0.500000,2,0,0.178241
35,0.081081,0.297297,0.621622,0.351351,0.162162,0.486486,2,0,0.176406
36,0.078947,0.289474,0.631579,0.368421,0.157895,0.473684,2,0,0.174515
37,0.076923,0.282051,0.641026,0.384615,0.153846,0.461538,2,0,0.172584
38,0.075000,0.275000,0.650000,0.400000,0.150000,0.450000,2,0,0.170625
39,0.073171,0.268293,0.658537,0.414634,0.146341,0.439024,2,0,0.168650
40,0.071429,0.261905,0.666667,0.428571,0.142857,0.428571,2,0,0.166667
41,0.093023,0.255814,0.651163,0.441860,0.139535,0.418605,0,0,0.167929
42,0.113636,0.250000,0.636364,0.454545,0.136364,0.409091,0,0,0.168905
43,0.133333,0.244444,0.622222,0.466667,0.133333,0.400000,0,0,0.169630
44,0.152174,0.239130,0.608696,0.478261,0.130435,0.391304,0,0,0.170132
45,0.170213,0.234043,0.595745,0.489362,0.127660,0.382979,0,0,0.170439
46,0.187500,0.229167,0.583333,0.500000,0.125000,0.375000,0,0,0.170573
47,0.204082,0.224490,0.571429,0.510204,0.122449,0.367347,0,0,0.170554
48,0.220000,0.220000,0.560000,0.520000,0.120000,0.360000,0,0,0.170400
49,0.235294,0.215686,0.549020,0.529412,0.117647,0.352941,0,0,0.170127
50,0.250000,0.211538,0.538462,0.538462,0.115385,0.346154,0,0,0.169749
51,0.264151,0.207547,0.528302,0.547170,0.113208,0.339623,0,0,0.169277
52,0.277778,0.203704,0.518519,0.555556,0.111111,0.333333,0,0,0.168724
53,0.290909,0.200000,0.509091,0.563636,0.109091,0.327273,0,0,0.168099
54,0.303571,0.196429,0.500000,0.571429,0.107143,0.321429,0,0,0.167411
55,0.315789,0.192982,0.491228,0.578947,0.105263,0.315789,0,0,0.166667
56,0.327586,0.189655,0.482759,0.586207,0.103448,0.310345,0,0,0.165874
57,0.338983,0.186441,0.474576,0.593220,0.101695,0.305085,0,0,0.165039
58,0.350000,0.183333,0.466667,0.600000,0.100000,0.300000,0,0,0.164167
59,0.360656,0.180328,0.459016,0.606557,0.098361,0.295082,0,0,0.163263
60,0.370968,0.177419,0.451613,0.612903,0.096774,0.290323,0,0,0.162331
61,0.380952,0.174603,0.444444,0.619048,0.095238,0.285714,0,0,0.161376
62,0.390625,0.171875,0.437500,0.625000,0.093750,0.281250,0,0,0.160400
63,0.400000,0.169231,0.430769,0.630769,0.092308,0.276923,0,0,0.159408
64,0.409091,0.166667,0.424242,0.636364,0.090909,0.272727,0,0,0.158402
65,0.417910,0.164179,0.417910,0.641791,0.089552,0.268657,0,0,0.157385
66,0.426471,0.161765,0.411765,0.647059,0.088235,0.264706,0,0,0.163711
67,0.434783,0.159420,0.405797,0.637681,0.101449,0.260870,0,1,0.164356
68,0.442857,0.157143,0.400000,0.628571,0.114286,0.257143,0,1,0.164898
69,0.450704,0.154930,0.394366,0.619718,0.126761,0.253521,0,1,0.165344
70,0.458333,0.152778,0.388889,0.611111,0.138889,0.250000,0,1,0.165702
71,0.465753,0.150685,0.383562,0.602740,0.150685,0.246575,0,1,0.165979
72,0.472973,0.148649,0.378378,0.594595,0.162162,0.243243,0,1,0.166180
73,0.480000,0.146667,0.373333,0.586667,0.173333,0.240000,0,1,0.166311
74,0.486842,0.144737,0.368421,0.578947,0.184211,0.236842,0,1,0.166378
75,0.493506,0.142857,0.363636,0.571429,0.194805,0.233766,0,1,0.166386
76,0.500000,0.141026,0.358974,0.564103,0.205128,0.230769,0,1,0.166338
77,0.506329,0.139241,0.354430,0.556962,0.215190,0.227848,0,1,0.166239
78,0.512500,0.137500,0.350000,0.550000,0.225000,0.225000,0,1,0.166094
79,0.518519,0.135802,0.345679,0.543210,0.234568,0.222222,0,1,0.165905
80,0.524390,0.134146,0.341463,0.536585,0.243902,0.219512,0,1,0.165675
81,0.530120,0.132530,0.337349,0.530120,0.253012,0.216867,0,1,0.165409
82,0.535714,0.130952,0.333333,0.523810,0.261905,0.214286,0,1,0.165108
83,0.541176,0.129412,0.329412,0.517647,0.270588,0.211765,0,1,0.164775
84,0.546512,0.127907,0.325581,0.511628,0.279070,0.209302,0,1,0.164413
85,0.551724,0.126437,0.321839,0.505747,0.287356,0.206897,0,1,0.164024
86,0.556818,0.125000,0.318182,0.500000,0.295455,0.204545,0,1,0.163611
87,0.561798,0.123596,0.314607,0.494382,0.303371,0.202247,0,1,0.163174
88,0.566667,0.122222,0.311111,0.488889,0.311111,0.200000,0,1,0.162716
89,0.571429,0.120879,0.307692,0.483516,0.318681,0.197802,0,1,0.162239
90,0.576087,0.119565,0.304348,0.478261,0.326087,0.195652,0,1,0.161744
91,0.580645,0.118280,0.301075,0.473118,0.333333,0.193548,0,1,0.161233
92,0.585106,0.117021,0.297872,0.468085,0.340426,0.191489,0,1,0.160706
93,0.589474,0.115789,0.294737,0.463158,0.347368,0.189474,0,1,0.160166
94,0.593750,0.114583,0.291667,0.458333,0.354167,0.187500,0,1,0.159614
95,0.597938,0.113402,0.288660,0.453608,0.360825,0.185567,0,1,0.159050
96,0.602041,0.112245,0.285714,0.448980,0.367347,0.183673,0,1,0.158476
97,0.606061,0.111111,0.282828,0.444444,0.373737,0.181818,0,1,0.157892
98,0.610000,0.110000,0.280000,0.440000,0.380000,0.180000,0,1,0.157300
99,0.613861,0.108911,0.277228,0.435644,0.386139,0.178218,0,1,0.156700
100,0.617647,0.107843,0.274510,0.431373,0.392157,0.176471,0,1,0.156094
101,0.621359,0.106796,0.271845,0.427184,0.398058,0.174757,0,1,0.155481
102,0.625000,0.105769,0.269231,0.423077,0.403846,0.173077,0,1,0.154863
103,0.628571,0.104762,0.266667,0.419048,0.409524,0.171429,0,1,0.154240
104,0.632075,0.103774,0.264151,0.415094,0.415094,0.169811,0,1,0.153613
105,0.635514,0.102804,0.261682,0.411215,0.420561,0.168224,0,1,0.157656
106,0.629630,0.111111,0.259259,0.407407,0.425926,0.166667,1,1,0.158093
107,0.623853,0.119266,0.256881,0.403670,0.431193,0.165138,1,1,0.158488
108,0.618182,0.127273,0.254545,0.400000,0.436364,0.163636,1,1,0.158843
109,0.612613,0.135135,0.252252,0.396396,0.441441,0.162162,1,1,0.159159
110,0.607143,0.142857,0.250000,0.392857,0.446429,0.160714,1,1,0.159439
111,0.601770,0.150442,0.247788,0.389381,0.451327,0.159292,1,1,0.159684
112,0.596491,0.157895,0.245614,0.385965,0.456140,0.157895,1,1,0.159895
113,0.591304,0.165217,0.243478,0.382609,0.460870,0.156522,1,1,0.160076
114,0.586207,0.172414,0.241379,0.379310,0.465517,0.155172,1,1,0.160226
115,0.581197,0.179487,0.239316,0.376068,0.470085,0.153846,1,1,0.160348
116,0.576271,0.186441,0.237288,0.372881,0.474576,0.152542,1,1,0.160442
117,0.571429,0.193277,0.235294,0.369748,0.478992,0.151261,1,1,0.160511
118,0.566667,0.200000,0.233333,0.366667,0.483333,0.150000,1,1,0.160556
119,0.561983,0.206612,0.231405,0.363636,0.487603,0.148760,1,1,0.160576
120,0.557377,0.213115,0.229508,0.360656,0.491803,0.147541,1,1,0.160575
121,0.552846,0.219512,0.227642,0.357724,0.495935,0.146341,1,1,0.160553
122,0.548387,0.225806,0.225806,0.354839,0.500000,0.145161,1,1,0.160510
123,0.544000,0.232000,0.224000,0.352000,0.504000,0.144000,1,1,0.160448
124,0.539683,0.238095,0.222222,0.349206,0.507937,0.142857,1,1,0.160368
125,0.535433,0.244094,0.220472,0.346457,0.511811,0.141732,1,1,0.160270
126,0.531250,0.250000,0.218750,0.343750,0.515625,0.140625,1,1,0.160156
127,0.527132,0.255814,0.217054,0.341085,0.519380,0.139535,1,1,0.160026
128,0.523077,0.261538,0.215385,0.338462,0.523077,0.138462,1,1,0.159882
129,0.519084,0.267176,0.213740,0.335878,0.526718,0.137405,1,1,0.159723
130,0.515152,0.272727,0.212121,0.333333,0.530303,0.136364,1,1,0.159550
131,0.511278,0.278195,0.210526,0.330827,0.533835,0.135338,1,1,0.159365
132,0.507463,0.283582,0.208955,0.328358,0.537313,0.134328,1,1,0.159167
133,0.503704,0.288889,0.207407,0.325926,0.540741,0.133333,1,1,0.158957
134,0.500000,0.294118,0.205882,0.323529,0.544118,0.132353,1,1,0.158737
135,0.496350,0.299270,0.204380,0.321168,0.547445,0.131387,1,1,0.158506
136,0.492754,0.304348,0.202899,0.318841,0.550725,0.130435,1,1,0.158265
137,0.489209,0.309353,0.201439,0.316547,0.553957,0.129496,1,1,0.158015
138,0.485714,0.314286,0.200000,0.314286,0.557143,0.128571,1,1,0.157755
139,0.482270,0.319149,0.198582,0.312057,0.560284,0.127660,1,1,0.157487
140,0.478873,0.323944,0.197183,0.309859,0.563380,0.126761,1,1,0.157211
141,0.475524,0.328671,0.195804,0.307692,0.566434,0.125874,1,1,0.156927
142,0.472222,0.333333,0.194444,0.305556,0.569444,0.125000,1,1,0.156636
143,0.468966,0.337931,0.193103,0.303448,0.572414,0.124138,1,1,0.156338
144,0.465753,0.342466,0.191781,0.301370,0.575342,0.123288,1,1,0.156033
145,0.462585,0.346939,0.190476,0.299320,0.578231,0.122449,1,1,0.155722
146,0.459459,0.351351,0.189189,0.297297,0.581081,0.121622,1,1,0.155405
147,0.456376,0.355705,0.187919,0.295302,0.583893,0.120805,1,1,0.155083
148,0.453333,0.360000,0.186667,0.293333,0.586667,0.120000,1,1,0.154756
149,0.450331,0.364238,0.185430,0.291391,0.589404,0.119205,1,1,0.154423
150,0.447368,0.368421,0.184211,0.289474,0.592105,0.118421,1,1,0.154086
151,0.444444,0.372549,0.183007,0.287582,0.594771,0.117647,1,1,0.153744
152,0.441558,0.376623,0.181818,0.285714,0.597403,0.116883,1,1,0.153399
153,0.438710,0.380645,0.180645,0.283871,0.600000,0.116129,1,1,0.153049
154,0.435897,0.384615,0.179487,0.282051,0.602564,0.115385,1,1,0.152696
155,0.433121,0.388535,0.178344,0.280255,0.605096,0.114650,1,1,0.152339
156,0.430380,0.392405,0.177215,0.278481,0.607595,0.113924,1,1,0.151979
157,0.427673,0.396226,0.176101,0.276730,0.610063,0.113208,1,1,0.151616
158,0.425000,0.400000,0.175000,0.275000,0.612500,0.112500,1,1,0.151250
159,0.422360,0.403727,0.173913,0.273292,0.614907,0.111801,1,1,0.150882
160,0.419753,0.407407,0.172840,0.271605,0.617284,0.111111,1,1,0.150511
161,0.417178,0.411043,0.171779,0.269939,0.619632,0.110429,1,1,0.150137
162,0.414634,0.414634,0.170732,0.268293,0.621951,0.109756,1,1,0.149762
163,0.412121,0.418182,0.169697,0.266667,0.624242,0.109091,1,1,0.152415
164,0.409639,0.421687,0.168675,0.265060,0.620482,0.114458,1,2,0.152744
165,0.407186,0.425150,0.167665,0.263473,0.616766,0.119760,1,2,0.153053
166,0.404762,0.428571,0.166667,0.261905,0.613095,0.125000,1,2,0.153345
167,0.402367,0.431953,0.165680,0.260355,0.609467,0.130178,1,2,0.153619
168,0.400000,0.435294,0.164706,0.258824,0.605882,0.135294,1,2,0.153875
169,0.397661,0.438596,0.163743,0.257310,0.602339,0.140351,1,2,0.154116
170,0.395349,0.441860,0.162791,0.255814,0.598837,0.145349,1,2,0.154340
171,0.393064,0.445087,0.161850,0.254335,0.595376,0.150289,1,2,0.154549
172,0.390805,0.448276,0.160920,0.252874,0.591954,0.155172,1,2,0.154743
173,0.388571,0.451429,0.160000,0.251429,0.588571,0.160000,1,2,0.154922
174,0.386364,0.454545,0.159091,0.250000,0.585227,0.164773,1,2,0.155088
175,0.384181,0.457627,0.158192,0.248588,0.581921,0.169492,1,2,0.155240
176,0.382022,0.460674,0.157303,0.247191,0.578652,0.174157,1,2,0.155378
177,0.379888,0.463687,0.156425,0.245810,0.575419,0.178771,1,2,0.155504
178,0.377778,0.466667,0.155556,0.244444,0.572222,0.183333,1,2,0.155617
179,0.375691,0.469613,0.154696,0.243094,0.569061,0.187845,1,2,0.155719
180,0.373626,0.472527,0.153846,0.241758,0.565934,0.192308,1,2,0.155808
181,0.371585,0.475410,0.153005,0.240437,0.562842,0.196721,1,2,0.155887
182,0.369565,0.478261,0.152174,0.239130,0.559783,0.201087,1,2,0.155955
183,0.367568,0.481081,0.151351,0.237838,0.556757,0.205405,1,2,0.156012
184,0.365591,0.483871,0.150538,0.236559,0.553763,0.209677,1,2,0.156059
185,0.363636,0.486631,0.149733,0.235294,0.550802,0.213904,1,2,0.156095
186,0.361702,0.489362,0.148936,0.234043,0.547872,0.218085,1,2,0.156123
187,0.359788,0.492063,0.148148,0.232804,0.544974,0.222222,1,2,0.156141
188,0.357895,0.494737,0.147368,0.231579,0.542105,0.226316,1,2,0.156150
189,0.356021,0.497382,0.146597,0.230366,0.539267,0.230366,1,2,0.156150
190,0.354167,0.500000,0.145833,0.229167,0.536458,0.234375,1,2,0.156141
191,0.352332,0.502591,0.145078,0.227979,0.533679,0.238342,1,2,0.156125
192,0.350515,0.505155,0.144330,0.226804,0.530928,0.242268,1,2,0.156101
193,0.348718,0.507692,0.143590,0.225641,0.528205,0.246154,1,2,0.156068
194,0.346939,0.510204,0.142857,0.224490,0.525510,0.250000,1,2,0.156029
195,0.345178,0.512690,0.142132,0.223350,0.522843,0.253807,1,2,0.155982
196,0.343434,0.515152,0.141414,0.222222,0.520202,0.257576,1,2,0.155928
197,0.341709,0.517588,0.140704,0.221106,0.517588,0.261307,1,2,0.155867
198,0.340000,0.520000,0.140000,0.220000,0.515000,0.265000,1,2,0.155800
199,0.338308,0.522388,0.139303,0.218905,0.512438,0.268657,1,2,0.155726
200,0.336634,0.524752,0.138614,0.217822,0.509901,0.272277,1,2,0.155647
201,0.334975,0.527094,0.137931,0.216749,0.507389,0.275862,1,2,0.155561
202,0.333333,0.529412,0.137255,0.215686,0.504902,0.279412,1,2,0.155469
203,0.331707,0.531707,0.136585,0.214634,0.502439,0.282927,1,2,0.155372
204,0.330097,0.533981,0.135922,0.213592,0.500000,0.286408,1,2,0.155269
205,0.328502,0.536232,0.135266,0.212560,0.497585,0.289855,1,2,0.155161
206,0.326923,0.538462,0.134615,0.211538,0.495192,0.293269,1,2,0.155048
207,0.325359,0.540670,0.133971,0.210526,0.492823,0.296651,1,2,0.154930
208,0.323810,0.542857,0.133333,0.209524,0.490476,0.300000,1,2,0.154807
209,0.322275,0.545024,0.132701,0.208531,0.488152,0.303318,1,2,0.154680
210,0.320755,0.547170,0.132075,0.207547,0.485849,0.306604,1,2,0.154548
211,0.319249,0.549296,0.131455,0.206573,0.483568,0.309859,1,2,0.154412
212,0.317757,0.551402,0.130841,0.205607,0.481308,0.313084,1,2,0.154271
213,0.316279,0.553488,0.130233,0.204651,0.479070,0.316279,1,2,0.154127
214,0.314815,0.555556,0.129630,0.203704,0.476852,0.319444,1,2,0.153978
215,0.313364,0.557604,0.129032,0.202765,0.474654,0.322581,1,2,0.153826
216,0.311927,0.559633,0.128440,0.201835,0.472477,0.325688,1,2,0.153670
217,0.310502,0.561644,0.127854,0.200913,0.470320,0.328767,1,2,0.153510
218,0.309091,0.563636,0.127273,0.200000,0.468182,0.331818,1,2,0.153347
219,0.307692,0.565611,0.126697,0.199095,0.466063,0.334842,1,2,0.153181
220,0.306306,0.567568,0.126126,0.198198,0.463964,0.337838,1,2,0.153011
221,0.304933,0.569507,0.125561,0.197309,0.461883,0.340807,1,2,0.152838
222,0.303571,0.571429,0.125000,0.196429,0.459821,0.343750,1,2,0.152663
223,0.302222,0.573333,0.124444,0.195556,0.457778,0.346667,1,2,0.152484
224,0.300885,0.575221,0.123894,0.194690,0.455752,0.349558,1,2,0.152302
225,0.299559,0.577093,0.123348,0.193833,0.453744,0.352423,1,2,0.152118
226,0.298246,0.578947,0.122807,0.192982,0.451754,0.355263,1,2,0.151931
227,0.296943,0.580786,0.122271,0.192140,0.449782,0.358079,1,2,0.151742
228,0.295652,0.582609,0.121739,0.191304,0.447826,0.360870,1,2,0.151550
229,0.294372,0.584416,0.121212,0.190476,0.445887,0.363636,1,2,0.151356
230,0.293103,0.586207,0.120690,0.189655,0.443966,0.366379,1,2,0.151159
231,0.291845,0.587983,0.120172,0.188841,0.442060,0.369099,1,2,0.150961
232,0.290598,0.589744,0.119658,0.188034,0.440171,0.371795,1,2,0.150760
233,0.289362,0.591489,0.119149,0.187234,0.438298,0.374468,1,2,0.150557
234,0.288136,0.593220,0.118644,0.186441,0.436441,0.377119,1,2,0.150352
235,0.286920,0.594937,0.118143,0.185654,0.434599,0.379747,1,2,0.150145
236,0.285714,0.596639,0.117647,0.184874,0.432773,0.382353,1,2,0.149936
237,0.284519,0.598326,0.117155,0.184100,0.430962,0.384937,1,2,0.149726
238,0.283333,0.600000,0.116667,0.183333,0.429167,0.387500,1,2,0.149514
239,0.282158,0.601660,0.116183,0.182573,0.427386,0.390041,1,2,0.149300
240,0.280992,0.603306,0.115702,0.181818,0.425620,0.392562,1,2,0.149085
241,0.279835,0.604938,0.115226,0.181070,0.423868,0.395062,1,2,0.148868
242,0.278689,0.606557,0.114754,0.180328,0.422131,0.397541,1,2,0.148650
243,0.277551,0.608163,0.114286,0.179592,0.420408,0.400000,1,2,0.148430
244,0.276423,0.609756,0.113821,0.178862,0.418699,0.402439,1,2,0.148209
245,0.275304,0.611336,0.113360,0.178138,0.417004,0.404858,1,2,0.147986
246,0.274194,0.612903,0.112903,0.177419,0.415323,0.407258,1,2,0.147763
247,0.273092,0.614458,0.112450,0.176707,0.413655,0.409639,1,2,0.147538
248,0.272000,0.616000,0.112000,0.176000,0.412000,0.412000,1,2,0.147312
249,0.270916,0.617530,0.111554,0.175299,0.410359,0.414343,1,2,0.149077
250,0.269841,0.615079,0.115079,0.174603,0.408730,0.416667,2,2,0.149306
251,0.268775,0.612648,0.118577,0.173913,0.407115,0.418972,2,2,0.149526
252,0.267717,0.610236,0.122047,0.173228,0.405512,0.421260,2,2,0.149738
253,0.266667,0.607843,0.125490,0.172549,0.403922,0.423529,2,2,0.149942
254,0.265625,0.605469,0.128906,0.171875,0.402344,0.425781,2,2,0.150139
255,0.264591,0.603113,0.132296,0.171206,0.400778,0.428016,2,2,0.150328
256,0.263566,0.600775,0.135659,0.170543,0.399225,0.430233,2,2,0.150509
257,0.262548,0.598456,0.138996,0.169884,0.397683,0.432432,2,2,0.150684
258,0.261538,0.596154,0.142308,0.169231,0.396154,0.434615,2,2,0.150851
259,0.260536,0.593870,0.145594,0.168582,0.394636,0.436782,2,2,0.151011
260,0.259542,0.591603,0.148855,0.167939,0.393130,0.438931,2,2,0.151164
261,0.258555,0.589354,0.152091,0.167300,0.391635,0.441065,2,2,0.151311
262,0.257576,0.587121,0.155303,0.166667,0.390152,0.443182,2,2,0.151451
263,0.256604,0.584906,0.158491,0.166038,0.388679,0.445283,2,2,0.151584
264,0.255639,0.582707,0.161654,0.165414,0.387218,0.447368,2,2,0.151712
265,0.254682,0.580524,0.164794,0.164794,0.385768,0.449438,2,2,0.151833
266,0.253731,0.578358,0.167910,0.164179,0.384328,0.451493,2,2,0.151948
267,0.252788,0.576208,0.171004,0.163569,0.382900,0.453532,2,2,0.152057
268,0.251852,0.574074,0.174074,0.162963,0.381481,0.455556,2,2,0.152160
269,0.250923,0.571956,0.177122,0.162362,0.380074,0.457565,2,2,0.152258
270,0.250000,0.569853,0.180147,0.161765,0.378676,0.459559,2,2,0.152351
271,0.249084,0.567766,0.183150,0.161172,0.377289,0.461538,2,2,0.152437
272,0.248175,0.565693,0.186131,0.160584,0.375912,0.463504,2,2,0.152519
273,0.247273,0.563636,0.189091,0.160000,0.374545,0.465455,2,2,0.152595
274,0.246377,0.561594,0.192029,0.159420,0.373188,0.467391,2,2,0.152666
275,0.245487,0.559567,0.194946,0.158845,0.371841,0.469314,2,2,0.152732
276,0.244604,0.557554,0.197842,0.158273,0.370504,0.471223,2,2,0.152794
277,0.243728,0.555556,0.200717,0.157706,0.369176,0.473118,2,2,0.152850
278,0.242857,0.553571,0.203571,0.157143,0.367857,0.475000,2,2,0.152902
279,0.241993,0.551601,0.206406,0.156584,0.366548,0.476868,2,2,0.152949
280,0.241135,0.549645,0.209220,0.156028,0.365248,0.478723,2,2,0.152992
281,0.240283,0.547703,0.212014,0.155477,0.363958,0.480565,2,2,0.153030
282,0.239437,0.545775,0.214789,0.154930,0.362676,0.482394,2,2,0.153064
283,0.238596,0.543860,0.217544,0.154386,0.361404,0.484211,2,2,0.153093
284,0.237762,0.541958,0.220280,0.153846,0.360140,0.486014,2,2,0.153119
285,0.236934,0.540070,0.222997,0.153310,0.358885,0.487805,2,2,0.153140
286,0.236111,0.538194,0.225694,0.152778,0.357639,0.489583,2,2,0.153158
287,0.235294,0.536332,0.228374,0.152249,0.356401,0.491349,2,2,0.153171
288,0.234483,0.534483,0.231034,0.151724,0.355172,0.493103,2,2,0.153181
289,0.233677,0.532646,0.233677,0.151203,0.353952,0.494845,2,2,0.153187
290,0.232877,0.530822,0.236301,0.150685,0.352740,0.496575,2,2,0.153189
291,0.232082,0.529010,0.238908,0.150171,0.351536,0.498294,2,2,0.153188
292,0.231293,0.527211,0.241497,0.149660,0.350340,0.500000,2,2,0.153183
293,0.230508,0.525424,0.244068,0.149153,0.349153,0.501695,2,2,0.153174
294,0.229730,0.523649,0.246622,0.148649,0.347973,0.503378,2,2,0.153163
295,0.228956,0.521886,0.249158,0.148148,0.346801,0.505051,2,2,0.153148
296,0.228188,0.520134,0.251678,0.147651,0.345638,0.506711,2,2,0.153129
297,0.227425,0.518395,0.254181,0.147157,0.344482,0.508361,2,2,0.153108
298,0.226667,0.516667,0.256667,0.146667,0.343333,0.510000,2,2,0.153083
299,0.225914,0.514950,0.259136,0.146179,0.342193,0.511628,2,2,0.153056
300,0.225166,0.513245,0.261589,0.145695,0.341060,0.513245,2,2,0.153025
301,0.224422,0.511551,0.264026,0.145215,0.339934,0.514851,2,2,0.152992
302,0.223684,0.509868,0.266447,0.144737,0.338816,0.516447,2,2,0.152955
303,0.222951,0.508197,0.268852,0.144262,0.337705,0.518033,2,2,0.152916
304,0.222222,0.506536,0.271242,0.143791,0.336601,0.519608,2,2,0.152874
305,0.221498,0.504886,0.273616,0.143322,0.335505,0.521173,2,2,0.152829
306,0.220779,0.503247,0.275974,0.142857,0.334416,0.522727,2,2,0.152782
307,0.220065,0.501618,0.278317,0.142395,0.333333,0.524272,2,2,0.152732
308,0.219355,0.500000,0.280645,0.141935,0.332258,0.525806,2,2,0.152680
309,0.218650,0.498392,0.282958,0.141479,0.331190,0.527331,2,2,0.152625
310,0.217949,0.496795,0.285256,0.141026,0.330128,0.528846,2,2,0.152567
311,0.217252,0.495208,0.287540,0.140575,0.329073,0.530351,2,2,0.152507
312,0.216561,0.493631,0.289809,0.140127,0.328025,0.531847,2,2,0.152445
313,0.215873,0.492063,0.292063,0.139683,0.326984,0.533333,2,2,0.152381
314,0.215190,0.490506,0.294304,0.139241,0.325949,0.534810,2,2,0.152314
315,0.214511,0.488959,0.296530,0.138801,0.324921,0.536278,2,2,0.152246
316,0.213836,0.487421,0.298742,0.138365,0.323899,0.537736,2,2,0.152175
317,0.213166,0.485893,0.300940,0.137931,0.322884,0.539185,2,2,0.152101
318,0.212500,0.484375,0.303125,0.137500,0.321875,0.540625,2,2,0.152026
319,0.211838,0.482866,0.305296,0.137072,0.320872,0.542056,2,2,0.151949
320,0.211180,0.481366,0.307453,0.136646,0.319876,0.543478,2,2,0.151870
321,0.210526,0.479876,0.309598,0.136223,0.318885,0.544892,2,2,0.151789
322,0.209877,0.478395,0.311728,0.135802,0.317901,0.546296,2,2,0.151706
323,0.209231,0.476923,0.313846,0.135385,0.316923,0.547692,2,2,0.151621
324,0.208589,0.475460,0.315951,0.134969,0.315951,0.549080,2,2,0.151535
325,0.207951,0.474006,0.318043,0.134557,0.314985,0.550459,2,2,0.151446
326,0.207317,0.472561,0.320122,0.134146,0.314024,0.551829,2,2,0.151356
327,0.206687,0.471125,0.322188,0.133739,0.313070,0.553191,2,2,0.151264
328,0.206061,0.469697,0.324242,0.133333,0.312121,0.554545,2,2,0.151171
329,0.205438,0.468278,0.326284,0.132931,0.311178,0.555891,2,2,0.151076
330,0.204819,0.466867,0.328313,0.132530,0.310241,0.557229,2,2,0.150979
331,0.204204,0.465465,0.330330,0.132132,0.309309,0.558559,2,2,0.150881
332,0.203593,0.464072,0.332335,0.131737,0.308383,0.559880,2,2,0.150781
333,0.202985,0.462687,0.334328,0.131343,0.307463,0.561194,2,2,0.150679
334,0.202381,0.461310,0.336310,0.130952,0.306548,0.562500,2,2,0.150577
335,0.201780,0.459941,0.338279,0.130564,0.305638,0.563798,2,2,0.150472
336,0.201183,0.458580,0.340237,0.130178,0.304734,0.565089,2,2,0.150367
337,0.200590,0.457227,0.342183,0.129794,0.303835,0.566372,2,2,0.150260
338,0.200000,0.455882,0.344118,0.129412,0.302941,0.567647,2,2,0.150151
339,0.199413,0.454545,0.346041,0.129032,0.302053,0.568915,2,2,0.150042
340,0.198830,0.453216,0.347953,0.128655,0.301170,0.570175,2,2,0.149931
341,0.198251,0.451895,0.349854,0.128280,0.300292,0.571429,2,2,0.149819
342,0.197674,0.450581,0.351744,0.127907,0.299419,0.572674,2,2,0.149705
343,0.197101,0.449275,0.353623,0.127536,0.298551,0.573913,2,2,0.149590
344,0.196532,0.447977,0.355491,0.127168,0.297688,0.575145,2,2,0.149475
345,0.195965,0.446686,0.357349,0.126801,0.296830,0.576369,2,2,0.149358
346,0.195402,0.445402,0.359195,0.126437,0.295977,0.577586,2,2,0.149239
347,0.194842,0.444126,0.361032,0.126074,0.295129,0.578797,2,2,0.149120
348,0.194286,0.442857,0.362857,0.125714,0.294286,0.580000,2,2,0.149000
349,0.193732,0.441595,0.364672,0.125356,0.293447,0.581197,2,2,0.148879
350,0.193182,0.440341,0.366477,0.125000,0.292614,0.582386,2,2,0.148756
351,0.192635,0.439093,0.368272,0.124646,0.291785,0.583569,2,2,0.148633
352,0.192090,0.437853,0.370056,0.124294,0.290960,0.584746,2,2,0.148509
353,0.191549,0.436620,0.371831,0.123944,0.290141,0.585915,2,2,0.148383
354,0.191011,0.435393,0.373596,0.123596,0.289326,0.587079,2,2,0.148257
355,0.190476,0.434174,0.375350,0.123249,0.288515,0.588235,2,2,0.148130
356,0.189944,0.432961,0.377095,0.122905,0.287709,0.589385,2,2,0.148002
357,0.189415,0.431755,0.378830,0.122563,0.286908,0.590529,2,2,0.147873
358,0.188889,0.430556,0.380556,0.122222,0.286111,0.591667,2,2,0.147743
359,0.188366,0.429363,0.382271,0.121884,0.285319,0.592798,2,2,0.147612
360,0.187845,0.428177,0.383978,0.121547,0.284530,0.593923,2,2,0.147481
361,0.187328,0.426997,0.385675,0.121212,0.283747,0.595041,2,2,0.147349
362,0.186813,0.425824,0.387363,0.120879,0.282967,0.596154,2,2,0.147216
363,0.186301,0.424658,0.389041,0.120548,0.282192,0.597260,2,2,0.147082
364,0.185792,0.423497,0.390710,0.120219,0.281421,0.598361,2,2,0.146948
365,0.185286,0.422343,0.392371,0.119891,0.280654,0.599455,2,2,0.146812
366,0.184783,0.421196,0.394022,0.119565,0.279891,0.600543,2,2,0.146676
367,0.184282,0.420054,0.395664,0.119241,0.279133,0.601626,2,2,0.146540
368,0.183784,0.418919,0.397297,0.118919,0.278378,0.602703,2,2,0.146402
369,0.183288,0.417790,0.398922,0.118598,0.277628,0.603774,2,2,0.146265
370,0.182796,0.416667,0.400538,0.118280,0.276882,0.604839,2,2,0.146126
371,0.182306,0.415550,0.402145,0.117962,0.276139,0.605898,2,2,0.145987
372,0.181818,0.414439,0.403743,0.117647,0.275401,0.606952,2,2,0.145847
373,0.181333,0.413333,0.405333,0.117333,0.274667,0.608000,2,2,0.145707
374,0.180851,0.412234,0.406915,0.117021,0.273936,0.609043,2,2,0.145566
375,0.180371,0.411141,0.408488,0.116711,0.273210,0.610080,2,2,0.145424
376,0.179894,0.410053,0.410053,0.116402,0.272487,0.611111,2,2,0.145282
377,0.179420,0.408971,0.411609,0.118734,0.271768,0.609499,2,0,0.145442
378,0.178947,0.407895,0.413158,0.121053,0.271053,0.607895,2,0,0.145599
379,0.178478,0.406824,0.414698,0.123360,0.270341,0.606299,2,0,0.145752
380,0.178010,0.405759,0.416230,0.125654,0.269634,0.604712,2,0,0.145901
381,0.177546,0.404700,0.417755,0.127937,0.268930,0.603133,2,0,0.146047
382,0.177083,0.403646,0.419271,0.130208,0.268229,0.601562,2,0,0.146189
383,0.176623,0.402597,0.420779,0.132468,0.267532,0.600000,2,0,0.146328
384,0.176166,0.401554,0.422280,0.134715,0.266839,0.598446,2,0,0.146464
385,0.175711,0.400517,0.423773,0.136951,0.266150,0.596899,2,0,0.146596
386,0.175258,0.399485,0.425258,0.139175,0.265464,0.595361,2,0,0.146725
387,0.174807,0.398458,0.426735,0.141388,0.264781,0.593830,2,0,0.146850
388,0.174359,0.397436,0.428205,0.143590,0.264103,0.592308,2,0,0.146972
389,0.173913,0.396419,0.429668,0.145780,0.263427,0.590793,2,0,0.147092
390,0.173469,0.395408,0.431122,0.147959,0.262755,0.589286,2,0,0.147208
391,0.173028,0.394402,0.432570,0.150127,0.262087,0.587786,2,0,0.147320
392,0.172589,0.393401,0.434010,0.152284,0.261421,0.586294,2,0,0.147430
393,0.172152,0.392405,0.435443,0.154430,0.260759,0.584810,2,0,0.147537
394,0.171717,0.391414,0.436869,0.156566,0.260101,0.583333,2,0,0.147641
395,0.171285,0.390428,0.438287,0.158690,0.259446,0.581864,2,0,0.147742
396,0.170854,0.389447,0.439698,0.160804,0.258794,0.580402,2,0,0.147840
397,0.170426,0.388471,0.441103,0.162907,0.258145,0.578947,2,0,0.147936
398,0.170000,0.387500,0.442500,0.165000,0.257500,0.577500,2,0,0.148028
399,0.169576,0.386534,0.443890,0.167082,0.256858,0.576060,2,0,0.148118
400,0.169154,0.385572,0.445274,0.169154,0.256219,0.574627,2,0,0.148205
401,0.168734,0.384615,0.446650,0.171216,0.255583,0.573201,2,0,0.148289
402,0.168317,0.383663,0.448020,0.173267,0.254950,0.571782,2,0,0.148371
403,0.167901,0.382716,0.449383,0.175309,0.254321,0.570370,2,0,0.148450
404,0.167488,0.381773,0.450739,0.177340,0.253695,0.568966,2,0,0.148526
405,0.167076,0.380835,0.452088,0.179361,0.253071,0.567568,2,0,0.148600
406,0.166667,0.379902,0.453431,0.181373,0.252451,0.566176,2,0,0.148672
407,0.166259,0.378973,0.454768,0.183374,0.251834,0.564792,2,0,0.148741
408,0.165854,0.378049,0.456098,0.185366,0.251220,0.563415,2,0,0.148807
409,0.165450,0.377129,0.457421,0.187348,0.250608,0.562044,2,0,0.148871
410,0.165049,0.376214,0.458738,0.189320,0.250000,0.560680,2,0,0.148933
411,0.164649,0.375303,0.460048,0.191283,0.249395,0.559322,2,0,0.148992
412,0.164251,0.374396,0.461353,0.193237,0.248792,0.557971,2,0,0.149050
413,0.163855,0.373494,0.462651,0.195181,0.248193,0.556627,2,0,0.149104
414,0.163462,0.372596,0.463942,0.197115,0.247596,0.555288,2,0,0.149157
415,0.163070,0.371703,0.465228,0.199041,0.247002,0.553957,2,0,0.149207
416,0.162679,0.370813,0.466507,0.200957,0.246411,0.552632,2,0,0.149255
417,0.162291,0.369928,0.467780,0.202864,0.245823,0.551313,2,0,0.149301
418,0.161905,0.369048,0.469048,0.204762,0.245238,0.550000,2,0,0.149345
419,0.161520,0.368171,0.470309,0.206651,0.244656,0.548694,2,0,0.149387
420,0.161137,0.367299,0.471564,0.208531,0.244076,0.547393,2,0,0.149427
421,0.160757,0.366430,0.472813,0.210402,0.243499,0.546099,2,0,0.149464
422,0.160377,0.365566,0.474057,0.212264,0.242925,0.544811,2,0,0.149500
423,0.160000,0.364706,0.475294,0.214118,0.242353,0.543529,2,0,0.149534
424,0.159624,0.363850,0.476526,0.215962,0.241784,0.542254,2,0,0.149565
425,0.159251,0.362998,0.477752,0.217799,0.241218,0.540984,2,0,0.149595
426,0.158879,0.362150,0.478972,0.219626,0.240654,0.539720,2,0,0.149623
427,0.158508,0.361305,0.480186,0.221445,0.240093,0.538462,2,0,0.149649
428,0.158140,0.360465,0.481395,0.223256,0.239535,0.537209,2,0,0.149673
429,0.157773,0.359629,0.482599,0.225058,0.238979,0.535963,2,0,0.149695
430,0.157407,0.358796,0.483796,0.226852,0.238426,0.534722,2,0,0.149715
431,0.157044,0.357968,0.484988,0.228637,0.237875,0.533487,2,0,0.149734
432,0.156682,0.357143,0.486175,0.230415,0.237327,0.532258,2,0,0.149751
433,0.156322,0.356322,0.487356,0.232184,0.236782,0.531034,2,0,0.149766
434,0.155963,0.355505,0.488532,0.233945,0.236239,0.529817,2,0,0.149780
435,0.155606,0.354691,0.489703,0.235698,0.235698,0.528604,2,0,0.149791
436,0.155251,0.353881,0.490868,0.237443,0.235160,0.527397,2,0,0.149801
437,0.154897,0.353075,0.492027,0.239180,0.234624,0.526196,2,0,0.149810
438,0.154545,0.352273,0.493182,0.240909,0.234091,0.525000,2,0,0.149817
439,0.154195,0.351474,0.494331,0.242630,0.233560,0.523810,2,0,0.149822
440,0.153846,0.350679,0.495475,0.244344,0.233032,0.522624,2,0,0.149825
441,0.153499,0.349887,0.496614,0.246050,0.232506,0.521445,2,0,0.149828
442,0.153153,0.349099,0.497748,0.247748,0.231982,0.520270,2,0,0.149828
443,0.152809,0.348315,0.498876,0.249438,0.231461,0.519101,2,0,0.149827
444,0.152466,0.347534,0.500000,0.251121,0.230942,0.517937,2,0,0.149825
445,0.152125,0.346756,0.501119,0.252796,0.230425,0.516779,2,0,0.149821
446,0.151786,0.345982,0.502232,0.254464,0.229911,0.515625,2,0,0.149815
447,0.151448,0.345212,0.503341,0.256125,0.229399,0.514477,2,0,0.149808
448,0.151111,0.344444,0.504444,0.257778,0.228889,0.513333,2,0,0.149800
449,0.150776,0.343681,0.505543,0.259424,0.228381,0.512195,2,0,0.149790
450,0.150442,0.342920,0.506637,0.261062,0.227876,0.511062,2,0,0.149779
451,0.150110,0.342163,0.507726,0.262693,0.227373,0.509934,2,0,0.149767
452,0.149780,0.341410,0.508811,0.264317,0.226872,0.508811,2,0,0.149753
453,0.149451,0.340659,0.509890,0.265934,0.226374,0.507692,2,0,0.149738
454,0.149123,0.339912,0.510965,0.267544,0.225877,0.506579,2,0,0.149722
455,0.148796,0.339168,0.512035,0.269147,0.225383,0.505470,2,0,0.149704
456,0.148472,0.338428,0.513100,0.270742,0.224891,0.504367,2,0,0.149685
457,0.148148,0.337691,0.514161,0.272331,0.224401,0.503268,2,0,0.149665
458,0.147826,0.336957,0.515217,0.273913,0.223913,0.502174,2,0,0.149643
459,0.147505,0.336226,0.516269,0.275488,0.223427,0.501085,2,0,0.149621
460,0.147186,0.335498,0.517316,0.277056,0.222944,0.500000,2,0,0.149597
461,0.146868,0.334773,0.518359,0.278618,0.222462,0.498920,2,0,0.149572
462,0.146552,0.334052,0.519397,0.280172,0.221983,0.497845,2,0,0.149545
463,0.146237,0.333333,0.520430,0.281720,0.221505,0.496774,2,0,0.149518
464,0.145923,0.332618,0.521459,0.283262,0.221030,0.495708,2,0,0.149489
465,0.145610,0.331906,0.522484,0.284797,0.220557,0.494647,2,0,0.149460
466,0.145299,0.331197,0.523504,0.286325,0.220085,0.493590,2,0,0.149429
467,0.144989,0.330490,0.524520,0.287846,0.219616,0.492537,2,0,0.149397
468,0.144681,0.329787,0.525532,0.289362,0.219149,0.491489,2,0,0.149364
469,0.144374,0.329087,0.526539,0.290870,0.218684,0.490446,2,0,0.149330
470,0.144068,0.328390,0.527542,0.292373,0.218220,0.489407,2,0,0.149295
471,0.143763,0.327696,0.528541,0.293869,0.217759,0.488372,2,0,0.149259
472,0.143460,0.327004,0.529536,0.295359,0.217300,0.487342,2,0,0.149222
473,0.143158,0.326316,0.530526,0.296842,0.216842,0.486316,2,0,0.149183
474,0.142857,0.325630,0.531513,0.298319,0.216387,0.485294,2,0,0.149144
475,0.142558,0.324948,0.532495,0.299790,0.215933,0.484277,2,0,0.149104
476,0.142259,0.324268,0.533473,0.301255,0.215481,0.483264,2,0,0.149063
477,0.141962,0.323591,0.534447,0.302714,0.215031,0.482255,2,0,0.149021
478,0.141667,0.322917,0.535417,0.304167,0.214583,0.481250,2,0,0.148978
479,0.141372,0.322245,0.536383,0.305613,0.214137,0.480249,2,0,0.148934
480,0.141079,0.321577,0.537344,0.307054,0.213693,0.479253,2,0,0.148889
481,0.140787,0.320911,0.538302,0.308489,0.213251,0.478261,2,0,0.148843
482,0.140496,0.320248,0.539256,0.309917,0.212810,0.477273,2,0,0.148797
483,0.140206,0.319588,0.540206,0.311340,0.212371,0.476289,2,0,0.148749
484,0.139918,0.318930,0.541152,0.312757,0.211934,0.475309,2,0,0.148701
485,0.139630,0.318275,0.542094,0.314168,0.211499,0.474333,2,0,0.148651
486,0.139344,0.317623,0.543033,0.315574,0.211066,0.473361,2,0,0.148601
487,0.139059,0.316973,0.543967,0.316973,0.210634,0.472393,2,0,0.148550
488,0.138776,0.316327,0.544898,0.318367,0.210204,0.471429,2,0,0.148499
489,0.138493,0.315682,0.545825,0.319756,0.209776,0.470468,2,0,0.148446
490,0.138211,0.315041,0.546748,0.321138,0.209350,0.469512,2,0,0.148393
491,0.137931,0.314402,0.547667,0.322515,0.208925,0.468560,2,0,0.148338
492,0.137652,0.313765,0.548583,0.323887,0.208502,0.467611,2,0,0.148283
493,0.137374,0.313131,0.549495,0.325253,0.208081,0.466667,2,0,0.148228
494,0.137097,0.312500,0.550403,0.326613,0.207661,0.465726,2,0,0.148171
495,0.136821,0.311871,0.551308,0.327968,0.207243,0.464789,2,0,0.148114
496,0.136546,0.311245,0.552209,0.329317,0.206827,0.463855,2,0,0.148056
497,0.136273,0.310621,0.553106,0.330661,0.206413,0.462926,2,0,0.147997
498,0.136000,0.310000,0.554000,0.332000,0.206000,0.462000,2,0,0.147938
499,0.135729,0.309381,0.554890,0.333333,0.205589,0.461078,2,0,0.147878
500,0.135458,0.308765,0.555777,0.334661,0.205179,0.460159,2,0,0.147817
501,0.135189,0.308151,0.556660,0.335984,0.204771,0.459245,2,0,0.147756
502,0.134921,0.307540,0.557540,0.337302,0.204365,0.458333,2,0,0.147693
503,0.134653,0.306931,0.558416,0.338614,0.203960,0.457426,2,0,0.147631
504,0.134387,0.306324,0.559289,0.339921,0.203557,0.456522,2,0,0.147567
505,0.134122,0.305720,0.560158,0.341223,0.203156,0.455621,2,0,0.147503
506,0.133858,0.305118,0.561024,0.342520,0.202756,0.454724,2,0,0.147438
507,0.133595,0.304519,0.561886,0.343811,0.202358,0.453831,2,0,0.147373
508,0.133333,0.303922,0.562745,0.345098,0.201961,0.452941,2,0,0.147307
509,0.133072,0.303327,0.563601,0.346380,0.201566,0.452055,2,0,0.147240
510,0.132812,0.302734,0.564453,0.347656,0.201172,0.451172,2,0,0.147173
511,0.132554,0.302144,0.565302,0.348928,0.200780,0.450292,2,0,0.147105
512,0.132296,0.301556,0.566148,0.350195,0.200389,0.449416,2,0,0.147037
513,0.132039,0.300971,0.566990,0.351456,0.200000,0.448544,2,0,0.146968
514,0.131783,0.300388,0.567829,0.352713,0.199612,0.447674,2,0,0.146898
515,0.131528,0.299807,0.568665,0.353965,0.199226,0.446809,2,0,0.146828
516,0.131274,0.299228,0.569498,0.355212,0.198842,0.445946,2,0,0.146757
517,0.131021,0.298651,0.570328,0.356455,0.198459,0.445087,2,0,0.146686
518,0.130769,0.298077,0.571154,0.357692,0.198077,0.444231,2,0,0.146614
519,0.130518,0.297505,0.571977,0.358925,0.197697,0.443378,2,0,0.146542
520,0.130268,0.296935,0.572797,0.360153,0.197318,0.442529,2,0,0.146469
521,0.130019,0.296367,0.573614,0.361377,0.196941,0.441683,2,0,0.146396
522,0.129771,0.295802,0.574427,0.362595,0.196565,0.440840,2,0,0.146322
523,0.129524,0.295238,0.575238,0.363810,0.196190,0.440000,2,0,0.146248
524,0.129278,0.294677,0.576046,0.365019,0.195817,0.439163,2,0,0.146173
525,0.129032,0.294118,0.576850,0.366224,0.195446,0.438330,2,0,0.146097
526,0.128788,0.293561,0.577652,0.367424,0.195076,0.437500,2,0,0.146022
527,0.128544,0.293006,0.578450,0.368620,0.194707,0.436673,2,0,0.145945
528,0.128302,0.292453,0.579245,0.369811,0.194340,0.435849,2,0,0.145869
529,0.128060,0.291902,0.580038,0.370998,0.193974,0.435028,2,0,0.145791
530,0.127820,0.291353,0.580827,0.372180,0.193609,0.434211,2,0,0.145714
531,0.127580,0.290807,0.581614,0.373358,0.193246,0.433396,2,0,0.145636
532,0.127341,0.290262,0.582397,0.374532,0.192884,0.432584,2,0,0.145557
533,0.127103,0.289720,0.583178,0.375701,0.192523,0.431776,2,0,0.145478
534,0.126866,0.289179,0.583955,0.376866,0.192164,0.430970,2,0,0.145399
535,0.126629,0.288641,0.584730,0.378026,0.191806,0.430168,2,0,0.145319
536,0.126394,0.288104,0.585502,0.379182,0.191450,0.429368,2,0,0.145239
537,0.126160,0.287570,0.586271,0.380334,0.191095,0.428571,2,0,0.145158
538,0.125926,0.287037,0.587037,0.381481,0.190741,0.427778,2,0,0.145077
539,0.125693,0.286506,0.587800,0.382625,0.190388,0.426987,2,0,0.144996
540,0.125461,0.285978,0.588561,0.383764,0.190037,0.426199,2,0,0.144914
541,0.125230,0.285451,0.589319,0.384899,0.189687,0.425414,2,0,0.144832
542,0.125000,0.284926,0.590074,0.386029,0.189338,0.424632,2,0,0.144749
543,0.124771,0.284404,0.590826,0.387156,0.188991,0.423853,2,0,0.144666
544,0.124542,0.283883,0.591575,0.388278,0.188645,0.423077,2,0,0.144583
545,0.124314,0.283364,0.592322,0.389397,0.188300,0.422303,2,0,0.144499
546,0.124088,0.282847,0.593066,0.390511,0.187956,0.421533,2,0,0.144415
547,0.123862,0.282332,0.593807,0.391621,0.187614,0.420765,2,0,0.144331
548,0.123636,0.281818,0.594545,0.392727,0.187273,0.420000,2,0,0.144246
549,0.123412,0.281307,0.595281,0.393829,0.186933,0.419238,2,0,0.144161
550,0.123188,0.280797,0.596014,0.394928,0.186594,0.418478,2,0,0.144076
551,0.122966,0.280289,0.596745,0.396022,0.186257,0.417722,2,0,0.143990
552,0.122744,0.279783,0.597473,0.397112,0.185921,0.416968,2,0,0.143904
553,0.122523,0.279279,0.598198,0.398198,0.185586,0.416216,2,0,0.143818
554,0.122302,0.278777,0.598921,0.399281,0.185252,0.415468,2,0,0.143731
555,0.122083,0.278276,0.599641,0.400359,0.184919,0.414722,2,0,0.143644
556,0.121864,0.277778,0.600358,0.401434,0.184588,0.413978,2,0,0.143557
557,0.121646,0.277281,0.601073,0.402504,0.184258,0.413238,2,0,0.143470
558,0.121429,0.276786,0.601786,0.403571,0.183929,0.412500,2,0,0.143382
559,0.121212,0.276292,0.602496,0.404635,0.183601,0.411765,2,0,0.143294
560,0.120996,0.275801,0.603203,0.405694,0.183274,0.411032,2,0,0.143205
561,0.120782,0.275311,0.603908,0.406750,0.182948,0.410302,2,0,0.143117
562,0.120567,0.274823,0.604610,0.407801,0.182624,0.409574,2,0,0.143028
563,0.120354,0.274336,0.605310,0.408850,0.182301,0.408850,2,0,0.142938
564,0.121908,0.273852,0.604240,0.409894,0.181979,0.408127,0,0,0.143049
565,0.123457,0.273369,0.603175,0.410935,0.181658,0.407407,0,0,0.143157
566,0.125000,0.272887,0.602113,0.411972,0.181338,0.406690,0,0,0.143264
567,0.126538,0.272408,0.601054,0.413005,0.181019,0.405975,0,0,0.143370
568,0.128070,0.271930,0.600000,0.414035,0.180702,0.405263,0,0,0.143473
569,0.129597,0.271454,0.598949,0.415061,0.180385,0.404553,0,0,0.143576
570,0.131119,0.270979,0.597902,0.416084,0.180070,0.403846,0,0,0.143676
571,0.132635,0.270506,0.596859,0.417103,0.179756,0.403141,0,0,0.143775
572,0.134146,0.270035,0.595819,0.418118,0.179443,0.402439,0,0,0.143872
573,0.135652,0.269565,0.594783,0.419130,0.179130,0.401739,0,0,0.143968
574,0.137153,0.269097,0.593750,0.420139,0.178819,0.401042,0,0,0.144063
575,0.138648,0.268631,0.592721,0.421144,0.178510,0.400347,0,0,0.144155
576,0.140138,0.268166,0.591696,0.422145,0.178201,0.399654,0,0,0.144247
577,0.141623,0.267703,0.590674,0.423143,0.177893,0.398964,0,0,0.144336
578,0.143103,0.267241,0.589655,0.424138,0.177586,0.398276,0,0,0.144425
579,0.144578,0.266781,0.588640,0.425129,0.177281,0.397590,0,0,0.144512
580,0.146048,0.266323,0.587629,0.426117,0.176976,0.396907,0,0,0.144597
581,0.147513,0.265866,0.586621,0.427101,0.176672,0.396226,0,0,0.144681
582,0.148973,0.265411,0.585616,0.428082,0.176370,0.395548,0,0,0.144764
583,0.150427,0.264957,0.584615,0.429060,0.176068,0.394872,0,0,0.144845
584,0.151877,0.264505,0.583618,0.430034,0.175768,0.394198,0,0,0.144925
585,0.153322,0.264055,0.582624,0.431005,0.175468,0.393526,0,0,0.145003
586,0.154762,0.263605,0.581633,0.431973,0.175170,0.392857,0,0,0.145080
587,0.156197,0.263158,0.580645,0.432937,0.174873,0.392190,0,0,0.145156
588,0.157627,0.262712,0.579661,0.433898,0.174576,0.391525,0,0,0.145230
589,0.159052,0.262267,0.578680,0.434856,0.174281,0.390863,0,0,0.145303
590,0.160473,0.261824,0.577703,0.435811,0.173986,0.390203,0,0,0.145374
591,0.161889,0.261383,0.576728,0.436762,0.173693,0.389545,0,0,0.145445
592,0.163300,0.260943,0.575758,0.437710,0.173401,0.388889,0,0,0.145514
593,0.164706,0.260504,0.574790,0.438655,0.173109,0.388235,0,0,0.145582
594,0.166107,0.260067,0.573826,0.439597,0.172819,0.387584,0,0,0.145648
595,0.167504,0.259631,0.572864,0.440536,0.172529,0.386935,0,0,0.145713
596,0.168896,0.259197,0.571906,0.441472,0.172241,0.386288,0,0,0.145777
597,0.170284,0.258765,0.570952,0.442404,0.171953,0.385643,0,0,0.145840
598,0.171667,0.258333,0.570000,0.443333,0.171667,0.385000,0,0,0.145901
599,0.173045,0.257903,0.569052,0.444260,0.171381,0.384359,0,0,0.145962
600,0.174419,0.257475,0.568106,0.445183,0.171096,0.383721,0,0,0.146021
601,0.175788,0.257048,0.567164,0.446103,0.170813,0.383085,0,0,0.146079
602,0.177152,0.256623,0.566225,0.447020,0.170530,0.382450,0,0,0.146135
603,0.178512,0.256198,0.565289,0.447934,0.170248,0.381818,0,0,0.146191
604,0.179868,0.255776,0.564356,0.448845,0.169967,0.381188,0,0,0.146245
605,0.181219,0.255354,0.563427,0.449753,0.169687,0.380560,0,0,0.146298
606,0.182566,0.254934,0.562500,0.450658,0.169408,0.379934,0,0,0.146350
607,0.183908,0.254516,0.561576,0.451560,0.169130,0.379310,0,0,0.146401
608,0.185246,0.254098,0.560656,0.452459,0.168852,0.378689,0,0,0.146451
609,0.186579,0.253682,0.559738,0.453355,0.168576,0.378069,0,0,0.146500
610,0.187908,0.253268,0.558824,0.454248,0.168301,0.377451,0,0,0.146548
611,0.189233,0.252855,0.557912,0.455139,0.168026,0.376835,0,0,0.146594
612,0.190554,0.252443,0.557003,0.456026,0.167752,0.376221,0,0,0.146639
613,0.191870,0.252033,0.556098,0.456911,0.167480,0.375610,0,0,0.146684
614,0.193182,0.251623,0.555195,0.457792,0.167208,0.375000,0,0,0.146727
615,0.194489,0.251216,0.554295,0.458671,0.166937,0.374392,0,0,0.146769
616,0.195793,0.250809,0.553398,0.459547,0.166667,0.373786,0,0,0.146811
617,0.197092,0.250404,0.552504,0.460420,0.166397,0.373183,0,0,0.146851
618,0.198387,0.250000,0.551613,0.461290,0.166129,0.372581,0,0,0.146890
619,0.199678,0.249597,0.550725,0.462158,0.165862,0.371981,0,0,0.146928
620,0.200965,0.249196,0.549839,0.463023,0.165595,0.371383,0,0,0.146965
621,0.202247,0.248796,0.548957,0.463884,0.165329,0.370787,0,0,0.147001
622,0.203526,0.248397,0.548077,0.464744,0.165064,0.370192,0,0,0.147037
623,0.204800,0.248000,0.547200,0.465600,0.164800,0.369600,0,0,0.147071
624,0.206070,0.247604,0.546326,0.466454,0.164537,0.369010,0,0,0.147104
625,0.207337,0.247209,0.545455,0.467305,0.164274,0.368421,0,0,0.147136
626,0.208599,0.246815,0.544586,0.468153,0.164013,0.367834,0,0,0.147167
627,0.209857,0.246423,0.543720,0.468998,0.163752,0.367250,0,0,0.147198
628,0.211111,0.246032,0.542857,0.469841,0.163492,0.366667,0,0,0.147227
629,0.212361,0.245642,0.541997,0.470681,0.163233,0.366086,0,0,0.147256
630,0.213608,0.245253,0.541139,0.471519,0.162975,0.365506,0,0,0.147283
631,0.214850,0.244866,0.540284,0.472354,0.162717,0.364929,0,0,0.147310
632,0.216088,0.244479,0.539432,0.473186,0.162461,0.364353,0,0,0.147336
633,0.217323,0.244094,0.538583,0.474016,0.162205,0.363780,0,0,0.147361
634,0.218553,0.243711,0.537736,0.474843,0.161950,0.363208,0,0,0.147385
635,0.219780,0.243328,0.536892,0.475667,0.161695,0.362637,0,0,0.147408
636,0.221003,0.242947,0.536050,0.476489,0.161442,0.362069,0,0,0.147430
637,0.222222,0.242567,0.535211,0.477308,0.161189,0.361502,0,0,0.147451
638,0.223438,0.242188,0.534375,0.478125,0.160938,0.360938,0,0,0.147472
639,0.224649,0.241810,0.533541,0.478939,0.160686,0.360374,0,0,0.147492
640,0.225857,0.241433,0.532710,0.479751,0.160436,0.359813,0,0,0.147510
641,0.227061,0.241058,0.531882,0.480560,0.160187,0.359253,0,0,0.147528
642,0.228261,0.240683,0.531056,0.481366,0.159938,0.358696,0,0,0.147546
643,0.229457,0.240310,0.530233,0.482171,0.159690,0.358140,0,0,0.147562
644,0.230650,0.239938,0.529412,0.482972,0.159443,0.357585,0,0,0.147578
645,0.231839,0.239567,0.528594,0.483771,0.159196,0.357032,0,0,0.147592
646,0.233025,0.239198,0.527778,0.484568,0.158951,0.356481,0,0,0.147606
647,0.234206,0.238829,0.526965,0.485362,0.158706,0.355932,0,0,0.147620
648,0.235385,0.238462,0.526154,0.486154,0.158462,0.355385,0,0,0.147632
649,0.236559,0.238095,0.525346,0.486943,0.158218,0.354839,0,0,0.147644
650,0.237730,0.237730,0.524540,0.487730,0.157975,0.354294,0,0,0.147654
651,0.238897,0.237366,0.523737,0.488515,0.157734,0.353752,0,0,0.147665
652,0.240061,0.237003,0.522936,0.489297,0.157492,0.353211,0,0,0.147674
653,0.241221,0.236641,0.522137,0.490076,0.157252,0.352672,0,0,0.147683
654,0.242378,0.236280,0.521341,0.490854,0.157012,0.352134,0,0,0.147690
655,0.243531,0.235921,0.520548,0.491629,0.156773,0.351598,0,0,0.147698
656,0.244681,0.235562,0.519757,0.492401,0.156535,0.351064,0,0,0.147704
657,0.245827,0.235205,0.518968,0.493171,0.156297,0.350531,0,0,0.147710
658,0.246970,0.234848,0.518182,0.493939,0.156061,0.350000,0,0,0.147715
659,0.248109,0.234493,0.517398,0.494705,0.155825,0.349470,0,0,0.147719
660,0.249245,0.234139,0.516616,0.495468,0.155589,0.348943,0,0,0.147723
661,0.250377,0.233786,0.515837,0.496229,0.155354,0.348416,0,0,0.147725
662,0.251506,0.233434,0.515060,0.496988,0.155120,0.347892,0,0,0.147728
663,0.252632,0.233083,0.514286,0.497744,0.154887,0.347368,0,0,0.147729
664,0.253754,0.232733,0.513514,0.498498,0.154655,0.346847,0,0,0.147730
665,0.254873,0.232384,0.512744,0.499250,0.154423,0.346327,0,0,0.147730
666,0.255988,0.232036,0.511976,0.500000,0.154192,0.345808,0,0,0.147730
667,0.257100,0.231689,0.511211,0.500747,0.153961,0.345291,0,0,0.147728
668,0.258209,0.231343,0.510448,0.501493,0.153731,0.344776,0,0,0.147727
669,0.259314,0.230999,0.509687,0.502235,0.153502,0.344262,0,0,0.147724
670,0.260417,0.230655,0.508929,0.502976,0.153274,0.343750,0,0,0.147721
671,0.261516,0.230312,0.508172,0.503715,0.153046,0.343239,0,0,0.147717
672,0.262611,0.229970,0.507418,0.504451,0.152819,0.342730,0,0,0.147713
673,0.263704,0.229630,0.506667,0.505185,0.152593,0.342222,0,0,0.147708
674,0.264793,0.229290,0.505917,0.505917,0.152367,0.341716,0,0,0.147703
675,0.265879,0.228951,0.505170,0.506647,0.152142,0.341211,0,0,0.147696
676,0.266962,0.228614,0.504425,0.507375,0.151917,0.340708,0,0,0.147689
677,0.268041,0.228277,0.503682,0.508100,0.151694,0.340206,0,0,0.147682
678,0.269118,0.227941,0.502941,0.508824,0.151471,0.339706,0,0,0.147674
679,0.270191,0.227606,0.502203,0.509545,0.151248,0.339207,0,0,0.147666
680,0.271261,0.227273,0.501466,0.510264,0.151026,0.338710,0,0,0.147656
681,0.272328,0.226940,0.500732,0.510981,0.150805,0.338214,0,0,0.147647
682,0.273392,0.226608,0.500000,0.511696,0.150585,0.337719,0,0,0.147636
683,0.274453,0.226277,0.499270,0.512409,0.150365,0.337226,0,0,0.147625
684,0.275510,0.225948,0.498542,0.513120,0.150146,0.336735,0,0,0.147614
685,0.276565,0.225619,0.497817,0.513828,0.149927,0.336245,0,0,0.147602
686,0.277616,0.225291,0.497093,0.514535,0.149709,0.335756,0,0,0.147589
687,0.278665,0.224964,0.496372,0.515239,0.149492,0.335269,0,0,0.147576
688,0.279710,0.224638,0.495652,0.515942,0.149275,0.334783,0,0,0.147562
689,0.280753,0.224313,0.494935,0.516643,0.149059,0.334298,0,0,0.147548
690,0.281792,0.223988,0.494220,0.517341,0.148844,0.333815,0,0,0.147534
691,0.282828,0.223665,0.493506,0.518038,0.148629,0.333333,0,0,0.147518
692,0.283862,0.223343,0.492795,0.518732,0.148415,0.332853,0,0,0.147502
693,0.284892,0.223022,0.492086,0.519424,0.148201,0.332374,0,0,0.147486
694,0.285920,0.222701,0.491379,0.520115,0.147989,0.331897,0,0,0.147469
695,0.286944,0.222382,0.490674,0.520803,0.147776,0.331420,0,0,0.147452
696,0.287966,0.222063,0.489971,0.521490,0.147564,0.330946,0,0,0.147434
697,0.288984,0.221745,0.489270,0.522175,0.147353,0.330472,0,0,0.147416
698,0.290000,0.221429,0.488571,0.522857,0.147143,0.330000,0,0,0.147397
699,0.291013,0.221113,0.487874,0.523538,0.146933,0.329529,0,0,0.147378
700,0.292023,0.220798,0.487179,0.524217,0.146724,0.329060,0,0,0.147358
701,0.293030,0.220484,0.486486,0.524893,0.146515,0.328592,0,0,0.147337
702,0.294034,0.220170,0.485795,0.525568,0.146307,0.328125,0,0,0.147317
703,0.295035,0.219858,0.485106,0.526241,0.146099,0.327660,0,0,0.147295
704,0.296034,0.219547,0.484419,0.526912,0.145892,0.327195,0,0,0.147274
705,0.297030,0.219236,0.483734,0.527581,0.145686,0.326733,0,0,0.147251
706,0.298023,0.218927,0.483051,0.528249,0.145480,0.326271,0,0,0.147229
707,0.299013,0.218618,0.482370,0.528914,0.145275,0.325811,0,0,0.147206
708,0.300000,0.218310,0.481690,0.529577,0.145070,0.325352,0,0,0.147182
709,0.300985,0.218003,0.481013,0.530239,0.144866,0.324895,0,0,0.147158
710,0.301966,0.217697,0.480337,0.530899,0.144663,0.324438,0,0,0.147134
711,0.302945,0.217391,0.479663,0.531557,0.144460,0.323983,0,0,0.147109
712,0.303922,0.217087,0.478992,0.532213,0.144258,0.323529,0,0,0.147083
713,0.304895,0.216783,0.478322,0.532867,0.144056,0.323077,0,0,0.147058
714,0.305866,0.216480,0.477654,0.533520,0.143855,0.322626,0,0,0.147031
715,0.306834,0.216179,0.476987,0.534170,0.143654,0.322176,0,0,0.147005
716,0.307799,0.215877,0.476323,0.534819,0.143454,0.321727,0,0,0.146978
717,0.308762,0.215577,0.475661,0.535466,0.143255,0.321280,0,0,0.146950
718,0.309722,0.215278,0.475000,0.536111,0.143056,0.320833,0,0,0.146922
719,0.310680,0.214979,0.474341,0.536755,0.142857,0.320388,0,0,0.146894
720,0.311634,0.214681,0.473684,0.537396,0.142659,0.319945,0,0,0.146865
721,0.312586,0.214385,0.473029,0.538036,0.142462,0.319502,0,0,0.146836
722,0.313536,0.214088,0.472376,0.538674,0.142265,0.319061,0,0,0.146807
723,0.314483,0.213793,0.471724,0.539310,0.142069,0.318621,0,0,0.146777
724,0.315427,0.213499,0.471074,0.539945,0.141873,0.318182,0,0,0.146746
725,0.316369,0.213205,0.470426,0.540578,0.141678,0.317744,0,0,0.146716
726,0.317308,0.212912,0.469780,0.541209,0.141484,0.317308,0,0,0.146685
727,0.318244,0.212620,0.469136,0.541838,0.141289,0.316872,0,0,0.146653
728,0.319178,0.212329,0.468493,0.542466,0.141096,0.316438,0,0,0.146621
729,0.320109,0.212038,0.467852,0.543092,0.140903,0.316005,0,0,0.146589
730,0.321038,0.211749,0.467213,0.543716,0.140710,0.315574,0,0,0.146557
731,0.321965,0.211460,0.466576,0.544338,0.140518,0.315143,0,0,0.146524
732,0.322888,0.211172,0.465940,0.544959,0.140327,0.314714,0,0,0.146490
733,0.323810,0.210884,0.465306,0.545578,0.140136,0.314286,0,0,0.146457
734,0.324728,0.210598,0.464674,0.546196,0.139946,0.313859,0,0,0.146423
735,0.325645,0.210312,0.464043,0.546811,0.139756,0.313433,0,0,0.146388
736,0.326558,0.210027,0.463415,0.547425,0.139566,0.313008,0,0,0.146353
737,0.327470,0.209743,0.462788,0.548038,0.139378,0.312585,0,0,0.146318
738,0.328378,0.209459,0.462162,0.548649,0.139189,0.312162,0,0,0.146283
739,0.329285,0.209177,0.461538,0.549258,0.139001,0.311741,0,0,0.146247
740,0.330189,0.208895,0.460916,0.549865,0.138814,0.311321,0,0,0.146211
741,0.331090,0.208614,0.460296,0.550471,0.138627,0.310902,0,0,0.146175
742,0.331989,0.208333,0.459677,0.551075,0.138441,0.310484,0,0,0.146138
743,0.332886,0.208054,0.459060,0.551678,0.138255,0.310067,0,0,0.146101
744,0.333780,0.207775,0.458445,0.552279,0.138070,0.309651,0,0,0.146063
745,0.334672,0.207497,0.457831,0.552878,0.137885,0.309237,0,0,0.146025
746,0.335561,0.207219,0.457219,0.553476,0.137701,0.308824,0,0,0.145987
747,0.336449,0.206943,0.456609,0.554072,0.137517,0.308411,0,0,0.145949
748,0.337333,0.206667,0.456000,0.554667,0.137333,0.308000,0,0,0.145910
749,0.338216,0.206391,0.455393,0.555260,0.137150,0.307590,0,0,0.145871
750,0.339096,0.206117,0.454787,0.555851,0.136968,0.307181,0,0,0.145832
751,0.339973,0.205843,0.454183,0.556441,0.136786,0.306773,0,0,0.145792
752,0.340849,0.205570,0.453581,0.557029,0.136605,0.306366,0,0,0.145752
753,0.341722,0.205298,0.452980,0.557616,0.136424,0.305960,0,0,0.145712
754,0.342593,0.205026,0.452381,0.558201,0.136243,0.305556,0,0,0.145671
755,0.343461,0.204756,0.451783,0.558785,0.136063,0.305152,0,0,0.145631
756,0.344327,0.204485,0.451187,0.559367,0.135884,0.304749,0,0,0.145590
757,0.345191,0.204216,0.450593,0.559947,0.135705,0.304348,0,0,0.145548
758,0.346053,0.203947,0.450000,0.560526,0.135526,0.303947,0,0,0.145506
759,0.346912,0.203679,0.449409,0.561104,0.135348,0.303548,0,0,0.145464
760,0.347769,0.203412,0.448819,0.561680,0.135171,0.303150,0,0,0.145422
761,0.348624,0.203145,0.448231,0.562254,0.134993,0.302752,0,0,0.145380
762,0.349476,0.202880,0.447644,0.562827,0.134817,0.302356,0,0,0.145337
763,0.350327,0.202614,0.447059,0.563399,0.134641,0.301961,0,0,0.145294
764,0.351175,0.202350,0.446475,0.563969,0.134465,0.301567,0,0,0.145250
765,0.352021,0.202086,0.445893,0.564537,0.134289,0.301173,0,0,0.145207
766,0.352865,0.201823,0.445312,0.565104,0.134115,0.300781,0,0,0.145163
767,0.353706,0.201560,0.444733,0.565670,0.133940,0.300390,0,0,0.145119
768,0.354545,0.201299,0.444156,0.566234,0.133766,0.300000,0,0,0.145074
769,0.355383,0.201038,0.443580,0.566796,0.133593,0.299611,0,0,0.145030
770,0.356218,0.200777,0.443005,0.567358,0.133420,0.299223,0,0,0.144985
771,0.357050,0.200517,0.442432,0.567917,0.133247,0.298836,0,0,0.144939
772,0.357881,0.200258,0.441860,0.568475,0.133075,0.298450,0,0,0.144894
773,0.358710,0.200000,0.441290,0.569032,0.132903,0.298065,0,0,0.144848
774,0.359536,0.199742,0.440722,0.569588,0.132732,0.297680,0,0,0.144802
775,0.360360,0.199485,0.440154,0.570142,0.132561,0.297297,0,0,0.144756
776,0.361183,0.199229,0.439589,0.570694,0.132391,0.296915,0,0,0.144710
777,0.362003,0.198973,0.439024,0.571245,0.132221,0.296534,0,0,0.144663
778,0.362821,0.198718,0.438462,0.571795,0.132051,0.296154,0,0,0.144616
779,0.363636,0.198464,0.437900,0.572343,0.131882,0.295775,0,0,0.144569
780,0.364450,0.198210,0.437340,0.572890,0.131714,0.295396,0,0,0.144522
781,0.365262,0.197957,0.436782,0.573436,0.131545,0.295019,0,0,0.144474
782,0.366071,0.197704,0.436224,0.573980,0.131378,0.294643,0,0,0.144426
783,0.366879,0.197452,0.435669,0.574522,0.131210,0.294268,0,0,0.144378
784,0.367684,0.197201,0.435115,0.575064,0.131043,0.293893,0,0,0.144330
785,0.368488,0.196950,0.434562,0.575604,0.130877,0.293520,0,0,0.144282
786,0.369289,0.196701,0.434010,0.576142,0.130711,0.293147,0,0,0.144233
787,0.370089,0.196451,0.433460,0.576679,0.130545,0.292776,0,0,0.144184
788,0.370886,0.196203,0.432911,0.577215,0.130380,0.292405,0,0,0.144135
789,0.371681,0.195954,0.432364,0.577750,0.130215,0.292035,0,0,0.144085
790,0.372475,0.195707,0.431818,0.578283,0.130051,0.291667,0,0,0.144036
791,0.373266,0.195460,0.431274,0.578815,0.129887,0.291299,0,0,0.143986
792,0.374055,0.195214,0.430730,0.579345,0.129723,0.290932,0,0,0.143936
793,0.374843,0.194969,0.430189,0.579874,0.129560,0.290566,0,0,0.143886
794,0.375628,0.194724,0.429648,0.580402,0.129397,0.290201,0,0,0.143836
795,0.376412,0.194479,0.429109,0.580928,0.129235,0.289837,0,0,0.143785
796,0.377193,0.194236,0.428571,0.581454,0.129073,0.289474,0,0,0.143734
797,0.377972,0.193992,0.428035,0.581977,0.128911,0.289111,0,0,0.143683
798,0.378750,0.193750,0.427500,0.582500,0.128750,0.288750,0,0,0.143632
799,0.379526,0.193508,0.426966,0.583021,0.128589,0.288390,0,0,0.143581
800,0.380299,0.193267,0.426434,0.583541,0.128429,0.288030,0,0,0.143529
801,0.381071,0.193026,0.425903,0.584060,0.128269,0.287671,0,0,0.143477
802,0.381841,0.192786,0.425373,0.584577,0.128109,0.287313,0,0,0.143425
803,0.382609,0.192547,0.424845,0.585093,0.127950,0.286957,0,0,0.143373
804,0.383375,0.192308,0.424318,0.585608,0.127792,0.286600,0,0,0.143321
805,0.384139,0.192069,0.423792,0.586121,0.127633,0.286245,0,0,0.143269
806,0.384901,0.191832,0.423267,0.586634,0.127475,0.285891,0,0,0.143216
807,0.385661,0.191595,0.422744,0.587145,0.127318,0.285538,0,0,0.143163
808,0.386420,0.191358,0.422222,0.587654,0.127160,0.285185,0,0,0.143110
809,0.387176,0.191122,0.421702,0.588163,0.127004,0.284834,0,0,0.143057
810,0.387931,0.190887,0.421182,0.588670,0.126847,0.284483,0,0,0.143004
811,0.388684,0.190652,0.420664,0.589176,0.126691,0.284133,0,0,0.142950
812,0.389435,0.190418,0.420147,0.589681,0.126536,0.283784,0,0,0.142896
813,0.390184,0.190184,0.419632,0.590184,0.126380,0.283436,0,0,0.142842
814,0.390931,0.189951,0.419118,0.590686,0.126225,0.283088,0,0,0.142788
815,0.391677,0.189718,0.418605,0.591187,0.126071,0.282742,0,0,0.142734
816,0.392421,0.189487,0.418093,0.591687,0.125917,0.282396,0,0,0.142680
817,0.393162,0.189255,0.417582,0.592186,0.125763,0.282051,0,0,0.142625
818,0.393902,0.189024,0.417073,0.592683,0.125610,0.281707,0,0,0.142571
819,0.394641,0.188794,0.416565,0.593179,0.125457,0.281364,0,0,0.142516
820,0.395377,0.188564,0.416058,0.593674,0.125304,0.281022,0,0,0.142461
821,0.396112,0.188335,0.415553,0.594168,0.125152,0.280680,0,0,0.142406
822,0.396845,0.188107,0.415049,0.594660,0.125000,0.280340,0,0,0.142350
823,0.397576,0.187879,0.414545,0.595152,0.124848,0.280000,0,0,0.142295
824,0.398305,0.187651,0.414044,0.595642,0.124697,0.279661,0,0,0.142239
825,0.399033,0.187424,0.413543,0.596131,0.124547,0.279323,0,0,0.142184
826,0.399758,0.187198,0.413043,0.596618,0.124396,0.278986,0,0,0.142128
827,0.400483,0.186972,0.412545,0.597105,0.124246,0.278649,0,0,0.142072
828,0.401205,0.186747,0.412048,0.597590,0.124096,0.278313,0,0,0.142016
829,0.401925,0.186522,0.411552,0.598075,0.123947,0.277978,0,0,0.141959
830,0.402644,0.186298,0.411058,0.598558,0.123798,0.277644,0,0,0.141903
831,0.403361,0.186074,0.410564,0.599040,0.123649,0.277311,0,0,0.141846
832,0.404077,0.185851,0.410072,0.599520,0.123501,0.276978,0,0,0.141789
833,0.404790,0.185629,0.409581,0.600000,0.123353,0.276647,0,0,0.141733
834,0.405502,0.185407,0.409091,0.600478,0.123206,0.276316,0,0,0.141676
835,0.406213,0.185185,0.408602,0.600956,0.123059,0.275986,0,0,0.141618
836,0.406921,0.184964,0.408115,0.601432,0.122912,0.275656,0,0,0.141561
837,0.407628,0.184744,0.407628,0.601907,0.122765,0.275328,0,0,0.141504
838,0.408333,0.184524,0.407143,0.602381,0.122619,0.275000,0,0,0.142042
839,0.409037,0.184304,0.406659,0.601665,0.123662,0.274673,0,1,0.142115
840,0.409739,0.184086,0.406176,0.600950,0.124703,0.274347,0,1,0.142188
841,0.410439,0.183867,0.405694,0.600237,0.125741,0.274021,0,1,0.142261
842,0.411137,0.183649,0.405213,0.599526,0.126777,0.273697,0,1,0.142332
843,0.411834,0.183432,0.404734,0.598817,0.127811,0.273373,0,1,0.142403
844,0.412530,0.183215,0.404255,0.598109,0.128842,0.273050,0,1,0.142473
845,0.413223,0.182999,0.403778,0.597403,0.129870,0.272727,0,1,0.142543
846,0.413915,0.182783,0.403302,0.596698,0.130896,0.272406,0,1,0.142611
847,0.414605,0.182568,0.402827,0.595995,0.131920,0.272085,0,1,0.142679
848,0.415294,0.182353,0.402353,0.595294,0.132941,0.271765,0,1,0.142747
849,0.415981,0.182139,0.401880,0.594595,0.133960,0.271445,0,1,0.142813
850,0.416667,0.181925,0.401408,0.593897,0.134977,0.271127,0,1,0.142879
851,0.417351,0.181712,0.400938,0.593200,0.135991,0.270809,0,1,0.142944
852,0.418033,0.181499,0.400468,0.592506,0.137002,0.270492,0,1,0.143009
853,0.418713,0.181287,0.400000,0.591813,0.138012,0.270175,0,1,0.143072
854,0.419393,0.181075,0.399533,0.591121,0.139019,0.269860,0,1,0.143135
855,0.420070,0.180863,0.399067,0.590432,0.140023,0.269545,0,1,0.143198
856,0.420746,0.180653,0.398601,0.589744,0.141026,0.269231,0,1,0.143260
857,0.421420,0.180442,0.398137,0.589057,0.142026,0.268917,0,1,0.143321
858,0.422093,0.180233,0.397674,0.588372,0.143023,0.268605,0,1,0.143381
859,0.422764,0.180023,0.397213,0.587689,0.144019,0.268293,0,1,0.143441
860,0.423434,0.179814,0.396752,0.587007,0.145012,0.267981,0,1,0.143500
861,0.424102,0.179606,0.396292,0.586327,0.146002,0.267671,0,1,0.143558
862,0.424769,0.179398,0.395833,0.585648,0.146991,0.267361,0,1,0.143616
863,0.425434,0.179191,0.395376,0.584971,0.147977,0.267052,0,1,0.143673
864,0.426097,0.178984,0.394919,0.584296,0.148961,0.266744,0,1,0.143729
865,0.426759,0.178777,0.394464,0.583622,0.149942,0.266436,0,1,0.143785
866,0.427419,0.178571,0.394009,0.582949,0.150922,0.266129,0,1,0.143840
867,0.428078,0.178366,0.393556,0.582278,0.151899,0.265823,0,1,0.143894
868,0.428736,0.178161,0.393103,0.581609,0.152874,0.265517,0,1,0.143948
869,0.429392,0.177956,0.392652,0.580941,0.153846,0.265212,0,1,0.144002
870,0.430046,0.177752,0.392202,0.580275,0.154817,0.264908,0,1,0.144054
871,0.430699,0.177549,0.391753,0.579611,0.155785,0.264605,0,1,0.144106
872,0.431350,0.177346,0.391304,0.578947,0.156751,0.264302,0,1,0.144158
873,0.432000,0.177143,0.390857,0.578286,0.157714,0.264000,0,1,0.144208
874,0.432648,0.176941,0.390411,0.577626,0.158676,0.263699,0,1,0.144258
875,0.433295,0.176739,0.389966,0.576967,0.159635,0.263398,0,1,0.144308
876,0.433941,0.176538,0.389522,0.576310,0.160592,0.263098,0,1,0.144357
877,0.434585,0.176337,0.389078,0.575654,0.161547,0.262799,0,1,0.144405
878,0.435227,0.176136,0.388636,0.575000,0.162500,0.262500,0,1,0.144453
879,0.435868,0.175936,0.388195,0.574347,0.163451,0.262202,0,1,0.144500
880,0.436508,0.175737,0.387755,0.573696,0.164399,0.261905,0,1,0.144547
881,0.437146,0.175538,0.387316,0.573046,0.165345,0.261608,0,1,0.144593
882,0.437783,0.175339,0.386878,0.572398,0.166290,0.261312,0,1,0.144638
883,0.438418,0.175141,0.386441,0.571751,0.167232,0.261017,0,1,0.144683
884,0.439052,0.174944,0.386005,0.571106,0.168172,0.260722,0,1,0.144727
885,0.439684,0.174746,0.385569,0.570462,0.169109,0.260428,0,1,0.144771
886,0.440315,0.174550,0.385135,0.569820,0.170045,0.260135,0,1,0.144814
887,0.440945,0.174353,0.384702,0.569179,0.170979,0.259843,0,1,0.144857
888,0.441573,0.174157,0.384270,0.568539,0.171910,0.259551,0,1,0.144899
889,0.442200,0.173962,0.383838,0.567901,0.172840,0.259259,0,1,0.144940
890,0.442825,0.173767,0.383408,0.567265,0.173767,0.258969,0,1,0.144981
891,0.443449,0.173572,0.382979,0.566629,0.174692,0.258679,0,1,0.145022
892,0.444072,0.173378,0.382550,0.565996,0.175615,0.258389,0,1,0.145062
893,0.444693,0.173184,0.382123,0.565363,0.176536,0.258101,0,1,0.145101
894,0.445312,0.172991,0.381696,0.564732,0.177455,0.257812,0,1,0.145140
895,0.445931,0.172798,0.381271,0.564103,0.178372,0.257525,0,1,0.145178
896,0.446548,0.172606,0.380846,0.563474,0.179287,0.257238,0,1,0.145216
897,0.447164,0.172414,0.380423,0.562848,0.180200,0.256952,0,1,0.145253
898,0.447778,0.172222,0.380000,0.562222,0.181111,0.256667,0,1,0.145290
899,0.448391,0.172031,0.379578,0.561598,0.182020,0.256382,0,1,0.145326
900,0.449002,0.171840,0.379157,0.560976,0.182927,0.256098,0,1,0.145361
901,0.449612,0.171650,0.378738,0.560354,0.183832,0.255814,0,1,0.145396
902,0.450221,0.171460,0.378319,0.559735,0.184735,0.255531,0,1,0.145431
903,0.450829,0.171271,0.377901,0.559116,0.185635,0.255249,0,1,0.145465
904,0.451435,0.171082,0.377483,0.558499,0.186534,0.254967,0,1,0.145499
905,0.452040,0.170893,0.377067,0.557883,0.187431,0.254686,0,1,0.145532
906,0.452643,0.170705,0.376652,0.557269,0.188326,0.254405,0,1,0.145564
907,0.453245,0.170517,0.376238,0.556656,0.189219,0.254125,0,1,0.145596
908,0.453846,0.170330,0.375824,0.556044,0.190110,0.253846,0,1,0.145628
909,0.454446,0.170143,0.375412,0.555434,0.190999,0.253568,0,1,0.145659
910,0.455044,0.169956,0.375000,0.554825,0.191886,0.253289,0,1,0.145690
911,0.455641,0.169770,0.374589,0.554217,0.192771,0.253012,0,1,0.145720
912,0.456236,0.169584,0.374179,0.553611,0.193654,0.252735,0,1,0.145749
913,0.456831,0.169399,0.373770,0.553005,0.194536,0.252459,0,1,0.145779
914,0.457424,0.169214,0.373362,0.552402,0.195415,0.252183,0,1,0.145807
915,0.458015,0.169029,0.372955,0.551799,0.196292,0.251908,0,1,0.145836
916,0.458606,0.168845,0.372549,0.551198,0.197168,0.251634,0,1,0.145863
917,0.459195,0.168662,0.372144,0.550598,0.198041,0.251360,0,1,0.145891
918,0.459783,0.168478,0.371739,0.550000,0.198913,0.251087,0,1,0.145917
919,0.460369,0.168295,0.371336,0.549403,0.199783,0.250814,0,1,0.145944
920,0.460954,0.168113,0.370933,0.548807,0.200651,0.250542,0,1,0.145970
921,0.461538,0.167931,0.370531,0.548212,0.201517,0.250271,0,1,0.145995
922,0.462121,0.167749,0.370130,0.547619,0.202381,0.250000,0,1,0.146020
923,0.462703,0.167568,0.369730,0.547027,0.203243,0.249730,0,1,0.146045
924,0.463283,0.167387,0.369330,0.546436,0.204104,0.249460,0,1,0.146069
925,0.463862,0.167206,0.368932,0.545847,0.204962,0.249191,0,1,0.146092
926,0.464440,0.167026,0.368534,0.545259,0.205819,0.248922,0,1,0.146116
927,0.465016,0.166846,0.368138,0.544672,0.206674,0.248654,0,1,0.146138
928,0.465591,0.166667,0.367742,0.544086,0.207527,0.248387,0,1,0.146161
929,0.466165,0.166488,0.367347,0.543502,0.208378,0.248120,0,1,0.146183
930,0.466738,0.166309,0.366953,0.542918,0.209227,0.247854,0,1,0.146204
931,0.467310,0.166131,0.366559,0.542337,0.210075,0.247588,0,1,0.146225
932,0.467880,0.165953,0.366167,0.541756,0.210921,0.247323,0,1,0.146246
933,0.468449,0.165775,0.365775,0.541176,0.211765,0.247059,0,1,0.146266
934,0.469017,0.165598,0.365385,0.540598,0.212607,0.246795,0,1,0.146286
935,0.469584,0.165422,0.364995,0.540021,0.213447,0.246531,0,1,0.146305
936,0.470149,0.165245,0.364606,0.539446,0.214286,0.246269,0,1,0.146324
937,0.470714,0.165069,0.364217,0.538871,0.215122,0.246006,0,1,0.146343
938,0.471277,0.164894,0.363830,0.538298,0.215957,0.245745,0,1,0.146361
939,0.471838,0.164718,0.363443,0.537726,0.216791,0.245484,0,1,0.146379
940,0.472399,0.164544,0.363057,0.537155,0.217622,0.245223,0,1,0.146396
941,0.472959,0.164369,0.362672,0.536585,0.218452,0.244963,0,1,0.146413
942,0.473517,0.164195,0.362288,0.536017,0.219280,0.244703,0,1,0.146429
943,0.474074,0.164021,0.361905,0.535450,0.220106,0.244444,0,1,0.146446
944,0.474630,0.163848,0.361522,0.534884,0.220930,0.244186,0,1,0.146461
945,0.475185,0.163675,0.361140,0.534319,0.221753,0.243928,0,1,0.146477
946,0.475738,0.163502,0.360759,0.533755,0.222574,0.243671,0,1,0.146492
947,0.476291,0.163330,0.360379,0.533193,0.223393,0.243414,0,1,0.146506
948,0.476842,0.163158,0.360000,0.532632,0.224211,0.243158,0,1,0.146520
949,0.477392,0.162986,0.359621,0.532072,0.225026,0.242902,0,1,0.146534
950,0.477941,0.162815,0.359244,0.531513,0.225840,0.242647,0,1,0.146547
951,0.478489,0.162644,0.358867,0.530955,0.226653,0.242392,0,1,0.146560
952,0.479036,0.162474,0.358491,0.530398,0.227463,0.242138,0,1,0.146573
953,0.479581,0.162304,0.358115,0.529843,0.228272,0.241885,0,1,0.146585
954,0.480126,0.162134,0.357741,0.529289,0.229079,0.241632,0,1,0.146597
955,0.480669,0.161964,0.357367,0.528736,0.229885,0.241379,0,1,0.146609
956,0.481211,0.161795,0.356994,0.528184,0.230689,0.241127,0,1,0.146620
957,0.481752,0.161627,0.356621,0.527633,0.231491,0.240876,0,1,0.146631
958,0.482292,0.161458,0.356250,0.527083,0.232292,0.240625,0,1,0.146641
959,0.482830,0.161290,0.355879,0.526535,0.233091,0.240375,0,1,0.146651
960,0.483368,0.161123,0.355509,0.525988,0.233888,0.240125,0,1,0.146661
961,0.483904,0.160955,0.355140,0.525441,0.234683,0.239875,0,1,0.146670
962,0.484440,0.160788,0.354772,0.524896,0.235477,0.239627,0,1,0.146679
963,0.484974,0.160622,0.354404,0.524352,0.236269,0.239378,0,1,0.146688
964,0.485507,0.160455,0.354037,0.523810,0.237060,0.239130,0,1,0.146696
965,0.486039,0.160290,0.353671,0.523268,0.237849,0.238883,0,1,0.146704
966,0.486570,0.160124,0.353306,0.522727,0.238636,0.238636,0,1,0.146712
967,0.487100,0.159959,0.352941,0.522188,0.239422,0.238390,0,1,0.146719
968,0.487629,0.159794,0.352577,0.521649,0.240206,0.238144,0,1,0.146726
969,0.488157,0.159629,0.352214,0.521112,0.240989,0.237899,0,1,0.146733
970,0.488683,0.159465,0.351852,0.520576,0.241770,0.237654,0,1,0.146739
971,0.489209,0.159301,0.351490,0.520041,0.242549,0.237410,0,1,0.146745
972,0.489733,0.159138,0.351129,0.519507,0.243326,0.237166,0,1,0.146750
973,0.490256,0.158974,0.350769,0.518974,0.244103,0.236923,0,1,0.146756
974,0.490779,0.158811,0.350410,0.518443,0.244877,0.236680,0,1,0.146760
975,0.491300,0.158649,0.350051,0.517912,0.245650,0.236438,0,1,0.146765
976,0.491820,0.158487,0.349693,0.517382,0.246421,0.236196,0,1,0.146769
977,0.492339,0.158325,0.349336,0.516854,0.247191,0.235955,0,1,0.146773
978,0.492857,0.158163,0.348980,0.516327,0.247959,0.235714,0,1,0.146777
979,0.493374,0.158002,0.348624,0.515800,0.248726,0.235474,0,1,0.146780
980,0.493890,0.157841,0.348269,0.515275,0.249491,0.235234,0,1,0.146783
981,0.494405,0.157681,0.347915,0.514751,0.250254,0.234995,0,1,0.146786
982,0.494919,0.157520,0.347561,0.514228,0.251016,0.234756,0,1,0.146788
983,0.495431,0.157360,0.347208,0.513706,0.251777,0.234518,0,1,0.146790
984,0.495943,0.157201,0.346856,0.513185,0.252535,0.234280,0,1,0.146792
985,0.496454,0.157042,0.346505,0.512665,0.253293,0.234043,0,1,0.146793
986,0.496964,0.156883,0.346154,0.512146,0.254049,0.233806,0,1,0.146794
987,0.497472,0.156724,0.345804,0.511628,0.254803,0.233569,0,1,0.146795
988,0.497980,0.156566,0.345455,0.511111,0.255556,0.233333,0,1,0.146796
989,0.498486,0.156408,0.345106,0.510595,0.256307,0.233098,0,1,0.146796
990,0.498992,0.156250,0.344758,0.510081,0.257056,0.232863,0,1,0.146796
991,0.499496,0.156093,0.344411,0.509567,0.257805,0.232628,0,1,0.146795
992,0.500000,0.155936,0.344064,0.509054,0.258551,0.232394,0,1,0.146795
993,0.500503,0.155779,0.343719,0.508543,0.259296,0.232161,0,1,0.146794
994,0.501004,0.155622,0.343373,0.508032,0.260040,0.231928,0,1,0.146792
995,0.501505,0.155466,0.343029,0.507523,0.260782,0.231695,0,1,0.146791
996,0.502004,0.155311,0.342685,0.507014,0.261523,0.231463,0,1,0.146789
997,0.502503,0.155155,0.342342,0.506507,0.262262,0.231231,0,1,0.146787
998,0.503000,0.155000,0.342000,0.506000,0.263000,0.231000,0,1,0.146784
999,0.503497,0.154845,0.341658,0.505495,0.263736,0.230769,0,1,0.146782
1000,0.503992,0.154691,0.341317,0.504990,0.264471,0.230539,0,1,0.146779
1001,0.504487,0.154536,0.340977,0.504487,0.265204,0.230309,0,1,0.146776
1002,0.504980,0.154382,0.340637,0.503984,0.265936,0.230080,0,1,0.146772
1003,0.505473,0.154229,0.340299,0.503483,0.266667,0.229851,0,1,0.146768
1004,0.505964,0.154076,0.339960,0.502982,0.267396,0.229622,0,1,0.146764
1005,0.506455,0.153923,0.339623,0.502483,0.268123,0.229394,0,1,0.146760
1006,0.506944,0.153770,0.339286,0.501984,0.268849,0.229167,0,1,0.146755
1007,0.507433,0.153617,0.338949,0.501487,0.269574,0.228940,0,1,0.146750
1008,0.507921,0.153465,0.338614,0.500990,0.270297,0.228713,0,1,0.146745
1009,0.508408,0.153314,0.338279,0.500495,0.271019,0.228487,0,1,0.146739
1010,0.508893,0.153162,0.337945,0.500000,0.271739,0.228261,0,1,0.146734
1011,0.509378,0.153011,0.337611,0.499506,0.272458,0.228036,0,1,0.146728
1012,0.509862,0.152860,0.337278,0.499014,0.273176,0.227811,0,1,0.146722
1013,0.510345,0.152709,0.336946,0.498522,0.273892,0.227586,0,1,0.146715
1014,0.510827,0.152559,0.336614,0.498031,0.274606,0.227362,0,1,0.146708
1015,0.511308,0.152409,0.336283,0.497542,0.275320,0.227139,0,1,0.146701
1016,0.511788,0.152259,0.335953,0.497053,0.276031,0.226916,0,1,0.146694
1017,0.512267,0.152110,0.335623,0.496565,0.276742,0.226693,0,1,0.146686
1018,0.512745,0.151961,0.335294,0.496078,0.277451,0.226471,0,1,0.146679
1019,0.513222,0.151812,0.334966,0.495593,0.278159,0.226249,0,1,0.146671
1020,0.513699,0.151663,0.334638,0.495108,0.278865,0.226027,0,1,0.146662
1021,0.514174,0.151515,0.334311,0.494624,0.279570,0.225806,0,1,0.146654
1022,0.514648,0.151367,0.333984,0.494141,0.280273,0.225586,0,1,0.146645
1023,0.515122,0.151220,0.333659,0.493659,0.280976,0.225366,0,1,0.146636
1024,0.515595,0.151072,0.333333,0.493177,0.281676,0.225146,0,1,0.146627
1025,0.516066,0.150925,0.333009,0.492697,0.282376,0.224927,0,1,0.146617
1026,0.516537,0.150778,0.332685,0.492218,0.283074,0.224708,0,1,0.146608
1027,0.517007,0.150632,0.332362,0.491740,0.283771,0.224490,0,1,0.146598
1028,0.517476,0.150485,0.332039,0.491262,0.284466,0.224272,0,1,0.146587
1029,0.517944,0.150339,0.331717,0.490786,0.285160,0.224054,0,1,0.146577
1030,0.518411,0.150194,0.331395,0.490310,0.285853,0.223837,0,1,0.146566
1031,0.518877,0.150048,0.331075,0.489835,0.286544,0.223621,0,1,0.146555
1032,0.519342,0.149903,0.330754,0.489362,0.287234,0.223404,0,1,0.146544
1033,0.519807,0.149758,0.330435,0.488889,0.287923,0.223188,0,1,0.146533
1034,0.520270,0.149614,0.330116,0.488417,0.288610,0.222973,0,1,0.146521
1035,0.520733,0.149470,0.329797,0.487946,0.289296,0.222758,0,1,0.146509
1036,0.521195,0.149326,0.329480,0.487476,0.289981,0.222543,0,1,0.146497
1037,0.521655,0.149182,0.329163,0.487007,0.290664,0.222329,0,1,0.146485
1038,0.522115,0.149038,0.328846,0.486538,0.291346,0.222115,0,1,0.146472
1039,0.522574,0.148895,0.328530,0.486071,0.292027,0.221902,0,1,0.146460
1040,0.523033,0.148752,0.328215,0.485605,0.292706,0.221689,0,1,0.146447
1041,0.523490,0.148610,0.327900,0.485139,0.293384,0.221477,0,1,0.146433
1042,0.523946,0.148467,0.327586,0.484674,0.294061,0.221264,0,1,0.146420
1043,0.524402,0.148325,0.327273,0.484211,0.294737,0.221053,0,1,0.146406
1044,0.524857,0.148184,0.326960,0.483748,0.295411,0.220841,0,1,0.146393
1045,0.525310,0.148042,0.326648,0.483286,0.296084,0.220630,0,1,0.146379
1046,0.525763,0.147901,0.326336,0.482824,0.296756,0.220420,0,1,0.146364
1047,0.526215,0.147760,0.326025,0.482364,0.297426,0.220210,0,1,0.146350
1048,0.526667,0.147619,0.325714,0.481905,0.298095,0.220000,0,1,0.146335
1049,0.527117,0.147479,0.325404,0.481446,0.298763,0.219791,0,1,0.146320
1050,0.527567,0.147338,0.325095,0.480989,0.299430,0.219582,0,1,0.146305
1051,0.528015,0.147198,0.324786,0.480532,0.300095,0.219373,0,1,0.146290
1052,0.528463,0.147059,0.324478,0.480076,0.300759,0.219165,0,1,0.146274
1053,0.528910,0.146919,0.324171,0.479621,0.301422,0.218957,0,1,0.146259
1054,0.529356,0.146780,0.323864,0.479167,0.302083,0.218750,0,1,0.146243
1055,0.529801,0.146641,0.323557,0.478713,0.302744,0.218543,0,1,0.146227
1056,0.530246,0.146503,0.323251,0.478261,0.303403,0.218336,0,1,0.146210
1057,0.530689,0.146364,0.322946,0.477809,0.304060,0.218130,0,1,0.146194
1058,0.531132,0.146226,0.322642,0.477358,0.304717,0.217925,0,1,0.146177
1059,0.531574,0.146089,0.322337,0.476909,0.305372,0.217719,0,1,0.146160
1060,0.532015,0.145951,0.322034,0.476460,0.306026,0.217514,0,1,0.146143
1061,0.532455,0.145814,0.321731,0.476011,0.306679,0.217310,0,1,0.146126
1062,0.532895,0.145677,0.321429,0.475564,0.307331,0.217105,0,1,0.146108
1063,0.533333,0.145540,0.321127,0.475117,0.307981,0.216901,0,1,0.146091
1064,0.533771,0.145403,0.320826,0.474672,0.308630,0.216698,0,1,0.146073
1065,0.534208,0.145267,0.320525,0.474227,0.309278,0.216495,0,1,0.146055
1066,0.534644,0.145131,0.320225,0.473783,0.309925,0.216292,0,1,0.146036
1067,0.535080,0.144995,0.319925,0.473340,0.310571,0.216090,0,1,0.146018
1068,0.535514,0.144860,0.319626,0.472897,0.311215,0.215888,0,1,0.145999
1069,0.535948,0.144725,0.319328,0.472456,0.311858,0.215686,0,1,0.145980
1070,0.536381,0.144590,0.319030,0.472015,0.312500,0.215485,0,1,0.145961
1071,0.536813,0.144455,0.318733,0.471575,0.313141,0.215284,0,1,0.145942
1072,0.537244,0.144320,0.318436,0.471136,0.313780,0.215084,0,1,0.145923
1073,0.537674,0.144186,0.318140,0.470698,0.314419,0.214884,0,1,0.145903
1074,0.538104,0.144052,0.317844,0.470260,0.315056,0.214684,0,1,0.145884
1075,0.538533,0.143918,0.317549,0.469824,0.315692,0.214485,0,1,0.145864
1076,0.538961,0.143785,0.317254,0.469388,0.316327,0.214286,0,1,0.145844
1077,0.539388,0.143652,0.316960,0.468953,0.316960,0.214087,0,1,0.145823
1078,0.539815,0.143519,0.316667,0.468519,0.317593,0.213889,0,1,0.145803
1079,0.540241,0.143386,0.316374,0.468085,0.318224,0.213691,0,1,0.145782
1080,0.540665,0.143253,0.316081,0.467652,0.318854,0.213494,0,1,0.145762
1081,0.541090,0.143121,0.315789,0.467221,0.319483,0.213296,0,1,0.145741
1082,0.541513,0.142989,0.315498,0.466790,0.320111,0.213100,0,1,0.145719
1083,0.541935,0.142857,0.315207,0.466359,0.320737,0.212903,0,1,0.145698
1084,0.542357,0.142726,0.314917,0.465930,0.321363,0.212707,0,1,0.145677
1085,0.542778,0.142594,0.314627,0.465501,0.321987,0.212511,0,1,0.145655
1086,0.543199,0.142463,0.314338,0.465074,0.322610,0.212316,0,1,0.145633
1087,0.543618,0.142332,0.314050,0.464646,0.323232,0.212121,0,1,0.145611
1088,0.544037,0.142202,0.313761,0.464220,0.323853,0.211927,0,1,0.145589
1089,0.544455,0.142071,0.313474,0.463795,0.324473,0.211732,0,1,0.145567
1090,0.544872,0.141941,0.313187,0.463370,0.325092,0.211538,0,1,0.145544
1091,0.545288,0.141812,0.312900,0.462946,0.325709,0.211345,0,1,0.145522
1092,0.545704,0.141682,0.312614,0.462523,0.326325,0.211152,0,1,0.145499
1093,0.546119,0.141553,0.312329,0.462100,0.326941,0.210959,0,1,0.145476
1094,0.546533,0.141423,0.312044,0.461679,0.327555,0.210766,0,1,0.145453
1095,0.546946,0.141294,0.311759,0.461258,0.328168,0.210574,0,1,0.145430
1096,0.547359,0.141166,0.311475,0.460838,0.328780,0.210383,0,1,0.145406
1097,0.547771,0.141037,0.311192,0.460419,0.329390,0.210191,0,1,0.145383
1098,0.548182,0.140909,0.310909,0.460000,0.330000,0.210000,0,1,0.145359
1099,0.548592,0.140781,0.310627,0.459582,0.330609,0.209809,0,1,0.145335
1100,0.549002,0.140653,0.310345,0.459165,0.331216,0.209619,0,1,0.145311
1101,0.549411,0.140526,0.310063,0.458749,0.331822,0.209429,0,1,0.145287
1102,0.549819,0.140399,0.309783,0.458333,0.332428,0.209239,0,1,0.145263
1103,0.550226,0.140271,0.309502,0.457919,0.333032,0.209050,0,1,0.145238
1104,0.550633,0.140145,0.309222,0.457505,0.333635,0.208861,0,1,0.145214
1105,0.551039,0.140018,0.308943,0.457091,0.334237,0.208672,0,1,0.145189
1106,0.551444,0.139892,0.308664,0.456679,0.334838,0.208484,0,1,0.145164
1107,0.551849,0.139766,0.308386,0.456267,0.335437,0.208296,0,1,0.145139
1108,0.552252,0.139640,0.308108,0.455856,0.336036,0.208108,0,1,0.145114
1109,0.552655,0.139514,0.307831,0.455446,0.336634,0.207921,0,1,0.145088
1110,0.553058,0.139388,0.307554,0.455036,0.337230,0.207734,0,1,0.145063
1111,0.553459,0.139263,0.307278,0.454627,0.337826,0.207547,0,1,0.145037
1112,0.553860,0.139138,0.307002,0.454219,0.338420,0.207361,0,1,0.145011
1113,0.554260,0.139013,0.306726,0.453812,0.339013,0.207175,0,1,0.144985
1114,0.554659,0.138889,0.306452,0.453405,0.339606,0.206989,0,1,0.144959
1115,0.555058,0.138765,0.306177,0.452999,0.340197,0.206804,0,1,0.144933
1116,0.555456,0.138640,0.305903,0.452594,0.340787,0.206619,0,1,0.144907
1117,0.555853,0.138517,0.305630,0.452189,0.341376,0.206434,0,1,0.144880
1118,0.556250,0.138393,0.305357,0.451786,0.341964,0.206250,0,1,0.144854
1119,0.556646,0.138269,0.305085,0.451383,0.342551,0.206066,0,1,0.144827
1120,0.557041,0.138146,0.304813,0.450980,0.343137,0.205882,0,1,0.144800
1121,0.557435,0.138023,0.304541,0.450579,0.343722,0.205699,0,1,0.144773
1122,0.557829,0.137900,0.304270,0.450178,0.344306,0.205516,0,1,0.144746
1123,0.558222,0.137778,0.304000,0.449778,0.344889,0.205333,0,1,0.144719
1124,0.558615,0.137655,0.303730,0.449378,0.345471,0.205151,0,1,0.144691
1125,0.559006,0.137533,0.303461,0.448980,0.346051,0.204969,0,1,0.144664
1126,0.559397,0.137411,0.303191,0.448582,0.346631,0.204787,0,1,0.144636
1127,0.559787,0.137290,0.302923,0.448184,0.347210,0.204606,0,1,0.144608
1128,0.560177,0.137168,0.302655,0.447788,0.347788,0.204425,0,1,0.144580
1129,0.560566,0.137047,0.302387,0.447392,0.348364,0.204244,0,1,0.144552
1130,0.560954,0.136926,0.302120,0.446996,0.348940,0.204064,0,1,0.144524
1131,0.561342,0.136805,0.301853,0.446602,0.349515,0.203883,0,1,0.144496
1132,0.561728,0.136684,0.301587,0.446208,0.350088,0.203704,0,1,0.144467
1133,0.562115,0.136564,0.301322,0.445815,0.350661,0.203524,0,1,0.144439
1134,0.562500,0.136444,0.301056,0.445423,0.351232,0.203345,0,1,0.144410
1135,0.562885,0.136324,0.300792,0.445031,0.351803,0.203166,0,1,0.144381
1136,0.563269,0.136204,0.300527,0.444640,0.352373,0.202988,0,1,0.144352
1137,0.563652,0.136084,0.300263,0.444249,0.352941,0.202809,0,1,0.144323
1138,0.564035,0.135965,0.300000,0.443860,0.353509,0.202632,0,1,0.144294
1139,0.564417,0.135846,0.299737,0.443471,0.354075,0.202454,0,1,0.144265
1140,0.564799,0.135727,0.299475,0.443082,0.354641,0.202277,0,1,0.144235
1141,0.565179,0.135608,0.299213,0.442695,0.355206,0.202100,0,1,0.144206
1142,0.565559,0.135490,0.298951,0.442308,0.355769,0.201923,0,1,0.144176
1143,0.565939,0.135371,0.298690,0.441921,0.356332,0.201747,0,1,0.144146
1144,0.566318,0.135253,0.298429,0.441536,0.356894,0.201571,0,1,0.144116
1145,0.566696,0.135135,0.298169,0.441151,0.357454,0.201395,0,1,0.144087
1146,0.567073,0.135017,0.297909,0.440767,0.358014,0.201220,0,1,0.144056
1147,0.567450,0.134900,0.297650,0.440383,0.358573,0.201044,0,1,0.144026
1148,0.567826,0.134783,0.297391,0.440000,0.359130,0.200870,0,1,0.143996
1149,0.568202,0.134666,0.297133,0.439618,0.359687,0.200695,0,1,0.143965
1150,0.568576,0.134549,0.296875,0.439236,0.360243,0.200521,0,1,0.143935
1151,0.568951,0.134432,0.296618,0.438855,0.360798,0.200347,0,1,0.143904
1152,0.569324,0.134315,0.296360,0.438475,0.361352,0.200173,0,1,0.143873
1153,0.569697,0.134199,0.296104,0.438095,0.361905,0.200000,0,1,0.143843
1154,0.570069,0.134083,0.295848,0.437716,0.362457,0.199827,0,1,0.143812
1155,0.570441,0.133967,0.295592,0.437338,0.363008,0.199654,0,1,0.143780
1156,0.570812,0.133851,0.295337,0.436960,0.363558,0.199482,0,1,0.143749
1157,0.571182,0.133736,0.295082,0.436583,0.364107,0.199310,0,1,0.143718
1158,0.571552,0.133621,0.294828,0.436207,0.364655,0.199138,0,1,0.143686
1159,0.571921,0.133506,0.294574,0.435831,0.365202,0.198966,0,1,0.143655
1160,0.572289,0.133391,0.294320,0.435456,0.365749,0.198795,0,1,0.143623
1161,0.572657,0.133276,0.294067,0.435082,0.366294,0.198624,0,1,0.143592
1162,0.573024,0.133162,0.293814,0.434708,0.366838,0.198454,0,1,0.143560
1163,0.573391,0.133047,0.293562,0.434335,0.367382,0.198283,0,1,0.143528
1164,0.573756,0.132933,0.293310,0.433962,0.367925,0.198113,0,1,0.143496
1165,0.574122,0.132819,0.293059,0.433590,0.368466,0.197943,0,1,0.143464
1166,0.574486,0.132705,0.292808,0.433219,0.369007,0.197774,0,1,0.143431
1167,0.574850,0.132592,0.292558,0.432849,0.369547,0.197605,0,1,0.143399
1168,0.575214,0.132479,0.292308,0.432479,0.370085,0.197436,0,1,0.143367
1169,0.575576,0.132365,0.292058,0.432109,0.370623,0.197267,0,1,0.143334
1170,0.575939,0.132253,0.291809,0.431741,0.371160,0.197099,0,1,0.143301
1171,0.576300,0.132140,0.291560,0.431373,0.371697,0.196931,0,1,0.143269
1172,0.576661,0.132027,0.291312,0.431005,0.372232,0.196763,0,1,0.143236
1173,0.577021,0.131915,0.291064,0.430638,0.372766,0.196596,0,1,0.143203
1174,0.577381,0.131803,0.290816,0.430272,0.373299,0.196429,0,1,0.143170
1175,0.577740,0.131691,0.290569,0.429907,0.373832,0.196262,0,1,0.143137
1176,0.578098,0.131579,0.290323,0.429542,0.374363,0.196095,0,1,0.143104
1177,0.578456,0.131467,0.290076,0.429177,0.374894,0.195929,0,1,0.143070
1178,0.578814,0.131356,0.289831,0.428814,0.375424,0.195763,0,1,0.143037
1179,0.579170,0.131245,0.289585,0.428450,0.375953,0.195597,0,1,0.143003
1180,0.579526,0.131134,0.289340,0.428088,0.376481,0.195431,0,1,0.142970
1181,0.579882,0.131023,0.289096,0.427726,0.377008,0.195266,0,1,0.142936
1182,0.580236,0.130912,0.288851,0.427365,0.377534,0.195101,0,1,0.142902
1183,0.580591,0.130802,0.288608,0.427004,0.378059,0.194937,0,1,0.142868
1184,0.580944,0.130691,0.288364,0.426644,0.378583,0.194772,0,1,0.142835
1185,0.581297,0.130581,0.288121,0.426285,0.379107,0.194608,0,1,0.142801
1186,0.581650,0.130471,0.287879,0.425926,0.379630,0.194444,0,1,0.142766
1187,0.582002,0.130362,0.287637,0.425568,0.380151,0.194281,0,1,0.142732
1188,0.582353,0.130252,0.287395,0.425210,0.380672,0.194118,0,1,0.142698
1189,0.582704,0.130143,0.287154,0.424853,0.381192,0.193955,0,1,0.142664
1190,0.583054,0.130034,0.286913,0.424497,0.381711,0.193792,0,1,0.142629
1191,0.583403,0.129925,0.286672,0.424141,0.382230,0.193630,0,1,0.142595
1192,0.583752,0.129816,0.286432,0.423786,0.382747,0.193467,0,1,0.142560
1193,0.584100,0.129707,0.286192,0.423431,0.383264,0.193305,0,1,0.142525
1194,0.584448,0.129599,0.285953,0.423077,0.383779,0.193144,0,1,0.142490
1195,0.584795,0.129490,0.285714,0.422723,0.384294,0.192982,0,1,0.142455
1196,0.585142,0.129382,0.285476,0.422371,0.384808,0.192821,0,1,0.142421
1197,0.585488,0.129274,0.285238,0.422018,0.385321,0.192661,0,1,0.142385
1198,0.585833,0.129167,0.285000,0.421667,0.385833,0.192500,0,1,0.142350
1199,0.586178,0.129059,0.284763,0.421316,0.386345,0.192340,0,1,0.142315
1200,0.586522,0.128952,0.284526,0.420965,0.386855,0.192180,0,1,0.142280
1201,0.586866,0.128845,0.284289,0.420615,0.387365,0.192020,0,1,0.142244
1202,0.587209,0.128738,0.284053,0.420266,0.387874,0.191860,0,1,0.142209
1203,0.587552,0.128631,0.283817,0.419917,0.388382,0.191701,0,1,0.142174
1204,0.587894,0.128524,0.283582,0.419569,0.388889,0.191542,0,1,0.142138
1205,0.588235,0.128418,0.283347,0.419221,0.389395,0.191384,0,1,0.142102
1206,0.588576,0.128311,0.283113,0.418874,0.389901,0.191225,0,1,0.142066
1207,0.588916,0.128205,0.282878,0.418528,0.390405,0.191067,0,1,0.142031
1208,0.589256,0.128099,0.282645,0.418182,0.390909,0.190909,0,1,0.141995
1209,0.589595,0.127993,0.282411,0.417836,0.391412,0.190751,0,1,0.141959
1210,0.589934,0.127888,0.282178,0.417492,0.391914,0.190594,0,1,0.141923
1211,0.590272,0.127782,0.281946,0.417148,0.392415,0.190437,0,1,0.141887
1212,0.590610,0.127677,0.281713,0.416804,0.392916,0.190280,0,1,0.141850
1213,0.590947,0.127572,0.281481,0.416461,0.393416,0.190123,0,1,0.141814
1214,0.591283,0.127467,0.281250,0.416118,0.393914,0.189967,0,1,0.141778
1215,0.591619,0.127362,0.281019,0.415776,0.394412,0.189811,0,1,0.141741
1216,0.591954,0.127258,0.280788,0.415435,0.394910,0.189655,0,1,0.141705
1217,0.592289,0.127153,0.280558,0.415094,0.395406,0.189500,0,1,0.141668
1218,0.592623,0.127049,0.280328,0.414754,0.395902,0.189344,0,1,0.141632
1219,0.592957,0.126945,0.280098,0.414414,0.396396,0.189189,0,1,0.141595
1220,0.593290,0.126841,0.279869,0.414075,0.396890,0.189034,0,1,0.141558
1221,0.593622,0.126738,0.279640,0.413737,0.397383,0.188880,0,1,0.141521
1222,0.593954,0.126634,0.279412,0.413399,0.397876,0.188725,0,1,0.141484
1223,0.594286,0.126531,0.279184,0.413061,0.398367,0.188571,0,1,0.141447
1224,0.594617,0.126427,0.278956,0.412724,0.398858,0.188418,0,1,0.141410
1225,0.594947,0.126324,0.278729,0.412388,0.399348,0.188264,0,1,0.141373
1226,0.595277,0.126221,0.278502,0.412052,0.399837,0.188111,0,1,0.141336
1227,0.595606,0.126119,0.278275,0.411717,0.400325,0.187958,0,1,0.141299
1228,0.595935,0.126016,0.278049,0.411382,0.400813,0.187805,0,1,0.141261
1229,0.596263,0.125914,0.277823,0.411048,0.401300,0.187652,0,1,0.141224
1230,0.596591,0.125812,0.277597,0.410714,0.401786,0.187500,0,1,0.141187
1231,0.596918,0.125710,0.277372,0.410381,0.402271,0.187348,0,1,0.141149
1232,0.597245,0.125608,0.277147,0.410049,0.402755,0.187196,0,1,0.141112
1233,0.597571,0.125506,0.276923,0.409717,0.403239,0.187045,0,1,0.141074
1234,0.597896,0.125405,0.276699,0.409385,0.403722,0.186893,0,1,0.141036
1235,0.598222,0.125303,0.276475,0.409054,0.404204,0.186742,0,1,0.140998
1236,0.598546,0.125202,0.276252,0.408724,0.404685,0.186591,0,1,0.140961
1237,0.598870,0.125101,0.276029,0.408394,0.405165,0.186441,0,1,0.140923
1238,0.599194,0.125000,0.275806,0.408065,0.405645,0.186290,0,1,0.140885
1239,0.599517,0.124899,0.275584,0.407736,0.406124,0.186140,0,1,0.140847
1240,0.599839,0.124799,0.275362,0.407407,0.406602,0.185990,0,1,0.140809
1241,0.600161,0.124698,0.275141,0.407080,0.407080,0.185841,0,1,0.140771
1242,0.600482,0.124598,0.274920,0.406752,0.407556,0.185691,0,1,0.141134
1243,0.600000,0.125301,0.274699,0.406426,0.408032,0.185542,1,1,0.141184
1244,0.599518,0.126003,0.274478,0.406100,0.408507,0.185393,1,1,0.141234
1245,0.599038,0.126704,0.274258,0.405774,0.408982,0.185245,1,1,0.141284
1246,0.598558,0.127404,0.274038,0.405449,0.409455,0.185096,1,1,0.141333
1247,0.598078,0.128102,0.273819,0.405124,0.409928,0.184948,1,1,0.141382
1248,0.597600,0.128800,0.273600,0.404800,0.410400,0.184800,1,1,0.141430
1249,0.597122,0.129496,0.273381,0.404476,0.410871,0.184652,1,1,0.141478
1250,0.596645,0.130192,0.273163,0.404153,0.411342,0.184505,1,1,0.141526
1251,0.596169,0.130886,0.272945,0.403831,0.411812,0.184358,1,1,0.141573
1252,0.595694,0.131579,0.272727,0.403509,0.412281,0.184211,1,1,0.141620
1253,0.595219,0.132271,0.272510,0.403187,0.412749,0.184064,1,1,0.141667
1254,0.594745,0.132962,0.272293,0.402866,0.413217,0.183917,1,1,0.141714
1255,0.594272,0.133652,0.272076,0.402546,0.413683,0.183771,1,1,0.141760
1256,0.593800,0.134340,0.271860,0.402226,0.414149,0.183625,1,1,0.141806
1257,0.593328,0.135028,0.271644,0.401906,0.414615,0.183479,1,1,0.141851
1258,0.592857,0.135714,0.271429,0.401587,0.415079,0.183333,1,1,0.141896
1259,0.592387,0.136400,0.271213,0.401269,0.415543,0.183188,1,1,0.141941
1260,0.591918,0.137084,0.270998,0.400951,0.416006,0.183043,1,1,0.141986
1261,0.591449,0.137767,0.270784,0.400633,0.416469,0.182898,1,1,0.142030
1262,0.590981,0.138449,0.270570,0.400316,0.416930,0.182753,1,1,0.142074
1263,0.590514,0.139130,0.270356,0.400000,0.417391,0.182609,1,1,0.142117
1264,0.590047,0.139810,0.270142,0.399684,0.417852,0.182464,1,1,0.142160
1265,0.589582,0.140489,0.269929,0.399369,0.418311,0.182320,1,1,0.142203
1266,0.589117,0.141167,0.269716,0.399054,0.418770,0.182177,1,1,0.142246
1267,0.588652,0.141844,0.269504,0.398739,0.419228,0.182033,1,1,0.142288
1268,0.588189,0.142520,0.269291,0.398425,0.419685,0.181890,1,1,0.142330
1269,0.587726,0.143194,0.269079,0.398112,0.420142,0.181747,1,1,0.142372
1270,0.587264,0.143868,0.268868,0.397799,0.420597,0.181604,1,1,0.142413
1271,0.586803,0.144540,0.268657,0.397486,0.421053,0.181461,1,1,0.142454
1272,0.586342,0.145212,0.268446,0.397174,0.421507,0.181319,1,1,0.142495
1273,0.585882,0.145882,0.268235,0.396863,0.421961,0.181176,1,1,0.142536
1274,0.585423,0.146552,0.268025,0.396552,0.422414,0.181034,1,1,0.142576
1275,0.584965,0.147220,0.267815,0.396241,0.422866,0.180893,1,1,0.142616
1276,0.584507,0.147887,0.267606,0.395931,0.423318,0.180751,1,1,0.142655
1277,0.584050,0.148554,0.267396,0.395622,0.423769,0.180610,1,1,0.142694
1278,0.583594,0.149219,0.267188,0.395313,0.424219,0.180469,1,1,0.142733
1279,0.583138,0.149883,0.266979,0.395004,0.424668,0.180328,1,1,0.142772
1280,0.582683,0.150546,0.266771,0.394696,0.425117,0.180187,1,1,0.142811
1281,0.582229,0.151208,0.266563,0.394388,0.425565,0.180047,1,1,0.142849
1282,0.581776,0.151869,0.266355,0.394081,0.426012,0.179907,1,1,0.142886
1283,0.581323,0.152529,0.266148,0.393774,0.426459,0.179767,1,1,0.142924
1284,0.580871,0.153188,0.265941,0.393468,0.426905,0.179627,1,1,0.142961
1285,0.580420,0.153846,0.265734,0.393162,0.427350,0.179487,1,1,0.142998
1286,0.579969,0.154503,0.265528,0.392857,0.427795,0.179348,1,1,0.143035
1287,0.579519,0.155159,0.265322,0.392552,0.428239,0.179209,1,1,0.143071
1288,0.579070,0.155814,0.265116,0.392248,0.428682,0.179070,1,1,0.143107
1289,0.578621,0.156468,0.264911,0.391944,0.429125,0.178931,1,1,0.143143
1290,0.578173,0.157121,0.264706,0.391641,0.429567,0.178793,1,1,0.143178
1291,0.577726,0.157773,0.264501,0.391338,0.430008,0.178654,1,1,0.143214
1292,0.577280,0.158423,0.264297,0.391036,0.430448,0.178516,1,1,0.143249
1293,0.576834,0.159073,0.264093,0.390734,0.430888,0.178378,1,1,0.143283
1294,0.576389,0.159722,0.263889,0.390432,0.431327,0.178241,1,1,0.143318
1295,0.575944,0.160370,0.263685,0.390131,0.431766,0.178103,1,1,0.143352
1296,0.575501,0.161017,0.263482,0.389831,0.432203,0.177966,1,1,0.143386
1297,0.575058,0.161663,0.263279,0.389530,0.432640,0.177829,1,1,0.143419
1298,0.574615,0.162308,0.263077,0.389231,0.433077,0.177692,1,1,0.143452
1299,0.574174,0.162952,0.262875,0.388932,0.433513,0.177556,1,1,0.143485
1300,0.573733,0.163594,0.262673,0.388633,0.433948,0.177419,1,1,0.143518
1301,0.573292,0.164236,0.262471,0.388335,0.434382,0.177283,1,1,0.143551
1302,0.572853,0.164877,0.262270,0.388037,0.434816,0.177147,1,1,0.143583
1303,0.572414,0.165517,0.262069,0.387739,0.435249,0.177011,1,1,0.143615
1304,0.571975,0.166156,0.261868,0.387443,0.435681,0.176876,1,1,0.143646
1305,0.571538,0.166794,0.261668,0.387146,0.436113,0.176741,1,1,0.143678
1306,0.571101,0.167431,0.261468,0.386850,0.436544,0.176606,1,1,0.143709
1307,0.570665,0.168067,0.261268,0.386555,0.436975,0.176471,1,1,0.143740
1308,0.570229,0.168702,0.261069,0.386260,0.437405,0.176336,1,1,0.143770
1309,0.569794,0.169336,0.260870,0.385965,0.437834,0.176201,1,1,0.143801
1310,0.569360,0.169970,0.260671,0.385671,0.438262,0.176067,1,1,0.143831
1311,0.568926,0.170602,0.260472,0.385377,0.438690,0.175933,1,1,0.143861
1312,0.568493,0.171233,0.260274,0.385084,0.439117,0.175799,1,1,0.143890
1313,0.568061,0.171863,0.260076,0.384791,0.439544,0.175665,1,1,0.143920
1314,0.567629,0.172492,0.259878,0.384498,0.439970,0.175532,1,1,0.143949
1315,0.567198,0.173121,0.259681,0.384207,0.440395,0.175399,1,1,0.143978
1316,0.566768,0.173748,0.259484,0.383915,0.440819,0.175266,1,1,0.144006
1317,0.566338,0.174375,0.259287,0.383624,0.441243,0.175133,1,1,0.144034
1318,0.565909,0.175000,0.259091,0.383333,0.441667,0.175000,1,1,0.144062
1319,0.565481,0.175625,0.258895,0.383043,0.442089,0.174868,1,1,0.144090
1320,0.565053,0.176248,0.258699,0.382753,0.442511,0.174735,1,1,0.144118
1321,0.564626,0.176871,0.258503,0.382464,0.442933,0.174603,1,1,0.144145
1322,0.564199,0.177492,0.258308,0.382175,0.443353,0.174471,1,1,0.144172
1323,0.563774,0.178113,0.258113,0.381887,0.443774,0.174340,1,1,0.144199
1324,0.563348,0.178733,0.257919,0.381599,0.444193,0.174208,1,1,0.144226
1325,0.562924,0.179352,0.257724,0.381311,0.444612,0.174077,1,1,0.144252
1326,0.562500,0.179970,0.257530,0.381024,0.445030,0.173946,1,1,0.144278
1327,0.562077,0.180587,0.257336,0.380737,0.445448,0.173815,1,1,0.144304
1328,0.561654,0.181203,0.257143,0.380451,0.445865,0.173684,1,1,0.144330
1329,0.561232,0.181818,0.256950,0.380165,0.446281,0.173554,1,1,0.144355
1330,0.560811,0.182432,0.256757,0.379880,0.446697,0.173423,1,1,0.144380
1331,0.560390,0.183046,0.256564,0.379595,0.447112,0.173293,1,1,0.144405
1332,0.559970,0.183658,0.256372,0.379310,0.447526,0.173163,1,1,0.144430
1333,0.559551,0.184270,0.256180,0.379026,0.447940,0.173034,1,1,0.144454
1334,0.559132,0.184880,0.255988,0.378743,0.448353,0.172904,1,1,0.144478
1335,0.558714,0.185490,0.255797,0.378459,0.448766,0.172775,1,1,0.144502
1336,0.558296,0.186099,0.255605,0.378176,0.449178,0.172646,1,1,0.144526
1337,0.557879,0.186706,0.255414,0.377894,0.449589,0.172517,1,1,0.144549
1338,0.557463,0.187313,0.255224,0.377612,0.450000,0.172388,1,1,0.144573
1339,0.557047,0.187919,0.255034,0.377330,0.450410,0.172260,1,1,0.144596
1340,0.556632,0.188525,0.254844,0.377049,0.450820,0.172131,1,1,0.144618
1341,0.556217,0.189129,0.254654,0.376768,0.451229,0.172003,1,1,0.144641
1342,0.555804,0.189732,0.254464,0.376488,0.451637,0.171875,1,1,0.144663
1343,0.555390,0.190335,0.254275,0.376208,0.452045,0.171747,1,1,0.144685
1344,0.554978,0.190936,0.254086,0.375929,0.452452,0.171620,1,1,0.144707
1345,0.554566,0.191537,0.253898,0.375650,0.452858,0.171492,1,1,0.144729
1346,0.554154,0.192136,0.253709,0.375371,0.453264,0.171365,1,1,0.144750
1347,0.553744,0.192735,0.253521,0.375093,0.453669,0.171238,1,1,0.144772
1348,0.553333,0.193333,0.253333,0.374815,0.454074,0.171111,1,1,0.144793
1349,0.552924,0.193930,0.253146,0.374537,0.454478,0.170984,1,1,0.144813
1350,0.552515,0.194527,0.252959,0.374260,0.454882,0.170858,1,1,0.144834
1351,0.552106,0.195122,0.252772,0.373984,0.455285,0.170732,1,1,0.144854
1352,0.551699,0.195716,0.252585,0.373708,0.455687,0.170606,1,1,0.144874
1353,0.551292,0.196310,0.252399,0.373432,0.456089,0.170480,1,1,0.144894
1354,0.550885,0.196903,0.252212,0.373156,0.456490,0.170354,1,1,0.144914
1355,0.550479,0.197494,0.252027,0.372881,0.456890,0.170228,1,1,0.144933
1356,0.550074,0.198085,0.251841,0.372607,0.457290,0.170103,1,1,0.144953
1357,0.549669,0.198675,0.251656,0.372333,0.457689,0.169978,1,1,0.144972
1358,0.549265,0.199265,0.251471,0.372059,0.458088,0.169853,1,1,0.144991
1359,0.548861,0.199853,0.251286,0.371785,0.458486,0.169728,1,1,0.145009
1360,0.548458,0.200441,0.251101,0.371512,0.458884,0.169604,1,1,0.145028
1361,0.548056,0.201027,0.250917,0.371240,0.459281,0.169479,1,1,0.145046
1362,0.547654,0.201613,0.250733,0.370968,0.459677,0.169355,1,1,0.145064
1363,0.547253,0.202198,0.250549,0.370696,0.460073,0.169231,1,1,0.145082
1364,0.546852,0.202782,0.250366,0.370425,0.460469,0.169107,1,1,0.145099
1365,0.546452,0.203365,0.250183,0.370154,0.460863,0.168983,1,1,0.145116
1366,0.546053,0.203947,0.250000,0.369883,0.461257,0.168860,1,1,0.145134
1367,0.545654,0.204529,0.249817,0.369613,0.461651,0.168736,1,1,0.145151
1368,0.545255,0.205109,0.249635,0.369343,0.462044,0.168613,1,1,0.145167
1369,0.544858,0.205689,0.249453,0.369074,0.462436,0.168490,1,1,0.145184
1370,0.544461,0.206268,0.249271,0.368805,0.462828,0.168367,1,1,0.145200
1371,0.544064,0.206846,0.249090,0.368536,0.463219,0.168245,1,1,0.145216
1372,0.543668,0.207424,0.248908,0.368268,0.463610,0.168122,1,1,0.145232
1373,0.543273,0.208000,0.248727,0.368000,0.464000,0.168000,1,1,0.145248
1374,0.542878,0.208576,0.248547,0.367733,0.464390,0.167878,1,1,0.145264
1375,0.542484,0.209150,0.248366,0.367466,0.464779,0.167756,1,1,0.145279
1376,0.542090,0.209724,0.248186,0.367199,0.465167,0.167634,1,1,0.145294
1377,0.541697,0.210297,0.248006,0.366933,0.465555,0.167513,1,1,0.145309
1378,0.541304,0.210870,0.247826,0.366667,0.465942,0.167391,1,1,0.145324
1379,0.540912,0.211441,0.247647,0.366401,0.466329,0.167270,1,1,0.145338
1380,0.540521,0.212012,0.247467,0.366136,0.466715,0.167149,1,1,0.145353
1381,0.540130,0.212581,0.247289,0.365871,0.467101,0.167028,1,1,0.145367
1382,0.539740,0.213150,0.247110,0.365607,0.467486,0.166908,1,1,0.145381
1383,0.539350,0.213718,0.246931,0.365343,0.467870,0.166787,1,1,0.145395
1384,0.538961,0.214286,0.246753,0.365079,0.468254,0.166667,1,1,0.145408
1385,0.538572,0.214852,0.246575,0.364816,0.468637,0.166547,1,1,0.145422
1386,0.538184,0.215418,0.246398,0.364553,0.469020,0.166427,1,1,0.145435
1387,0.537797,0.215983,0.246220,0.364291,0.469402,0.166307,1,1,0.145448
1388,0.537410,0.216547,0.246043,0.364029,0.469784,0.166187,1,1,0.145461
1389,0.537024,0.217110,0.245866,0.363767,0.470165,0.166068,1,1,0.145473
1390,0.536638,0.217672,0.245690,0.363506,0.470546,0.165948,1,1,0.145486
1391,0.536253,0.218234,0.245513,0.363245,0.470926,0.165829,1,1,0.145498
1392,0.535868,0.218795,0.245337,0.362984,0.471306,0.165710,1,1,0.145510
1393,0.535484,0.219355,0.245161,0.362724,0.471685,0.165591,1,1,0.145522
1394,0.535100,0.219914,0.244986,0.362464,0.472063,0.165473,1,1,0.145534
1395,0.534717,0.220472,0.244810,0.362205,0.472441,0.165354,1,1,0.145545
1396,0.534335,0.221030,0.244635,0.361946,0.472818,0.165236,1,1,0.145557
1397,0.533953,0.221587,0.244460,0.361687,0.473195,0.165118,1,1,0.145568
1398,0.533571,0.222143,0.244286,0.361429,0.473571,0.165000,1,1,0.145579
1399,0.533191,0.222698,0.244111,0.361171,0.473947,0.164882,1,1,0.145590
1400,0.532810,0.223252,0.243937,0.360913,0.474322,0.164765,1,1,0.145600
1401,0.532431,0.223806,0.243763,0.360656,0.474697,0.164647,1,1,0.145611
1402,0.532051,0.224359,0.243590,0.360399,0.475071,0.164530,1,1,0.145621
1403,0.531673,0.224911,0.243416,0.360142,0.475445,0.164413,1,1,0.145631
1404,0.531294,0.225462,0.243243,0.359886,0.475818,0.164296,1,1,0.145641
1405,0.530917,0.226013,0.243070,0.359630,0.476190,0.164179,1,1,0.145651
1406,0.530540,0.226562,0.242898,0.359375,0.476562,0.164062,1,1,0.145660
1407,0.530163,0.227111,0.242725,0.359120,0.476934,0.163946,1,1,0.145670
1408,0.529787,0.227660,0.242553,0.358865,0.477305,0.163830,1,1,0.145679
1409,0.529412,0.228207,0.242381,0.358611,0.477675,0.163714,1,1,0.145688
1410,0.529037,0.228754,0.242210,0.358357,0.478045,0.163598,1,1,0.145697
1411,0.528662,0.229299,0.242038,0.358103,0.478415,0.163482,1,1,0.145706
1412,0.528289,0.229844,0.241867,0.357850,0.478784,0.163366,1,1,0.145714
1413,0.527915,0.230389,0.241696,0.357597,0.479152,0.163251,1,1,0.145723
1414,0.527542,0.230932,0.241525,0.357345,0.479520,0.163136,1,1,0.145731
1415,0.527170,0.231475,0.241355,0.357092,0.479887,0.163020,1,1,0.145739
1416,0.526798,0.232017,0.241185,0.356841,0.480254,0.162906,1,1,0.145747
1417,0.526427,0.232558,0.241015,0.356589,0.480620,0.162791,1,1,0.145754
1418,0.526056,0.233099,0.240845,0.356338,0.480986,0.162676,1,1,0.145762
1419,0.525686,0.233638,0.240676,0.356087,0.481351,0.162562,1,1,0.145769
1420,0.525316,0.234177,0.240506,0.355837,0.481716,0.162447,1,1,0.145777
1421,0.524947,0.234715,0.240337,0.355587,0.482080,0.162333,1,1,0.145784
1422,0.524579,0.235253,0.240169,0.355337,0.482444,0.162219,1,1,0.145791
1423,0.524211,0.235789,0.240000,0.355088,0.482807,0.162105,1,1,0.145797
1424,0.523843,0.236325,0.239832,0.354839,0.483170,0.161992,1,1,0.145804
1425,0.523476,0.236861,0.239664,0.354590,0.483532,0.161878,1,1,0.145810
1426,0.523109,0.237395,0.239496,0.354342,0.483894,0.161765,1,1,0.145816
1427,0.522743,0.237929,0.239328,0.354094,0.484255,0.161652,1,1,0.145822
1428,0.522378,0.238462,0.239161,0.353846,0.484615,0.161538,1,1,0.145828
1429,0.522013,0.238994,0.238994,0.353599,0.484976,0.161426,1,1,0.145834
1430,0.521648,0.239525,0.238827,0.353352,0.485335,0.161313,1,1,0.145840
1431,0.521284,0.240056,0.238660,0.353105,0.485694,0.161200,1,1,0.145845
1432,0.520921,0.240586,0.238494,0.352859,0.486053,0.161088,1,1,0.145850
1433,0.520557,0.241115,0.238328,0.352613,0.486411,0.160976,1,1,0.145856
1434,0.520195,0.241643,0.238162,0.352368,0.486769,0.160864,1,1,0.145861
1435,0.519833,0.242171,0.237996,0.352122,0.487126,0.160752,1,1,0.145865
1436,0.519471,0.242698,0.237830,0.351878,0.487483,0.160640,1,1,0.145870
1437,0.519110,0.243224,0.237665,0.351633,0.487839,0.160528,1,1,0.145875
1438,0.518750,0.243750,0.237500,0.351389,0.488194,0.160417,1,1,0.145879
1439,0.518390,0.244275,0.237335,0.351145,0.488550,0.160305,1,1,0.145883
1440,0.518031,0.244799,0.237171,0.350902,0.488904,0.160194,1,1,0.145887
1441,0.517672,0.245322,0.237006,0.350658,0.489258,0.160083,1,1,0.145891
1442,0.517313,0.245845,0.236842,0.350416,0.489612,0.159972,1,1,0.145895
1443,0.516955,0.246367,0.236678,0.350173,0.489965,0.159862,1,1,0.145898
1444,0.516598,0.246888,0.236515,0.349931,0.490318,0.159751,1,1,0.145902
1445,0.516240,0.247408,0.236351,0.349689,0.490670,0.159641,1,1,0.145905
1446,0.515884,0.247928,0.236188,0.349448,0.491022,0.159530,1,1,0.145908
1447,0.515528,0.248447,0.236025,0.349206,0.491373,0.159420,1,1,0.145911
1448,0.515172,0.248966,0.235862,0.348966,0.491724,0.159310,1,1,0.145914
1449,0.514817,0.249483,0.235700,0.348725,0.492074,0.159201,1,1,0.145917
1450,0.514463,0.250000,0.235537,0.348485,0.492424,0.159091,1,1,0.145919
1451,0.514109,0.250516,0.235375,0.348245,0.492774,0.158981,1,1,0.145922
1452,0.513755,0.251032,0.235213,0.348006,0.493122,0.158872,1,1,0.145924
1453,0.513402,0.251546,0.235052,0.347766,0.493471,0.158763,1,1,0.145926
1454,0.513049,0.252060,0.234890,0.347527,0.493819,0.158654,1,1,0.145928
1455,0.512697,0.252574,0.234729,0.347289,0.494166,0.158545,1,1,0.145930
1456,0.512346,0.253086,0.234568,0.347051,0.494513,0.158436,1,1,0.145932
1457,0.511995,0.253598,0.234407,0.346813,0.494859,0.158328,1,1,0.145933
1458,0.511644,0.254110,0.234247,0.346575,0.495205,0.158219,1,1,0.145935
1459,0.511294,0.254620,0.234086,0.346338,0.495551,0.158111,1,1,0.145936
1460,0.510944,0.255130,0.233926,0.346101,0.495896,0.158003,1,1,0.145937
1461,0.510595,0.255639,0.233766,0.345865,0.496241,0.157895,1,1,0.145938
1462,0.510246,0.256148,0.233607,0.345628,0.496585,0.157787,1,1,0.145939
1463,0.509898,0.256655,0.233447,0.345392,0.496928,0.157679,1,1,0.145940
1464,0.509550,0.257162,0.233288,0.345157,0.497271,0.157572,1,1,0.145940
1465,0.509202,0.257669,0.233129,0.344922,0.497614,0.157464,1,1,0.145941
1466,0.508856,0.258174,0.232970,0.344687,0.497956,0.157357,1,1,0.145941
1467,0.508509,0.258679,0.232811,0.344452,0.498298,0.157250,1,1,0.145941
1468,0.508163,0.259184,0.232653,0.344218,0.498639,0.157143,1,1,0.145941
1469,0.507818,0.259687,0.232495,0.343984,0.498980,0.157036,1,1,0.145941
1470,0.507473,0.260190,0.232337,0.343750,0.499321,0.156929,1,1,0.145941
1471,0.507128,0.260692,0.232179,0.343517,0.499661,0.156823,1,1,0.145941
1472,0.506784,0.261194,0.232022,0.343284,0.500000,0.156716,1,1,0.145940
1473,0.506441,0.261695,0.231864,0.343051,0.500339,0.156610,1,1,0.145939
1474,0.506098,0.262195,0.231707,0.342818,0.500678,0.156504,1,1,0.145939
1475,0.505755,0.262695,0.231550,0.342586,0.501016,0.156398,1,1,0.145938
1476,0.505413,0.263194,0.231394,0.342355,0.501353,0.156292,1,1,0.145937
1477,0.505071,0.263692,0.231237,0.342123,0.501690,0.156187,1,1,0.145936
1478,0.504730,0.264189,0.231081,0.341892,0.502027,0.156081,1,1,0.145934
1479,0.504389,0.264686,0.230925,0.341661,0.502363,0.155976,1,1,0.145933
1480,0.504049,0.265182,0.230769,0.341430,0.502699,0.155870,1,1,0.145931
1481,0.503709,0.265678,0.230614,0.341200,0.503034,0.155765,1,1,0.145930
1482,0.503369,0.266173,0.230458,0.340970,0.503369,0.155660,1,1,0.145928
1483,0.503030,0.266667,0.230303,0.340741,0.503704,0.155556,1,1,0.145926
1484,0.502692,0.267160,0.230148,0.340511,0.504038,0.155451,1,1,0.145924
1485,0.502354,0.267653,0.229993,0.340282,0.504371,0.155346,1,1,0.145922
1486,0.502016,0.268145,0.229839,0.340054,0.504704,0.155242,1,1,0.145919
1487,0.501679,0.268637,0.229684,0.339825,0.505037,0.155138,1,1,0.145917
1488,0.501342,0.269128,0.229530,0.339597,0.505369,0.155034,1,1,0.145914
1489,0.501006,0.269618,0.229376,0.339370,0.505701,0.154930,1,1,0.145912
1490,0.500670,0.270107,0.229223,0.339142,0.506032,0.154826,1,1,0.145909
1491,0.500335,0.270596,0.229069,0.338915,0.506363,0.154722,1,1,0.145906
1492,0.500000,0.271084,0.228916,0.338688,0.506693,0.154618,1,1,0.145903
1493,0.499666,0.271572,0.228763,0.338462,0.507023,0.154515,1,1,0.145900
1494,0.499332,0.272059,0.228610,0.338235,0.507353,0.154412,1,1,0.145896
1495,0.498998,0.272545,0.228457,0.338009,0.507682,0.154309,1,1,0.145893
1496,0.498665,0.273031,0.228304,0.337784,0.508011,0.154206,1,1,0.145889
1497,0.498332,0.273516,0.228152,0.337558,0.508339,0.154103,1,1,0.145886
1498,0.498000,0.274000,0.228000,0.337333,0.508667,0.154000,1,1,0.145882
1499,0.497668,0.274484,0.227848,0.337109,0.508994,0.153897,1,1,0.145878
1500,0.497337,0.274967,0.227696,0.336884,0.509321,0.153795,1,1,0.145874
1501,0.497006,0.275449,0.227545,0.336660,0.509647,0.153693,1,1,0.145870
1502,0.496676,0.275931,0.227394,0.336436,0.509973,0.153590,1,1,0.145866
1503,0.496346,0.276412,0.227243,0.336213,0.510299,0.153488,1,1,0.145861
1504,0.496016,0.276892,0.227092,0.335989,0.510624,0.153386,1,1,0.145857
1505,0.495687,0.277372,0.226941,0.335766,0.510949,0.153285,1,1,0.145852
1506,0.495358,0.277851,0.226790,0.335544,0.511273,0.153183,1,1,0.145847
1507,0.495030,0.278330,0.226640,0.335321,0.511597,0.153082,1,1,0.145843
1508,0.494702,0.278808,0.226490,0.335099,0.511921,0.152980,1,1,0.145838
1509,0.494375,0.279285,0.226340,0.334878,0.512244,0.152879,1,1,0.145833
1510,0.494048,0.279762,0.226190,0.334656,0.512566,0.152778,1,1,0.145827
1511,0.493721,0.280238,0.226041,0.334435,0.512888,0.152677,1,1,0.145822
1512,0.493395,0.280713,0.225892,0.334214,0.513210,0.152576,1,1,0.145817
1513,0.493069,0.281188,0.225743,0.333993,0.513531,0.152475,1,1,0.145811
1514,0.492744,0.281662,0.225594,0.333773,0.513852,0.152375,1,1,0.145806
1515,0.492419,0.282136,0.225445,0.333553,0.514173,0.152274,1,1,0.145800
1516,0.492095,0.282609,0.225296,0.333333,0.514493,0.152174,1,1,0.145794
1517,0.491771,0.283081,0.225148,0.333114,0.514812,0.152074,1,1,0.145788
1518,0.491447,0.283553,0.225000,0.332895,0.515132,0.151974,1,1,0.145782
1519,0.491124,0.284024,0.224852,0.332676,0.515450,0.151874,1,1,0.145776
1520,0.490802,0.284494,0.224704,0.332457,0.515769,0.151774,1,1,0.145769
1521,0.490479,0.284964,0.224557,0.332239,0.516087,0.151674,1,1,0.145763
1522,0.490157,0.285433,0.224409,0.332021,0.516404,0.151575,1,1,0.145756
1523,0.489836,0.285902,0.224262,0.331803,0.516721,0.151475,1,1,0.145750
1524,0.489515,0.286370,0.224115,0.331586,0.517038,0.151376,1,1,0.145743
1525,0.489194,0.286837,0.223969,0.331369,0.517354,0.151277,1,1,0.145736
1526,0.488874,0.287304,0.223822,0.331152,0.517670,0.151178,1,1,0.145729
1527,0.488555,0.287770,0.223676,0.330935,0.517986,0.151079,1,1,0.145722
1528,0.488235,0.288235,0.223529,0.330719,0.518301,0.150980,1,1,0.145715
1529,0.487916,0.288700,0.223383,0.330503,0.518615,0.150882,1,1,0.145708
1530,0.487598,0.289164,0.223238,0.330287,0.518930,0.150783,1,1,0.145700
1531,0.487280,0.289628,0.223092,0.330072,0.519243,0.150685,1,1,0.145693
1532,0.486962,0.290091,0.222947,0.329857,0.519557,0.150587,1,1,0.145685
1533,0.486645,0.290554,0.222801,0.329642,0.519870,0.150489,1,1,0.145678
1534,0.486328,0.291016,0.222656,0.329427,0.520182,0.150391,1,1,0.145670
1535,0.486012,0.291477,0.222511,0.329213,0.520494,0.150293,1,1,0.145662
1536,0.485696,0.291938,0.222367,0.328999,0.520806,0.150195,1,1,0.145654
1537,0.485380,0.292398,0.222222,0.328785,0.521118,0.150097,1,1,0.145646
1538,0.485065,0.292857,0.222078,0.328571,0.521429,0.150000,1,1,0.145638
1539,0.484750,0.293316,0.221934,0.328358,0.521739,0.149903,1,1,0.145629
1540,0.484436,0.293774,0.221790,0.328145,0.522049,0.149805,1,1,0.145621
1541,0.484122,0.294232,0.221646,0.327933,0.522359,0.149708,1,1,0.145613
1542,0.483808,0.294689,0.221503,0.327720,0.522668,0.149611,1,1,0.145604
1543,0.483495,0.295146,0.221359,0.327508,0.522977,0.149515,1,1,0.145595
1544,0.483182,0.295602,0.221216,0.327296,0.523286,0.149418,1,1,0.145586
1545,0.482870,0.296057,0.221073,0.327085,0.523594,0.149321,1,1,0.145578
1546,0.482558,0.296512,0.220930,0.326873,0.523902,0.149225,1,1,0.145569
1547,0.482247,0.296966,0.220788,0.326662,0.524209,0.149128,1,1,0.145559
1548,0.481935,0.297419,0.220645,0.326452,0.524516,0.149032,1,1,0.145550
1549,0.481625,0.297872,0.220503,0.326241,0.524823,0.148936,1,1,0.145541
1550,0.481314,0.298325,0.220361,0.326031,0.525129,0.148840,1,1,0.145532
1551,0.481005,0.298777,0.220219,0.325821,0.525435,0.148744,1,1,0.145522
1552,0.480695,0.299228,0.220077,0.325611,0.525740,0.148649,1,1,0.145513
1553,0.480386,0.299678,0.219936,0.325402,0.526045,0.148553,1,1,0.145503
1554,0.480077,0.300129,0.219794,0.325193,0.526350,0.148458,1,1,0.145493
1555,0.479769,0.300578,0.219653,0.324984,0.526654,0.148362,1,1,0.145483
1556,0.479461,0.301027,0.219512,0.324775,0.526958,0.148267,1,1,0.145473
1557,0.479153,0.301475,0.219371,0.324567,0.527261,0.148172,1,1,0.145463
1558,0.478846,0.301923,0.219231,0.324359,0.527564,0.148077,1,1,0.145453
1559,0.478539,0.302370,0.219090,0.324151,0.527867,0.147982,1,1,0.145443
1560,0.478233,0.302817,0.218950,0.323944,0.528169,0.147887,1,1,0.145432
1561,0.477927,0.303263,0.218810,0.323736,0.528471,0.147793,1,1,0.145422
1562,0.477621,0.303708,0.218670,0.323529,0.528772,0.147698,1,1,0.145412
1563,0.477316,0.304153,0.218530,0.323323,0.529073,0.147604,1,1,0.145401
1564,0.477011,0.304598,0.218391,0.323116,0.529374,0.147510,1,1,0.145390
1565,0.476707,0.305041,0.218251,0.322910,0.529675,0.147415,1,1,0.145379
1566,0.476403,0.305485,0.218112,0.322704,0.529974,0.147321,1,1,0.145369
1567,0.476099,0.305927,0.217973,0.322498,0.530274,0.147228,1,1,0.145358
1568,0.475796,0.306369,0.217834,0.322293,0.530573,0.147134,1,1,0.145346
1569,0.475493,0.306811,0.217696,0.322088,0.530872,0.147040,1,1,0.145335
1570,0.475191,0.307252,0.217557,0.321883,0.531170,0.146947,1,1,0.145324
1571,0.474889,0.307692,0.217419,0.321678,0.531469,0.146853,1,1,0.145313
1572,0.474587,0.308132,0.217281,0.321474,0.531766,0.146760,1,1,0.145301
1573,0.474286,0.308571,0.217143,0.321270,0.532063,0.146667,1,1,0.145290
1574,0.473985,0.309010,0.217005,0.321066,0.532360,0.146574,1,1,0.145278
1575,0.473684,0.309448,0.216867,0.320862,0.532657,0.146481,1,1,0.145267
1576,0.473384,0.309886,0.216730,0.320659,0.532953,0.146388,1,1,0.145255
1577,0.473084,0.310323,0.216593,0.320456,0.533249,0.146295,1,1,0.145243
1578,0.472785,0.310759,0.216456,0.320253,0.533544,0.146203,1,1,0.145231
1579,0.472486,0.311195,0.216319,0.320051,0.533839,0.146110,1,1,0.145219
1580,0.472187,0.311631,0.216182,0.319848,0.534134,0.146018,1,1,0.145207
1581,0.471889,0.312066,0.216045,0.319646,0.534428,0.145925,1,1,0.145195
1582,0.471591,0.312500,0.215909,0.319444,0.534722,0.145833,1,1,0.145182
1583,0.471293,0.312934,0.215773,0.319243,0.535016,0.145741,1,1,0.145170
1584,0.470996,0.313367,0.215637,0.319042,0.535309,0.145649,1,1,0.145157
1585,0.470699,0.313800,0.215501,0.318841,0.535602,0.145558,1,1,0.145145
1586,0.470403,0.314232,0.215365,0.318640,0.535894,0.145466,1,1,0.145132
1587,0.470107,0.314663,0.215230,0.318439,0.536186,0.145374,1,1,0.145120
1588,0.469811,0.315094,0.215094,0.318239,0.536478,0.145283,1,1,0.145107
1589,0.469516,0.315525,0.214959,0.318039,0.536769,0.145192,1,1,0.145094
1590,0.469221,0.315955,0.214824,0.317839,0.537060,0.145101,1,1,0.145081
1591,0.468927,0.316384,0.214689,0.317640,0.537351,0.145009,1,1,0.145068
1592,0.468632,0.316813,0.214555,0.317440,0.537641,0.144918,1,1,0.145055
1593,0.468339,0.317241,0.214420,0.317241,0.537931,0.144828,1,1,0.145042
1594,0.468045,0.317669,0.214286,0.317043,0.538221,0.144737,1,1,0.145028
1595,0.467752,0.318096,0.214152,0.316844,0.538510,0.144646,1,1,0.145015
1596,0.467459,0.318523,0.214018,0.316646,0.538798,0.144556,1,1,0.145002
1597,0.467167,0.318949,0.213884,0.316448,0.539087,0.144465,1,1,0.144988
1598,0.466875,0.319375,0.213750,0.316250,0.539375,0.144375,1,1,0.144974
1599,0.466583,0.319800,0.213616,0.316052,0.539663,0.144285,1,1,0.144961
1600,0.466292,0.320225,0.213483,0.315855,0.539950,0.144195,1,1,0.144947
1601,0.466001,0.320649,0.213350,0.315658,0.540237,0.144105,1,1,0.144933
1602,0.465711,0.321072,0.213217,0.315461,0.540524,0.144015,1,1,0.144919
1603,0.465421,0.321495,0.213084,0.315265,0.540810,0.143925,1,1,0.144905
1604,0.465131,0.321918,0.212951,0.315068,0.541096,0.143836,1,1,0.144891
1605,0.464841,0.322340,0.212819,0.314872,0.541381,0.143746,1,1,0.144877
1606,0.464552,0.322761,0.212687,0.314677,0.541667,0.143657,1,1,0.144863
1607,0.464264,0.323182,0.212554,0.314481,0.541952,0.143567,1,1,0.144848
1608,0.463975,0.323602,0.212422,0.314286,0.542236,0.143478,1,1,0.144834
1609,0.463687,0.324022,0.212291,0.314091,0.542520,0.143389,1,1,0.144820
1610,0.463400,0.324442,0.212159,0.313896,0.542804,0.143300,1,1,0.144805
1611,0.463112,0.324861,0.212027,0.313701,0.543087,0.143211,1,1,0.144791
1612,0.462825,0.325279,0.211896,0.313507,0.543371,0.143123,1,1,0.144776
1613,0.462539,0.325697,0.211765,0.313313,0.543653,0.143034,1,1,0.144761
1614,0.462252,0.326114,0.211634,0.313119,0.543936,0.142946,1,1,0.144746
1615,0.461967,0.326531,0.211503,0.312925,0.544218,0.142857,1,1,0.144731
1616,0.461681,0.326947,0.211372,0.312732,0.544499,0.142769,1,1,0.144716
1617,0.461396,0.327363,0.211242,0.312539,0.544781,0.142681,1,1,0.144701
1618,0.461111,0.327778,0.211111,0.312346,0.545062,0.142593,1,1,0.144686
1619,0.460827,0.328192,0.210981,0.312153,0.545342,0.142505,1,1,0.144671
1620,0.460543,0.328607,0.210851,0.311961,0.545623,0.142417,1,1,0.144656
1621,0.460259,0.329020,0.210721,0.311768,0.545903,0.142329,1,1,0.144640
1622,0.459975,0.329433,0.210591,0.311576,0.546182,0.142241,1,1,0.144625
1623,0.459692,0.329846,0.210462,0.311385,0.546462,0.142154,1,1,0.144610
1624,0.459410,0.330258,0.210332,0.311193,0.546740,0.142066,1,1,0.144594
1625,0.459127,0.330670,0.210203,0.311002,0.547019,0.141979,1,1,0.144578
1626,0.458845,0.331081,0.210074,0.310811,0.547297,0.141892,1,1,0.144563
1627,0.458564,0.331492,0.209945,0.310620,0.547575,0.141805,1,1,0.144547
1628,0.458282,0.331902,0.209816,0.310429,0.547853,0.141718,1,1,0.144531
1629,0.458001,0.332311,0.209687,0.310239,0.548130,0.141631,1,1,0.144515
1630,0.457721,0.332721,0.209559,0.310049,0.548407,0.141544,1,1,0.144499
1631,0.457440,0.333129,0.209430,0.309859,0.548683,0.141457,1,1,0.144483
1632,0.457160,0.333537,0.209302,0.309670,0.548960,0.141371,1,1,0.144467
1633,0.456881,0.333945,0.209174,0.309480,0.549235,0.141284,1,1,0.144451
1634,0.456601,0.334352,0.209046,0.309291,0.549511,0.141198,1,1,0.144435
1635,0.456323,0.334759,0.208919,0.309102,0.549786,0.141112,1,1,0.144418
1636,0.456044,0.335165,0.208791,0.308913,0.550061,0.141026,1,1,0.144402
1637,0.455766,0.335570,0.208664,0.308725,0.550336,0.140940,1,1,0.144385
1638,0.455488,0.335976,0.208537,0.308537,0.550610,0.140854,1,1,0.144369
1639,0.455210,0.336380,0.208410,0.308349,0.550884,0.140768,1,1,0.144352
1640,0.454933,0.336784,0.208283,0.308161,0.551157,0.140682,1,1,0.144336
1641,0.454656,0.337188,0.208156,0.307973,0.551430,0.140596,1,1,0.144319
1642,0.454380,0.337591,0.208029,0.307786,0.551703,0.140511,1,1,0.144302
1643,0.454103,0.337994,0.207903,0.307599,0.551976,0.140426,1,1,0.144285
1644,0.453827,0.338396,0.207776,0.307412,0.552248,0.140340,1,1,0.144268
1645,0.453552,0.338798,0.207650,0.307225,0.552520,0.140255,1,1,0.144251
1646,0.453277,0.339199,0.207524,0.307039,0.552791,0.140170,1,1,0.144234
1647,0.453002,0.339600,0.207398,0.306853,0.553062,0.140085,1,1,0.144217
1648,0.452727,0.340000,0.207273,0.306667,0.553333,0.140000,1,1,0.144200
1649,0.452453,0.340400,0.207147,0.306481,0.553604,0.139915,1,1,0.144183
1650,0.452179,0.340799,0.207022,0.306295,0.553874,0.139831,1,1,0.144165
1651,0.451906,0.341198,0.206897,0.306110,0.554144,0.139746,1,1,0.144148
1652,0.451632,0.341596,0.206771,0.305925,0.554414,0.139661,1,1,0.144131
1653,0.451360,0.341994,0.206647,0.305740,0.554683,0.139577,1,1,0.144113
1654,0.451087,0.342391,0.206522,0.305556,0.554952,0.139493,1,1,0.144096
1655,0.450815,0.342788,0.206397,0.305371,0.555220,0.139409,1,1,0.144078
1656,0.450543,0.343185,0.206273,0.305187,0.555489,0.139324,1,1,0.144060
1657,0.450271,0.343580,0.206148,0.305003,0.555756,0.139241,1,1,0.144043
1658,0.450000,0.343976,0.206024,0.304819,0.556024,0.139157,1,1,0.144025
1659,0.449729,0.344371,0.205900,0.304636,0.556291,0.139073,1,1,0.144007
1660,0.449458,0.344765,0.205776,0.304452,0.556558,0.138989,1,1,0.143989
1661,0.449188,0.345159,0.205652,0.304269,0.556825,0.138906,1,1,0.143971
1662,0.448918,0.345553,0.205529,0.304087,0.557091,0.138822,1,1,0.143953
1663,0.448649,0.345946,0.205405,0.303904,0.557357,0.138739,1,1,0.143935
1664,0.448379,0.346339,0.205282,0.303721,0.557623,0.138655,1,1,0.143917
1665,0.448110,0.346731,0.205159,0.303539,0.557888,0.138572,1,1,0.143898
1666,0.447842,0.347122,0.205036,0.303357,0.558153,0.138489,1,1,0.143880
1667,0.447573,0.347513,0.204913,0.303176,0.558418,0.138406,1,1,0.143862
1668,0.447305,0.347904,0.204790,0.302994,0.558683,0.138323,1,1,0.143843
1669,0.447038,0.348294,0.204668,0.302813,0.558947,0.138241,1,1,0.143825
1670,0.446770,0.348684,0.204545,0.302632,0.559211,0.138158,1,1,0.143806
1671,0.446503,0.349074,0.204423,0.302451,0.559474,0.138075,1,1,0.143788
1672,0.446237,0.349462,0.204301,0.302270,0.559737,0.137993,1,1,0.143769
1673,0.445970,0.349851,0.204179,0.302090,0.560000,0.137910,1,1,0.143750
1674,0.445704,0.350239,0.204057,0.301909,0.560263,0.137828,1,1,0.143732
1675,0.445438,0.350626,0.203936,0.301729,0.560525,0.137746,1,1,0.143713
1676,0.445173,0.351013,0.203814,0.301549,0.560787,0.137664,1,1,0.143694
1677,0.444908,0.351400,0.203693,0.301370,0.561048,0.137582,1,1,0.143675
1678,0.444643,0.351786,0.203571,0.301190,0.561310,0.137500,1,1,0.143656
1679,0.444378,0.352171,0.203450,0.301011,0.561570,0.137418,1,1,0.143637
1680,0.444114,0.352556,0.203329,0.300832,0.561831,0.137337,1,1,0.143618
1681,0.443850,0.352941,0.203209,0.300654,0.562092,0.137255,1,1,0.143599
1682,0.443587,0.353325,0.203088,0.300475,0.562352,0.137173,1,1,0.143579
1683,0.443323,0.353709,0.202967,0.300297,0.562611,0.137092,1,1,0.143560
1684,0.443060,0.354093,0.202847,0.300119,0.562871,0.137011,1,1,0.143541
1685,0.442798,0.354475,0.202727,0.299941,0.563130,0.136929,1,1,0.143521
1686,0.442536,0.354858,0.202607,0.299763,0.563389,0.136848,1,1,0.143502
1687,0.442274,0.355240,0.202487,0.299586,0.563647,0.136767,1,1,0.143482
1688,0.442012,0.355621,0.202367,0.299408,0.563905,0.136686,1,1,0.143463
1689,0.441750,0.356002,0.202247,0.299231,0.564163,0.136606,1,1,0.143443
1690,0.441489,0.356383,0.202128,0.299054,0.564421,0.136525,1,1,0.143424
1691,0.441229,0.356763,0.202008,0.298878,0.564678,0.136444,1,1,0.143404
1692,0.440968,0.357143,0.201889,0.298701,0.564935,0.136364,1,1,0.143384
1693,0.440708,0.357522,0.201770,0.298525,0.565192,0.136283,1,1,0.143364
1694,0.440448,0.357901,0.201651,0.298349,0.565448,0.136203,1,1,0.143345
1695,0.440189,0.358279,0.201532,0.298173,0.565704,0.136123,1,1,0.143325
1696,0.439929,0.358657,0.201413,0.297998,0.565960,0.136042,1,1,0.143305
1697,0.439670,0.359035,0.201295,0.297822,0.566215,0.135962,1,1,0.143285
1698,0.439412,0.359412,0.201176,0.297647,0.566471,0.135882,1,1,0.143265
1699,0.439153,0.359788,0.201058,0.297472,0.566725,0.135802,1,1,0.143244
1700,0.438895,0.360165,0.200940,0.297297,0.566980,0.135723,1,1,0.143224
1701,0.438638,0.360540,0.200822,0.297123,0.567234,0.135643,1,1,0.143204
1702,0.438380,0.360915,0.200704,0.296948,0.567488,0.135563,1,1,0.143184
1703,0.438123,0.361290,0.200587,0.296774,0.567742,0.135484,1,1,0.143163
1704,0.437866,0.361665,0.200469,0.296600,0.567995,0.135404,1,1,0.143143
1705,0.437610,0.362039,0.200351,0.296426,0.568248,0.135325,1,1,0.143123
1706,0.437354,0.362412,0.200234,0.296253,0.568501,0.135246,1,1,0.143102
1707,0.437098,0.362785,0.200117,0.296080,0.568754,0.135167,1,1,0.143082
1708,0.436842,0.363158,0.200000,0.295906,0.569006,0.135088,1,1,0.143061
1709,0.436587,0.363530,0.199883,0.295733,0.569258,0.135009,1,1,0.143040
1710,0.436332,0.363902,0.199766,0.295561,0.569509,0.134930,1,1,0.143020
1711,0.436077,0.364273,0.199650,0.295388,0.569761,0.134851,1,1,0.142999
1712,0.435823,0.364644,0.199533,0.295216,0.570012,0.134772,1,1,0.142978
1713,0.435569,0.365015,0.199417,0.295044,0.570262,0.134694,1,1,0.142957
1714,0.435315,0.365385,0.199301,0.294872,0.570513,0.134615,1,1,0.142936
1715,0.435061,0.365754,0.199185,0.294700,0.570763,0.134537,1,1,0.142915
1716,0.434808,0.366123,0.199069,0.294529,0.571013,0.134459,1,1,0.142894
1717,0.434555,0.366492,0.198953,0.294357,0.571262,0.134380,1,1,0.142873
1718,0.434302,0.366860,0.198837,0.294186,0.571512,0.134302,1,1,0.142852
1719,0.434050,0.367228,0.198722,0.294015,0.571761,0.134224,1,1,0.142831
1720,0.433798,0.367596,0.198606,0.293844,0.572009,0.134146,1,1,0.142810
1721,0.433546,0.367963,0.198491,0.293674,0.572258,0.134068,1,1,0.142789
1722,0.433295,0.368329,0.198376,0.293503,0.572506,0.133991,1,1,0.142768
1723,0.433043,0.368696,0.198261,0.293333,0.572754,0.133913,1,1,0.142746
1724,0.432793,0.369061,0.198146,0.293163,0.573001,0.133835,1,1,0.142725
1725,0.432542,0.369427,0.198031,0.292994,0.573248,0.133758,1,1,0.142704
1726,0.432292,0.369792,0.197917,0.292824,0.573495,0.133681,1,1,0.142682
1727,0.432042,0.370156,0.197802,0.292655,0.573742,0.133603,1,1,0.142661
1728,0.431792,0.370520,0.197688,0.292486,0.573988,0.133526,1,1,0.142639
1729,0.431542,0.370884,0.197574,0.292317,0.574235,0.133449,1,1,0.142617
1730,0.431293,0.371247,0.197460,0.292148,0.574480,0.133372,1,1,0.142596
1731,0.431044,0.371610,0.197346,0.291979,0.574726,0.133295,1,1,0.142574
1732,0.430796,0.371972,0.197232,0.291811,0.574971,0.133218,1,1,0.142552
1733,0.430548,0.372334,0.197118,0.291643,0.575216,0.133141,1,1,0.142531
1734,0.430300,0.372696,0.197005,0.291475,0.575461,0.133065,1,1,0.142509
1735,0.430052,0.373057,0.196891,0.291307,0.575705,0.132988,1,1,0.142487
1736,0.429804,0.373418,0.196778,0.291139,0.575949,0.132911,1,1,0.142465
1737,0.429557,0.373778,0.196665,0.290972,0.576193,0.132835,1,1,0.142443
1738,0.429310,0.374138,0.196552,0.290805,0.576437,0.132759,1,1,0.142421
1739,0.429064,0.374497,0.196439,0.290638,0.576680,0.132682,1,1,0.142399
1740,0.428817,0.374856,0.196326,0.290471,0.576923,0.132606,1,1,0.142377
1741,0.428571,0.375215,0.196213,0.290304,0.577166,0.132530,1,1,0.142355
1742,0.428326,0.375573,0.196101,0.290138,0.577408,0.132454,1,1,0.142333
1743,0.428080,0.375931,0.195989,0.289971,0.577650,0.132378,1,1,0.142311
1744,0.427835,0.376289,0.195876,0.289805,0.577892,0.132302,1,1,0.142288
1745,0.427590,0.376646,0.195764,0.289639,0.578134,0.132227,1,1,0.142266
1746,0.427346,0.377002,0.195652,0.289474,0.578375,0.132151,1,1,0.142244
1747,0.427101,0.377358,0.195540,0.289308,0.578616,0.132075,1,1,0.142221
1748,0.426857,0.377714,0.195429,0.289143,0.578857,0.132000,1,1,0.142199
1749,0.426613,0.378070,0.195317,0.288978,0.579098,0.131925,1,1,0.142177
1750,0.426370,0.378425,0.195205,0.288813,0.579338,0.131849,1,1,0.142154
1751,0.426127,0.378779,0.195094,0.288648,0.579578,0.131774,1,1,0.142132
1752,0.425884,0.379133,0.194983,0.288483,0.579818,0.131699,1,1,0.142109
1753,0.425641,0.379487,0.194872,0.288319,0.580057,0.131624,1,1,0.142086
1754,0.425399,0.379841,0.194761,0.288155,0.580296,0.131549,1,1,0.142064
1755,0.425157,0.380194,0.194650,0.287991,0.580535,0.131474,1,1,0.142041
1756,0.424915,0.380546,0.194539,0.287827,0.580774,0.131399,1,1,0.142018
1757,0.424673,0.380898,0.194429,0.287663,0.581012,0.131325,1,1,0.141995
1758,0.424432,0.381250,0.194318,0.287500,0.581250,0.131250,1,1,0.141973
1759,0.424191,0.381601,0.194208,0.287337,0.581488,0.131175,1,1,0.141950
1760,0.423950,0.381952,0.194098,0.287174,0.581725,0.131101,1,1,0.141927
1761,0.423710,0.382303,0.193988,0.287011,0.581963,0.131027,1,1,0.141904
1762,0.423469,0.382653,0.193878,0.286848,0.582200,0.130952,1,1,0.141881
1763,0.423229,0.383003,0.193768,0.286686,0.582436,0.130878,1,1,0.141858
1764,0.422990,0.383352,0.193658,0.286523,0.582673,0.130804,1,1,0.141835
1765,0.422750,0.383701,0.193548,0.286361,0.582909,0.130730,1,1,0.141812
1766,0.422511,0.384050,0.193439,0.286199,0.583145,0.130656,1,1,0.141789
1767,0.422272,0.384398,0.193330,0.286037,0.583380,0.130582,1,1,0.141766
1768,0.422034,0.384746,0.193220,0.285876,0.583616,0.130508,1,1,0.141742
1769,0.421796,0.385093,0.193111,0.285714,0.583851,0.130435,1,1,0.141719
1770,0.421558,0.385440,0.193002,0.285553,0.584086,0.130361,1,1,0.141696
1771,0.421320,0.385787,0.192893,0.285392,0.584320,0.130288,1,1,0.141672
1772,0.421082,0.386133,0.192785,0.285231,0.584555,0.130214,1,1,0.141649
1773,0.420845,0.386479,0.192676,0.285070,0.584789,0.130141,1,1,0.141626
1774,0.420608,0.386824,0.192568,0.284910,0.585023,0.130068,1,1,0.141602
1775,0.420371,0.387169,0.192459,0.284750,0.585256,0.129994,1,1,0.141579
1776,0.420135,0.387514,0.192351,0.284589,0.585489,0.129921,1,1,0.141555
1777,0.419899,0.387858,0.192243,0.284429,0.585722,0.129848,1,1,0.141532
1778,0.419663,0.388202,0.192135,0.284270,0.585955,0.129775,1,1,0.141508
1779,0.419427,0.388546,0.192027,0.284110,0.586188,0.129702,1,1,0.141485
1780,0.419192,0.388889,0.191919,0.283951,0.586420,0.129630,1,1,0.141461
1781,0.418957,0.389232,0.191812,0.283791,0.586652,0.129557,1,1,0.141437
1782,0.418722,0.389574,0.191704,0.283632,0.586883,0.129484,1,1,0.141413
1783,0.418487,0.389916,0.191597,0.283473,0.587115,0.129412,1,1,0.141390
1784,0.418253,0.390258,0.191489,0.283315,0.587346,0.129339,1,1,0.141366
1785,0.418019,0.390599,0.191382,0.283156,0.587577,0.129267,1,1,0.141342
1786,0.417785,0.390940,0.191275,0.282998,0.587808,0.129195,1,1,0.141318
1787,0.417552,0.391280,0.191168,0.282840,0.588038,0.129122,1,1,0.141294
1788,0.417318,0.391620,0.191061,0.282682,0.588268,0.129050,1,1,0.141270
1789,0.417085,0.391960,0.190955,0.282524,0.588498,0.128978,1,1,0.141246
1790,0.416853,0.392299,0.190848,0.282366,0.588728,0.128906,1,1,0.141222
1791,0.416620,0.392638,0.190742,0.282209,0.588957,0.128834,1,1,0.141198
1792,0.416388,0.392977,0.190635,0.282051,0.589186,0.128763,1,1,0.141174
1793,0.416156,0.393315,0.190529,0.281894,0.589415,0.128691,1,1,0.141150
1794,0.415924,0.393653,0.190423,0.281737,0.589644,0.128619,1,1,0.141126
1795,0.415693,0.393990,0.190317,0.281580,0.589872,0.128548,1,1,0.141102
1796,0.415462,0.394327,0.190211,0.281424,0.590100,0.128476,1,1,0.141078
1797,0.415231,0.394664,0.190106,0.281267,0.590328,0.128405,1,1,0.141053
1798,0.415000,0.395000,0.190000,0.281111,0.590556,0.128333,1,1,0.141029
1799,0.414770,0.395336,0.189895,0.280955,0.590783,0.128262,1,1,0.141005
1800,0.414539,0.395671,0.189789,0.280799,0.591010,0.128191,1,1,0.140981
1801,0.414309,0.396007,0.189684,0.280643,0.591237,0.128120,1,1,0.140956
1802,0.414080,0.396341,0.189579,0.280488,0.591463,0.128049,1,1,0.140932
1803,0.413850,0.396676,0.189474,0.280332,0.591690,0.127978,1,1,0.140907
1804,0.413621,0.397010,0.189369,0.280177,0.591916,0.127907,1,1,0.140883
1805,0.413392,0.397344,0.189264,0.280022,0.592142,0.127836,1,1,0.140858
1806,0.413164,0.397677,0.189159,0.279867,0.592367,0.127765,1,1,0.140834
1807,0.412935,0.398010,0.189055,0.279713,0.592593,0.127695,1,1,0.140809
1808,0.412707,0.398343,0.188950,0.279558,0.592818,0.127624,1,1,0.140785
1809,0.412479,0.398675,0.188846,0.279404,0.593043,0.127554,1,1,0.140760
1810,0.412252,0.399007,0.188742,0.279249,0.593267,0.127483,1,1,0.140735
1811,0.412024,0.399338,0.188638,0.279095,0.593491,0.127413,1,1,0.140711
1812,0.411797,0.399669,0.188534,0.278942,0.593716,0.127343,1,1,0.140686
1813,0.411570,0.400000,0.188430,0.278788,0.593939,0.127273,1,1,0.140661
1814,0.411344,0.400330,0.188326,0.278634,0.594163,0.127203,1,1,0.140636
1815,0.411117,0.400660,0.188222,0.278481,0.594386,0.127133,1,1,0.140612
1816,0.410891,0.400990,0.188119,0.278328,0.594609,0.127063,1,1,0.140587
1817,0.410665,0.401319,0.188015,0.278175,0.594832,0.126993,1,1,0.140562
1818,0.410440,0.401648,0.187912,0.278022,0.595055,0.126923,1,1,0.140537
1819,0.410214,0.401977,0.187809,0.277869,0.595277,0.126853,1,1,0.140512
1820,0.409989,0.402305,0.187706,0.277717,0.595499,0.126784,1,1,0.140487
1821,0.409764,0.402633,0.187603,0.277564,0.595721,0.126714,1,1,0.140462
1822,0.409539,0.402961,0.187500,0.277412,0.595943,0.126645,1,1,0.140437
1823,0.409315,0.403288,0.187397,0.277260,0.596164,0.126575,1,1,0.140412
1824,0.409091,0.403614,0.187295,0.277108,0.596386,0.126506,1,1,0.140387
1825,0.408867,0.403941,0.187192,0.276957,0.596606,0.126437,1,1,0.140362
1826,0.408643,0.404267,0.187090,0.276805,0.596827,0.126368,1,1,0.140337
1827,0.408420,0.404593,0.186987,0.276654,0.597048,0.126299,1,1,0.140311
1828,0.408197,0.404918,0.186885,0.276503,0.597268,0.126230,1,1,0.140286
1829,0.407974,0.405243,0.186783,0.276352,0.597488,0.126161,1,1,0.140261
1830,0.407751,0.405568,0.186681,0.276201,0.597707,0.126092,1,1,0.140236
1831,0.407529,0.405892,0.186579,0.276050,0.597927,0.126023,1,1,0.140210
1832,0.407306,0.406216,0.186478,0.275900,0.598146,0.125954,1,1,0.140185
1833,0.407084,0.406540,0.186376,0.275749,0.598365,0.125886,1,1,0.140160
1834,0.406863,0.406863,0.186275,0.275599,0.598584,0.125817,1,1,0.140134
1835,0.406641,0.407186,0.186173,0.275449,0.598802,0.125749,1,1,0.140381
1836,0.406420,0.407508,0.186072,0.275299,0.598477,0.126224,1,2,0.140416
1837,0.406199,0.407830,0.185971,0.275150,0.598151,0.126699,1,2,0.140450
1838,0.405978,0.408152,0.185870,0.275000,0.597826,0.127174,1,2,0.140484
1839,0.405758,0.408474,0.185769,0.274851,0.597501,0.127648,1,2,0.140518
1840,0.405537,0.408795,0.185668,0.274701,0.597177,0.128122,1,2,0.140551
1841,0.405317,0.409116,0.185567,0.274552,0.596853,0.128595,1,2,0.140585
1842,0.405098,0.409436,0.185466,0.274403,0.596529,0.129067,1,2,0.140618
1843,0.404878,0.409756,0.185366,0.274255,0.596206,0.129539,1,2,0.140652
1844,0.404659,0.410076,0.185265,0.274106,0.595883,0.130011,1,2,0.140685
1845,0.404440,0.410395,0.185165,0.273958,0.595560,0.130482,1,2,0.140718
1846,0.404221,0.410714,0.185065,0.273810,0.595238,0.130952,1,2,0.140751
1847,0.404002,0.411033,0.184965,0.273661,0.594916,0.131422,1,2,0.140783
1848,0.403784,0.411351,0.184865,0.273514,0.594595,0.131892,1,2,0.140816
1849,0.403566,0.411669,0.184765,0.273366,0.594273,0.132361,1,2,0.140848
1850,0.403348,0.411987,0.184665,0.273218,0.593952,0.132829,1,2,0.140880
1851,0.403130,0.412304,0.184566,0.273071,0.593632,0.133297,1,2,0.140912
1852,0.402913,0.412621,0.184466,0.272923,0.593312,0.133765,1,2,0.140944
1853,0.402695,0.412938,0.184367,0.272776,0.592992,0.134232,1,2,0.140976
1854,0.402478,0.413254,0.184267,0.272629,0.592672,0.134698,1,2,0.141008
1855,0.402262,0.413570,0.184168,0.272482,0.592353,0.135164,1,2,0.141039
1856,0.402045,0.413886,0.184069,0.272336,0.592034,0.135630,1,2,0.141070
1857,0.401829,0.414201,0.183970,0.272189,0.591716,0.136095,1,2,0.141102
1858,0.401613,0.414516,0.183871,0.272043,0.591398,0.136559,1,2,0.141133
1859,0.401397,0.414831,0.183772,0.271897,0.591080,0.137023,1,2,0.141163
1860,0.401182,0.415145,0.183673,0.271751,0.590763,0.137487,1,2,0.141194
1861,0.400966,0.415459,0.183575,0.271605,0.590446,0.137950,1,2,0.141225
1862,0.400751,0.415773,0.183476,0.271459,0.590129,0.138412,1,2,0.141255
1863,0.400536,0.416086,0.183378,0.271314,0.589812,0.138874,1,2,0.141285
1864,0.400322,0.416399,0.183280,0.271168,0.589496,0.139335,1,2,0.141315
1865,0.400107,0.416711,0.183182,0.271023,0.589181,0.139796,1,2,0.141345
1866,0.399893,0.417024,0.183084,0.270878,0.588865,0.140257,1,2,0.141375
1867,0.399679,0.417335,0.182986,0.270733,0.588550,0.140717,1,2,0.141405
1868,0.399465,0.417647,0.182888,0.270588,0.588235,0.141176,1,2,0.141434
1869,0.399252,0.417958,0.182790,0.270444,0.587921,0.141635,1,2,0.141464
1870,0.399038,0.418269,0.182692,0.270299,0.587607,0.142094,1,2,0.141493
1871,0.398825,0.418580,0.182595,0.270155,0.587293,0.142552,1,2,0.141522
1872,0.398613,0.418890,0.182497,0.270011,0.586980,0.143010,1,2,0.141551
1873,0.398400,0.419200,0.182400,0.269867,0.586667,0.143467,1,2,0.141580
1874,0.398188,0.419510,0.182303,0.269723,0.586354,0.143923,1,2,0.141609
1875,0.397975,0.419819,0.182206,0.269579,0.586042,0.144379,1,2,0.141637
1876,0.397764,0.420128,0.182109,0.269436,0.585729,0.144835,1,2,0.141666
1877,0.397552,0.420436,0.182012,0.269292,0.585418,0.145290,1,2,0.141694
1878,0.397340,0.420745,0.181915,0.269149,0.585106,0.145745,1,2,0.141722
1879,0.397129,0.421053,0.181818,0.269006,0.584795,0.146199,1,2,0.141750
1880,0.396918,0.421360,0.181722,0.268863,0.584485,0.146652,1,2,0.141778
1881,0.396707,0.421668,0.181625,0.268720,0.584174,0.147106,1,2,0.141805
1882,0.396497,0.421975,0.181529,0.268577,0.583864,0.147558,1,2,0.141833
1883,0.396286,0.422281,0.181432,0.268435,0.583554,0.148011,1,2,0.141860
1884,0.396076,0.422587,0.181336,0.268293,0.583245,0.148462,1,2,0.141888
1885,0.395866,0.422893,0.181240,0.268151,0.582936,0.148914,1,2,0.141915
1886,0.395657,0.423199,0.181144,0.268008,0.582627,0.149364,1,2,0.141942
1887,0.395447,0.423504,0.181048,0.267867,0.582319,0.149815,1,2,0.141969
1888,0.395238,0.423810,0.180952,0.267725,0.582011,0.150265,1,2,0.141995
1889,0.395029,0.424114,0.180857,0.267583,0.581703,0.150714,1,2,0.142022
1890,0.394820,0.424419,0.180761,0.267442,0.581395,0.151163,1,2,0.142049
1891,0.394612,0.424723,0.180666,0.267301,0.581088,0.151611,1,2,0.142075
1892,0.394403,0.425026,0.180570,0.267159,0.580781,0.152059,1,2,0.142101
1893,0.394195,0.425330,0.180475,0.267018,0.580475,0.152507,1,2,0.142127
1894,0.393987,0.425633,0.180380,0.266878,0.580169,0.152954,1,2,0.142153
1895,0.393780,0.425936,0.180285,0.266737,0.579863,0.153400,1,2,0.142179
1896,0.393572,0.426238,0.180190,0.266596,0.579557,0.153846,1,2,0.142204
1897,0.393365,0.426540,0.180095,0.266456,0.579252,0.154292,1,2,0.142230
1898,0.393158,0.426842,0.180000,0.266316,0.578947,0.154737,1,2,0.142255
1899,0.392951,0.427144,0.179905,0.266176,0.578643,0.155181,1,2,0.142281
1900,0.392744,0.427445,0.179811,0.266036,0.578339,0.155626,1,2,0.142306
1901,0.392538,0.427746,0.179716,0.265896,0.578035,0.156069,1,2,0.142331
1902,0.392332,0.428046,0.179622,0.265756,0.577731,0.156513,1,2,0.142356
1903,0.392126,0.428346,0.179528,0.265617,0.577428,0.156955,1,2,0.142380
1904,0.391920,0.428646,0.179433,0.265477,0.577125,0.157398,1,2,0.142405
1905,0.391715,0.428946,0.179339,0.265338,0.576822,0.157840,1,2,0.142429
1906,0.391509,0.429245,0.179245,0.265199,0.576520,0.158281,1,2,0.142454
1907,0.391304,0.429544,0.179151,0.265060,0.576218,0.158722,1,2,0.142478
1908,0.391099,0.429843,0.179058,0.264921,0.575916,0.159162,1,2,0.142502
1909,0.390895,0.430141,0.178964,0.264783,0.575615,0.159602,1,2,0.142526
1910,0.390690,0.430439,0.178870,0.264644,0.575314,0.160042,1,2,0.142550
1911,0.390486,0.430737,0.178777,0.264506,0.575013,0.160481,1,2,0.142574
1912,0.390282,0.431034,0.178683,0.264368,0.574713,0.160920,1,2,0.142597
1913,0.390078,0.431332,0.178590,0.264230,0.574413,0.161358,1,2,0.142621
1914,0.389875,0.431628,0.178497,0.264092,0.574113,0.161795,1,2,0.142644
1915,0.389671,0.431925,0.178404,0.263954,0.573813,0.162233,1,2,0.142667
1916,0.389468,0.432221,0.178311,0.263816,0.573514,0.162669,1,2,0.142690
1917,0.389265,0.432517,0.178218,0.263679,0.573215,0.163106,1,2,0.142713
1918,0.389062,0.432812,0.178125,0.263542,0.572917,0.163542,1,2,0.142736
1919,0.388860,0.433108,0.178032,0.263404,0.572618,0.163977,1,2,0.142759
1920,0.388658,0.433403,0.177940,0.263267,0.572320,0.164412,1,2,0.142781
1921,0.388456,0.433697,0.177847,0.263131,0.572023,0.164847,1,2,0.142804
1922,0.388254,0.433992,0.177755,0.262994,0.571726,0.165281,1,2,0.142826
1923,0.388052,0.434286,0.177662,0.262857,0.571429,0.165714,1,2,0.142848
1924,0.387850,0.434579,0.177570,0.262721,0.571132,0.166147,1,2,0.142870
1925,0.387649,0.434873,0.177478,0.262584,0.570835,0.166580,1,2,0.142892
1926,0.387448,0.435166,0.177386,0.262448,0.570539,0.167012,1,2,0.142914
1927,0.387247,0.435459,0.177294,0.262312,0.570244,0.167444,1,2,0.142936
1928,0.387047,0.435751,0.177202,0.262176,0.569948,0.167876,1,2,0.142957
1929,0.386846,0.436044,0.177110,0.262040,0.569653,0.168307,1,2,0.142979
1930,0.386646,0.436335,0.177019,0.261905,0.569358,0.168737,1,2,0.143000
1931,0.386446,0.436627,0.176927,0.261769,0.569064,0.169167,1,2,0.143021
1932,0.386246,0.436918,0.176836,0.261634,0.568769,0.169597,1,2,0.143043
1933,0.386047,0.437209,0.176744,0.261499,0.568475,0.170026,1,2,0.143064
1934,0.385847,0.437500,0.176653,0.261364,0.568182,0.170455,1,2,0.143084
1935,0.385648,0.437790,0.176562,0.261229,0.567888,0.170883,1,2,0.143105
1936,0.385449,0.438080,0.176471,0.261094,0.567595,0.171311,1,2,0.143126
1937,0.385250,0.438370,0.176380,0.260959,0.567303,0.171738,1,2,0.143146
1938,0.385052,0.438660,0.176289,0.260825,0.567010,0.172165,1,2,0.143167
1939,0.384853,0.438949,0.176198,0.260690,0.566718,0.172591,1,2,0.143187
1940,0.384655,0.439238,0.176107,0.260556,0.566426,0.173018,1,2,0.143207
1941,0.384457,0.439527,0.176016,0.260422,0.566135,0.173443,1,2,0.143227
1942,0.384259,0.439815,0.175926,0.260288,0.565844,0.173868,1,2,0.143247
1943,0.384062,0.440103,0.175835,0.260154,0.565553,0.174293,1,2,0.143267
1944,0.383864,0.440391,0.175745,0.260021,0.565262,0.174717,1,2,0.143287
1945,0.383667,0.440678,0.175655,0.259887,0.564972,0.175141,1,2,0.143306
1946,0.383470,0.440965,0.175565,0.259754,0.564682,0.175565,1,2,0.143326
1947,0.383273,0.441252,0.175475,0.259620,0.564392,0.175988,1,2,0.143345
1948,0.383077,0.441538,0.175385,0.259487,0.564103,0.176410,1,2,0.143364
1949,0.382881,0.441825,0.175295,0.259354,0.563813,0.176832,1,2,0.143383
1950,0.382684,0.442111,0.175205,0.259221,0.563525,0.177254,1,2,0.143402
1951,0.382488,0.442396,0.175115,0.259089,0.563236,0.177675,1,2,0.143421
1952,0.382293,0.442682,0.175026,0.258956,0.562948,0.178096,1,2,0.143440
1953,0.382097,0.442967,0.174936,0.258824,0.562660,0.178517,1,2,0.143459
1954,0.381902,0.443252,0.174847,0.258691,0.562372,0.178937,1,2,0.143477
1955,0.381707,0.443536,0.174757,0.258559,0.562085,0.179356,1,2,0.143495
1956,0.381512,0.443820,0.174668,0.258427,0.561798,0.179775,1,2,0.143514
1957,0.381317,0.444104,0.174579,0.258295,0.561511,0.180194,1,2,0.143532
1958,0.381122,0.444388,0.174490,0.258163,0.561224,0.180612,1,2,0.143550
1959,0.380928,0.444671,0.174401,0.258032,0.560938,0.181030,1,2,0.143568
1960,0.380734,0.444954,0.174312,0.257900,0.560652,0.181448,1,2,0.143586
1961,0.380540,0.445237,0.174223,0.257769,0.560367,0.181864,1,2,0.143604
1962,0.380346,0.445519,0.174134,0.257637,0.560081,0.182281,1,2,0.143621
1963,0.380153,0.445802,0.174046,0.257506,0.559796,0.182697,1,2,0.143639
1964,0.379959,0.446083,0.173957,0.257375,0.559512,0.183113,1,2,0.143656
1965,0.379766,0.446365,0.173869,0.257245,0.559227,0.183528,1,2,0.143674
1966,0.379573,0.446646,0.173780,0.257114,0.558943,0.183943,1,2,0.143691
1967,0.379380,0.446927,0.173692,0.256983,0.558659,0.184358,1,2,0.143708
1968,0.379188,0.447208,0.173604,0.256853,0.558376,0.184772,1,2,0.143725
1969,0.378995,0.447489,0.173516,0.256722,0.558092,0.185185,1,2,0.143742
1970,0.378803,0.447769,0.173428,0.256592,0.557809,0.185598,1,2,0.143759
1971,0.378611,0.448049,0.173340,0.256462,0.557527,0.186011,1,2,0.143775
1972,0.378419,0.448328,0.173252,0.256332,0.557244,0.186424,1,2,0.143792
1973,0.378228,0.448608,0.173165,0.256203,0.556962,0.186835,1,2,0.143808
1974,0.378036,0.448887,0.173077,0.256073,0.556680,0.187247,1,2,0.143825
1975,0.377845,0.449165,0.172989,0.255943,0.556399,0.187658,1,2,0.143841
1976,0.377654,0.449444,0.172902,0.255814,0.556117,0.188069,1,2,0.143857
1977,0.377463,0.449722,0.172815,0.255685,0.555836,0.188479,1,2,0.143873
1978,0.377273,0.450000,0.172727,0.255556,0.555556,0.188889,1,2,0.143889
1979,0.377082,0.450278,0.172640,0.255427,0.555275,0.189298,1,2,0.143905
1980,0.376892,0.450555,0.172553,0.255298,0.554995,0.189707,1,2,0.143920
1981,0.376702,0.450832,0.172466,0.255169,0.554715,0.190116,1,2,0.143936
1982,0.376512,0.451109,0.172379,0.255040,0.554435,0.190524,1,2,0.143952
1983,0.376322,0.451385,0.172292,0.254912,0.554156,0.190932,1,2,0.143967
1984,0.376133,0.451662,0.172205,0.254783,0.553877,0.191339,1,2,0.143982
1985,0.375944,0.451938,0.172119,0.254655,0.553598,0.191746,1,2,0.143997
1986,0.375755,0.452213,0.172032,0.254527,0.553320,0.192153,1,2,0.144012
1987,0.375566,0.452489,0.171946,0.254399,0.553042,0.192559,1,2,0.144027
1988,0.375377,0.452764,0.171859,0.254271,0.552764,0.192965,1,2,0.144042
1989,0.375188,0.453039,0.171773,0.254144,0.552486,0.193370,1,2,0.144057
1990,0.375000,0.453313,0.171687,0.254016,0.552209,0.193775,1,2,0.144072
1991,0.374812,0.453588,0.171601,0.253889,0.551932,0.194180,1,2,0.144086
1992,0.374624,0.453862,0.171515,0.253761,0.551655,0.194584,1,2,0.144101
1993,0.374436,0.454135,0.171429,0.253634,0.551378,0.194987,1,2,0.144115
1994,0.374248,0.454409,0.171343,0.253507,0.551102,0.195391,1,2,0.144129
1995,0.374061,0.454682,0.171257,0.253380,0.550826,0.195794,1,2,0.144144
1996,0.373874,0.454955,0.171171,0.253253,0.550551,0.196196,1,2,0.144158
1997,0.373687,0.455228,0.171086,0.253127,0.550275,0.196598,1,2,0.144172
1998,0.373500,0.455500,0.171000,0.253000,0.550000,0.197000,1,2,0.144185
1999,0.373313,0.455772,0.170915,0.252874,0.549725,0.197401,1,2,0.144199
2000,0.373127,0.456044,0.170829,0.252747,0.549451,0.197802,1,2,0.144213
2001,0.372941,0.456316,0.170744,0.252621,0.549176,0.198203,1,2,0.144226
2002,0.372754,0.456587,0.170659,0.252495,0.548902,0.198603,1,2,0.144240
2003,0.372569,0.456858,0.170574,0.252369,0.548628,0.199002,1,2,0.144253
2004,0.372383,0.457129,0.170489,0.252243,0.548355,0.199402,1,2,0.144267
2005,0.372197,0.457399,0.170404,0.252118,0.548082,0.199801,1,2,0.144280
2006,0.372012,0.457669,0.170319,0.251992,0.547809,0.200199,1,2,0.144293
2007,0.371827,0.457939,0.170234,0.251867,0.547536,0.200597,1,2,0.144306
2008,0.371642,0.458209,0.170149,0.251741,0.547264,0.200995,1,2,0.144319
2009,0.371457,0.458478,0.170065,0.251616,0.546992,0.201392,1,2,0.144331
2010,0.371272,0.458748,0.169980,0.251491,0.546720,0.201789,1,2,0.144344
2011,0.371088,0.459016,0.169896,0.251366,0.546448,0.202186,1,2,0.144357
2012,0.370904,0.459285,0.169811,0.251241,0.546177,0.202582,1,2,0.144369
2013,0.370720,0.459553,0.169727,0.251117,0.545906,0.202978,1,2,0.144382
2014,0.370536,0.459821,0.169643,0.250992,0.545635,0.203373,1,2,0.144394
2015,0.370352,0.460089,0.169559,0.250868,0.545364,0.203768,1,2,0.144406
2016,0.370168,0.460357,0.169475,0.250743,0.545094,0.204163,1,2,0.144418
2017,0.369985,0.460624,0.169391,0.250619,0.544824,0.204557,1,2,0.144430
2018,0.369802,0.460891,0.169307,0.250495,0.544554,0.204950,1,2,0.144442
2019,0.369619,0.461158,0.169223,0.250371,0.544285,0.205344,1,2,0.144454
2020,0.369436,0.461424,0.169139,0.250247,0.544016,0.205737,1,2,0.144466
2021,0.369254,0.461691,0.169056,0.250124,0.543747,0.206130,1,2,0.144477
2022,0.369071,0.461957,0.168972,0.250000,0.543478,0.206522,1,2,0.144489
2023,0.368889,0.462222,0.168889,0.249877,0.543210,0.206914,1,2,0.144500
2024,0.368707,0.462488,0.168806,0.249753,0.542942,0.207305,1,2,0.144512
2025,0.368525,0.462753,0.168722,0.249630,0.542674,0.207696,1,2,0.144523
2026,0.368343,0.463018,0.168639,0.249507,0.542406,0.208087,1,2,0.144534
2027,0.368162,0.463282,0.168556,0.249384,0.542139,0.208477,1,2,0.144545
2028,0.367980,0.463547,0.168473,0.249261,0.541872,0.208867,1,2,0.144556
2029,0.367799,0.463811,0.168390,0.249138,0.541605,0.209257,1,2,0.144567
2030,0.367618,0.464075,0.168307,0.249016,0.541339,0.209646,1,2,0.144578
2031,0.367437,0.464338,0.168224,0.248893,0.541072,0.210034,1,2,0.144589
2032,0.367257,0.464602,0.168142,0.248771,0.540806,0.210423,1,2,0.144599
2033,0.367076,0.464865,0.168059,0.248649,0.540541,0.210811,1,2,0.144610
2034,0.366896,0.465128,0.167976,0.248527,0.540275,0.211198,1,2,0.144620
2035,0.366716,0.465390,0.167894,0.248405,0.540010,0.211586,1,2,0.144631
2036,0.366536,0.465653,0.167812,0.248283,0.539745,0.211973,1,2,0.144641
2037,0.366356,0.465915,0.167729,0.248161,0.539480,0.212359,1,2,0.144651
2038,0.366176,0.466176,0.167647,0.248039,0.539216,0.212745,1,2,0.144661
2039,0.365997,0.466438,0.167565,0.247918,0.538951,0.213131,1,2,0.144671
2040,0.365818,0.466699,0.167483,0.247796,0.538688,0.213516,1,2,0.144681
2041,0.365639,0.466960,0.167401,0.247675,0.538424,0.213901,1,2,0.144691
2042,0.365460,0.467221,0.167319,0.247554,0.538160,0.214286,1,2,0.144701
2043,0.365281,0.467482,0.167237,0.247433,0.537897,0.214670,1,2,0.144710
2044,0.365103,0.467742,0.167155,0.247312,0.537634,0.215054,1,2,0.144720
2045,0.364924,0.468002,0.167074,0.247191,0.537372,0.215437,1,2,0.144729
2046,0.364746,0.468262,0.166992,0.247070,0.537109,0.215820,1,2,0.144739
2047,0.364568,0.468521,0.166911,0.246950,0.536847,0.216203,1,2,0.144748
2048,0.364390,0.468780,0.166829,0.246829,0.536585,0.216585,1,2,0.144757
2049,0.364213,0.469039,0.166748,0.246709,0.536324,0.216967,1,2,0.144766
2050,0.364035,0.469298,0.166667,0.246589,0.536062,0.217349,1,2,0.144775
2051,0.363858,0.469557,0.166585,0.246469,0.535801,0.217730,1,2,0.144784
2052,0.363681,0.469815,0.166504,0.246349,0.535540,0.218111,1,2,0.144793
2053,0.363504,0.470073,0.166423,0.246229,0.535280,0.218491,1,2,0.144802
2054,0.363327,0.470331,0.166342,0.246109,0.535019,0.218872,1,2,0.144811
2055,0.363150,0.470588,0.166262,0.245989,0.534759,0.219251,1,2,0.144819
2056,0.362974,0.470845,0.166181,0.245870,0.534500,0.219631,1,2,0.144828
2057,0.362797,0.471102,0.166100,0.245750,0.534240,0.220010,1,2,0.144836
2058,0.362621,0.471359,0.166019,0.245631,0.533981,0.220388,1,2,0.144844
2059,0.362445,0.471616,0.165939,0.245512,0.533721,0.220767,1,2,0.144853
2060,0.362270,0.471872,0.165858,0.245393,0.533463,0.221145,1,2,0.144861
2061,0.362094,0.472128,0.165778,0.245274,0.533204,0.221522,1,2,0.144869
2062,0.361919,0.472384,0.165698,0.245155,0.532946,0.221899,1,2,0.144877
2063,0.361743,0.472639,0.165617,0.245036,0.532688,0.222276,1,2,0.144885
2064,0.361568,0.472894,0.165537,0.244918,0.532430,0.222652,1,2,0.144893
2065,0.361393,0.473149,0.165457,0.244799,0.532172,0.223029,1,2,0.144901
2066,0.361219,0.473404,0.165377,0.244681,0.531915,0.223404,1,2,0.144908
2067,0.361044,0.473659,0.165297,0.244563,0.531658,0.223780,1,2,0.144916
2068,0.360870,0.473913,0.165217,0.244444,0.531401,0.224155,1,2,0.144923
2069,0.360695,0.474167,0.165138,0.244326,0.531144,0.224529,1,2,0.144931
2070,0.360521,0.474421,0.165058,0.244208,0.530888,0.224903,1,2,0.144938
2071,0.360347,0.474674,0.164978,0.244091,0.530632,0.225277,1,2,0.144945
2072,0.360174,0.474928,0.164899,0.243973,0.530376,0.225651,1,2,0.144953
2073,0.360000,0.475181,0.164819,0.243855,0.530120,0.226024,1,2,0.144960
2074,0.359827,0.475434,0.164740,0.243738,0.529865,0.226397,1,2,0.144967
2075,0.359653,0.475686,0.164661,0.243621,0.529610,0.226769,1,2,0.144974
2076,0.359480,0.475938,0.164581,0.243503,0.529355,0.227141,1,2,0.144981
2077,0.359307,0.476190,0.164502,0.243386,0.529101,0.227513,1,2,0.144987
2078,0.359135,0.476442,0.164423,0.243269,0.528846,0.227885,1,2,0.144994
2079,0.358962,0.476694,0.164344,0.243152,0.528592,0.228256,1,2,0.145001
2080,0.358790,0.476945,0.164265,0.243036,0.528338,0.228626,1,2,0.145007
2081,0.358617,0.477196,0.164186,0.242919,0.528084,0.228997,1,2,0.145014
2082,0.358445,0.477447,0.164107,0.242802,0.527831,0.229367,1,2,0.145020
2083,0.358273,0.477698,0.164029,0.242686,0.527578,0.229736,1,2,0.145026
2084,0.358102,0.477948,0.163950,0.242570,0.527325,0.230105,1,2,0.145033
2085,0.357930,0.478198,0.163872,0.242453,0.527072,0.230474,1,2,0.145039
2086,0.357759,0.478448,0.163793,0.242337,0.526820,0.230843,1,2,0.145045
2087,0.357587,0.478698,0.163715,0.242221,0.526568,0.231211,1,2,0.145051
2088,0.357416,0.478947,0.163636,0.242105,0.526316,0.231579,1,2,0.145057
2089,0.357245,0.479197,0.163558,0.241989,0.526064,0.231946,1,2,0.145062
2090,0.357075,0.479446,0.163480,0.241874,0.525813,0.232314,1,2,0.145068
2091,0.356904,0.479694,0.163402,0.241758,0.525561,0.232680,1,2,0.145074
2092,0.356734,0.479943,0.163324,0.241643,0.525310,0.233047,1,2,0.145080
2093,0.356563,0.480191,0.163246,0.241527,0.525060,0.233413,1,2,0.145085
2094,0.356393,0.480439,0.163168,0.241412,0.524809,0.233779,1,2,0.145091
2095,0.356223,0.480687,0.163090,0.241297,0.524559,0.234144,1,2,0.145096
2096,0.356053,0.480934,0.163012,0.241182,0.524309,0.234509,1,2,0.145101
2097,0.355884,0.481182,0.162935,0.241067,0.524059,0.234874,1,2,0.145106
2098,0.355714,0.481429,0.162857,0.240952,0.523810,0.235238,1,2,0.145112
2099,0.355545,0.481675,0.162780,0.240838,0.523560,0.235602,1,2,0.145117
2100,0.355376,0.481922,0.162702,0.240723,0.523311,0.235966,1,2,0.145122
2101,0.355207,0.482168,0.162625,0.240609,0.523062,0.236329,1,2,0.145127
2102,0.355038,0.482414,0.162548,0.240494,0.522814,0.236692,1,2,0.145131
2103,0.354869,0.482660,0.162470,0.240380,0.522565,0.237055,1,2,0.145136
2104,0.354701,0.482906,0.162393,0.240266,0.522317,0.237417,1,2,0.145141
2105,0.354533,0.483151,0.162316,0.240152,0.522069,0.237779,1,2,0.145145
2106,0.354364,0.483397,0.162239,0.240038,0.521822,0.238140,1,2,0.145150
2107,0.354196,0.483642,0.162162,0.239924,0.521574,0.238502,1,2,0.145155
2108,0.354028,0.483886,0.162085,0.239810,0.521327,0.238863,1,2,0.145159
2109,0.353861,0.484131,0.162009,0.239697,0.521080,0.239223,1,2,0.145163
2110,0.353693,0.484375,0.161932,0.239583,0.520833,0.239583,1,2,0.145167
2111,0.353526,0.484619,0.161855,0.239470,0.520587,0.239943,1,2,0.145172
2112,0.353359,0.484863,0.161779,0.239357,0.520341,0.240303,1,2,0.145176
2113,0.353191,0.485106,0.161702,0.239243,0.520095,0.240662,1,2,0.145180
2114,0.353025,0.485350,0.161626,0.239130,0.519849,0.241021,1,2,0.145184
2115,0.352858,0.485593,0.161549,0.239017,0.519603,0.241379,1,2,0.145188
2116,0.352691,0.485836,0.161473,0.238905,0.519358,0.241737,1,2,0.145191
2117,0.352525,0.486078,0.161397,0.238792,0.519113,0.242095,1,2,0.145195
2118,0.352358,0.486321,0.161321,0.238679,0.518868,0.242453,1,2,0.145199
2119,0.352192,0.486563,0.161245,0.238567,0.518623,0.242810,1,2,0.145203
2120,0.352026,0.486805,0.161169,0.238454,0.518379,0.243167,1,2,0.145206
2121,0.351861,0.487047,0.161093,0.238342,0.518135,0.243523,1,2,0.145210
2122,0.351695,0.487288,0.161017,0.238230,0.517891,0.243879,1,2,0.145213
2123,0.351529,0.487529,0.160941,0.238118,0.517647,0.244235,1,2,0.145216
2124,0.351364,0.487770,0.160865,0.238006,0.517404,0.244591,1,2,0.145219
2125,0.351199,0.488011,0.160790,0.237894,0.517160,0.244946,1,2,0.145223
2126,0.351034,0.488252,0.160714,0.237782,0.516917,0.245301,1,2,0.145226
2127,0.350869,0.488492,0.160639,0.237670,0.516674,0.245655,1,2,0.145229
2128,0.350704,0.488732,0.160563,0.237559,0.516432,0.246009,1,2,0.145232
2129,0.350540,0.488972,0.160488,0.237447,0.516190,0.246363,1,2,0.145235
2130,0.350375,0.489212,0.160413,0.237336,0.515947,0.246717,1,2,0.145237
2131,0.350211,0.489451,0.160338,0.237225,0.515706,0.247070,1,2,0.145240
2132,0.350047,0.489691,0.160262,0.237113,0.515464,0.247423,1,2,0.145243
2133,0.349883,0.489930,0.160187,0.237002,0.515222,0.247775,1,2,0.145246
2134,0.349719,0.490169,0.160112,0.236891,0.514981,0.248127,1,2,0.145248
2135,0.349555,0.490407,0.160037,0.236781,0.514740,0.248479,1,2,0.145251
2136,0.349392,0.490645,0.159963,0.236670,0.514500,0.248831,1,2,0.145253
2137,0.349229,0.490884,0.159888,0.236559,0.514259,0.249182,1,2,0.145255
2138,0.349065,0.491121,0.159813,0.236449,0.514019,0.249533,1,2,0.145258
2139,0.348902,0.491359,0.159738,0.236338,0.513779,0.249883,1,2,0.145260
2140,0.348739,0.491597,0.159664,0.236228,0.513539,0.250233,1,2,0.145262
2141,0.348577,0.491834,0.159589,0.236118,0.513299,0.250583,1,2,0.145264
2142,0.348414,0.492071,0.159515,0.236007,0.513060,0.250933,1,2,0.145266
2143,0.348252,0.492308,0.159441,0.235897,0.512821,0.251282,1,2,0.145268
2144,0.348089,0.492544,0.159366,0.235788,0.512582,0.251631,1,2,0.145270
2145,0.347927,0.492781,0.159292,0.235678,0.512343,0.251980,1,2,0.145272
2146,0.347765,0.493017,0.159218,0.235568,0.512104,0.252328,1,2,0.145274
2147,0.347604,0.493253,0.159144,0.235458,0.511866,0.252676,1,2,0.145275
2148,0.347442,0.493488,0.159070,0.235349,0.511628,0.253023,1,2,0.145277
2149,0.347280,0.493724,0.158996,0.235239,0.511390,0.253371,1,2,0.145278
2150,0.347119,0.493959,0.158922,0.235130,0.511152,0.253717,1,2,0.145280
2151,0.346958,0.494194,0.158848,0.235021,0.510915,0.254064,1,2,0.145281
2152,0.346797,0.494429,0.158774,0.234912,0.510678,0.254410,1,2,0.145283
2153,0.346636,0.494664,0.158701,0.234803,0.510441,0.254756,1,2,0.145284
2154,0.346475,0.494898,0.158627,0.234694,0.510204,0.255102,1,2,0.145285
2155,0.346314,0.495132,0.158554,0.234585,0.509968,0.255447,1,2,0.145286
2156,0.346154,0.495366,0.158480,0.234476,0.509731,0.255792,1,2,0.145287
2157,0.345994,0.495600,0.158407,0.234368,0.509495,0.256137,1,2,0.145288
2158,0.345833,0.495833,0.158333,0.234259,0.509259,0.256481,1,2,0.145289
2159,0.345673,0.496067,0.158260,0.234151,0.509024,0.256826,1,2,0.145290
2160,0.345513,0.496300,0.158187,0.234043,0.508788,0.257169,1,2,0.145291
2161,0.345354,0.496533,0.158114,0.233934,0.508553,0.257513,1,2,0.145292
2162,0.345194,0.496765,0.158041,0.233826,0.508318,0.257856,1,2,0.145293
2163,0.345035,0.496998,0.157968,0.233718,0.508083,0.258199,1,2,0.145293
2164,0.344875,0.497230,0.157895,0.233610,0.507849,0.258541,1,2,0.145294
2165,0.344716,0.497462,0.157822,0.233503,0.507614,0.258883,1,2,0.145294
2166,0.344557,0.497694,0.157749,0.233395,0.507380,0.259225,1,2,0.145295
2167,0.344398,0.497925,0.157676,0.233287,0.507146,0.259567,1,2,0.145295
2168,0.344240,0.498157,0.157604,0.233180,0.506912,0.259908,1,2,0.145296
2169,0.344081,0.498388,0.157531,0.233072,0.506679,0.260249,1,2,0.145296
2170,0.343923,0.498619,0.157459,0.232965,0.506446,0.260589,1,2,0.145296
2171,0.343764,0.498850,0.157386,0.232858,0.506213,0.260930,1,2,0.145296
2172,0.343606,0.499080,0.157314,0.232751,0.505980,0.261270,1,2,0.145296
2173,0.343448,0.499310,0.157241,0.232644,0.505747,0.261609,1,2,0.145296
2174,0.343290,0.499540,0.157169,0.232537,0.505515,0.261949,1,2,0.145296
2175,0.343133,0.499770,0.157097,0.232430,0.505282,0.262288,1,2,0.145296
2176,0.342975,0.500000,0.157025,0.232323,0.505051,0.262626,1,2,0.145296
2177,0.342818,0.500229,0.156953,0.232217,0.504819,0.262965,1,2,0.145296
2178,0.342661,0.500459,0.156881,0.232110,0.504587,0.263303,1,2,0.145295
2179,0.342503,0.500688,0.156809,0.232004,0.504356,0.263641,1,2,0.145295
2180,0.342346,0.500917,0.156737,0.231897,0.504125,0.263978,1,2,0.145295
2181,0.342190,0.501145,0.156665,0.231791,0.503894,0.264315,1,2,0.145294
2182,0.342033,0.501374,0.156593,0.231685,0.503663,0.264652,1,2,0.145294
2183,0.341876,0.501602,0.156522,0.231579,0.503432,0.264989,1,2,0.145293
2184,0.341720,0.501830,0.156450,0.231473,0.503202,0.265325,1,2,0.145292
2185,0.341564,0.502058,0.156379,0.231367,0.502972,0.265661,1,2,0.145292
2186,0.341408,0.502285,0.156307,0.231261,0.502742,0.265996,1,2,0.145291
2187,0.341252,0.502513,0.156236,0.231156,0.502513,0.266332,1,2,0.145290
2188,0.341096,0.502740,0.156164,0.231050,0.502283,0.266667,1,2,0.145289
2189,0.340940,0.502967,0.156093,0.230945,0.502054,0.267001,1,2,0.145288
2190,0.340785,0.503193,0.156022,0.230839,0.501825,0.267336,1,2,0.145287
2191,0.340629,0.503420,0.155951,0.230734,0.501596,0.267670,1,2,0.145286
2192,0.340474,0.503646,0.155880,0.230629,0.501367,0.268004,1,2,0.145285
2193,0.340319,0.503872,0.155809,0.230524,0.501139,0.268337,1,2,0.145284
2194,0.340164,0.504098,0.155738,0.230419,0.500911,0.268670,1,2,0.145283
2195,0.340009,0.504324,0.155667,0.230314,0.500683,0.269003,1,2,0.145281
2196,0.339854,0.504550,0.155596,0.230209,0.500455,0.269336,1,2,0.145280
2197,0.339700,0.504775,0.155525,0.230105,0.500227,0.269668,1,2,0.145279
2198,0.339545,0.505000,0.155455,0.230000,0.500000,0.270000,1,2,0.145277
2199,0.339391,0.505225,0.155384,0.229896,0.499773,0.270332,1,2,0.145276
2200,0.339237,0.505450,0.155313,0.229791,0.499546,0.270663,1,2,0.145274
2201,0.339083,0.505674,0.155243,0.229687,0.499319,0.270994,1,2,0.145273
2202,0.338929,0.505898,0.155172,0.229583,0.499093,0.271325,1,2,0.145271
2203,0.338776,0.506122,0.155102,0.229478,0.498866,0.271655,1,2,0.145269
2204,0.338622,0.506346,0.155032,0.229374,0.498640,0.271985,1,2,0.145267
2205,0.338469,0.506570,0.154961,0.229271,0.498414,0.272315,1,2,0.145265
2206,0.338315,0.506793,0.154891,0.229167,0.498188,0.272645,1,2,0.145264
2207,0.338162,0.507017,0.154821,0.229063,0.497963,0.272974,1,2,0.145262
2208,0.338009,0.507240,0.154751,0.228959,0.497738,0.273303,1,2,0.145260
2209,0.337856,0.507463,0.154681,0.228856,0.497512,0.273632,1,2,0.145257
2210,0.337703,0.507685,0.154611,0.228752,0.497288,0.273960,1,2,0.145255
2211,0.337551,0.507908,0.154541,0.228649,0.497063,0.274288,1,2,0.145253
2212,0.337398,0.508130,0.154472,0.228546,0.496838,0.274616,1,2,0.145251
2213,0.337246,0.508352,0.154402,0.228442,0.496614,0.274944,1,2,0.145249
2214,0.337094,0.508574,0.154332,0.228339,0.496390,0.275271,1,2,0.145246
2215,0.336942,0.508796,0.154263,0.228236,0.496166,0.275598,1,2,0.145244
2216,0.336790,0.509017,0.154193,0.228133,0.495942,0.275924,1,2,0.145241
2217,0.336638,0.509238,0.154123,0.228031,0.495719,0.276251,1,2,0.145239
2218,0.336486,0.509459,0.154054,0.227928,0.495495,0.276577,1,2,0.145236
2219,0.336335,0.509680,0.153985,0.227825,0.495272,0.276902,1,2,0.145234
2220,0.336184,0.509901,0.153915,0.227723,0.495050,0.277228,1,2,0.145231
2221,0.336032,0.510121,0.153846,0.227620,0.494827,0.277553,1,2,0.145228
2222,0.335881,0.510342,0.153777,0.227518,0.494604,0.277878,1,2,0.145225
2223,0.335730,0.510562,0.153708,0.227416,0.494382,0.278202,1,2,0.145222
2224,0.335580,0.510782,0.153639,0.227314,0.494160,0.278527,1,2,0.145220
2225,0.335429,0.511001,0.153570,0.227211,0.493938,0.278850,1,2,0.145217
2226,0.335278,0.511221,0.153501,0.227110,0.493716,0.279174,1,2,0.145214
2227,0.335128,0.511440,0.153432,0.227008,0.493495,0.279498,1,2,0.145211
2228,0.334978,0.511659,0.153363,0.226906,0.493274,0.279821,1,2,0.145207
2229,0.334827,0.511878,0.153294,0.226804,0.493052,0.280143,1,2,0.145204
2230,0.334677,0.512097,0.153226,0.226703,0.492832,0.280466,1,2,0.145201
2231,0.334528,0.512315,0.153157,0.226601,0.492611,0.280788,1,2,0.145198
2232,0.334378,0.512534,0.153089,0.226500,0.492390,0.281110,1,2,0.145194
2233,0.334228,0.512752,0.153020,0.226398,0.492170,0.281432,1,2,0.145191
2234,0.334079,0.512970,0.152952,0.226297,0.491950,0.281753,1,2,0.145188
2235,0.333929,0.513187,0.152883,0.226196,0.491730,0.282074,1,2,0.145184
2236,0.333780,0.513405,0.152815,0.226095,0.491510,0.282395,1,2,0.145181
2237,0.333631,0.513622,0.152747,0.225994,0.491291,0.282715,1,2,0.145177
2238,0.333482,0.513839,0.152679,0.225893,0.491071,0.283036,1,2,0.145173
2239,0.333333,0.514056,0.152610,0.225792,0.490852,0.283356,1,2,0.145170
2240,0.333185,0.514273,0.152542,0.225691,0.490633,0.283675,1,2,0.145166
2241,0.333036,0.514490,0.152474,0.225591,0.490415,0.283995,1,2,0.145162
2242,0.332888,0.514706,0.152406,0.225490,0.490196,0.284314,1,2,0.145158
2243,0.332739,0.514922,0.152339,0.225390,0.489978,0.284633,1,2,0.145154
2244,0.332591,0.515138,0.152271,0.225289,0.489760,0.284951,1,2,0.145150
2245,0.332443,0.515354,0.152203,0.225189,0.489542,0.285269,1,2,0.145147
2246,0.332295,0.515569,0.152135,0.225089,0.489324,0.285587,1,2,0.145142
2247,0.332148,0.515785,0.152068,0.224989,0.489106,0.285905,1,2,0.145138
2248,0.332000,0.516000,0.152000,0.224889,0.488889,0.286222,1,2,0.145134
2249,0.331853,0.516215,0.151932,0.224789,0.488672,0.286539,1,2,0.145130
2250,0.331705,0.516430,0.151865,0.224689,0.488455,0.286856,1,2,0.145126
2251,0.331558,0.516644,0.151798,0.224589,0.488238,0.287173,1,2,0.145121
2252,0.331411,0.516859,0.151730,0.224490,0.488021,0.287489,1,2,0.145117
2253,0.331264,0.517073,0.151663,0.224390,0.487805,0.287805,1,2,0.145113
2254,0.331117,0.517287,0.151596,0.224291,0.487589,0.288121,1,2,0.145108
2255,0.330970,0.517501,0.151529,0.224191,0.487373,0.288436,1,2,0.145104
2256,0.330824,0.517715,0.151461,0.224092,0.487157,0.288751,1,2,0.145099
2257,0.330677,0.517928,0.151394,0.223993,0.486941,0.289066,1,2,0.145095
2258,0.330531,0.518142,0.151327,0.223894,0.486726,0.289381,1,2,0.145090
2259,0.330385,0.518355,0.151261,0.223795,0.486510,0.289695,1,2,0.145085
2260,0.330239,0.518568,0.151194,0.223696,0.486295,0.290009,1,2,0.145081
2261,0.330093,0.518780,0.151127,0.223597,0.486080,0.290323,1,2,0.145076
2262,0.329947,0.518993,0.151060,0.223498,0.485866,0.290636,1,2,0.145071
2263,0.329801,0.519205,0.150993,0.223400,0.485651,0.290949,1,2,0.145066
2264,0.329656,0.519417,0.150927,0.223301,0.485437,0.291262,1,2,0.145061
2265,0.329510,0.519629,0.150860,0.223202,0.485223,0.291575,1,2,0.145056
2266,0.329365,0.519841,0.150794,0.223104,0.485009,0.291887,1,2,0.145051
2267,0.329220,0.520053,0.150727,0.223006,0.484795,0.292199,1,2,0.145046
2268,0.329075,0.520264,0.150661,0.222907,0.484581,0.292511,1,2,0.145041
2269,0.328930,0.520476,0.150594,0.222809,0.484368,0.292823,1,2,0.145036
2270,0.328785,0.520687,0.150528,0.222711,0.484155,0.293134,1,2,0.145031
2271,0.328641,0.520897,0.150462,0.222613,0.483942,0.293445,1,2,0.145025
2272,0.328496,0.521108,0.150396,0.222515,0.483729,0.293755,1,2,0.145020
2273,0.328352,0.521319,0.150330,0.222418,0.483516,0.294066,1,2,0.145015
2274,0.328207,0.521529,0.150264,0.222320,0.483304,0.294376,1,2,0.145009
2275,0.328063,0.521739,0.150198,0.222222,0.483092,0.294686,1,2,0.145004
2276,0.327919,0.521949,0.150132,0.222125,0.482880,0.294996,1,2,0.144998
2277,0.327775,0.522159,0.150066,0.222027,0.482668,0.295305,1,2,0.144993
2278,0.327632,0.522368,0.150000,0.221930,0.482456,0.295614,1,2,0.144987
2279,0.327488,0.522578,0.149934,0.221833,0.482245,0.295923,1,2,0.144982
2280,0.327344,0.522787,0.149869,0.221735,0.482033,0.296231,1,2,0.144976
2281,0.327201,0.522996,0.149803,0.221638,0.481822,0.296540,1,2,0.144970
2282,0.327058,0.523205,0.149737,0.221541,0.481611,0.296848,1,2,0.144965
2283,0.326915,0.523414,0.149672,0.221444,0.481400,0.297155,1,2,0.144959
2284,0.326772,0.523622,0.149606,0.221347,0.481190,0.297463,1,2,0.144953
2285,0.326629,0.523830,0.149541,0.221251,0.480979,0.297770,1,2,0.144947
2286,0.326486,0.524038,0.149476,0.221154,0.480769,0.298077,1,2,0.144941
2287,0.326343,0.524246,0.149410,0.221057,0.480559,0.298384,1,2,0.144935
2288,0.326201,0.524454,0.149345,0.220961,0.480349,0.298690,1,2,0.144929
2289,0.326058,0.524662,0.149280,0.220864,0.480140,0.298996,1,2,0.144923
2290,0.325916,0.524869,0.149215,0.220768,0.479930,0.299302,1,2,0.144917
2291,0.325774,0.525076,0.149150,0.220672,0.479721,0.299608,1,2,0.144911
2292,0.325632,0.525283,0.149085,0.220575,0.479512,0.299913,1,2,0.144904
2293,0.325490,0.525490,0.149020,0.220479,0.479303,0.300218,1,2,0.144898
2294,0.325348,0.525697,0.148955,0.220383,0.479094,0.300523,1,2,0.144892
2295,0.325207,0.525903,0.148890,0.220287,0.478886,0.300827,1,2,0.144885
2296,0.325065,0.526110,0.148825,0.220191,0.478677,0.301131,1,2,0.144879
2297,0.324924,0.526316,0.148760,0.220096,0.478469,0.301435,1,2,0.144873
2298,0.324783,0.526522,0.148696,0.220000,0.478261,0.301739,1,2,0.144866
2299,0.324641,0.526728,0.148631,0.219904,0.478053,0.302043,1,2,0.144860
2300,0.324500,0.526933,0.148566,0.219809,0.477845,0.302346,1,2,0.144853
2301,0.324360,0.527139,0.148502,0.219713,0.477638,0.302649,1,2,0.144846
2302,0.324219,0.527344,0.148438,0.219618,0.477431,0.302951,1,2,0.144840
2303,0.324078,0.527549,0.148373,0.219523,0.477223,0.303254,1,2,0.144833
2304,0.323938,0.527754,0.148309,0.219428,0.477016,0.303556,1,2,0.144826
2305,0.323797,0.527958,0.148244,0.219332,0.476810,0.303858,1,2,0.144820
2306,0.323657,0.528163,0.148180,0.219237,0.476603,0.304159,1,2,0.144813
2307,0.323517,0.528367,0.148116,0.219142,0.476397,0.304461,1,2,0.144806
2308,0.323377,0.528571,0.148052,0.219048,0.476190,0.304762,1,2,0.144799
2309,0.323237,0.528775,0.147988,0.218953,0.475984,0.305063,1,2,0.144792
2310,0.323097,0.528979,0.147924,0.218858,0.475779,0.305363,1,2,0.144785
2311,0.322957,0.529183,0.147860,0.218764,0.475573,0.305664,1,2,0.144778
2312,0.322818,0.529386,0.147796,0.218669,0.475367,0.305964,1,2,0.144771
2313,0.322678,0.529590,0.147732,0.218575,0.475162,0.306263,1,2,0.144764
2314,0.322539,0.529793,0.147668,0.218480,0.474957,0.306563,1,2,0.144757
2315,0.322400,0.529996,0.147605,0.218386,0.474752,0.306862,1,2,0.144749
2316,0.322261,0.530198,0.147541,0.218292,0.474547,0.307161,1,2,0.144742
2317,0.322122,0.530401,0.147477,0.218197,0.474342,0.307460,1,2,0.144735
2318,0.321983,0.530603,0.147414,0.218103,0.474138,0.307759,1,2,0.144728
2319,0.321844,0.530806,0.147350,0.218009,0.473934,0.308057,1,2,0.144720
2320,0.321705,0.531008,0.147287,0.217916,0.473730,0.308355,1,2,0.144713
2321,0.321567,0.531210,0.147223,0.217822,0.473526,0.308653,1,2,0.144705
2322,0.321429,0.531411,0.147160,0.217728,0.473322,0.308950,1,2,0.144698
2323,0.321290,0.531613,0.147097,0.217634,0.473118,0.309247,1,2,0.144690
2324,0.321152,0.531814,0.147034,0.217541,0.472915,0.309544,1,2,0.144683
2325,0.321014,0.532015,0.146970,0.217447,0.472712,0.309841,1,2,0.144675
2326,0.320876,0.532216,0.146907,0.217354,0.472509,0.310137,1,2,0.144668
2327,0.320739,0.532417,0.146844,0.217261,0.472306,0.310434,1,2,0.144660
2328,0.320601,0.532618,0.146781,0.217167,0.472103,0.310730,1,2,0.144652
2329,0.320463,0.532819,0.146718,0.217074,0.471900,0.311025,1,2,0.144644
2330,0.320326,0.533019,0.146655,0.216981,0.471698,0.311321,1,2,0.144637
2331,0.320189,0.533219,0.146592,0.216888,0.471496,0.311616,1,2,0.144629
2332,0.320051,0.533419,0.146530,0.216795,0.471294,0.311911,1,2,0.144621
2333,0.319914,0.533619,0.146467,0.216702,0.471092,0.312206,1,2,0.144613
2334,0.319777,0.533818,0.146404,0.216610,0.470890,0.312500,1,2,0.144605
2335,0.319641,0.534018,0.146341,0.216517,0.470689,0.312794,1,2,0.144597
2336,0.319504,0.534217,0.146279,0.216424,0.470488,0.313088,1,2,0.144589
2337,0.319367,0.534416,0.146216,0.216332,0.470286,0.313382,1,2,0.144581
2338,0.319231,0.534615,0.146154,0.216239,0.470085,0.313675,1,2,0.144573
2339,0.319094,0.534814,0.146091,0.216147,0.469885,0.313968,1,2,0.144564
2340,0.318958,0.535013,0.146029,0.216055,0.469684,0.314261,1,2,0.144556
2341,0.318822,0.535211,0.145967,0.215962,0.469484,0.314554,1,2,0.144548
2342,0.318686,0.535410,0.145904,0.215870,0.469283,0.314846,1,2,0.144540
2343,0.318550,0.535608,0.145842,0.215778,0.469083,0.315139,1,2,0.144531
2344,0.318414,0.535806,0.145780,0.215686,0.468883,0.315431,1,2,0.144523
2345,0.318279,0.536003,0.145718,0.215594,0.468683,0.315722,1,2,0.144515
2346,0.318143,0.536201,0.145656,0.215503,0.468484,0.316014,1,2,0.144506
2347,0.318008,0.536398,0.145594,0.215411,0.468284,0.316305,1,2,0.144498
2348,0.317872,0.536596,0.145532,0.215319,0.468085,0.316596,1,2,0.144489
2349,0.317737,0.536793,0.145470,0.215228,0.467886,0.316886,1,2,0.144481
2350,0.317602,0.536990,0.145408,0.215136,0.467687,0.317177,1,2,0.144472
2351,0.317467,0.537187,0.145346,0.215045,0.467488,0.317467,1,2,0.144464
2352,0.317332,0.537383,0.145285,0.214953,0.467290,0.317757,1,2,0.144455
2353,0.317197,0.537580,0.145223,0.214862,0.467091,0.318047,1,2,0.144446
2354,0.317063,0.537776,0.145161,0.214771,0.466893,0.318336,1,2,0.144437
2355,0.316928,0.537972,0.145100,0.214680,0.466695,0.318625,1,2,0.144429
2356,0.316794,0.538168,0.145038,0.214589,0.466497,0.318914,1,2,0.144420
2357,0.316660,0.538364,0.144977,0.214498,0.466299,0.319203,1,2,0.144411
2358,0.316525,0.538559,0.144915,0.214407,0.466102,0.319492,1,2,0.144402
2359,0.316391,0.538755,0.144854,0.214316,0.465904,0.319780,1,2,0.144393
2360,0.316257,0.538950,0.144793,0.214225,0.465707,0.320068,1,2,0.144384
2361,0.316124,0.539145,0.144731,0.214135,0.465510,0.320355,1,2,0.144375
2362,0.315990,0.539340,0.144670,0.214044,0.465313,0.320643,1,2,0.144366
2363,0.315856,0.539535,0.144609,0.213953,0.465116,0.320930,1,2,0.144357
2364,0.315723,0.539730,0.144548,0.213863,0.464920,0.321217,1,2,0.144348
2365,0.315589,0.539924,0.144487,0.213773,0.464723,0.321504,1,2,0.144339
2366,0.315456,0.540118,0.144426,0.213682,0.464527,0.321791,1,2,0.144330
2367,0.315323,0.540312,0.144365,0.213592,0.464331,0.322077,1,2,0.144321
2368,0.315190,0.540506,0.144304,0.213502,0.464135,0.322363,1,2,0.144311
2369,0.315057,0.540700,0.144243,0.213412,0.463939,0.322649,1,2,0.144302
2370,0.314924,0.540894,0.144182,0.213322,0.463744,0.322934,1,2,0.144293
2371,0.314791,0.541087,0.144121,0.213232,0.463548,0.323220,1,2,0.144283
2372,0.314659,0.541281,0.144061,0.213142,0.463353,0.323505,1,2,0.144274
2373,0.314526,0.541474,0.144000,0.213053,0.463158,0.323789,1,2,0.144265
2374,0.314394,0.541667,0.143939,0.212963,0.462963,0.324074,1,2,0.144255
2375,0.314262,0.541859,0.143879,0.212873,0.462768,0.324358,1,2,0.144246
2376,0.314130,0.542052,0.143818,0.212784,0.462574,0.324643,1,2,0.144236
2377,0.313997,0.542245,0.143758,0.212694,0.462379,0.324926,1,2,0.144226
2378,0.313866,0.542437,0.143697,0.212605,0.462185,0.325210,1,2,0.144217
2379,0.313734,0.542629,0.143637,0.212516,0.461991,0.325493,1,2,0.144207
2380,0.313602,0.542821,0.143577,0.212427,0.461797,0.325777,1,2,0.144198
2381,0.313470,0.543013,0.143517,0.212337,0.461603,0.326060,1,2,0.144188
2382,0.313339,0.543205,0.143456,0.212248,0.461409,0.326342,1,2,0.144178
2383,0.313208,0.543396,0.143396,0.212159,0.461216,0.326625,1,2,0.144168
2384,0.313076,0.543588,0.143336,0.212070,0.461023,0.326907,1,2,0.144159
2385,0.312945,0.543779,0.143276,0.211982,0.460829,0.327189,1,2,0.144149
2386,0.312814,0.543970,0.143216,0.211893,0.460637,0.327471,1,2,0.144139
2387,0.312683,0.544161,0.143156,0.211804,0.460444,0.327752,1,2,0.144129
2388,0.312552,0.544351,0.143096,0.211715,0.460251,0.328033,1,2,0.144119
2389,0.312422,0.544542,0.143036,0.211627,0.460059,0.328315,1,2,0.144109
2390,0.312291,0.544732,0.142977,0.211538,0.459866,0.328595,1,2,0.144099
2391,0.312160,0.544923,0.142917,0.211450,0.459674,0.328876,1,2,0.144089
2392,0.312030,0.545113,0.142857,0.211362,0.459482,0.329156,1,2,0.144079
2393,0.311900,0.545303,0.142797,0.211273,0.459290,0.329436,1,2,0.144069
2394,0.311770,0.545492,0.142738,0.211185,0.459098,0.329716,1,2,0.144059
2395,0.311640,0.545682,0.142678,0.211097,0.458907,0.329996,1,2,0.144048
2396,0.311510,0.545872,0.142619,0.211009,0.458716,0.330275,1,2,0.144038
2397,0.311380,0.546061,0.142559,0.210921,0.458524,0.330554,1,2,0.144028
2398,0.311250,0.546250,0.142500,0.210833,0.458333,0.330833,1,2,0.144018
2399,0.311120,0.546439,0.142441,0.210746,0.458142,0.331112,1,2,0.144007
2400,0.310991,0.546628,0.142381,0.210658,0.457952,0.331391,1,2,0.143997
2401,0.310861,0.546816,0.142322,0.210570,0.457761,0.331669,1,2,0.143987
2402,0.310732,0.547005,0.142263,0.210483,0.457571,0.331947,1,2,0.143976
2403,0.310603,0.547193,0.142204,0.210395,0.457380,0.332225,1,2,0.143966
2404,0.310474,0.547382,0.142145,0.210308,0.457190,0.332502,1,2,0.143955
2405,0.310345,0.547570,0.142086,0.210220,0.457000,0.332779,1,2,0.143945
2406,0.310216,0.547757,0.142027,0.210133,0.456811,0.333056,1,2,0.143934
2407,0.310087,0.547945,0.141968,0.210046,0.456621,0.333333,1,2,0.143924
2408,0.309959,0.548133,0.141909,0.209959,0.456432,0.333610,1,2,0.143913
2409,0.309830,0.548320,0.141850,0.209871,0.456242,0.333886,1,2,0.143903
2410,0.309701,0.548507,0.141791,0.209784,0.456053,0.334163,1,2,0.143892
2411,0.309573,0.548695,0.141732,0.209697,0.455864,0.334438,1,2,0.143881
2412,0.309445,0.548882,0.141674,0.209611,0.455675,0.334714,1,2,0.143870
2413,0.309317,0.549068,0.141615,0.209524,0.455487,0.334990,1,2,0.143860
2414,0.309189,0.549255,0.141556,0.209437,0.455298,0.335265,1,2,0.143849
2415,0.309061,0.549441,0.141498,0.209350,0.455110,0.335540,1,2,0.143838
2416,0.308933,0.549628,0.141439,0.209264,0.454921,0.335815,1,2,0.143827
2417,0.308805,0.549814,0.141381,0.209177,0.454733,0.336089,1,2,0.143816
2418,0.308678,0.550000,0.141322,0.209091,0.454545,0.336364,1,2,0.143805
2419,0.308550,0.550186,0.141264,0.209005,0.454358,0.336638,1,2,0.143794
2420,0.308423,0.550372,0.141206,0.208918,0.454170,0.336912,1,2,0.143783
2421,0.308296,0.550557,0.141147,0.208832,0.453983,0.337185,1,2,0.143772
2422,0.308168,0.550743,0.141089,0.208746,0.453795,0.337459,1,2,0.143761
2423,0.308041,0.550928,0.141031,0.208660,0.453608,0.337732,1,2,0.143750
2424,0.307914,0.551113,0.140973,0.208574,0.453421,0.338005,1,2,0.143739
2425,0.307787,0.551298,0.140915,0.208488,0.453234,0.338278,1,2,0.143728
2426,0.307661,0.551483,0.140857,0.208402,0.453048,0.338550,1,2,0.143717
2427,0.307534,0.551667,0.140799,0.208316,0.452861,0.338823,1,2,0.143706
2428,0.307407,0.551852,0.140741,0.208230,0.452675,0.339095,1,2,0.143695
2429,0.307281,0.552036,0.140683,0.208145,0.452489,0.339367,1,2,0.143683
2430,0.307155,0.552220,0.140625,0.208059,0.452303,0.339638,1,2,0.143672
2431,0.307028,0.552404,0.140567,0.207974,0.452117,0.339910,1,2,0.143661
2432,0.306902,0.552588,0.140509,0.207888,0.451931,0.340181,1,2,0.143649
2433,0.306776,0.552772,0.140452,0.207803,0.451745,0.340452,1,2,0.143638
2434,0.306650,0.552956,0.140394,0.207718,0.451560,0.340722,1,2,0.143627
2435,0.306524,0.553139,0.140336,0.207632,0.451375,0.340993,1,2,0.143615
2436,0.306399,0.553322,0.140279,0.207547,0.451189,0.341263,1,2,0.143604
2437,0.306273,0.553506,0.140221,0.207462,0.451005,0.341533,1,2,0.143592
2438,0.306148,0.553689,0.140164,0.207377,0.450820,0.341803,1,2,0.143581
2439,0.306022,0.553871,0.140107,0.207292,0.450635,0.342073,1,2,0.143569
2440,0.305897,0.554054,0.140049,0.207207,0.450450,0.342342,1,2,0.143558
2441,0.305772,0.554237,0.139992,0.207122,0.450266,0.342612,1,2,0.143546
2442,0.305646,0.554419,0.139935,0.207038,0.450082,0.342881,1,2,0.143534
2443,0.305521,0.554601,0.139877,0.206953,0.449898,0.343149,1,2,0.143523
2444,0.305397,0.554783,0.139820,0.206868,0.449714,0.343418,1,2,0.143511
2445,0.305272,0.554965,0.139763,0.206784,0.449530,0.343686,1,2,0.143499
2446,0.305147,0.555147,0.139706,0.206699,0.449346,0.343954,1,2,0.143487
2447,0.305022,0.555329,0.139649,0.206615,0.449163,0.344222,1,2,0.143476
2448,0.304898,0.555510,0.139592,0.206531,0.448980,0.344490,1,2,0.143464
2449,0.304774,0.555692,0.139535,0.206446,0.448796,0.344757,1,2,0.143452
2450,0.304649,0.555873,0.139478,0.206362,0.448613,0.345024,1,2,0.143440
2451,0.304525,0.556054,0.139421,0.206278,0.448430,0.345291,1,2,0.143428
2452,0.304401,0.556235,0.139364,0.206194,0.448248,0.345558,1,2,0.143416
2453,0.304277,0.556415,0.139308,0.206110,0.448065,0.345825,1,2,0.143404
2454,0.304153,0.556596,0.139251,0.206026,0.447883,0.346091,1,2,0.143392
2455,0.304029,0.556777,0.139194,0.205942,0.447700,0.346357,1,2,0.143380
2456,0.303906,0.556957,0.139138,0.205858,0.447518,0.346623,1,2,0.143368
2457,0.303782,0.557137,0.139081,0.205775,0.447336,0.346889,1,2,0.143356
2458,0.303659,0.557317,0.139024,0.205691,0.447154,0.347154,1,2,0.143344
2459,0.303535,0.557497,0.138968,0.205607,0.446973,0.347420,1,2,0.143332
2460,0.303412,0.557677,0.138911,0.205524,0.446791,0.347685,1,2,0.143320
2461,0.303289,0.557856,0.138855,0.205441,0.446610,0.347950,1,2,0.143308
2462,0.303166,0.558036,0.138799,0.205357,0.446429,0.348214,1,2,0.143296
2463,0.303043,0.558215,0.138742,0.205274,0.446247,0.348479,1,2,0.143283
2464,0.302920,0.558394,0.138686,0.205191,0.446067,0.348743,1,2,0.143271
2465,0.302797,0.558573,0.138630,0.205107,0.445886,0.349007,1,2,0.143259
2466,0.302674,0.558752,0.138574,0.205024,0.445705,0.349271,1,2,0.143247
2467,0.302552,0.558931,0.138518,0.204941,0.445525,0.349534,1,2,0.143234
2468,0.302429,0.559109,0.138462,0.204858,0.445344,0.349798,1,2,0.143222
2469,0.302307,0.559288,0.138406,0.204775,0.445164,0.350061,1,2,0.143209
2470,0.302184,0.559466,0.138350,0.204693,0.444984,0.350324,1,2,0.143197
2471,0.302062,0.559644,0.138294,0.204610,0.444804,0.350586,1,2,0.143185
2472,0.301940,0.559822,0.138238,0.204527,0.444624,0.350849,1,2,0.143172
2473,0.301818,0.560000,0.138182,0.204444,0.444444,0.351111,1,2,0.143160
2474,0.301696,0.560178,0.138126,0.204362,0.444265,0.351373,1,2,0.143147
2475,0.301574,0.560355,0.138070,0.204279,0.444086,0.351635,1,2,0.143135
2476,0.301453,0.560533,0.138015,0.204197,0.443906,0.351897,1,2,0.143122
2477,0.301331,0.560710,0.137959,0.204115,0.443727,0.352158,1,2,0.143109
2478,0.301210,0.560887,0.137903,0.204032,0.443548,0.352419,1,2,0.143097
2479,0.301088,0.561064,0.137848,0.203950,0.443370,0.352680,1,2,0.143084
2480,0.300967,0.561241,0.137792,0.203868,0.443191,0.352941,1,2,0.143071
2481,0.300846,0.561418,0.137737,0.203786,0.443012,0.353202,1,2,0.143059
2482,0.300725,0.561594,0.137681,0.203704,0.442834,0.353462,1,2,0.143046
2483,0.300604,0.561771,0.137626,0.203622,0.442656,0.353722,1,2,0.143033
2484,0.300483,0.561947,0.137570,0.203540,0.442478,0.353982,1,2,0.143020
2485,0.300362,0.562123,0.137515,0.203458,0.442300,0.354242,1,2,0.143008
2486,0.300241,0.562299,0.137460,0.203376,0.442122,0.354502,1,2,0.142995
2487,0.300121,0.562475,0.137405,0.203294,0.441945,0.354761,1,2,0.142982
2488,0.300000,0.562651,0.137349,0.203213,0.441767,0.355020,1,2,0.142969
2489,0.299880,0.562826,0.137294,0.203131,0.441590,0.355279,1,2,0.142956
2490,0.299759,0.563002,0.137239,0.203050,0.441413,0.355538,1,2,0.142943
2491,0.299639,0.563177,0.137184,0.202968,0.441235,0.355796,1,2,0.142930
2492,0.299519,0.563352,0.137129,0.202887,0.441059,0.356055,1,2,0.142917
2493,0.299399,0.563527,0.137074,0.202806,0.440882,0.356313,1,2,0.142904
2494,0.299279,0.563702,0.137019,0.202724,0.440705,0.356571,1,2,0.142891
2495,0.299159,0.563877,0.136964,0.202643,0.440529,0.356828,1,2,0.142878
2496,0.299039,0.564051,0.136910,0.202562,0.440352,0.357086,1,2,0.142865
2497,0.298920,0.564226,0.136855,0.202481,0.440176,0.357343,1,2,0.142852
2498,0.298800,0.564400,0.136800,0.202400,0.440000,0.357600,1,2,0.142839
2499,0.298681,0.564574,0.136745,0.202319,0.439824,0.357857,1,2,0.142826
2500,0.298561,0.564748,0.136691,0.202238,0.439648,0.358114,1,2,0.142812
2501,0.298442,0.564922,0.136636,0.202157,0.439473,0.358370,1,2,0.142799
2502,0.298323,0.565096,0.136581,0.202077,0.439297,0.358626,1,2,0.142786
2503,0.298204,0.565269,0.136527,0.201996,0.439122,0.358882,1,2,0.142773
2504,0.298085,0.565443,0.136472,0.201915,0.438947,0.359138,1,2,0.142759
2505,0.297966,0.565616,0.136418,0.201835,0.438771,0.359394,1,2,0.142746
2506,0.297847,0.565789,0.136364,0.201754,0.438596,0.359649,1,2,0.142733
2507,0.297728,0.565963,0.136309,0.201674,0.438422,0.359904,1,2,0.142719
2508,0.297610,0.566135,0.136255,0.201594,0.438247,0.360159,1,2,0.142706
2509,0.297491,0.566308,0.136201,0.201513,0.438072,0.360414,1,2,0.142693
2510,0.297373,0.566481,0.136146,0.201433,0.437898,0.360669,1,2,0.142679
2511,0.297254,0.566653,0.136092,0.201353,0.437724,0.360923,1,2,0.142666
2512,0.297136,0.566826,0.136038,0.201273,0.437550,0.361177,1,2,0.142652
2513,0.297018,0.566998,0.135984,0.201193,0.437376,0.361431,1,2,0.142639
2514,0.296900,0.567170,0.135930,0.201113,0.437202,0.361685,1,2,0.142625
2515,0.296782,0.567342,0.135876,0.201033,0.437028,0.361939,1,2,0.142612
2516,0.296664,0.567514,0.135822,0.200953,0.436855,0.362192,1,2,0.142598
2517,0.296546,0.567686,0.135768,0.200873,0.436681,0.362445,1,2,0.142584
2518,0.296429,0.567857,0.135714,0.200794,0.436508,0.362698,1,2,0.142571
2519,0.296311,0.568029,0.135660,0.200714,0.436335,0.362951,1,2,0.142557
2520,0.296193,0.568200,0.135607,0.200634,0.436162,0.363204,1,2,0.142544
2521,0.296076,0.568371,0.135553,0.200555,0.435989,0.363456,1,2,0.142530
2522,0.295959,0.568542,0.135499,0.200475,0.435816,0.363708,1,2,0.142516
2523,0.295842,0.568713,0.135446,0.200396,0.435644,0.363960,1,2,0.142502
2524,0.295724,0.568884,0.135392,0.200317,0.435471,0.364212,1,2,0.142489
2525,0.295607,0.569054,0.135338,0.200237,0.435299,0.364464,1,2,0.142475
2526,0.295491,0.569225,0.135285,0.200158,0.435127,0.364715,1,2,0.142461
2527,0.295374,0.569395,0.135231,0.200079,0.434955,0.364966,1,2,0.142447
2528,0.295257,0.569565,0.135178,0.200000,0.434783,0.365217,1,2,0.142433
2529,0.295140,0.569735,0.135124,0.199921,0.434611,0.365468,1,2,0.142420
2530,0.295024,0.569905,0.135071,0.199842,0.434439,0.365719,1,2,0.142406
2531,0.294907,0.570075,0.135018,0.199763,0.434268,0.365969,1,2,0.142392
2532,0.294791,0.570245,0.134964,0.199684,0.434096,0.366219,1,2,0.142378
2533,0.294675,0.570414,0.134911,0.199606,0.433925,0.366469,1,2,0.142364
2534,0.294558,0.570584,0.134858,0.199527,0.433754,0.366719,1,2,0.142350
2535,0.294442,0.570753,0.134805,0.199448,0.433583,0.366969,1,2,0.142336
2536,0.294326,0.570922,0.134752,0.199370,0.433412,0.367218,1,2,0.142322
2537,0.294210,0.571091,0.134699,0.199291,0.433241,0.367468,1,2,0.142308
2538,0.294094,0.571260,0.134646,0.199213,0.433071,0.367717,1,2,0.142294
2539,0.293979,0.571429,0.134593,0.199134,0.432900,0.367965,1,2,0.142280
2540,0.293863,0.571597,0.134540,0.199056,0.432730,0.368214,1,2,0.142265
2541,0.293748,0.571766,0.134487,0.198978,0.432560,0.368462,1,2,0.142251
2542,0.293632,0.571934,0.134434,0.198899,0.432390,0.368711,1,2,0.142237
2543,0.293517,0.572102,0.134381,0.198821,0.432220,0.368959,1,2,0.142223
2544,0.293401,0.572270,0.134328,0.198743,0.432050,0.369207,1,2,0.142209
2545,0.293286,0.572438,0.134276,0.198665,0.431881,0.369454,1,2,0.142195
2546,0.293171,0.572606,0.134223,0.198587,0.431711,0.369702,1,2,0.142180
2547,0.293056,0.572774,0.134170,0.198509,0.431542,0.369949,1,2,0.142166
2548,0.292941,0.572941,0.134118,0.198431,0.431373,0.370196,1,2,0.142152
2549,0.292826,0.573109,0.134065,0.198354,0.431203,0.370443,1,2,0.142137
2550,0.292712,0.573276,0.134013,0.198276,0.431034,0.370690,1,2,0.142123
2551,0.292597,0.573443,0.133960,0.198198,0.430866,0.370936,1,2,0.142109
2552,0.292482,0.573610,0.133908,0.198121,0.430697,0.371182,1,2,0.142094
2553,0.292368,0.573777,0.133855,0.198043,0.430528,0.371429,1,2,0.142080
2554,0.292254,0.573944,0.133803,0.197966,0.430360,0.371674,1,2,0.142066
2555,0.292139,0.574110,0.133750,0.197888,0.430192,0.371920,1,2,0.142051
2556,0.292025,0.574277,0.133698,0.197811,0.430023,0.372166,1,2,0.142037
2557,0.291911,0.574443,0.133646,0.197733,0.429855,0.372411,1,2,0.142022
2558,0.291797,0.574609,0.133594,0.197656,0.429688,0.372656,1,2,0.142008
2559,0.291683,0.574775,0.133542,0.197579,0.429520,0.372901,1,2,0.141993
2560,0.291569,0.574941,0.133489,0.197502,0.429352,0.373146,1,2,0.141979
2561,0.291455,0.575107,0.133437,0.197425,0.429185,0.373391,1,2,0.141964
2562,0.291342,0.575273,0.133385,0.197348,0.429017,0.373635,1,2,0.141950
2563,0.291228,0.575439,0.133333,0.197271,0.428850,0.373879,1,2,0.141935
2564,0.291115,0.575604,0.133281,0.197194,0.428683,0.374123,1,2,0.141920
2565,0.291001,0.575769,0.133229,0.197117,0.428516,0.374367,1,2,0.141906
2566,0.290888,0.575935,0.133178,0.197040,0.428349,0.374611,1,2,0.141891
2567,0.290775,0.576100,0.133126,0.196964,0.428182,0.374854,1,2,0.141876
2568,0.290661,0.576265,0.133074,0.196887,0.428016,0.375097,1,2,0.141862
2569,0.290548,0.576429,0.133022,0.196811,0.427849,0.375340,1,2,0.141847
2570,0.290435,0.576594,0.132970,0.196734,0.427683,0.375583,1,2,0.141832
2571,0.290323,0.576759,0.132919,0.196658,0.427517,0.375826,1,2,0.141817
2572,0.290210,0.576923,0.132867,0.196581,0.427350,0.376068,1,2,0.141803
2573,0.290097,0.577087,0.132816,0.196505,0.427184,0.376311,1,2,0.141788
2574,0.289984,0.577252,0.132764,0.196429,0.427019,0.376553,1,2,0.141773
2575,0.289872,0.577416,0.132712,0.196352,0.426853,0.376795,1,2,0.141758
2576,0.289760,0.577580,0.132661,0.196276,0.426687,0.377036,1,2,0.141743
2577,0.289647,0.577743,0.132610,0.196200,0.426522,0.377278,1,2,0.141728
2578,0.289535,0.577907,0.132558,0.196124,0.426357,0.377519,1,2,0.141714
2579,0.289423,0.578071,0.132507,0.196048,0.426191,0.377761,1,2,0.141699
2580,0.289311,0.578234,0.132455,0.195972,0.426026,0.378002,1,2,0.141684
2581,0.289199,0.578397,0.132404,0.195896,0.425861,0.378242,1,2,0.141669
2582,0.289087,0.578560,0.132353,0.195820,0.425697,0.378483,1,2,0.141654
2583,0.288975,0.578723,0.132302,0.195745,0.425532,0.378723,1,2,0.141639
2584,0.288863,0.578886,0.132251,0.195669,0.425367,0.378964,1,2,0.141624
2585,0.288751,0.579049,0.132199,0.195593,0.425203,0.379204,1,2,0.141609
2586,0.288640,0.579212,0.132148,0.195518,0.425039,0.379444,1,2,0.141594
2587,0.288528,0.579374,0.132097,0.195442,0.424874,0.379683,1,2,0.141579
2588,0.288417,0.579537,0.132046,0.195367,0.424710,0.379923,1,2,0.141563
2589,0.288306,0.579699,0.131995,0.195291,0.424547,0.380162,1,2,0.141548
2590,0.288194,0.579861,0.131944,0.195216,0.424383,0.380401,1,2,0.141533
2591,0.288083,0.580023,0.131894,0.195141,0.424219,0.380640,1,2,0.141518
2592,0.287972,0.580185,0.131843,0.195066,0.424056,0.380879,1,2,0.141503
2593,0.287861,0.580347,0.131792,0.194990,0.423892,0.381118,1,2,0.141488
2594,0.287750,0.580508,0.131741,0.194915,0.423729,0.381356,1,2,0.141473
2595,0.287640,0.580670,0.131690,0.194840,0.423566,0.381594,1,2,0.141457
2596,0.287529,0.580831,0.131640,0.194765,0.423403,0.381832,1,2,0.141442
2597,0.287418,0.580993,0.131589,0.194690,0.423240,0.382070,1,2,0.141427
2598,0.287308,0.581154,0.131538,0.194615,0.423077,0.382308,1,2,0.141412
2599,0.287197,0.581315,0.131488,0.194541,0.422914,0.382545,1,2,0.141396
2600,0.287087,0.581476,0.131437,0.194466,0.422752,0.382782,1,2,0.141381
2601,0.286977,0.581637,0.131387,0.194391,0.422589,0.383020,1,2,0.141366
2602,0.286866,0.581797,0.131336,0.194316,0.422427,0.383257,1,2,0.141350
2603,0.286756,0.581958,0.131286,0.194242,0.422265,0.383493,1,2,0.141335
2604,0.286646,0.582118,0.131236,0.194167,0.422103,0.383730,1,2,0.141319
2605,0.286536,0.582278,0.131185,0.194093,0.421941,0.383966,1,2,0.141304
2606,0.286426,0.582439,0.131135,0.194018,0.421779,0.384202,1,2,0.141289
2607,0.286317,0.582599,0.131085,0.193944,0.421617,0.384438,1,2,0.141273
2608,0.286207,0.582759,0.131034,0.193870,0.421456,0.384674,1,2,0.141258
2609,0.286097,0.582918,0.130984,0.193795,0.421295,0.384910,1,2,0.141242
2610,0.285988,0.583078,0.130934,0.193721,0.421133,0.385145,1,2,0.141227
2611,0.285878,0.583238,0.130884,0.193647,0.420972,0.385381,1,2,0.141211
2612,0.285769,0.583397,0.130834,0.193573,0.420811,0.385616,1,2,0.141196
2613,0.285660,0.583556,0.130784,0.193499,0.420650,0.385851,1,2,0.141180
2614,0.285550,0.583716,0.130734,0.193425,0.420489,0.386086,1,2,0.141165
2615,0.285441,0.583875,0.130684,0.193351,0.420329,0.386320,1,2,0.141149
2616,0.285332,0.584034,0.130634,0.193277,0.420168,0.386555,1,2,0.141133
2617,0.285223,0.584192,0.130584,0.193204,0.420008,0.386789,1,2,0.141118
2618,0.285115,0.584351,0.130534,0.193130,0.419847,0.387023,1,2,0.141102
2619,0.285006,0.584510,0.130485,0.193056,0.419687,0.387257,1,2,0.141087
2620,0.284897,0.584668,0.130435,0.192982,0.419527,0.387490,1,2,0.141071
2621,0.284788,0.584827,0.130385,0.192909,0.419367,0.387724,1,2,0.141055
2622,0.284680,0.584985,0.130335,0.192835,0.419207,0.387957,1,2,0.141040
2623,0.284571,0.585143,0.130286,0.192762,0.419048,0.388190,1,2,0.141024
2624,0.284463,0.585301,0.130236,0.192688,0.418888,0.388423,1,2,0.141008
2625,0.284355,0.585459,0.130187,0.192615,0.418729,0.388656,1,2,0.140992
2626,0.284247,0.585616,0.130137,0.192542,0.418569,0.388889,1,2,0.140977
2627,0.284138,0.585774,0.130087,0.192469,0.418410,0.389121,1,2,0.140961
2628,0.284030,0.585932,0.130038,0.192395,0.418251,0.389354,1,2,0.140945
2629,0.283922,0.586089,0.129989,0.192322,0.418092,0.389586,1,2,0.140929
2630,0.283815,0.586246,0.129939,0.192249,0.417933,0.389818,1,2,0.140913
2631,0.283707,0.586403,0.129890,0.192176,0.417774,0.390049,1,2,0.140897
2632,0.283599,0.586560,0.129841,0.192103,0.417616,0.390281,1,2,0.140882
2633,0.283491,0.586717,0.129791,0.192030,0.417457,0.390512,1,2,0.140866
2634,0.283384,0.586874,0.129742,0.191958,0.417299,0.390744,1,2,0.140850
2635,0.283276,0.587031,0.129693,0.191885,0.417141,0.390975,1,2,0.140834
2636,0.283169,0.587187,0.129644,0.191812,0.416983,0.391205,1,2,0.140818
2637,0.283062,0.587344,0.129595,0.191739,0.416825,0.391436,1,2,0.140802
2638,0.282955,0.587500,0.129545,0.191667,0.416667,0.391667,1,2,0.140786
2639,0.282847,0.587656,0.129496,0.191594,0.416509,0.391897,1,2,0.140770
2640,0.282740,0.587812,0.129447,0.191522,0.416351,0.392127,1,2,0.140754
2641,0.282633,0.587968,0.129398,0.191449,0.416194,0.392357,1,2,0.140738
2642,0.282526,0.588124,0.129349,0.191377,0.416036,0.392587,1,2,0.140722
2643,0.282420,0.588280,0.129301,0.191304,0.415879,0.392817,1,2,0.140706
2644,0.282313,0.588435,0.129252,0.191232,0.415722,0.393046,1,2,0.140690
2645,0.282206,0.588591,0.129203,0.191160,0.415565,0.393275,1,2,0.140674
2646,0.282100,0.588746,0.129154,0.191088,0.415408,0.393505,1,2,0.140658
2647,0.281993,0.588901,0.129105,0.191015,0.415251,0.393733,1,2,0.140642
2648,0.281887,0.589057,0.129057,0.190943,0.415094,0.393962,1,2,0.140625
2649,0.281780,0.589212,0.129008,0.190871,0.414938,0.394191,1,2,0.140609
2650,0.281674,0.589367,0.128959,0.190799,0.414781,0.394419,1,2,0.140593
2651,0.281568,0.589521,0.128911,0.190727,0.414625,0.394648,1,2,0.140577
2652,0.281462,0.589676,0.128862,0.190656,0.414469,0.394876,1,2,0.140561
2653,0.281356,0.589831,0.128814,0.190584,0.414313,0.395104,1,2,0.140545
2654,0.281250,0.589985,0.128765,0.190512,0.414157,0.395331,1,2,0.140528
2655,0.281144,0.590139,0.128717,0.190440,0.414001,0.395559,1,2,0.140512
2656,0.281038,0.590293,0.128668,0.190369,0.413845,0.395786,1,2,0.140496
2657,0.280933,0.590448,0.128620,0.190297,0.413689,0.396014,1,2,0.140480
2658,0.280827,0.590602,0.128571,0.190226,0.413534,0.396241,1,2,0.140463
2659,0.280722,0.590755,0.128523,0.190154,0.413378,0.396467,1,2,0.140447
2660,0.280616,0.590909,0.128475,0.190083,0.413223,0.396694,1,2,0.140431
2661,0.280511,0.591063,0.128427,0.190011,0.413068,0.396921,1,2,0.140414
2662,0.280405,0.591216,0.128378,0.189940,0.412913,0.397147,1,2,0.140398
2663,0.280300,0.591370,0.128330,0.189869,0.412758,0.397373,1,2,0.140382
2664,0.280195,0.591523,0.128282,0.189797,0.412603,0.397599,1,2,0.140365
2665,0.280090,0.591676,0.128234,0.189726,0.412448,0.397825,1,2,0.140349
2666,0.279985,0.591829,0.128186,0.189655,0.412294,0.398051,1,2,0.140332
2667,0.279880,0.591982,0.128138,0.189584,0.412139,0.398277,1,2,0.140316
2668,0.279775,0.592135,0.128090,0.189513,0.411985,0.398502,1,2,0.140300
2669,0.279671,0.592288,0.128042,0.189442,0.411831,0.398727,1,2,0.140283
2670,0.279566,0.592440,0.127994,0.189371,0.411677,0.398952,1,2,0.140267
2671,0.279461,0.592593,0.127946,0.189300,0.411523,0.399177,1,2,0.140250
2672,0.279357,0.592745,0.127898,0.189230,0.411369,0.399402,1,2,0.140234
2673,0.279252,0.592897,0.127850,0.189159,0.411215,0.399626,1,2,0.140217
2674,0.279148,0.593049,0.127803,0.189088,0.411061,0.399851,1,2,0.140201
2675,0.279044,0.593201,0.127755,0.189018,0.410908,0.400075,1,2,0.140184
2676,0.278940,0.593353,0.127707,0.188947,0.410754,0.400299,1,2,0.140168
2677,0.278835,0.593505,0.127660,0.188876,0.410601,0.400523,1,2,0.140151
2678,0.278731,0.593657,0.127612,0.188806,0.410448,0.400746,1,2,0.140134
2679,0.278627,0.593808,0.127564,0.188736,0.410295,0.400970,1,2,0.140118
2680,0.278523,0.593960,0.127517,0.188665,0.410142,0.401193,1,2,0.140101
2681,0.278420,0.594111,0.127469,0.188595,0.409989,0.401416,1,2,0.140085
2682,0.278316,0.594262,0.127422,0.188525,0.409836,0.401639,1,2,0.140068
2683,0.278212,0.594413,0.127374,0.188454,0.409683,0.401862,1,2,0.140051
2684,0.278109,0.594564,0.127327,0.188384,0.409531,0.402085,1,2,0.140035
2685,0.278005,0.594715,0.127279,0.188314,0.409378,0.402307,1,2,0.140018
2686,0.277902,0.594866,0.127232,0.188244,0.409226,0.402530,1,2,0.140001
2687,0.277798,0.595017,0.127185,0.188174,0.409074,0.402752,1,2,0.139985
2688,0.277695,0.595167,0.127138,0.188104,0.408922,0.402974,1,2,0.139968
2689,0.277592,0.595318,0.127090,0.188034,0.408770,0.403196,1,2,0.139951
2690,0.277489,0.595468,0.127043,0.187964,0.408618,0.403418,1,2,0.139934
2691,0.277386,0.595618,0.126996,0.187895,0.408466,0.403639,1,2,0.139918
2692,0.277283,0.595768,0.126949,0.187825,0.408315,0.403860,1,2,0.139901
2693,0.277180,0.595918,0.126902,0.187755,0.408163,0.404082,1,2,0.139884
2694,0.277077,0.596068,0.126855,0.187685,0.408012,0.404303,1,2,0.139867
2695,0.276974,0.596218,0.126808,0.187616,0.407861,0.404524,1,2,0.139851
2696,0.276872,0.596368,0.126761,0.187546,0.407709,0.404744,1,2,0.139834
2697,0.276769,0.596517,0.126714,0.187477,0.407558,0.404965,1,2,0.139817
2698,0.276667,0.596667,0.126667,0.187407,0.407407,0.405185,1,2,0.139800
2699,0.276564,0.596816,0.126620,0.187338,0.407257,0.405405,1,2,0.139783
2700,0.276462,0.596965,0.126573,0.187269,0.407106,0.405625,1,2,0.139766
2701,0.276360,0.597114,0.126526,0.187199,0.406955,0.405845,1,2,0.139749
2702,0.276257,0.597263,0.126479,0.187130,0.406805,0.406065,1,2,0.139732
2703,0.276155,0.597412,0.126433,0.187061,0.406654,0.406285,1,2,0.139716
2704,0.276053,0.597561,0.126386,0.186992,0.406504,0.406504,1,2,0.139699
2705,0.275951,0.597710,0.126339,0.186923,0.406354,0.406723,1,2,0.139866
2706,0.275849,0.597489,0.126662,0.186854,0.406204,0.406942,2,2,0.139890
2707,0.275748,0.597268,0.126984,0.186785,0.406054,0.407161,2,2,0.139913
2708,0.275646,0.597048,0.127306,0.186716,0.405904,0.407380,2,2,0.139937
2709,0.275544,0.596828,0.127628,0.186647,0.405754,0.407599,2,2,0.139960
2710,0.275442,0.596608,0.127950,0.186578,0.405605,0.407817,2,2,0.139983
2711,0.275341,0.596388,0.128271,0.186509,0.405455,0.408035,2,2,0.140006
2712,0.275239,0.596168,0.128592,0.186441,0.405306,0.408254,2,2,0.140029
2713,0.275138,0.595948,0.128913,0.186372,0.405157,0.408471,2,2,0.140052
2714,0.275037,0.595729,0.129234,0.186303,0.405007,0.408689,2,2,0.140075
2715,0.274936,0.595510,0.129555,0.186235,0.404858,0.408907,2,2,0.140098
2716,0.274834,0.595291,0.129875,0.186166,0.404709,0.409124,2,2,0.140121
2717,0.274733,0.595072,0.130195,0.186098,0.404561,0.409342,2,2,0.140143
2718,0.274632,0.594853,0.130515,0.186029,0.404412,0.409559,2,2,0.140166
2719,0.274531,0.594634,0.130834,0.185961,0.404263,0.409776,2,2,0.140188
2720,0.274431,0.594416,0.131154,0.185893,0.404115,0.409993,2,2,0.140211
2721,0.274330,0.594198,0.131473,0.185824,0.403966,0.410209,2,2,0.140233
2722,0.274229,0.593979,0.131791,0.185756,0.403818,0.410426,2,2,0.140256
2723,0.274128,0.593761,0.132110,0.185688,0.403670,0.410642,2,2,0.140278
2724,0.274028,0.593544,0.132428,0.185620,0.403522,0.410858,2,2,0.140300
2725,0.273927,0.593326,0.132747,0.185552,0.403374,0.411074,2,2,0.140322
2726,0.273827,0.593109,0.133065,0.185484,0.403226,0.411290,2,2,0.140344
2727,0.273727,0.592891,0.133382,0.185416,0.403078,0.411506,2,2,0.140366
2728,0.273626,0.592674,0.133700,0.185348,0.402930,0.411722,2,2,0.140388
2729,0.273526,0.592457,0.134017,0.185280,0.402783,0.411937,2,2,0.140410
2730,0.273426,0.592240,0.134334,0.185212,0.402635,0.412152,2,2,0.140432
2731,0.273326,0.592023,0.134651,0.185145,0.402488,0.412367,2,2,0.140453
2732,0.273226,0.591807,0.134967,0.185077,0.402341,0.412582,2,2,0.140475
2733,0.273126,0.591590,0.135283,0.185009,0.402194,0.412797,2,2,0.140497
2734,0.273026,0.591374,0.135599,0.184942,0.402047,0.413012,2,2,0.140518
2735,0.272927,0.591158,0.135915,0.184874,0.401900,0.413226,2,2,0.140539
2736,0.272827,0.590942,0.136231,0.184806,0.401753,0.413440,2,2,0.140561
2737,0.272727,0.590727,0.136546,0.184739,0.401606,0.413655,2,2,0.140582
2738,0.272628,0.590511,0.136861,0.184672,0.401460,0.413869,2,2,0.140603
2739,0.272528,0.590296,0.137176,0.184604,0.401313,0.414082,2,2,0.140624
2740,0.272429,0.590080,0.137491,0.184537,0.401167,0.414296,2,2,0.140645
2741,0.272330,0.589865,0.137805,0.184470,0.401021,0.414510,2,2,0.140666
2742,0.272230,0.589650,0.138120,0.184402,0.400875,0.414723,2,2,0.140687
2743,0.272131,0.589435,0.138434,0.184335,0.400729,0.414936,2,2,0.140708
2744,0.272032,0.589221,0.138747,0.184268,0.400583,0.415149,2,2,0.140729
2745,0.271933,0.589006,0.139061,0.184201,0.400437,0.415362,2,2,0.140750
2746,0.271834,0.588792,0.139374,0.184134,0.400291,0.415575,2,2,0.140771
2747,0.271735,0.588578,0.139687,0.184067,0.400146,0.415788,2,2,0.140791
2748,0.271636,0.588364,0.140000,0.184000,0.400000,0.416000,2,2,0.140812
2749,0.271538,0.588150,0.140313,0.183933,0.399855,0.416212,2,2,0.140832
2750,0.271439,0.587936,0.140625,0.183866,0.399709,0.416424,2,2,0.140853
2751,0.271340,0.587722,0.140937,0.183799,0.399564,0.416636,2,2,0.140873
2752,0.271242,0.587509,0.141249,0.183733,0.399419,0.416848,2,2,0.140893
2753,0.271143,0.587296,0.141561,0.183666,0.399274,0.417060,2,2,0.140913
2754,0.271045,0.587083,0.141872,0.183599,0.399129,0.417271,2,2,0.140933
2755,0.270947,0.586870,0.142184,0.183533,0.398984,0.417483,2,2,0.140954
2756,0.270848,0.586657,0.142495,0.183466,0.398840,0.417694,2,2,0.140974
2757,0.270750,0.586444,0.142805,0.183400,0.398695,0.417905,2,2,0.140993
2758,0.270652,0.586232,0.143116,0.183333,0.398551,0.418116,2,2,0.141013
2759,0.270554,0.586020,0.143426,0.183267,0.398406,0.418327,2,2,0.141033
2760,0.270456,0.585807,0.143736,0.183201,0.398262,0.418537,2,2,0.141053
2761,0.270358,0.585595,0.144046,0.183134,0.398118,0.418748,2,2,0.141073
2762,0.270260,0.585384,0.144356,0.183068,0.397974,0.418958,2,2,0.141092
2763,0.270163,0.585172,0.144665,0.183002,0.397830,0.419168,2,2,0.141112
2764,0.270065,0.584960,0.144975,0.182936,0.397686,0.419378,2,2,0.141131
2765,0.269967,0.584749,0.145284,0.182870,0.397542,0.419588,2,2,0.141151
2766,0.269870,0.584538,0.145592,0.182803,0.397399,0.419798,2,2,0.141170
2767,0.269772,0.584326,0.145901,0.182737,0.397255,0.420007,2,2,0.141189
2768,0.269675,0.584116,0.146209,0.182671,0.397112,0.420217,2,2,0.141208
2769,0.269578,0.583905,0.146518,0.182606,0.396969,0.420426,2,2,0.141228
2770,0.269481,0.583694,0.146825,0.182540,0.396825,0.420635,2,2,0.141247
2771,0.269383,0.583484,0.147133,0.182474,0.396682,0.420844,2,2,0.141266
2772,0.269286,0.583273,0.147441,0.182408,0.396539,0.421053,2,2,0.141285
2773,0.269189,0.583063,0.147748,0.182342,0.396396,0.421261,2,2,0.141304
2774,0.269092,0.582853,0.148055,0.182277,0.396254,0.421470,2,2,0.141322
2775,0.268995,0.582643,0.148362,0.182211,0.396111,0.421678,2,2,0.141341
2776,0.268898,0.582433,0.148668,0.182145,0.395968,0.421886,2,2,0.141360
2777,0.268802,0.582224,0.148974,0.182080,0.395826,0.422094,2,2,0.141378
2778,0.268705,0.582014,0.149281,0.182014,0.395683,0.422302,2,2,0.141397
2779,0.268608,0.581805,0.149586,0.181949,0.395541,0.422510,2,2,0.141416
2780,0.268512,0.581596,0.149892,0.181884,0.395399,0.422717,2,2,0.141434
2781,0.268415,0.581387,0.150198,0.181818,0.395257,0.422925,2,2,0.141452
2782,0.268319,0.581178,0.150503,0.181753,0.395115,0.423132,2,2,0.141471
2783,0.268223,0.580969,0.150808,0.181688,0.394973,0.423339,2,2,0.141489
2784,0.268126,0.580761,0.151113,0.181622,0.394831,0.423546,2,2,0.141507
2785,0.268030,0.580553,0.151417,0.181557,0.394690,0.423753,2,2,0.141525
2786,0.267934,0.580344,0.151722,0.181492,0.394548,0.423960,2,2,0.141543
2787,0.267838,0.580136,0.152026,0.181427,0.394407,0.424166,2,2,0.141561
2788,0.267742,0.579928,0.152330,0.181362,0.394265,0.424373,2,2,0.141579
2789,0.267646,0.579721,0.152633,0.181297,0.394124,0.424579,2,2,0.141597
2790,0.267550,0.579513,0.152937,0.181232,0.393983,0.424785,2,2,0.141615
2791,0.267454,0.579305,0.153240,0.181167,0.393842,0.424991,2,2,0.141633
2792,0.267359,0.579098,0.153543,0.181102,0.393701,0.425197,2,2,0.141651
2793,0.267263,0.578891,0.153846,0.181038,0.393560,0.425403,2,2,0.141668
2794,0.267167,0.578684,0.154149,0.180973,0.393419,0.425608,2,2,0.141686
2795,0.267072,0.578477,0.154451,0.180908,0.393279,0.425813,2,2,0.141703
2796,0.266976,0.578270,0.154753,0.180843,0.393138,0.426019,2,2,0.141721
2797,0.266881,0.578064,0.155055,0.180779,0.392997,0.426224,2,2,0.141738
2798,0.266786,0.577857,0.155357,0.180714,0.392857,0.426429,2,2,0.141755
2799,0.266690,0.577651,0.155659,0.180650,0.392717,0.426633,2,2,0.141773
2800,0.266595,0.577445,0.155960,0.180585,0.392577,0.426838,2,2,0.141790
2801,0.266500,0.577239,0.156261,0.180521,0.392437,0.427042,2,2,0.141807
2802,0.266405,0.577033,0.156562,0.180456,0.392297,0.427247,2,2,0.141824
2803,0.266310,0.576827,0.156863,0.180392,0.392157,0.427451,2,2,0.141841
2804,0.266215,0.576622,0.157163,0.180328,0.392017,0.427655,2,2,0.141858
2805,0.266120,0.576416,0.157463,0.180264,0.391877,0.427859,2,2,0.141875
2806,0.266026,0.576211,0.157764,0.180199,0.391738,0.428063,2,2,0.141892
2807,0.265931,0.576006,0.158063,0.180135,0.391598,0.428266,2,2,0.141909
2808,0.265836,0.575801,0.158363,0.180071,0.391459,0.428470,2,2,0.141926
2809,0.265742,0.575596,0.158662,0.180007,0.391320,0.428673,2,2,0.141942
2810,0.265647,0.575391,0.158962,0.179943,0.391181,0.428876,2,2,0.141959
2811,0.265553,0.575187,0.159261,0.179879,0.391042,0.429079,2,2,0.141975
2812,0.265458,0.574982,0.159559,0.179815,0.390903,0.429282,2,2,0.141992
2813,0.265364,0.574778,0.159858,0.179751,0.390764,0.429485,2,2,0.142008
2814,0.265270,0.574574,0.160156,0.179688,0.390625,0.429688,2,2,0.142025
2815,0.265176,0.574370,0.160454,0.179624,0.390486,0.429890,2,2,0.142041
2816,0.265082,0.574166,0.160752,0.179560,0.390348,0.430092,2,2,0.142057
2817,0.264988,0.573962,0.161050,0.179496,0.390209,0.430294,2,2,0.142073
2818,0.264894,0.573759,0.161348,0.179433,0.390071,0.430496,2,2,0.142090
2819,0.264800,0.573555,0.161645,0.179369,0.389933,0.430698,2,2,0.142106
2820,0.264706,0.573352,0.161942,0.179305,0.389794,0.430900,2,2,0.142122
2821,0.264612,0.573149,0.162239,0.179242,0.389656,0.431102,2,2,0.142138
2822,0.264518,0.572946,0.162535,0.179178,0.389518,0.431303,2,2,0.142154
2823,0.264425,0.572743,0.162832,0.179115,0.389381,0.431504,2,2,0.142169
2824,0.264331,0.572541,0.163128,0.179052,0.389243,0.431706,2,2,0.142185
2825,0.264238,0.572338,0.163424,0.178988,0.389105,0.431907,2,2,0.142201
2826,0.264144,0.572136,0.163720,0.178925,0.388967,0.432107,2,2,0.142217
2827,0.264051,0.571934,0.164016,0.178862,0.388830,0.432308,2,2,0.142232
2828,0.263958,0.571731,0.164311,0.178799,0.388693,0.432509,2,2,0.142248
2829,0.263864,0.571529,0.164606,0.178735,0.388555,0.432709,2,2,0.142263
2830,0.263771,0.571328,0.164901,0.178672,0.388418,0.432910,2,2,0.142279
2831,0.263678,0.571126,0.165196,0.178609,0.388281,0.433110,2,2,0.142294
2832,0.263585,0.570924,0.165490,0.178546,0.388144,0.433310,2,2,0.142309
2833,0.263492,0.570723,0.165785,0.178483,0.388007,0.433510,2,2,0.142325
2834,0.263399,0.570522,0.166079,0.178420,0.387870,0.433709,2,2,0.142340
2835,0.263306,0.570321,0.166373,0.178357,0.387734,0.433909,2,2,0.142355
2836,0.263214,0.570120,0.166667,0.178295,0.387597,0.434109,2,2,0.142370
2837,0.263121,0.569919,0.166960,0.178232,0.387460,0.434308,2,2,0.142385
2838,0.263028,0.569718,0.167254,0.178169,0.387324,0.434507,2,2,0.142400
2839,0.262936,0.569518,0.167547,0.178106,0.387188,0.434706,2,2,0.142415
2840,0.262843,0.569317,0.167840,0.178044,0.387051,0.434905,2,2,0.142430
2841,0.262751,0.569117,0.168132,0.177981,0.386915,0.435104,2,2,0.142445
2842,0.262658,0.568917,0.168425,0.177918,0.386779,0.435302,2,2,0.142460
2843,0.262566,0.568717,0.168717,0.177856,0.386643,0.435501,2,2,0.142474
2844,0.262474,0.568517,0.169009,0.177793,0.386507,0.435699,2,2,0.142489
2845,0.262381,0.568318,0.169301,0.177731,0.386372,0.435897,2,2,0.142504
2846,0.262289,0.568118,0.169593,0.177669,0.386236,0.436096,2,2,0.142518
2847,0.262197,0.567919,0.169884,0.177606,0.386100,0.436293,2,2,0.142533
2848,0.262105,0.567719,0.170175,0.177544,0.385965,0.436491,2,2,0.142547
2849,0.262013,0.567520,0.170467,0.177482,0.385830,0.436689,2,2,0.142561
2850,0.261921,0.567321,0.170757,0.177419,0.385694,0.436886,2,2,0.142576
2851,0.261830,0.567122,0.171048,0.177357,0.385559,0.437084,2,2,0.142590
2852,0.261738,0.566924,0.171338,0.177295,0.385424,0.437281,2,2,0.142604
2853,0.261646,0.566725,0.171629,0.177233,0.385289,0.437478,2,2,0.142618
2854,0.261555,0.566527,0.171919,0.177171,0.385154,0.437675,2,2,0.142632
2855,0.261463,0.566328,0.172209,0.177109,0.385019,0.437872,2,2,0.142646
2856,0.261372,0.566130,0.172498,0.177047,0.384885,0.438069,2,2,0.142660
2857,0.261280,0.565932,0.172788,0.176985,0.384750,0.438265,2,2,0.142674
2858,0.261189,0.565734,0.173077,0.176923,0.384615,0.438462,2,2,0.142688
2859,0.261098,0.565537,0.173366,0.176861,0.384481,0.438658,2,2,0.142702
2860,0.261006,0.565339,0.173655,0.176799,0.384347,0.438854,2,2,0.142716
2861,0.260915,0.565141,0.173943,0.176738,0.384212,0.439050,2,2,0.142730
2862,0.260824,0.564944,0.174232,0.176676,0.384078,0.439246,2,2,0.142743
2863,0.260733,0.564747,0.174520,0.176614,0.383944,0.439442,2,2,0.142757
2864,0.260642,0.564550,0.174808,0.176553,0.383810,0.439637,2,2,0.142770
2865,0.260551,0.564353,0.175096,0.176491,0.383676,0.439833,2,2,0.142784
2866,0.260460,0.564156,0.175384,0.176430,0.383543,0.440028,2,2,0.142797
2867,0.260369,0.563960,0.175671,0.176368,0.383409,0.440223,2,2,0.142811
2868,0.260279,0.563763,0.175958,0.176307,0.383275,0.440418,2,2,0.142824
2869,0.260188,0.563567,0.176245,0.176245,0.383142,0.440613,2,2,0.142837
2870,0.260097,0.563370,0.176532,0.176184,0.383008,0.440808,2,2,0.142851
2871,0.260007,0.563174,0.176819,0.176123,0.382875,0.441002,2,2,0.142864
2872,0.259916,0.562978,0.177105,0.176061,0.382742,0.441197,2,2,0.142877
2873,0.259826,0.562783,0.177391,0.176000,0.382609,0.441391,2,2,0.142890
2874,0.259736,0.562587,0.177677,0.175939,0.382476,0.441586,2,2,0.142903
2875,0.259645,0.562391,0.177963,0.175878,0.382343,0.441780,2,2,0.142916
2876,0.259555,0.562196,0.178249,0.175817,0.382210,0.441974,2,2,0.142929
2877,0.259465,0.562001,0.178534,0.175755,0.382077,0.442167,2,2,0.142942
2878,0.259375,0.561806,0.178819,0.175694,0.381944,0.442361,2,2,0.142955
2879,0.259285,0.561611,0.179104,0.175633,0.381812,0.442555,2,2,0.142967
2880,0.259195,0.561416,0.179389,0.175573,0.381679,0.442748,2,2,0.142980
2881,0.259105,0.561221,0.179674,0.175512,0.381547,0.442941,2,2,0.142993
2882,0.259015,0.561026,0.179958,0.175451,0.381415,0.443135,2,2,0.143005
2883,0.258925,0.560832,0.180243,0.175390,0.381282,0.443328,2,2,0.143018
2884,0.258836,0.560638,0.180527,0.175329,0.381150,0.443520,2,2,0.143030
2885,0.258746,0.560443,0.180811,0.175268,0.381018,0.443713,2,2,0.143043
2886,0.258657,0.560249,0.181094,0.175208,0.380886,0.443906,2,2,0.143055
2887,0.258567,0.560055,0.181378,0.175147,0.380755,0.444098,2,2,0.143068
2888,0.258478,0.559862,0.181661,0.175087,0.380623,0.444291,2,2,0.143080
2889,0.258388,0.559668,0.181944,0.175026,0.380491,0.444483,2,2,0.143092
2890,0.258299,0.559474,0.182227,0.174965,0.380360,0.444675,2,2,0.143104
2891,0.258209,0.559281,0.182510,0.174905,0.380228,0.444867,2,2,0.143117
2892,0.258120,0.559088,0.182792,0.174845,0.380097,0.445059,2,2,0.143129
2893,0.258031,0.558895,0.183074,0.174784,0.379965,0.445250,2,2,0.143141
2894,0.257942,0.558702,0.183356,0.174724,0.379834,0.445442,2,2,0.143153
2895,0.257853,0.558509,0.183638,0.174663,0.379703,0.445633,2,2,0.143165
2896,0.257764,0.558316,0.183920,0.174603,0.379572,0.445825,2,2,0.143176
2897,0.257675,0.558123,0.184201,0.174543,0.379441,0.446016,2,2,0.143188
2898,0.257586,0.557931,0.184483,0.174483,0.379310,0.446207,2,2,0.143200
2899,0.257497,0.557739,0.184764,0.174423,0.379180,0.446398,2,2,0.143212
2900,0.257409,0.557547,0.185045,0.174363,0.379049,0.446589,2,2,0.143224
2901,0.257320,0.557354,0.185326,0.174302,0.378918,0.446779,2,2,0.143235
2902,0.257231,0.557163,0.185606,0.174242,0.378788,0.446970,2,2,0.143247
2903,0.257143,0.556971,0.185886,0.174182,0.378657,0.447160,2,2,0.143258
2904,0.257054,0.556779,0.186167,0.174123,0.378527,0.447350,2,2,0.143270
2905,0.256966,0.556588,0.186447,0.174063,0.378397,0.447540,2,2,0.143281
2906,0.256878,0.556396,0.186726,0.174003,0.378267,0.447730,2,2,0.143293
2907,0.256789,0.556205,0.187006,0.173943,0.378137,0.447920,2,2,0.143304
2908,0.256701,0.556014,0.187285,0.173883,0.378007,0.448110,2,2,0.143315
2909,0.256613,0.555823,0.187564,0.173823,0.377877,0.448300,2,2,0.143327
2910,0.256525,0.555632,0.187843,0.173764,0.377747,0.448489,2,2,0.143338
2911,0.256437,0.555441,0.188122,0.173704,0.377618,0.448678,2,2,0.143349
2912,0.256349,0.555251,0.188401,0.173644,0.377488,0.448868,2,2,0.143360
2913,0.256261,0.555060,0.188679,0.173585,0.377358,0.449057,2,2,0.143371
2914,0.256173,0.554870,0.188957,0.173525,0.377229,0.449246,2,2,0.143382
2915,0.256085,0.554679,0.189236,0.173466,0.377100,0.449434,2,2,0.143393
2916,0.255997,0.554489,0.189513,0.173406,0.376971,0.449623,2,2,0.143404
2917,0.255910,0.554299,0.189791,0.173347,0.376841,0.449812,2,2,0.143415
2918,0.255822,0.554110,0.190068,0.173288,0.376712,0.450000,2,2,0.143425
2919,0.255734,0.553920,0.190346,0.173228,0.376583,0.450188,2,2,0.143436
2920,0.255647,0.553730,0.190623,0.173169,0.376454,0.450376,2,2,0.143447
2921,0.255559,0.553541,0.190900,0.173110,0.376326,0.450564,2,2,0.143458
2922,0.255472,0.553352,0.191176,0.173051,0.376197,0.450752,2,2,0.143468
2923,0.255385,0.553162,0.191453,0.172991,0.376068,0.450940,2,2,0.143479
2924,0.255297,0.552973,0.191729,0.172932,0.375940,0.451128,2,2,0.143489
2925,0.255210,0.552784,0.192005,0.172873,0.375811,0.451315,2,2,0.143500
2926,0.255123,0.552596,0.192281,0.172814,0.375683,0.451503,2,2,0.143510
2927,0.255036,0.552407,0.192557,0.172755,0.375555,0.451690,2,2,0.143521
2928,0.254949,0.552218,0.192833,0.172696,0.375427,0.451877,2,2,0.143531
2929,0.254862,0.552030,0.193108,0.172637,0.375299,0.452064,2,2,0.143541
2930,0.254775,0.551842,0.193383,0.172578,0.375171,0.452251,2,2,0.143551
2931,0.254688,0.551654,0.193658,0.172520,0.375043,0.452438,2,2,0.143562
2932,0.254601,0.551466,0.193933,0.172461,0.374915,0.452624,2,2,0.143572
2933,0.254514,0.551278,0.194208,0.172402,0.374787,0.452811,2,2,0.143582
2934,0.254428,0.551090,0.194482,0.172343,0.374659,0.452997,2,2,0.143592
2935,0.254341,0.550902,0.194757,0.172285,0.374532,0.453184,2,2,0.143602
2936,0.254255,0.550715,0.195031,0.172226,0.374404,0.453370,2,2,0.143612
2937,0.254168,0.550527,0.195305,0.172167,0.374277,0.453556,2,2,0.143622
2938,0.254082,0.550340,0.195578,0.172109,0.374150,0.453741,2,2,0.143631
2939,0.253995,0.550153,0.195852,0.172050,0.374022,0.453927,2,2,0.143641
2940,0.253909,0.549966,0.196125,0.171992,0.373895,0.454113,2,2,0.143651
2941,0.253823,0.549779,0.196398,0.171933,0.373768,0.454298,2,2,0.143661
2942,0.253736,0.549592,0.196671,0.171875,0.373641,0.454484,2,2,0.143670
2943,0.253650,0.549406,0.196944,0.171817,0.373514,0.454669,2,2,0.143680
2944,0.253564,0.549219,0.197217,0.171758,0.373388,0.454854,2,2,0.143690
2945,0.253478,0.549033,0.197489,0.171700,0.373261,0.455039,2,2,0.143699
2946,0.253392,0.548847,0.197761,0.171642,0.373134,0.455224,2,2,0.143709
2947,0.253306,0.548661,0.198033,0.171584,0.373008,0.455409,2,2,0.143718
2948,0.253220,0.548475,0.198305,0.171525,0.372881,0.455593,2,2,0.143727
2949,0.253135,0.548289,0.198577,0.171467,0.372755,0.455778,2,2,0.143737
2950,0.253049,0.548103,0.198848,0.171409,0.372629,0.455962,2,2,0.143746
2951,0.252963,0.547917,0.199120,0.171351,0.372503,0.456146,2,2,0.143755
2952,0.252877,0.547732,0.199391,0.171293,0.372376,0.456330,2,2,0.143765
2953,0.252792,0.547547,0.199662,0.171235,0.372250,0.456514,2,2,0.143774
2954,0.252706,0.547361,0.199932,0.171177,0.372124,0.456698,2,2,0.143783
2955,0.252621,0.547176,0.200203,0.171119,0.371999,0.456882,2,2,0.143792
2956,0.252535,0.546991,0.200473,0.171062,0.371873,0.457066,2,2,0.143801
2957,0.252450,0.546806,0.200743,0.171004,0.371747,0.457249,2,2,0.143810
2958,0.252365,0.546622,0.201014,0.170946,0.371622,0.457432,2,2,0.143819
2959,0.252280,0.546437,0.201283,0.170888,0.371496,0.457616,2,2,0.143828
2960,0.252194,0.546253,0.201553,0.170831,0.371371,0.457799,2,2,0.143837
2961,0.252109,0.546068,0.201822,0.170773,0.371245,0.457982,2,2,0.143845
2962,0.252024,0.545884,0.202092,0.170715,0.371120,0.458165,2,2,0.143854
2963,0.251939,0.545700,0.202361,0.170658,0.370995,0.458347,2,2,0.143863
2964,0.251854,0.545516,0.202630,0.170600,0.370870,0.458530,2,2,0.143871
2965,0.251769,0.545332,0.202899,0.170543,0.370745,0.458713,2,2,0.143880
2966,0.251685,0.545148,0.203167,0.170485,0.370620,0.458895,2,2,0.143889
2967,0.251600,0.544965,0.203436,0.170428,0.370495,0.459077,2,2,0.143897
2968,0.251515,0.544781,0.203704,0.170370,0.370370,0.459259,2,2,0.143906
2969,0.251430,0.544598,0.203972,0.170313,0.370246,0.459441,2,2,0.143914
2970,0.251346,0.544415,0.204240,0.170256,0.370121,0.459623,2,2,0.143923
2971,0.251261,0.544231,0.204507,0.170198,0.369997,0.459805,2,2,0.143931
2972,0.251177,0.544048,0.204775,0.170141,0.369872,0.459987,2,2,0.143939
2973,0.251092,0.543866,0.205042,0.170084,0.369748,0.460168,2,2,0.143948
2974,0.251008,0.543683,0.205309,0.170027,0.369624,0.460349,2,2,0.143956
2975,0.250924,0.543500,0.205576,0.169970,0.369499,0.460531,2,2,0.143964
2976,0.250839,0.543318,0.205843,0.169913,0.369375,0.460712,2,2,0.143972
2977,0.250755,0.543135,0.206109,0.169856,0.369251,0.460893,2,2,0.143980
2978,0.250671,0.542953,0.206376,0.169799,0.369128,0.461074,2,2,0.143988
2979,0.250587,0.542771,0.206642,0.169742,0.369004,0.461255,2,2,0.143996
2980,0.250503,0.542589,0.206908,0.169685,0.368880,0.461435,2,2,0.144004
2981,0.250419,0.542407,0.207174,0.169628,0.368756,0.461616,2,2,0.144012
2982,0.250335,0.542225,0.207440,0.169571,0.368633,0.461796,2,2,0.144020
2983,0.250251,0.542044,0.207705,0.169514,0.368509,0.461977,2,2,0.144028
2984,0.250167,0.541862,0.207971,0.169457,0.368386,0.462157,2,2,0.144036
2985,0.250084,0.541681,0.208236,0.169401,0.368262,0.462337,2,2,0.144043
2986,0.250000,0.541499,0.208501,0.169344,0.368139,0.462517,2,2,0.144051
2987,0.249916,0.541318,0.208765,0.169287,0.368016,0.462697,2,2,0.144059
2988,0.249833,0.541137,0.209030,0.169231,0.367893,0.462876,2,2,0.144066
2989,0.249749,0.540956,0.209295,0.169174,0.367770,0.463056,2,2,0.144074
2990,0.249666,0.540775,0.209559,0.169118,0.367647,0.463235,2,2,0.144082
2991,0.249582,0.540595,0.209823,0.169061,0.367524,0.463415,2,2,0.144089
2992,0.249499,0.540414,0.210087,0.169005,0.367401,0.463594,2,2,0.144096
2993,0.249416,0.540234,0.210351,0.168948,0.367279,0.463773,2,2,0.144104
2994,0.249332,0.540053,0.210614,0.168892,0.367156,0.463952,2,2,0.144111
2995,0.249249,0.539873,0.210878,0.168836,0.367034,0.464131,2,2,0.144119
2996,0.249166,0.539693,0.211141,0.168779,0.366911,0.464310,2,2,0.144126
2997,0.249083,0.539513,0.211404,0.168723,0.366789,0.464488,2,2,0.144133
2998,0.249000,0.539333,0.211667,0.168667,0.366667,0.464667,2,2,0.144140
2999,0.248917,0.539154,0.211929,0.168610,0.366544,0.464845,2,2,0.144147
3000,0.248834,0.538974,0.212192,0.168554,0.366422,0.465023,2,2,0.144155
3001,0.248751,0.538795,0.212454,0.168498,0.366300,0.465201,2,2,0.144162
3002,0.248668,0.538615,0.212716,0.168442,0.366178,0.465379,2,2,0.144169
3003,0.248586,0.538436,0.212978,0.168386,0.366057,0.465557,2,2,0.144176
3004,0.248503,0.538257,0.213240,0.168330,0.365935,0.465735,2,2,0.144183
3005,0.248420,0.538078,0.213502,0.168274,0.365813,0.465913,2,2,0.144190
3006,0.248338,0.537899,0.213763,0.168218,0.365691,0.466090,2,2,0.144196
3007,0.248255,0.537720,0.214025,0.168162,0.365570,0.466268,2,2,0.144203
3008,0.248173,0.537542,0.214286,0.168106,0.365449,0.466445,2,2,0.144210
3009,0.248090,0.537363,0.214547,0.168050,0.365327,0.466622,2,2,0.144217
3010,0.248008,0.537185,0.214807,0.167995,0.365206,0.466799,2,2,0.144224
3011,0.247926,0.537006,0.215068,0.167939,0.365085,0.466976,2,2,0.144230
3012,0.247843,0.536828,0.215328,0.167883,0.364964,0.467153,2,2,0.144237
3013,0.247761,0.536650,0.215589,0.167828,0.364842,0.467330,2,2,0.144243
3014,0.247679,0.536472,0.215849,0.167772,0.364721,0.467507,2,2,0.144250
3015,0.247597,0.536294,0.216109,0.167716,0.364601,0.467683,2,2,0.144257
3016,0.247515,0.536117,0.216368,0.167661,0.364480,0.467860,2,2,0.144263
3017,0.247433,0.535939,0.216628,0.167605,0.364359,0.468036,2,2,0.144269
3018,0.247351,0.535762,0.216887,0.167550,0.364238,0.468212,2,2,0.144276
3019,0.247269,0.535584,0.217147,0.167494,0.364118,0.468388,2,2,0.144282
3020,0.247187,0.535407,0.217406,0.167439,0.363997,0.468564,2,2,0.144288
3021,0.247106,0.535230,0.217665,0.167383,0.363877,0.468740,2,2,0.144295
3022,0.247024,0.535053,0.217923,0.167328,0.363757,0.468915,2,2,0.144301
3023,0.246942,0.534876,0.218182,0.167273,0.363636,0.469091,2,2,0.144307
3024,0.246861,0.534699,0.218440,0.167217,0.363516,0.469266,2,2,0.144313
3025,0.246779,0.534523,0.218698,0.167162,0.363396,0.469442,2,2,0.144319
3026,0.246697,0.534346,0.218956,0.167107,0.363276,0.469617,2,2,0.144325
3027,0.246616,0.534170,0.219214,0.167052,0.363156,0.469792,2,2,0.144331
3028,0.246535,0.533993,0.219472,0.166997,0.363036,0.469967,2,2,0.144337
3029,0.246453,0.533817,0.219729,0.166942,0.362917,0.470142,2,2,0.144343
3030,0.246372,0.533641,0.219987,0.166887,0.362797,0.470317,2,2,0.144349
3031,0.246291,0.533465,0.220244,0.166832,0.362677,0.470491,2,2,0.144355
3032,0.246210,0.533289,0.220501,0.166777,0.362558,0.470666,2,2,0.144361
3033,0.246129,0.533114,0.220758,0.166722,0.362438,0.470840,2,2,0.144367
3034,0.246047,0.532938,0.221014,0.166667,0.362319,0.471014,2,2,0.144373
3035,0.245966,0.532763,0.221271,0.166612,0.362200,0.471189,2,2,0.144378
3036,0.245885,0.532587,0.221527,0.166557,0.362080,0.471363,2,2,0.144384
3037,0.245805,0.532412,0.221783,0.166502,0.361961,0.471537,2,2,0.144390
3038,0.245724,0.532237,0.222039,0.166447,0.361842,0.471711,2,2,0.144395
3039,0.245643,0.532062,0.222295,0.166393,0.361723,0.471884,2,2,0.144401
3040,0.245562,0.531887,0.222551,0.166338,0.361604,0.472058,2,2,0.144406
3041,0.245481,0.531712,0.222806,0.166283,0.361485,0.472231,2,2,0.144412
3042,0.245401,0.531537,0.223062,0.166229,0.361367,0.472405,2,2,0.144417
3043,0.245320,0.531363,0.223317,0.166174,0.361248,0.472578,2,2,0.144423
3044,0.245240,0.531188,0.223572,0.166120,0.361129,0.472751,2,2,0.144428
3045,0.245159,0.531014,0.223827,0.166065,0.361011,0.472924,2,2,0.144433
3046,0.245079,0.530840,0.224081,0.166010,0.360892,0.473097,2,2,0.144439
3047,0.244998,0.530666,0.224336,0.165956,0.360774,0.473270,2,2,0.144444
3048,0.244918,0.530492,0.224590,0.165902,0.360656,0.473443,2,2,0.144449
3049,0.244838,0.530318,0.224844,0.165847,0.360538,0.473615,2,2,0.144454
3050,0.244758,0.530144,0.225098,0.165793,0.360419,0.473788,2,2,0.144459
3051,0.244677,0.529971,0.225352,0.165739,0.360301,0.473960,2,2,0.144465
3052,0.244597,0.529797,0.225606,0.165684,0.360183,0.474132,2,2,0.144470
3053,0.244517,0.529624,0.225859,0.165630,0.360065,0.474304,2,2,0.144475
3054,0.244437,0.529450,0.226113,0.165576,0.359948,0.474476,2,2,0.144480
3055,0.244357,0.529277,0.226366,0.165522,0.359830,0.474648,2,2,0.144485
3056,0.244277,0.529104,0.226619,0.165468,0.359712,0.474820,2,2,0.144490
3057,0.244197,0.528931,0.226872,0.165414,0.359595,0.474992,2,2,0.144494
3058,0.244118,0.528758,0.227124,0.165359,0.359477,0.475163,2,2,0.144499
3059,0.244038,0.528585,0.227377,0.165305,0.359360,0.475335,2,2,0.144504
3060,0.243958,0.528413,0.227629,0.165251,0.359242,0.475506,2,2,0.144509
3061,0.243879,0.528240,0.227881,0.165198,0.359125,0.475677,2,2,0.144514
3062,0.243799,0.528068,0.228133,0.165144,0.359008,0.475849,2,2,0.144518
3063,0.243719,0.527896,0.228385,0.165090,0.358891,0.476020,2,2,0.144523
3064,0.243640,0.527723,0.228637,0.165036,0.358774,0.476190,2,2,0.144528
3065,0.243560,0.527551,0.228888,0.164982,0.358657,0.476361,2,2,0.144532
3066,0.243481,0.527379,0.229140,0.164928,0.358540,0.476532,2,2,0.144537
3067,0.243402,0.527208,0.229391,0.164875,0.358423,0.476703,2,2,0.144541
3068,0.243322,0.527036,0.229642,0.164821,0.358306,0.476873,2,2,0.144546
3069,0.243243,0.526864,0.229893,0.164767,0.358190,0.477043,2,2,0.144550
3070,0.243164,0.526693,0.230143,0.164714,0.358073,0.477214,2,2,0.144554
3071,0.243085,0.526521,0.230394,0.164660,0.357956,0.477384,2,2,0.144559
3072,0.243006,0.526350,0.230644,0.164606,0.357840,0.477554,2,2,0.144563
3073,0.242927,0.526179,0.230894,0.164553,0.357724,0.477724,2,2,0.144567
3074,0.242848,0.526008,0.231144,0.164499,0.357607,0.477893,2,2,0.144572
3075,0.242769,0.525837,0.231394,0.164446,0.357491,0.478063,2,2,0.144576
3076,0.242690,0.525666,0.231644,0.164392,0.357375,0.478233,2,2,0.144580
3077,0.242611,0.525495,0.231893,0.164339,0.357259,0.478402,2,2,0.144584
3078,0.242532,0.525325,0.232143,0.164286,0.357143,0.478571,2,2,0.144588
3079,0.242454,0.525154,0.232392,0.164232,0.357027,0.478741,2,2,0.144592
3080,0.242375,0.524984,0.232641,0.164179,0.356911,0.478910,2,2,0.144596
3081,0.242296,0.524813,0.232890,0.164126,0.356795,0.479079,2,2,0.144600
3082,0.242218,0.524643,0.233139,0.164073,0.356680,0.479248,2,2,0.144604
3083,0.242139,0.524473,0.233387,0.164019,0.356564,0.479417,2,2,0.144608
3084,0.242061,0.524303,0.233636,0.163966,0.356448,0.479585,2,2,0.144612
3085,0.241983,0.524133,0.233884,0.163913,0.356333,0.479754,2,2,0.144616
3086,0.241904,0.523964,0.234132,0.163860,0.356218,0.479922,2,2,0.144620
3087,0.241826,0.523794,0.234380,0.163807,0.356102,0.480091,2,2,0.144624
3088,0.241748,0.523625,0.234628,0.163754,0.355987,0.480259,2,2,0.144628
3089,0.241669,0.523455,0.234875,0.163701,0.355872,0.480427,2,2,0.144631
3090,0.241591,0.523286,0.235123,0.163648,0.355757,0.480595,2,2,0.144635
3091,0.241513,0.523117,0.235370,0.163595,0.355642,0.480763,2,2,0.144639
3092,0.241435,0.522948,0.235617,0.163542,0.355527,0.480931,2,2,0.144642
3093,0.241357,0.522779,0.235864,0.163489,0.355412,0.481099,2,2,0.144646
3094,0.241279,0.522610,0.236111,0.163437,0.355297,0.481266,2,2,0.144649
3095,0.241201,0.522441,0.236358,0.163384,0.355182,0.481434,2,2,0.144653
3096,0.241123,0.522272,0.236604,0.163331,0.355068,0.481601,2,2,0.144656
3097,0.241045,0.522104,0.236851,0.163278,0.354953,0.481768,2,2,0.144660
3098,0.240968,0.521935,0.237097,0.163226,0.354839,0.481935,2,2,0.144663
3099,0.240890,0.521767,0.237343,0.163173,0.354724,0.482103,2,2,0.144667
3100,0.240812,0.521599,0.237589,0.163121,0.354610,0.482270,2,2,0.144670
3101,0.240735,0.521431,0.237834,0.163068,0.354496,0.482436,2,2,0.144673
3102,0.240657,0.521263,0.238080,0.163015,0.354381,0.482603,2,2,0.144676
3103,0.240580,0.521095,0.238325,0.162963,0.354267,0.482770,2,2,0.144680
3104,0.240502,0.520927,0.238571,0.162910,0.354153,0.482936,2,2,0.144683
3105,0.240425,0.520760,0.238816,0.162858,0.354039,0.483103,2,2,0.144686
3106,0.240347,0.520592,0.239060,0.162806,0.353925,0.483269,2,2,0.144689
3107,0.240270,0.520425,0.239305,0.162753,0.353812,0.483435,2,2,0.144692
3108,0.240193,0.520257,0.239550,0.162701,0.353698,0.483601,2,2,0.144695
3109,0.240116,0.520090,0.239794,0.162649,0.353584,0.483767,2,2,0.144698
3110,0.240039,0.519923,0.240039,0.162596,0.353470,0.483933,2,2,0.144701
3111,0.239961,0.519756,0.240283,0.162544,0.353357,0.484099,2,2,0.144704
3112,0.239884,0.519589,0.240527,0.162492,0.353243,0.484265,2,2,0.144707
3113,0.239807,0.519422,0.240770,0.162440,0.353130,0.484430,2,2,0.144710
3114,0.239730,0.519255,0.241014,0.162388,0.353017,0.484596,2,2,0.144713
3115,0.239654,0.519089,0.241258,0.162336,0.352903,0.484761,2,2,0.144716
3116,0.239577,0.518922,0.241501,0.162284,0.352790,0.484926,2,2,0.144719
3117,0.239500,0.518756,0.241744,0.162231,0.352677,0.485091,2,2,0.144721
3118,0.239423,0.518590,0.241987,0.162179,0.352564,0.485256,2,2,0.144724
3119,0.239346,0.518424,0.242230,0.162128,0.352451,0.485421,2,2,0.144727
3120,0.239270,0.518258,0.242473,0.162076,0.352338,0.485586,2,2,0.144730
3121,0.239193,0.518092,0.242715,0.162024,0.352225,0.485751,2,2,0.144732
3122,0.239117,0.517926,0.242958,0.161972,0.352113,0.485915,2,2,0.144735
3123,0.239040,0.517760,0.243200,0.161920,0.352000,0.486080,2,2,0.144737
3124,0.238964,0.517594,0.243442,0.161868,0.351887,0.486244,2,2,0.144740
3125,0.238887,0.517429,0.243684,0.161816,0.351775,0.486409,2,2,0.144742
3126,0.238811,0.517263,0.243926,0.161765,0.351662,0.486573,2,2,0.144745
3127,0.238734,0.517098,0.244167,0.161713,0.351550,0.486737,2,2,0.144747
3128,0.238658,0.516933,0.244409,0.161661,0.351438,0.486901,2,2,0.144750
3129,0.238582,0.516768,0.244650,0.161610,0.351325,0.487065,2,2,0.144752
3130,0.238506,0.516603,0.244891,0.161558,0.351213,0.487229,2,2,0.144754
3131,0.238430,0.516438,0.245132,0.161507,0.351101,0.487392,2,2,0.144757
3132,0.238354,0.516273,0.245373,0.161455,0.350989,0.487556,2,2,0.144759
3133,0.238278,0.516108,0.245614,0.161404,0.350877,0.487719,2,2,0.144761
3134,0.238202,0.515944,0.245855,0.161352,0.350765,0.487883,2,2,0.144763
3135,0.238126,0.515779,0.246095,0.161301,0.350653,0.488046,2,2,0.144766
3136,0.238050,0.515615,0.246335,0.161249,0.350542,0.488209,2,2,0.144768
3137,0.237974,0.515451,0.246575,0.161198,0.350430,0.488372,2,2,0.144770
3138,0.237898,0.515287,0.246815,0.161146,0.350318,0.488535,2,2,0.144772
3139,0.237822,0.515123,0.247055,0.161095,0.350207,0.488698,2,2,0.144774
3140,0.237747,0.514959,0.247295,0.161044,0.350095,0.488861,2,2,0.144776
3141,0.237671,0.514795,0.247534,0.160993,0.349984,0.489023,2,2,0.144778
3142,0.237595,0.514631,0.247774,0.160941,0.349873,0.489186,2,2,0.144780
3143,0.237520,0.514467,0.248013,0.160890,0.349762,0.489348,2,2,0.144782
3144,0.237444,0.514304,0.248252,0.160839,0.349650,0.489510,2,2,0.144784
3145,0.237369,0.514140,0.248491,0.160788,0.349539,0.489673,2,2,0.144786
3146,0.237294,0.513977,0.248729,0.160737,0.349428,0.489835,2,2,0.144787
3147,0.237218,0.513814,0.248968,0.160686,0.349317,0.489997,2,2,0.144789
3148,0.237143,0.513651,0.249206,0.160635,0.349206,0.490159,2,2,0.144791
3149,0.237068,0.513488,0.249445,0.160584,0.349096,0.490321,2,2,0.144793
3150,0.236992,0.513325,0.249683,0.160533,0.348985,0.490482,2,2,0.144794
3151,0.236917,0.513162,0.249921,0.160482,0.348874,0.490644,2,2,0.144796
3152,0.236842,0.512999,0.250159,0.160431,0.348763,0.490805,2,2,0.144798
3153,0.236767,0.512837,0.250396,0.160380,0.348653,0.490967,2,2,0.144799
3154,0.236692,0.512674,0.250634,0.160330,0.348542,0.491128,2,2,0.144801
3155,0.236617,0.512512,0.250871,0.160279,0.348432,0.491289,2,2,0.144802
3156,0.236542,0.512350,0.251108,0.160228,0.348322,0.491450,2,2,0.144804
3157,0.236467,0.512187,0.251345,0.160177,0.348211,0.491611,2,2,0.144805
3158,0.236392,0.512025,0.251582,0.160127,0.348101,0.491772,2,2,0.144807
3159,0.236318,0.511863,0.251819,0.160076,0.347991,0.491933,2,2,0.144808
3160,0.236243,0.511701,0.252056,0.160025,0.347881,0.492094,2,2,0.144810
3161,0.236168,0.511540,0.252292,0.159975,0.347771,0.492254,2,2,0.144811
3162,0.236094,0.511378,0.252528,0.159924,0.347661,0.492415,2,2,0.144812
3163,0.236019,0.511216,0.252765,0.159874,0.347551,0.492575,2,2,0.144814
3164,0.235944,0.511055,0.253001,0.159823,0.347442,0.492735,2,2,0.144815
3165,0.235870,0.510894,0.253237,0.159773,0.347332,0.492895,2,2,0.144816
3166,0.235795,0.510732,0.253472,0.159722,0.347222,0.493056,2,2,0.144817
3167,0.235721,0.510571,0.253708,0.159672,0.347113,0.493216,2,2,0.144818
3168,0.235647,0.510410,0.253943,0.159621,0.347003,0.493375,2,2,0.144820
3169,0.235572,0.510249,0.254178,0.159571,0.346894,0.493535,2,2,0.144821
3170,0.235498,0.510088,0.254414,0.159521,0.346784,0.493695,2,2,0.144822
3171,0.235424,0.509928,0.254649,0.159471,0.346675,0.493854,2,2,0.144823
3172,0.235350,0.509767,0.254883,0.159420,0.346566,0.494014,2,2,0.144824
3173,0.235276,0.509606,0.255118,0.159370,0.346457,0.494173,2,2,0.144825
3174,0.235202,0.509446,0.255353,0.159320,0.346348,0.494332,2,2,0.144826
3175,0.235127,0.509285,0.255587,0.159270,0.346239,0.494492,2,2,0.144827
3176,0.235053,0.509125,0.255821,0.159220,0.346130,0.494651,2,2,0.144828
3177,0.234980,0.508965,0.256055,0.159170,0.346021,0.494810,2,2,0.144829
3178,0.234906,0.508805,0.256289,0.159119,0.345912,0.494969,2,2,0.144829
3179,0.234832,0.508645,0.256523,0.159069,0.345803,0.495127,2,2,0.144830
3180,0.234758,0.508485,0.256757,0.159019,0.345695,0.495286,2,2,0.144831
3181,0.234684,0.508325,0.256990,0.158970,0.345586,0.495445,2,2,0.144832
3182,0.234611,0.508166,0.257224,0.158920,0.345477,0.495603,2,2,0.144832
3183,0.234537,0.508006,0.257457,0.158870,0.345369,0.495761,2,2,0.144833
3184,0.234463,0.507847,0.257690,0.158820,0.345261,0.495920,2,2,0.144834
3185,0.234390,0.507687,0.257923,0.158770,0.345152,0.496078,2,2,0.144834
3186,0.234316,0.507528,0.258156,0.158720,0.345044,0.496236,2,2,0.144835
3187,0.234243,0.507369,0.258388,0.158670,0.344936,0.496394,2,2,0.144836
3188,0.234169,0.507210,0.258621,0.158621,0.344828,0.496552,2,2,0.144836
3189,0.234096,0.507051,0.258853,0.158571,0.344720,0.496709,2,2,0.144837
3190,0.234023,0.506892,0.259085,0.158521,0.344612,0.496867,2,2,0.144837
3191,0.233949,0.506733,0.259317,0.158472,0.344504,0.497025,2,2,0.144838
3192,0.233876,0.506575,0.259549,0.158422,0.344396,0.497182,2,2,0.144838
3193,0.233803,0.506416,0.259781,0.158372,0.344288,0.497340,2,2,0.144839
3194,0.233730,0.506258,0.260013,0.158323,0.344180,0.497497,2,2,0.144839
3195,0.233657,0.506099,0.260244,0.158273,0.344073,0.497654,2,2,0.144839
3196,0.233583,0.505941,0.260475,0.158224,0.343965,0.497811,2,2,0.144840
3197,0.233510,0.505783,0.260706,0.158174,0.343857,0.497968,2,2,0.144840
3198,0.233437,0.505625,0.260937,0.158125,0.343750,0.498125,2,2,0.144840
3199,0.233365,0.505467,0.261168,0.158076,0.343643,0.498282,2,2,0.144840
3200,0.233292,0.505309,0.261399,0.158026,0.343535,0.498438,2,2,0.144841
3201,0.233219,0.505151,0.261630,0.157977,0.343428,0.498595,2,2,0.144841
3202,0.233146,0.504994,0.261860,0.157928,0.343321,0.498752,2,2,0.144841
3203,0.233073,0.504836,0.262090,0.157878,0.343214,0.498908,2,2,0.144841
3204,0.233001,0.504679,0.262321,0.157829,0.343107,0.499064,2,2,0.144841
3205,0.232928,0.504521,0.262551,0.157780,0.343000,0.499220,2,2,0.144841
3206,0.232855,0.504364,0.262781,0.157731,0.342893,0.499377,2,2,0.144841
3207,0.232783,0.504207,0.263010,0.157682,0.342786,0.499533,2,2,0.144841
3208,0.232710,0.504050,0.263240,0.157632,0.342679,0.499688,2,2,0.144841
3209,0.232638,0.503893,0.263469,0.157583,0.342572,0.499844,2,2,0.144841
3210,0.232565,0.503736,0.263699,0.157534,0.342466,0.500000,2,2,0.144841
3211,0.232493,0.503579,0.263928,0.157485,0.342359,0.500156,2,2,0.144841
3212,0.232421,0.503423,0.264157,0.157436,0.342253,0.500311,2,2,0.144841
3213,0.232348,0.503266,0.264386,0.157387,0.342146,0.500467,2,2,0.144841
3214,0.232276,0.503109,0.264614,0.157338,0.342040,0.500622,2,2,0.144840
3215,0.232204,0.502953,0.264843,0.157289,0.341933,0.500777,2,2,0.144840
3216,0.232132,0.502797,0.265071,0.157241,0.341827,0.500932,2,2,0.144840
3217,0.232060,0.502641,0.265300,0.157192,0.341721,0.501087,2,2,0.144840
3218,0.231988,0.502484,0.265528,0.157143,0.341615,0.501242,2,2,0.144839
3219,0.231916,0.502328,0.265756,0.157094,0.341509,0.501397,2,2,0.144839
3220,0.231844,0.502173,0.265984,0.157045,0.341403,0.501552,2,2,0.144839
3221,0.231772,0.502017,0.266212,0.156997,0.341297,0.501706,2,2,0.144838
3222,0.231700,0.501861,0.266439,0.156948,0.341191,0.501861,2,2,0.144838
3223,0.231628,0.501705,0.266667,0.156899,0.341085,0.502016,2,2,0.144837
3224,0.231556,0.501550,0.266894,0.156851,0.340980,0.502170,2,2,0.144837
3225,0.231484,0.501394,0.267121,0.156802,0.340874,0.502324,2,2,0.144837
3226,0.231413,0.501239,0.267348,0.156753,0.340768,0.502478,2,2,0.144836
3227,0.231341,0.501084,0.267575,0.156705,0.340663,0.502632,2,2,0.144835
3228,0.231269,0.500929,0.267802,0.156656,0.340557,0.502786,2,2,0.144835
3229,0.231198,0.500774,0.268028,0.156608,0.340452,0.502940,2,2,0.144834
3230,0.231126,0.500619,0.268255,0.156559,0.340347,0.503094,2,2,0.144834
3231,0.231055,0.500464,0.268481,0.156511,0.340241,0.503248,2,2,0.144833
3232,0.230983,0.500309,0.268707,0.156463,0.340136,0.503401,2,2,0.144832
3233,0.230912,0.500155,0.268934,0.156414,0.340031,0.503555,2,2,0.144832
3234,0.230841,0.500000,0.269159,0.156366,0.339926,0.503708,2,2,0.144831
3235,0.230769,0.499846,0.269385,0.156318,0.339821,0.503862,2,2,0.144830
3236,0.230698,0.499691,0.269611,0.156269,0.339716,0.504015,2,2,0.144829
3237,0.230627,0.499537,0.269836,0.156221,0.339611,0.504168,2,2,0.144829
3238,0.230556,0.499383,0.270062,0.156173,0.339506,0.504321,2,2,0.144828
3239,0.230484,0.499229,0.270287,0.156125,0.339401,0.504474,2,2,0.144827
3240,0.230413,0.499075,0.270512,0.156076,0.339297,0.504627,2,2,0.144826
3241,0.230342,0.498921,0.270737,0.156028,0.339192,0.504780,2,2,0.144825
3242,0.230271,0.498767,0.270962,0.155980,0.339088,0.504932,2,2,0.144824
3243,0.230200,0.498613,0.271186,0.155932,0.338983,0.505085,2,2,0.144823
3244,0.230129,0.498460,0.271411,0.155884,0.338879,0.505237,2,2,0.144822
3245,0.230059,0.498306,0.271635,0.155836,0.338774,0.505390,2,2,0.144821
3246,0.229988,0.498153,0.271860,0.155788,0.338670,0.505542,2,2,0.144820
3247,0.229917,0.497999,0.272084,0.155740,0.338566,0.505694,2,2,0.144819
3248,0.229846,0.497846,0.272308,0.155692,0.338462,0.505846,2,2,0.144818
3249,0.229775,0.497693,0.272532,0.155644,0.338357,0.505998,2,2,0.144817
3250,0.229705,0.497540,0.272755,0.155597,0.338253,0.506150,2,2,0.144816
3251,0.229634,0.497387,0.272979,0.155549,0.338149,0.506302,2,2,0.144814
3252,0.229564,0.497234,0.273202,0.155501,0.338045,0.506454,2,2,0.144813
3253,0.229493,0.497081,0.273425,0.155453,0.337942,0.506605,2,2,0.144812
3254,0.229423,0.496929,0.273649,0.155405,0.337838,0.506757,2,2,0.144811
3255,0.229352,0.496776,0.273872,0.155358,0.337734,0.506908,2,2,0.144809
3256,0.229282,0.496624,0.274095,0.155310,0.337630,0.507060,2,2,0.144808
3257,0.229211,0.496471,0.274317,0.155262,0.337527,0.507211,2,2,0.144807
3258,0.229141,0.496319,0.274540,0.155215,0.337423,0.507362,2,2,0.144805
3259,0.229071,0.496167,0.274762,0.155167,0.337320,0.507513,2,2,0.144804
3260,0.229001,0.496015,0.274985,0.155120,0.337216,0.507664,2,2,0.144803
3261,0.228930,0.495863,0.275207,0.155072,0.337113,0.507815,2,2,0.144801
3262,0.228860,0.495711,0.275429,0.155025,0.337010,0.507966,2,2,0.144800
3263,0.228790,0.495559,0.275651,0.154977,0.336907,0.508116,2,2,0.144798
3264,0.228720,0.495407,0.275873,0.154930,0.336803,0.508267,2,2,0.144797
3265,0.228650,0.495256,0.276094,0.154882,0.336700,0.508418,2,2,0.144795
3266,0.228580,0.495104,0.276316,0.154835,0.336597,0.508568,2,2,0.144793
3267,0.228510,0.494953,0.276537,0.154787,0.336494,0.508718,2,2,0.144792
3268,0.228440,0.494801,0.276758,0.154740,0.336391,0.508869,2,2,0.144790
3269,0.228371,0.494650,0.276980,0.154693,0.336289,0.509019,2,2,0.144789
3270,0.228301,0.494499,0.277200,0.154645,0.336186,0.509169,2,2,0.144787
3271,0.228231,0.494348,0.277421,0.154598,0.336083,0.509319,2,2,0.144785
3272,0.228161,0.494197,0.277642,0.154551,0.335980,0.509469,2,2,0.144784
3273,0.228092,0.494046,0.277863,0.154504,0.335878,0.509618,2,2,0.144782
3274,0.228022,0.493895,0.278083,0.154457,0.335775,0.509768,2,2,0.144780
3275,0.227952,0.493744,0.278303,0.154410,0.335673,0.509918,2,2,0.144778
3276,0.227883,0.493594,0.278523,0.154362,0.335570,0.510067,2,2,0.144776
3277,0.227813,0.493443,0.278744,0.154315,0.335468,0.510217,2,2,0.144775
3278,0.227744,0.493293,0.278963,0.154268,0.335366,0.510366,2,2,0.144773
3279,0.227674,0.493142,0.279183,0.154221,0.335264,0.510515,2,2,0.144771
3280,0.227605,0.492992,0.279403,0.154174,0.335161,0.510664,2,2,0.144769
3281,0.227536,0.492842,0.279622,0.154127,0.335059,0.510813,2,2,0.144767
3282,0.227467,0.492692,0.279842,0.154080,0.334957,0.510962,2,2,0.144765
3283,0.227397,0.492542,0.280061,0.154033,0.334855,0.511111,2,2,0.144763
3284,0.227328,0.492392,0.280280,0.153987,0.334753,0.511260,2,2,0.144761
3285,0.227259,0.492242,0.280499,0.153940,0.334652,0.511409,2,2,0.144759
3286,0.227190,0.492092,0.280718,0.153893,0.334550,0.511557,2,2,0.144757
3287,0.227121,0.491943,0.280936,0.153846,0.334448,0.511706,2,2,0.144755
3288,0.227052,0.491793,0.281155,0.153799,0.334347,0.511854,2,2,0.144753
3289,0.226983,0.491644,0.281373,0.153753,0.334245,0.512002,2,2,0.144751
3290,0.226914,0.491495,0.281592,0.153706,0.334143,0.512151,2,2,0.144748
3291,0.226845,0.491345,0.281810,0.153659,0.334042,0.512299,2,2,0.144746
3292,0.226776,0.491196,0.282028,0.153613,0.333940,0.512447,2,2,0.144744
3293,0.226707,0.491047,0.282246,0.153566,0.333839,0.512595,2,2,0.144742
3294,0.226638,0.490898,0.282464,0.153519,0.333738,0.512743,2,2,0.144740
3295,0.226570,0.490749,0.282681,0.153473,0.333637,0.512891,2,2,0.144737
3296,0.226501,0.490600,0.282899,0.153426,0.333535,0.513038,2,2,0.144735
3297,0.226432,0.490452,0.283116,0.153380,0.333434,0.513186,2,2,0.144733
3298,0.226364,0.490303,0.283333,0.153333,0.333333,0.513333,2,2,0.144730
3299,0.226295,0.490154,0.283550,0.153287,0.333232,0.513481,2,2,0.144728
3300,0.226227,0.490006,0.283767,0.153240,0.333131,0.513628,2,2,0.144726
3301,0.226158,0.489858,0.283984,0.153194,0.333031,0.513775,2,2,0.144723
3302,0.226090,0.489709,0.284201,0.153148,0.332930,0.513923,2,2,0.144721
3303,0.226021,0.489561,0.284418,0.153101,0.332829,0.514070,2,2,0.144718
3304,0.225953,0.489413,0.284634,0.153055,0.332728,0.514217,2,2,0.144716
3305,0.225884,0.489265,0.284850,0.153009,0.332628,0.514363,2,2,0.144713
3306,0.225816,0.489117,0.285067,0.152963,0.332527,0.514510,2,2,0.144711
3307,0.225748,0.488969,0.285283,0.152916,0.332427,0.514657,2,2,0.144708
3308,0.225680,0.488822,0.285498,0.152870,0.332326,0.514804,2,2,0.144706
3309,0.225612,0.488674,0.285714,0.152824,0.332226,0.514950,2,2,0.144703
3310,0.225543,0.488527,0.285930,0.152778,0.332126,0.515097,2,2,0.144700
3311,0.225475,0.488379,0.286145,0.152732,0.332025,0.515243,2,2,0.144698
3312,0.225407,0.488232,0.286361,0.152686,0.331925,0.515389,2,2,0.144695
3313,0.225339,0.488084,0.286576,0.152640,0.331825,0.515535,2,2,0.144692
3314,0.225271,0.487937,0.286791,0.152593,0.331725,0.515682,2,2,0.144690
3315,0.225203,0.487790,0.287006,0.152547,0.331625,0.515828,2,2,0.144687
3316,0.225136,0.487643,0.287221,0.152502,0.331525,0.515973,2,2,0.144684
3317,0.225068,0.487496,0.287436,0.152456,0.331425,0.516119,2,2,0.144681
3318,0.225000,0.487349,0.287651,0.152410,0.331325,0.516265,2,2,0.144678
3319,0.224932,0.487203,0.287865,0.152364,0.331226,0.516411,2,2,0.144676
3320,0.224865,0.487056,0.288079,0.152318,0.331126,0.516556,2,2,0.144673
3321,0.224797,0.486909,0.288294,0.152272,0.331026,0.516702,2,2,0.144670
3322,0.224729,0.486763,0.288508,0.152226,0.330927,0.516847,2,2,0.144667
3323,0.224662,0.486617,0.288722,0.152180,0.330827,0.516992,2,2,0.144664
3324,0.224594,0.486470,0.288936,0.152135,0.330728,0.517138,2,2,0.144661
3325,0.224527,0.486324,0.289149,0.152089,0.330628,0.517283,2,2,0.144658
3326,0.224459,0.486178,0.289363,0.152043,0.330529,0.517428,2,2,0.144655
3327,0.224392,0.486032,0.289576,0.151998,0.330430,0.517573,2,2,0.144652
3328,0.224324,0.485886,0.289790,0.151952,0.330330,0.517718,2,2,0.144649
3329,0.224257,0.485740,0.290003,0.151906,0.330231,0.517863,2,2,0.144646
3330,0.224190,0.485594,0.290216,0.151861,0.330132,0.518007,2,2,0.144643
3331,0.224122,0.485449,0.290429,0.151815,0.330033,0.518152,2,2,0.144640
3332,0.224055,0.485303,0.290642,0.151770,0.329934,0.518296,2,2,0.144637
3333,0.223988,0.485157,0.290855,0.151724,0.329835,0.518441,2,2,0.144633
3334,0.223921,0.485012,0.291067,0.151679,0.329736,0.518585,2,2,0.144630
3335,0.223854,0.484867,0.291280,0.151633,0.329637,0.518729,2,2,0.144627
3336,0.223787,0.484721,0.291492,0.151588,0.329539,0.518874,2,2,0.144624
3337,0.223720,0.484576,0.291704,0.151542,0.329440,0.519018,2,2,0.144621
3338,0.223653,0.484431,0.291916,0.151497,0.329341,0.519162,2,2,0.144617
3339,0.223586,0.484286,0.292128,0.151452,0.329243,0.519306,2,2,0.144614
3340,0.223519,0.484141,0.292340,0.151406,0.329144,0.519449,2,2,0.144611
3341,0.223452,0.483996,0.292552,0.151361,0.329046,0.519593,2,2,0.144607
3342,0.223385,0.483852,0.292763,0.151316,0.328947,0.519737,2,2,0.144604
3343,0.223318,0.483707,0.292975,0.151271,0.328849,0.519880,2,2,0.144601
3344,0.223252,0.483562,0.293186,0.151225,0.328751,0.520024,2,2,0.144597
3345,0.223185,0.483418,0.293397,0.151180,0.328653,0.520167,2,2,0.144594
3346,0.223118,0.483274,0.293608,0.151135,0.328554,0.520311,2,2,0.144590
3347,0.223052,0.483129,0.293819,0.151090,0.328456,0.520454,2,2,0.144587
3348,0.222985,0.482985,0.294030,0.151045,0.328358,0.520597,2,2,0.144583
3349,0.222919,0.482841,0.294241,0.151000,0.328260,0.520740,2,2,0.144580
3350,0.222852,0.482697,0.294451,0.150955,0.328162,0.520883,2,2,0.144576
3351,0.222786,0.482553,0.294661,0.150910,0.328064,0.521026,2,2,0.144573
3352,0.222719,0.482409,0.294872,0.150865,0.327967,0.521169,2,2,0.144569
3353,0.222653,0.482265,0.295082,0.150820,0.327869,0.521311,2,2,0.144566
3354,0.222586,0.482122,0.295292,0.150775,0.327771,0.521454,2,2,0.144562
3355,0.222520,0.481978,0.295502,0.150730,0.327674,0.521597,2,2,0.144558
3356,0.222454,0.481834,0.295712,0.150685,0.327576,0.521739,2,2,0.144555
3357,0.222388,0.481691,0.295921,0.150640,0.327478,0.521882,2,2,0.144551
3358,0.222321,0.481548,0.296131,0.150595,0.327381,0.522024,2,2,0.144547
3359,0.222255,0.481404,0.296340,0.150550,0.327284,0.522166,2,2,0.144544
3360,0.222189,0.481261,0.296550,0.150506,0.327186,0.522308,2,2,0.144540
3361,0.222123,0.481118,0.296759,0.150461,0.327089,0.522450,2,2,0.144536
3362,0.222057,0.480975,0.296968,0.150416,0.326992,0.522592,2,2,0.144532
3363,0.221991,0.480832,0.297177,0.150371,0.326895,0.522734,2,2,0.144529
3364,0.221925,0.480689,0.297386,0.150327,0.326797,0.522876,2,2,0.144525
3365,0.221859,0.480546,0.297594,0.150282,0.326700,0.523018,2,2,0.144521
3366,0.221793,0.480404,0.297803,0.150238,0.326603,0.523159,2,2,0.144517
3367,0.221728,0.480261,0.298011,0.150193,0.326506,0.523301,2,2,0.144513
3368,0.221662,0.480119,0.298220,0.150148,0.326409,0.523442,2,2,0.144509
3369,0.221596,0.479976,0.298428,0.150104,0.326313,0.523584,2,2,0.144505
3370,0.221530,0.479834,0.298636,0.150059,0.326216,0.523725,2,2,0.144501
3371,0.221465,0.479692,0.298844,0.150015,0.326119,0.523866,2,2,0.144497
3372,0.221399,0.479549,0.299052,0.149970,0.326023,0.524007,2,2,0.144493
3373,0.221333,0.479407,0.299259,0.149926,0.325926,0.524148,2,2,0.144489
3374,0.221268,0.479265,0.299467,0.149882,0.325829,0.524289,2,2,0.144485
3375,0.221202,0.479123,0.299674,0.149837,0.325733,0.524430,2,2,0.144481
3376,0.221137,0.478982,0.299882,0.149793,0.325636,0.524571,2,2,0.144477
3377,0.221071,0.478840,0.300089,0.149748,0.325540,0.524711,2,2,0.144473
3378,0.221006,0.478698,0.300296,0.149704,0.325444,0.524852,2,2,0.144469
3379,0.220941,0.478557,0.300503,0.149660,0.325348,0.524993,2,2,0.144465
3380,0.220875,0.478415,0.300710,0.149616,0.325251,0.525133,2,2,0.144461
3381,0.220810,0.478274,0.300916,0.149571,0.325155,0.525273,2,2,0.144457
3382,0.220745,0.478132,0.301123,0.149527,0.325059,0.525414,2,2,0.144452
3383,0.220679,0.477991,0.301329,0.149483,0.324963,0.525554,2,2,0.144448
3384,0.220614,0.477850,0.301536,0.149439,0.324867,0.525694,2,2,0.144444
3385,0.220549,0.477709,0.301742,0.149395,0.324771,0.525834,2,2,0.144440
3386,0.220484,0.477568,0.301948,0.149351,0.324675,0.525974,2,2,0.144435
3387,0.220419,0.477427,0.302154,0.149307,0.324580,0.526114,2,2,0.144431
3388,0.220354,0.477286,0.302360,0.149263,0.324484,0.526254,2,2,0.144427
3389,0.220289,0.477145,0.302566,0.149219,0.324388,0.526393,2,2,0.144423
3390,0.220224,0.477005,0.302771,0.149175,0.324292,0.526533,2,2,0.144418
3391,0.220159,0.476864,0.302977,0.149131,0.324197,0.526673,2,2,0.144414
3392,0.220094,0.476724,0.303182,0.149087,0.324101,0.526812,2,2,0.144409
3393,0.220029,0.476583,0.303387,0.149043,0.324006,0.526951,2,2,0.144405
3394,0.219965,0.476443,0.303592,0.148999,0.323910,0.527091,2,2,0.144401
3395,0.219900,0.476303,0.303797,0.148955,0.323815,0.527230,2,2,0.144396
3396,0.219835,0.476162,0.304002,0.148911,0.323720,0.527369,2,2,0.144392
3397,0.219771,0.476022,0.304207,0.148867,0.323625,0.527508,2,2,0.144387
3398,0.219706,0.475882,0.304412,0.148824,0.323529,0.527647,2,2,0.144383
3399,0.219641,0.475742,0.304616,0.148780,0.323434,0.527786,2,2,0.144378
3400,0.219577,0.475603,0.304821,0.148736,0.323339,0.527925,2,2,0.144374
3401,0.219512,0.475463,0.305025,0.148692,0.323244,0.528063,2,2,0.144369
3402,0.219448,0.475323,0.305229,0.148649,0.323149,0.528202,2,2,0.144364
3403,0.219383,0.475184,0.305433,0.148605,0.323054,0.528341,2,2,0.144360
3404,0.219319,0.475044,0.305637,0.148561,0.322959,0.528479,2,2,0.144355
3405,0.219254,0.474905,0.305841,0.148518,0.322865,0.528618,2,2,0.144350
3406,0.219190,0.474765,0.306045,0.148474,0.322770,0.528756,2,2,0.144346
3407,0.219126,0.474626,0.306248,0.148431,0.322675,0.528894,2,2,0.144341
3408,0.219062,0.474487,0.306452,0.148387,0.322581,0.529032,2,2,0.144336
3409,0.218997,0.474348,0.306655,0.148344,0.322486,0.529170,2,2,0.144332
3410,0.218933,0.474209,0.306858,0.148300,0.322392,0.529308,2,2,0.144327
3411,0.218869,0.474070,0.307061,0.148257,0.322297,0.529446,2,2,0.144322
3412,0.218805,0.473931,0.307264,0.148213,0.322203,0.529584,2,2,0.144317
3413,0.218741,0.473792,0.307467,0.148170,0.322108,0.529722,2,2,0.144313
3414,0.218677,0.473653,0.307670,0.148126,0.322014,0.529859,2,2,0.144308
3415,0.218613,0.473515,0.307872,0.148083,0.321920,0.529997,2,2,0.144303
3416,0.218549,0.473376,0.308075,0.148040,0.321826,0.530135,2,2,0.144298
3417,0.218485,0.473238,0.308277,0.147996,0.321732,0.530272,2,2,0.144293
3418,0.218421,0.473099,0.308480,0.147953,0.321637,0.530409,2,2,0.144288
3419,0.218357,0.472961,0.308682,0.147910,0.321543,0.530547,2,2,0.144283
3420,0.218293,0.472823,0.308884,0.147867,0.321449,0.530684,2,2,0.144278
3421,0.218230,0.472685,0.309086,0.147824,0.321356,0.530821,2,2,0.144273
3422,0.218166,0.472547,0.309287,0.147780,0.321262,0.530958,2,2,0.144268
3423,0.218102,0.472409,0.309489,0.147737,0.321168,0.531095,2,2,0.144263
3424,0.218039,0.472271,0.309691,0.147694,0.321074,0.531232,2,2,0.144258
3425,0.217975,0.472133,0.309892,0.147651,0.320980,0.531369,2,2,0.144253
3426,0.217911,0.471995,0.310093,0.147608,0.320887,0.531505,2,2,0.144248
3427,0.217848,0.471858,0.310295,0.147565,0.320793,0.531642,2,2,0.144243
3428,0.217784,0.471720,0.310496,0.147522,0.320700,0.531778,2,2,0.144238
3429,0.217721,0.471583,0.310697,0.147479,0.320606,0.531915,2,2,0.144233
3430,0.217657,0.471445,0.310897,0.147436,0.320513,0.532051,2,2,0.144228
3431,0.217594,0.471308,0.311098,0.147393,0.320419,0.532188,2,2,0.144223
3432,0.217531,0.471171,0.311299,0.147350,0.320326,0.532324,2,2,0.144218
3433,0.217467,0.471033,0.311499,0.147307,0.320233,0.532460,2,2,0.144212
3434,0.217404,0.470896,0.311700,0.147264,0.320140,0.532596,2,2,0.144207
3435,0.217341,0.470759,0.311900,0.147221,0.320047,0.532732,2,2,0.144202
3436,0.217277,0.470622,0.312100,0.147179,0.319953,0.532868,2,2,0.144197
3437,0.217214,0.470486,0.312300,0.147136,0.319860,0.533004,2,2,0.144192
3438,0.217151,0.470349,0.312500,0.147093,0.319767,0.533140,2,2,0.144186
3439,0.217088,0.470212,0.312700,0.147050,0.319675,0.533275,2,2,0.144181
3440,0.217025,0.470076,0.312899,0.147008,0.319582,0.533411,2,2,0.144176
3441,0.216962,0.469939,0.313099,0.146965,0.319489,0.533546,2,2,0.144170
3442,0.216899,0.469803,0.313298,0.146922,0.319396,0.533682,2,2,0.144165
3443,0.216836,0.469666,0.313498,0.146880,0.319303,0.533817,2,2,0.144160
3444,0.216773,0.469530,0.313697,0.146837,0.319211,0.533952,2,2,0.144154
3445,0.216710,0.469394,0.313896,0.146794,0.319118,0.534088,2,2,0.144149
3446,0.216647,0.469258,0.314095,0.146752,0.319026,0.534223,2,2,0.144143
3447,0.216585,0.469121,0.314294,0.146709,0.318933,0.534358,2,2,0.144138
3448,0.216522,0.468986,0.314493,0.146667,0.318841,0.534493,2,2,0.144133
3449,0.216459,0.468850,0.314691,0.146624,0.318748,0.534628,2,2,0.144127
3450,0.216396,0.468714,0.314890,0.146582,0.318656,0.534762,2,2,0.144122
3451,0.216334,0.468578,0.315088,0.146539,0.318564,0.534897,2,2,0.144116
3452,0.216271,0.468442,0.315287,0.146497,0.318471,0.535032,2,2,0.144111
3453,0.216208,0.468307,0.315485,0.146454,0.318379,0.535166,2,2,0.144105
3454,0.216146,0.468171,0.315683,0.146412,0.318287,0.535301,2,2,0.144099
3455,0.216083,0.468036,0.315881,0.146370,0.318195,0.535435,2,2,0.144094
3456,0.216021,0.467901,0.316079,0.146327,0.318103,0.535570,2,2,0.144088
3457,0.215958,0.467765,0.316276,0.146285,0.318011,0.535704,2,2,0.144083
3458,0.215896,0.467630,0.316474,0.146243,0.317919,0.535838,2,2,0.144077
3459,0.215834,0.467495,0.316671,0.146201,0.317827,0.535972,2,2,0.144071
3460,0.215771,0.467360,0.316869,0.146158,0.317735,0.536106,2,2,0.144066
3461,0.215709,0.467225,0.317066,0.146116,0.317644,0.536240,2,2,0.144060
3462,0.215647,0.467090,0.317263,0.146074,0.317552,0.536374,2,2,0.144054
3463,0.215584,0.466955,0.317460,0.146032,0.317460,0.536508,2,2,0.144049
3464,0.215522,0.466821,0.317657,0.145990,0.317369,0.536642,2,2,0.144043
3465,0.215460,0.466686,0.317854,0.145948,0.317277,0.536775,2,2,0.144037
3466,0.215398,0.466551,0.318051,0.145905,0.317186,0.536909,2,2,0.144031
3467,0.215336,0.466417,0.318247,0.145863,0.317094,0.537042,2,2,0.144026
3468,0.215274,0.466282,0.318444,0.145821,0.317003,0.537176,2,2,0.144020
3469,0.215212,0.466148,0.318640,0.145779,0.316912,0.537309,2,2,0.144014
3470,0.215150,0.466014,0.318836,0.145737,0.316820,0.537442,2,2,0.144008
3471,0.215088,0.465880,0.319033,0.145695,0.316729,0.537576,2,2,0.144002
3472,0.215026,0.465746,0.319229,0.145653,0.316638,0.537709,2,2,0.143996
3473,0.214964,0.465612,0.319424,0.145612,0.316547,0.537842,2,2,0.143991
3474,0.214902,0.465478,0.319620,0.145570,0.316456,0.537975,2,2,0.143985
3475,0.214840,0.465344,0.319816,0.145528,0.316365,0.538108,2,2,0.143979
3476,0.214779,0.465210,0.320012,0.145486,0.316274,0.538240,2,2,0.143973
3477,0.214717,0.465076,0.320207,0.145444,0.316183,0.538373,2,2,0.143967
3478,0.214655,0.464943,0.320402,0.145402,0.316092,0.538506,2,2,0.143961
3479,0.214594,0.464809,0.320598,0.145361,0.316001,0.538638,2,2,0.143955
3480,0.214532,0.464675,0.320793,0.145319,0.315910,0.538771,2,2,0.143949
3481,0.214470,0.464542,0.320988,0.145277,0.315820,0.538903,2,2,0.143943
3482,0.214409,0.464409,0.321183,0.145235,0.315729,0.539036,2,2,0.143937
3483,0.214347,0.464275,0.321377,0.145194,0.315638,0.539168,2,2,0.143931
3484,0.214286,0.464142,0.321572,0.145152,0.315548,0.539300,2,2,0.143925
3485,0.214224,0.464009,0.321767,0.145110,0.315457,0.539432,2,2,0.143919
3486,0.214163,0.463876,0.321961,0.145069,0.315367,0.539564,2,2,0.143912
3487,0.214101,0.463743,0.322155,0.145027,0.315277,0.539696,2,2,0.143906
3488,0.214040,0.463610,0.322350,0.144986,0.315186,0.539828,2,2,0.143900
3489,0.213979,0.463478,0.322544,0.144944,0.315096,0.539960,2,2,0.143894
3490,0.213918,0.463345,0.322738,0.144903,0.315006,0.540092,2,2,0.143888
3491,0.213856,0.463212,0.322932,0.144861,0.314916,0.540223,2,2,0.143882
3492,0.213795,0.463080,0.323125,0.144820,0.314825,0.540355,2,2,0.143875
3493,0.213734,0.462947,0.323319,0.144778,0.314735,0.540486,2,2,0.143869
3494,0.213673,0.462815,0.323513,0.144737,0.314645,0.540618,2,2,0.143863
3495,0.213612,0.462682,0.323706,0.144695,0.314555,0.540749,2,2,0.143857
3496,0.213551,0.462550,0.323899,0.144654,0.314465,0.540881,2,2,0.143850
3497,0.213490,0.462418,0.324093,0.144613,0.314376,0.541012,2,2,0.143844
3498,0.213429,0.462286,0.324286,0.144571,0.314286,0.541143,2,2,0.143838
3499,0.213368,0.462154,0.324479,0.144530,0.314196,0.541274,2,2,0.143831
3500,0.213307,0.462022,0.324672,0.144489,0.314106,0.541405,2,2,0.143825
3501,0.213246,0.461890,0.324864,0.144448,0.314017,0.541536,2,2,0.143819
3502,0.213185,0.461758,0.325057,0.144406,0.313927,0.541667,2,2,0.143812
3503,0.213124,0.461626,0.325250,0.144365,0.313837,0.541797,2,2,0.143806
3504,0.213063,0.461495,0.325442,0.144324,0.313748,0.541928,2,2,0.143800
3505,0.213003,0.461363,0.325634,0.144283,0.313658,0.542059,2,2,0.143793
3506,0.212942,0.461231,0.325827,0.144242,0.313569,0.542189,2,2,0.143787
3507,0.212881,0.461100,0.326019,0.144201,0.313480,0.542320,2,2,0.143780
3508,0.212821,0.460969,0.326211,0.144160,0.313390,0.542450,2,2,0.143774
3509,0.212760,0.460837,0.326403,0.144118,0.313301,0.542580,2,2,0.143767
3510,0.212699,0.460706,0.326595,0.144077,0.313212,0.542711,2,2,0.143761
3511,0.212639,0.460575,0.326786,0.144036,0.313123,0.542841,2,2,0.143754
3512,0.212578,0.460444,0.326978,0.143995,0.313034,0.542971,2,2,0.143748
3513,0.212518,0.460313,0.327169,0.143954,0.312945,0.543101,2,2,0.143741
3514,0.212457,0.460182,0.327361,0.143914,0.312856,0.543231,2,2,0.143735
3515,0.212397,0.460051,0.327552,0.143873,0.312767,0.543361,2,2,0.143728
3516,0.212337,0.459920,0.327743,0.143832,0.312678,0.543491,2,2,0.143722
3517,0.212276,0.459790,0.327934,0.143791,0.312589,0.543620,2,2,0.143715
3518,0.212216,0.459659,0.328125,0.143750,0.312500,0.543750,2,2,0.143708
3519,0.212156,0.459529,0.328316,0.143709,0.312411,0.543880,2,2,0.143702
3520,0.212095,0.459398,0.328507,0.143668,0.312323,0.544009,2,2,0.143695
3521,0.212035,0.459268,0.328697,0.143628,0.312234,0.544139,2,2,0.143688
3522,0.211975,0.459137,0.328888,0.143587,0.312145,0.544268,2,2,0.143682
3523,0.211915,0.459007,0.329078,0.143546,0.312057,0.544397,2,2,0.143675
3524,0.211855,0.458877,0.329268,0.143505,0.311968,0.544526,2,2,0.143668
3525,0.211795,0.458747,0.329458,0.143465,0.311880,0.544656,2,2,0.143661
3526,0.211735,0.458617,0.329649,0.143424,0.311791,0.544785,2,2,0.143655
3527,0.211675,0.458487,0.329838,0.143383,0.311703,0.544914,2,2,0.143648
3528,0.211615,0.458357,0.330028,0.143343,0.311615,0.545042,2,2,0.143641
3529,0.211555,0.458227,0.330218,0.143302,0.311526,0.545171,2,2,0.143634
3530,0.211495,0.458097,0.330408,0.143262,0.311438,0.545300,2,2,0.143628
3531,0.211435,0.457968,0.330597,0.143221,0.311350,0.545429,2,2,0.143621
3532,0.211375,0.457838,0.330787,0.143181,0.311262,0.545557,2,2,0.143614
3533,0.211315,0.457709,0.330976,0.143140,0.311174,0.545686,2,2,0.143607
3534,0.211256,0.457579,0.331165,0.143100,0.311086,0.545814,2,2,0.143600
3535,0.211196,0.457450,0.331354,0.143059,0.310998,0.545943,2,2,0.143593
3536,0.211136,0.457321,0.331543,0.143019,0.310910,0.546071,2,2,0.143586
3537,0.211077,0.457191,0.331732,0.142978,0.310822,0.546199,2,2,0.143579
3538,0.211017,0.457062,0.331921,0.142938,0.310734,0.546328,2,2,0.143572
3539,0.210957,0.456933,0.332110,0.142897,0.310647,0.546456,2,2,0.143566
3540,0.210898,0.456804,0.332298,0.142857,0.310559,0.546584,2,2,0.143559
3541,0.210838,0.456675,0.332487,0.142817,0.310471,0.546712,2,2,0.143552
3542,0.210779,0.456546,0.332675,0.142777,0.310384,0.546840,2,2,0.143545
3543,0.210719,0.456417,0.332863,0.142736,0.310296,0.546968,2,2,0.143538
3544,0.210660,0.456289,0.333051,0.142696,0.310209,0.547095,2,2,0.143531
3545,0.210601,0.456160,0.333239,0.142656,0.310121,0.547223,2,2,0.143524
3546,0.210541,0.456032,0.333427,0.142616,0.310034,0.547351,2,2,0.143516
3547,0.210482,0.455903,0.333615,0.142575,0.309946,0.547478,2,2,0.143509
3548,0.210423,0.455775,0.333803,0.142535,0.309859,0.547606,2,2,0.143502
3549,0.210363,0.455646,0.333990,0.142495,0.309772,0.547733,2,2,0.143495
3550,0.210304,0.455518,0.334178,0.142455,0.309685,0.547860,2,2,0.143488
3551,0.210245,0.455390,0.334365,0.142415,0.309598,0.547988,2,2,0.143481
3552,0.210186,0.455262,0.334553,0.142375,0.309510,0.548115,2,2,0.143474
3553,0.210127,0.455134,0.334740,0.142335,0.309423,0.548242,2,2,0.143467
3554,0.210067,0.455006,0.334927,0.142295,0.309336,0.548369,2,2,0.143460
3555,0.210008,0.454878,0.335114,0.142255,0.309249,0.548496,2,2,0.143452
3556,0.209949,0.454750,0.335301,0.142215,0.309162,0.548623,2,2,0.143445
3557,0.209890,0.454622,0.335487,0.142175,0.309076,0.548750,2,2,0.143438
3558,0.209831,0.454494,0.335674,0.142135,0.308989,0.548876,2,2,0.143431
3559,0.209773,0.454367,0.335861,0.142095,0.308902,0.549003,2,2,0.143423
3560,0.209714,0.454239,0.336047,0.142055,0.308815,0.549130,2,2,0.143416
3561,0.209655,0.454112,0.336234,0.142015,0.308729,0.549256,2,2,0.143409
3562,0.209596,0.453984,0.336420,0.141975,0.308642,0.549383,2,2,0.143402
3563,0.209537,0.453857,0.336606,0.141935,0.308555,0.549509,2,2,0.143394
3564,0.209478,0.453730,0.336792,0.141896,0.308469,0.549635,2,2,0.143387
3565,0.209420,0.453602,0.336978,0.141856,0.308382,0.549762,2,2,0.143380
3566,0.209361,0.453475,0.337164,0.141816,0.308296,0.549888,2,2,0.143372
3567,0.209302,0.453348,0.337349,0.141776,0.308210,0.550014,2,2,0.143365
3568,0.209244,0.453221,0.337535,0.141737,0.308123,0.550140,2,2,0.143358
3569,0.209185,0.453094,0.337721,0.141697,0.308037,0.550266,2,2,0.143350
3570,0.209127,0.452968,0.337906,0.141657,0.307951,0.550392,2,2,0.143343
3571,0.209068,0.452841,0.338091,0.141618,0.307865,0.550518,2,2,0.143335
3572,0.209010,0.452714,0.338276,0.141578,0.307778,0.550644,2,2,0.143328
3573,0.208951,0.452587,0.338462,0.141538,0.307692,0.550769,2,2,0.143320
3574,0.208893,0.452461,0.338647,0.141499,0.307606,0.550895,2,2,0.143313
3575,0.208834,0.452334,0.338831,0.141459,0.307520,0.551020,2,2,0.143306
3576,0.208776,0.452208,0.339016,0.141420,0.307434,0.551146,2,2,0.143298
3577,0.208718,0.452082,0.339201,0.141380,0.307348,0.551271,2,2,0.143291
3578,0.208659,0.451955,0.339385,0.141341,0.307263,0.551397,2,2,0.143283
3579,0.208601,0.451829,0.339570,0.141301,0.307177,0.551522,2,2,0.143276
3580,0.208543,0.451703,0.339754,0.141262,0.307091,0.551647,2,2,0.143268
3581,0.208485,0.451577,0.339939,0.141222,0.307005,0.551772,2,2,0.143260
3582,0.208426,0.451451,0.340123,0.141183,0.306920,0.551897,2,2,0.143253
3583,0.208368,0.451325,0.340307,0.141144,0.306834,0.552022,2,2,0.143245
3584,0.208310,0.451199,0.340491,0.141104,0.306748,0.552147,2,2,0.143238
3585,0.208252,0.451073,0.340675,0.141065,0.306663,0.552272,2,2,0.143230
3586,0.208194,0.450948,0.340858,0.141026,0.306577,0.552397,2,2,0.143222
3587,0.208136,0.450822,0.341042,0.140986,0.306492,0.552522,2,2,0.143215
3588,0.208078,0.450696,0.341226,0.140947,0.306407,0.552646,2,2,0.143207
3589,0.208020,0.450571,0.341409,0.140908,0.306321,0.552771,2,2,0.143199
3590,0.207962,0.450445,0.341592,0.140869,0.306236,0.552895,2,2,0.143192
3591,0.207904,0.450320,0.341776,0.140829,0.306151,0.553020,2,2,0.143184
3592,0.207846,0.450195,0.341959,0.140790,0.306066,0.553144,2,2,0.143176
3593,0.207789,0.450070,0.342142,0.140751,0.305981,0.553268,2,2,0.143169
3594,0.207731,0.449944,0.342325,0.140712,0.305895,0.553393,2,2,0.143161
3595,0.207673,0.449819,0.342508,0.140673,0.305810,0.553517,2,2,0.143153
3596,0.207615,0.449694,0.342690,0.140634,0.305725,0.553641,2,2,0.143145
3597,0.207558,0.449569,0.342873,0.140595,0.305640,0.553765,2,2,0.143138
3598,0.207500,0.449444,0.343056,0.140556,0.305556,0.553889,2,2,0.143130
3599,0.207442,0.449320,0.343238,0.140517,0.305471,0.554013,2,2,0.143122
3600,0.207385,0.449195,0.343420,0.140478,0.305386,0.554137,2,2,0.143114
3601,0.207327,0.449070,0.343603,0.140439,0.305301,0.554260,2,2,0.143106
3602,0.207270,0.448946,0.343785,0.140400,0.305216,0.554384,2,2,0.143099
3603,0.207212,0.448821,0.343967,0.140361,0.305132,0.554508,2,2,0.143091
3604,0.207155,0.448697,0.344149,0.140322,0.305047,0.554631,2,2,0.143083
3605,0.207097,0.448572,0.344330,0.140283,0.304963,0.554755,2,2,0.143075
3606,0.207040,0.448448,0.344512,0.140244,0.304878,0.554878,2,2,0.143067
3607,0.206983,0.448324,0.344694,0.140205,0.304794,0.555001,2,2,0.143059
3608,0.206925,0.448199,0.344875,0.140166,0.304709,0.555125,2,2,0.143051
3609,0.206868,0.448075,0.345057,0.140127,0.304625,0.555248,2,2,0.143043
3610,0.206811,0.447951,0.345238,0.140089,0.304540,0.555371,2,2,0.143035
3611,0.206753,0.447827,0.345419,0.140050,0.304456,0.555494,2,2,0.143027
3612,0.206696,0.447703,0.345600,0.140011,0.304372,0.555617,2,2,0.143019
3613,0.206639,0.447580,0.345781,0.139972,0.304288,0.555740,2,2,0.143011
3614,0.206582,0.447456,0.345962,0.139934,0.304204,0.555863,2,2,0.143003
3615,0.206525,0.447332,0.346143,0.139895,0.304119,0.555986,2,2,0.142995
3616,0.206468,0.447208,0.346324,0.139856,0.304035,0.556108,2,2,0.142987
3617,0.206411,0.447085,0.346505,0.139818,0.303951,0.556231,2,2,0.142979
3618,0.206354,0.446961,0.346685,0.139779,0.303867,0.556354,2,2,0.142971
3619,0.206297,0.446838,0.346866,0.139740,0.303783,0.556476,2,2,0.142963
3620,0.206240,0.446715,0.347046,0.139702,0.303700,0.556599,2,2,0.142955
3621,0.206183,0.446591,0.347226,0.139663,0.303616,0.556721,2,2,0.142947
3622,0.206126,0.446468,0.347406,0.139625,0.303532,0.556843,2,2,0.142939
3623,0.206069,0.446345,0.347586,0.139586,0.303448,0.556966,2,2,0.142931
3624,0.206012,0.446222,0.347766,0.139548,0.303365,0.557088,2,2,0.142923
3625,0.205955,0.446099,0.347946,0.139509,0.303281,0.557210,2,2,0.142915
3626,0.205899,0.445976,0.348126,0.139471,0.303197,0.557332,2,2,0.142906
3627,0.205842,0.445853,0.348305,0.139432,0.303114,0.557454,2,2,0.142898
3628,0.205785,0.445730,0.348485,0.139394,0.303030,0.557576,2,2,0.142890
3629,0.205728,0.445607,0.348664,0.139356,0.302947,0.557698,2,2,0.142882
3630,0.205672,0.445485,0.348844,0.139317,0.302863,0.557819,2,2,0.142874
3631,0.205615,0.445362,0.349023,0.139279,0.302780,0.557941,2,2,0.142865
3632,0.205559,0.445239,0.349202,0.139241,0.302697,0.558063,2,2,0.142857
3633,0.205502,0.445117,0.349381,0.139202,0.302613,0.558184,2,2,0.142849
3634,0.205446,0.444994,0.349560,0.139164,0.302530,0.558306,2,2,0.142841
3635,0.205389,0.444872,0.349739,0.139126,0.302447,0.558427,2,2,0.142832
3636,0.205333,0.444750,0.349918,0.139087,0.302364,0.558549,2,2,0.142824
3637,0.205276,0.444628,0.350096,0.139049,0.302281,0.558670,2,2,0.142816
3638,0.205220,0.444505,0.350275,0.139011,0.302198,0.558791,2,2,0.142808
3639,0.205163,0.444383,0.350453,0.138973,0.302115,0.558912,2,2,0.142799
3640,0.205107,0.444261,0.350632,0.138935,0.302032,0.559033,2,2,0.142791
3641,0.205051,0.444139,0.350810,0.138897,0.301949,0.559155,2,2,0.142783
3642,0.204995,0.444018,0.350988,0.138858,0.301866,0.559276,2,2,0.142774
3643,0.204938,0.443896,0.351166,0.138820,0.301783,0.559396,2,2,0.142766
3644,0.204882,0.443774,0.351344,0.138782,0.301700,0.559517,2,2,0.142757
3645,0.204826,0.443652,0.351522,0.138744,0.301618,0.559638,2,2,0.142749
3646,0.204770,0.443531,0.351700,0.138706,0.301535,0.559759,2,2,0.142741
3647,0.204714,0.443409,0.351877,0.138668,0.301452,0.559879,2,2,0.142732
3648,0.204658,0.443288,0.352055,0.138630,0.301370,0.560000,2,2,0.142724
3649,0.204601,0.443166,0.352232,0.138592,0.301287,0.560121,2,2,0.142715
3650,0.204545,0.443045,0.352410,0.138554,0.301205,0.560241,2,2,0.142707
3651,0.204489,0.442924,0.352587,0.138516,0.301122,0.560361,2,2,0.142698
3652,0.204433,0.442802,0.352764,0.138478,0.301040,0.560482,2,2,0.142690
3653,0.204378,0.442681,0.352941,0.138440,0.300958,0.560602,2,2,0.142681
3654,0.204322,0.442560,0.353118,0.138403,0.300875,0.560722,2,2,0.142673
3655,0.204266,0.442439,0.353295,0.138365,0.300793,0.560842,2,2,0.142664
3656,0.204210,0.442318,0.353472,0.138327,0.300711,0.560962,2,2,0.142656
3657,0.204154,0.442197,0.353649,0.138289,0.300629,0.561082,2,2,0.142647
3658,0.204098,0.442077,0.353825,0.138251,0.300546,0.561202,2,2,0.142639
3659,0.204043,0.441956,0.354002,0.138214,0.300464,0.561322,2,2,0.142630
3660,0.203987,0.441835,0.354178,0.138176,0.300382,0.561442,2,2,0.142622
3661,0.203931,0.441714,0.354354,0.138138,0.300300,0.561562,2,2,0.142613
3662,0.203876,0.441594,0.354531,0.138100,0.300218,0.561681,2,2,0.142605
3663,0.203820,0.441473,0.354707,0.138063,0.300136,0.561801,2,2,0.142596
3664,0.203764,0.441353,0.354883,0.138025,0.300055,0.561920,2,2,0.142587
3665,0.203709,0.441233,0.355059,0.137987,0.299973,0.562040,2,2,0.142579
3666,0.203653,0.441112,0.355234,0.137950,0.299891,0.562159,2,2,0.142570
3667,0.203598,0.440992,0.355410,0.137912,0.299809,0.562279,2,2,0.142561
3668,0.203542,0.440872,0.355586,0.137875,0.299728,0.562398,2,2,0.142553
3669,0.203487,0.440752,0.355761,0.137837,0.299646,0.562517,2,2,0.142544
3670,0.203431,0.440632,0.355937,0.137800,0.299564,0.562636,2,2,0.142535
3671,0.203376,0.440512,0.356112,0.137762,0.299483,0.562755,2,2,0.142527
3672,0.203321,0.440392,0.356287,0.137725,0.299401,0.562874,2,2,0.142518
3673,0.203265,0.440272,0.356463,0.137687,0.299320,0.562993,2,2,0.142509
3674,0.203210,0.440152,0.356638,0.137650,0.299238,0.563112,2,2,0.142500
3675,0.203155,0.440033,0.356813,0.137612,0.299157,0.563231,2,2,0.142492
3676,0.203100,0.439913,0.356987,0.137575,0.299076,0.563350,2,2,0.142483
3677,0.203044,0.439793,0.357162,0.137537,0.298994,0.563468,2,2,0.142474
3678,0.202989,0.439674,0.357337,0.137500,0.298913,0.563587,2,2,0.142465
3679,0.202934,0.439554,0.357512,0.137463,0.298832,0.563706,2,2,0.142457
3680,0.202879,0.439435,0.357686,0.137425,0.298751,0.563824,2,2,0.142448
3681,0.202824,0.439316,0.357860,0.137388,0.298670,0.563942,2,2,0.142439
3682,0.202769,0.439197,0.358035,0.137351,0.298588,0.564061,2,2,0.142430
3683,0.202714,0.439077,0.358209,0.137313,0.298507,0.564179,2,2,0.142421
3684,0.202659,0.438958,0.358383,0.137276,0.298426,0.564297,2,2,0.142412
3685,0.202604,0.438839,0.358557,0.137239,0.298346,0.564416,2,2,0.142404
3686,0.202549,0.438720,0.358731,0.137202,0.298265,0.564534,2,2,0.142395
3687,0.202494,0.438601,0.358905,0.137165,0.298184,0.564652,2,2,0.142386
3688,0.202439,0.438482,0.359079,0.137127,0.298103,0.564770,2,2,0.142377
3689,0.202384,0.438364,0.359252,0.137090,0.298022,0.564888,2,2,0.142368
3690,0.202329,0.438245,0.359426,0.137053,0.297941,0.565005,2,2,0.142359
3691,0.202275,0.438126,0.359599,0.137016,0.297861,0.565123,2,2,0.142350
3692,0.202220,0.438008,0.359773,0.136979,0.297780,0.565241,2,2,0.142341
3693,0.202165,0.437889,0.359946,0.136942,0.297700,0.565359,2,2,0.142332
3694,0.202110,0.437771,0.360119,0.136905,0.297619,0.565476,2,2,0.142323
3695,0.202056,0.437652,0.360292,0.136868,0.297539,0.565594,2,2,0.142314
3696,0.202001,0.437534,0.360465,0.136831,0.297458,0.565711,2,2,0.142305
3697,0.201946,0.437416,0.360638,0.136794,0.297378,0.565829,2,2,0.142296
3698,0.201892,0.437297,0.360811,0.136757,0.297297,0.565946,2,2,0.142287
3699,0.201837,0.437179,0.360984,0.136720,0.297217,0.566063,2,2,0.142278
3700,0.201783,0.437061,0.361156,0.136683,0.297137,0.566180,2,2,0.142269
3701,0.201728,0.436943,0.361329,0.136646,0.297056,0.566298,2,2,0.142260
3702,0.201674,0.436825,0.361501,0.136609,0.296976,0.566415,2,2,0.142251
3703,0.201619,0.436707,0.361673,0.136572,0.296896,0.566532,2,2,0.142242
3704,0.201565,0.436589,0.361846,0.136535,0.296816,0.566649,2,2,0.142233
3705,0.201511,0.436472,0.362018,0.136499,0.296736,0.566766,2,2,0.142224
3706,0.201456,0.436354,0.362190,0.136462,0.296656,0.566882,2,2,0.142215
3707,0.201402,0.436236,0.362362,0.136425,0.296576,0.566999,2,2,0.142206
3708,0.201348,0.436119,0.362534,0.136388,0.296496,0.567116,2,2,0.142197
3709,0.201293,0.436001,0.362705,0.136351,0.296416,0.567233,2,2,0.142187
3710,0.201239,0.435884,0.362877,0.136315,0.296336,0.567349,2,2,0.142178
3711,0.201185,0.435766,0.363049,0.136278,0.296256,0.567466,2,2,0.142169
3712,0.201131,0.435649,0.363220,0.136241,0.296177,0.567582,2,2,0.142160
3713,0.201077,0.435532,0.363392,0.136205,0.296097,0.567699,2,2,0.142151
3714,0.201023,0.435414,0.363563,0.136168,0.296017,0.567815,2,2,0.142142
3715,0.200969,0.435297,0.363734,0.136131,0.295938,0.567931,2,2,0.142132
3716,0.200914,0.435180,0.363905,0.136095,0.295858,0.568047,2,2,0.142123
3717,0.200860,0.435063,0.364076,0.136058,0.295778,0.568163,2,2,0.142114
3718,0.200806,0.434946,0.364247,0.136022,0.295699,0.568280,2,2,0.142105
3719,0.200752,0.434829,0.364418,0.135985,0.295619,0.568396,2,2,0.142096
3720,0.200699,0.434713,0.364589,0.135948,0.295540,0.568512,2,2,0.142086
3721,0.200645,0.434596,0.364760,0.135912,0.295461,0.568627,2,2,0.142077
3722,0.200591,0.434479,0.364930,0.135875,0.295381,0.568743,2,2,0.142068
3723,0.200537,0.434362,0.365101,0.135839,0.295302,0.568859,2,2,0.142059
3724,0.200483,0.434246,0.365271,0.135802,0.295223,0.568975,2,2,0.142049
3725,0.200429,0.434129,0.365441,0.135766,0.295144,0.569090,2,2,0.142040
3726,0.200376,0.434013,0.365612,0.135730,0.295064,0.569206,2,2,0.142031
3727,0.200322,0.433896,0.365782,0.135693,0.294985,0.569322,2,2,0.142021
3728,0.200268,0.433780,0.365952,0.135657,0.294906,0.569437,2,2,0.142012
3729,0.200214,0.433664,0.366122,0.135620,0.294827,0.569552,2,2,0.142003
3730,0.200161,0.433548,0.366292,0.135584,0.294748,0.569668,2,2,0.141993
3731,0.200107,0.433432,0.366461,0.135548,0.294669,0.569783,2,2,0.141984
3732,0.200054,0.433315,0.366631,0.135512,0.294590,0.569898,2,2,0.141975
3733,0.200000,0.433199,0.366801,0.135475,0.294511,0.570013,2,2,0.141965
3734,0.199946,0.433084,0.366970,0.135439,0.294433,0.570128,2,2,0.141956
3735,0.199893,0.432968,0.367139,0.135403,0.294354,0.570244,2,2,0.141946
3736,0.199839,0.432852,0.367309,0.135367,0.294275,0.570358,2,2,0.141937
3737,0.199786,0.432736,0.367478,0.135330,0.294196,0.570473,2,2,0.141927
3738,0.199733,0.432620,0.367647,0.135294,0.294118,0.570588,2,2,0.141918
3739,0.199679,0.432505,0.367816,0.135258,0.294039,0.570703,2,2,0.141909
3740,0.199626,0.432389,0.367985,0.135222,0.293960,0.570818,2,2,0.141899
3741,0.199573,0.432274,0.368154,0.135186,0.293882,0.570932,2,2,0.141890
3742,0.199519,0.432158,0.368323,0.135150,0.293803,0.571047,2,2,0.141880
3743,0.199466,0.432043,0.368491,0.135113,0.293725,0.571162,2,2,0.141871
3744,0.199413,0.431927,0.368660,0.135077,0.293647,0.571276,2,2,0.141861
3745,0.199359,0.431812,0.368828,0.135041,0.293568,0.571390,2,2,0.141852
3746,0.199306,0.431697,0.368997,0.135005,0.293490,0.571505,2,2,0.141842
3747,0.199253,0.431582,0.369165,0.134969,0.293412,0.571619,2,2,0.141833
3748,0.199200,0.431467,0.369333,0.134933,0.293333,0.571733,2,2,0.141823
3749,0.199147,0.431352,0.369501,0.134897,0.293255,0.571848,2,2,0.141814
3750,0.199094,0.431237,0.369670,0.134861,0.293177,0.571962,2,2,0.141804
3751,0.199041,0.431122,0.369837,0.134825,0.293099,0.572076,2,2,0.141794
3752,0.198988,0.431007,0.370005,0.134790,0.293021,0.572190,2,2,0.141785
3753,0.198935,0.430892,0.370173,0.134754,0.292943,0.572304,2,2,0.141775
3754,0.198882,0.430777,0.370341,0.134718,0.292865,0.572417,2,2,0.141766
3755,0.198829,0.430663,0.370508,0.134682,0.292787,0.572531,2,2,0.141756
3756,0.198776,0.430548,0.370676,0.134646,0.292709,0.572645,2,2,0.141746
3757,0.198723,0.430434,0.370843,0.134610,0.292631,0.572759,2,2,0.141737
3758,0.198670,0.430319,0.371011,0.134574,0.292553,0.572872,2,2,0.141727
3759,0.198617,0.430205,0.371178,0.134539,0.292475,0.572986,2,2,0.141718
3760,0.198565,0.430090,0.371345,0.134503,0.292398,0.573099,2,2,0.141708
3761,0.198512,0.429976,0.371512,0.134467,0.292320,0.573213,2,2,0.141698
3762,0.198459,0.429862,0.371679,0.134431,0.292242,0.573326,2,2,0.141689
3763,0.198406,0.429748,0.371846,0.134396,0.292165,0.573440,2,2,0.141679
3764,0.198354,0.429634,0.372013,0.134360,0.292087,0.573553,2,2,0.141669
3765,0.198301,0.429520,0.372179,0.134324,0.292010,0.573666,2,2,0.141660
3766,0.198248,0.429406,0.372346,0.134289,0.291932,0.573779,2,2,0.141650
3767,0.198196,0.429292,0.372513,0.134253,0.291855,0.573892,2,2,0.141640
3768,0.198143,0.429178,0.372679,0.134218,0.291777,0.574005,2,2,0.141630
3769,0.198091,0.429064,0.372845,0.134182,0.291700,0.574118,2,2,0.141621
3770,0.198038,0.428950,0.373012,0.134146,0.291622,0.574231,2,2,0.141611
3771,0.197986,0.428836,0.373178,0.134111,0.291545,0.574344,2,2,0.141601
3772,0.197933,0.428723,0.373344,0.134075,0.291468,0.574457,2,2,0.141591
3773,0.197881,0.428609,0.373510,0.134040,0.291391,0.574570,2,2,0.141582
3774,0.197828,0.428496,0.373676,0.134004,0.291314,0.574682,2,2,0.141572
3775,0.197776,0.428382,0.373842,0.133969,0.291236,0.574795,2,2,0.141562
3776,0.197724,0.428269,0.374007,0.133933,0.291159,0.574907,2,2,0.141552
3777,0.197671,0.428156,0.374173,0.133898,0.291082,0.575020,2,2,0.141542
3778,0.197619,0.428042,0.374339,0.133862,0.291005,0.575132,2,2,0.141533
3779,0.197567,0.427929,0.374504,0.133827,0.290928,0.575245,2,2,0.141523
3780,0.197515,0.427816,0.374669,0.133792,0.290851,0.575357,2,2,0.141513
3781,0.197462,0.427703,0.374835,0.133756,0.290775,0.575469,2,2,0.141503
3782,0.197410,0.427590,0.375000,0.133721,0.290698,0.575581,2,2,0.141493
3783,0.197358,0.427477,0.375165,0.133686,0.290621,0.575694,2,2,0.141483
3784,0.197306,0.427364,0.375330,0.133650,0.290544,0.575806,2,2,0.141473
3785,0.197254,0.427251,0.375495,0.133615,0.290467,0.575918,2,2,0.141463
3786,0.197202,0.427138,0.375660,0.133580,0.290391,0.576030,2,2,0.141454
3787,0.197150,0.427026,0.375825,0.133544,0.290314,0.576141,2,2,0.141444
3788,0.197098,0.426913,0.375989,0.133509,0.290237,0.576253,2,2,0.141434
3789,0.197046,0.426800,0.376154,0.133474,0.290161,0.576365,2,2,0.141424
3790,0.196994,0.426688,0.376319,0.133439,0.290084,0.576477,2,2,0.141414
3791,0.196942,0.426575,0.376483,0.133404,0.290008,0.576588,2,2,0.141404
3792,0.196890,0.426463,0.376647,0.133368,0.289931,0.576700,2,2,0.141394
3793,0.196838,0.426350,0.376812,0.133333,0.289855,0.576812,2,2,0.141384
3794,0.196786,0.426238,0.376976,0.133298,0.289779,0.576923,2,2,0.141374
3795,0.196734,0.426126,0.377140,0.133263,0.289702,0.577035,2,2,0.141364
3796,0.196682,0.426014,0.377304,0.133228,0.289626,0.577146,2,2,0.141354
3797,0.196631,0.425902,0.377468,0.133193,0.289550,0.577257,2,2,0.141344
3798,0.196579,0.425789,0.377632,0.133158,0.289474,0.577368,2,2,0.141334
3799,0.196527,0.425677,0.377795,0.133123,0.289398,0.577480,2,2,0.141324
3800,0.196476,0.425565,0.377959,0.133088,0.289321,0.577591,2,2,0.141314
3801,0.196424,0.425454,0.378123,0.133053,0.289245,0.577702,2,2,0.141304
3802,0.196372,0.425342,0.378286,0.133018,0.289169,0.577813,2,2,0.141294
3803,0.196321,0.425230,0.378449,0.132983,0.289093,0.577924,2,2,0.141284
3804,0.196269,0.425118,0.378613,0.132948,0.289017,0.578035,2,2,0.141274
3805,0.196217,0.425007,0.378776,0.132913,0.288941,0.578146,2,2,0.141264
3806,0.196166,0.424895,0.378939,0.132878,0.288866,0.578256,2,2,0.141254
3807,0.196114,0.424783,0.379102,0.132843,0.288790,0.578367,2,2,0.141243
3808,0.196063,0.424672,0.379265,0.132808,0.288714,0.578478,2,2,0.141233
3809,0.196012,0.424560,0.379428,0.132774,0.288638,0.578588,2,2,0.141223
3810,0.195960,0.424449,0.379591,0.132739,0.288562,0.578699,2,2,0.141213
3811,0.195909,0.424338,0.379753,0.132704,0.288487,0.578809,2,2,0.141203
3812,0.195857,0.424227,0.379916,0.132669,0.288411,0.578920,2,2,0.141193
3813,0.195806,0.424115,0.380079,0.132634,0.288336,0.579030,2,2,0.141183
3814,0.195755,0.424004,0.380241,0.132600,0.288260,0.579140,2,2,0.141173
3815,0.195703,0.423893,0.380403,0.132565,0.288184,0.579251,2,2,0.141162
3816,0.195652,0.423782,0.380566,0.132530,0.288109,0.579361,2,2,0.141152
3817,0.195601,0.423671,0.380728,0.132495,0.288034,0.579471,2,2,0.141142
3818,0.195550,0.423560,0.380890,0.132461,0.287958,0.579581,2,2,0.141132
3819,0.195499,0.423449,0.381052,0.132426,0.287883,0.579691,2,2,0.141122
3820,0.195447,0.423339,0.381214,0.132391,0.287807,0.579801,2,2,0.141111
3821,0.195396,0.423228,0.381376,0.132357,0.287732,0.579911,2,2,0.141101
3822,0.195345,0.423117,0.381538,0.132322,0.287657,0.580021,2,2,0.141091
3823,0.195294,0.423007,0.381699,0.132288,0.287582,0.580131,2,2,0.141081
3824,0.195243,0.422896,0.381861,0.132253,0.287507,0.580240,2,2,0.141071
3825,0.195192,0.422785,0.382022,0.132218,0.287431,0.580350,2,2,0.141060
3826,0.195141,0.422675,0.382184,0.132184,0.287356,0.580460,2,2,0.141050
3827,0.195090,0.422565,0.382345,0.132149,0.287281,0.580569,2,2,0.141040
3828,0.195039,0.422454,0.382507,0.132115,0.287206,0.580679,2,2,0.141030
3829,0.194988,0.422344,0.382668,0.132080,0.287131,0.580788,2,2,0.141019
3830,0.194937,0.422234,0.382829,0.132046,0.287056,0.580898,2,2,0.141009
3831,0.194887,0.422124,0.382990,0.132011,0.286981,0.581007,2,2,0.140999
3832,0.194836,0.422014,0.383151,0.131977,0.286907,0.581116,2,2,0.140988
3833,0.194785,0.421904,0.383312,0.131943,0.286832,0.581226,2,2,0.140978
3834,0.194734,0.421794,0.383472,0.131908,0.286757,0.581335,2,2,0.140968
3835,0.194683,0.421684,0.383633,0.131874,0.286682,0.581444,2,2,0.140957
3836,0.194633,0.421574,0.383794,0.131839,0.286608,0.581553,2,2,0.140947
3837,0.194582,0.421464,0.383954,0.131805,0.286533,0.581662,2,2,0.140937
3838,0.194531,0.421354,0.384115,0.131771,0.286458,0.581771,2,2,0.140926
3839,0.194481,0.421244,0.384275,0.131737,0.286384,0.581880,2,2,0.140916
3840,0.194430,0.421135,0.384435,0.131702,0.286309,0.581989,2,2,0.140906
3841,0.194379,0.421025,0.384595,0.131668,0.286235,0.582097,2,2,0.140895
3842,0.194329,0.420916,0.384755,0.131634,0.286160,0.582206,2,2,0.140885
3843,0.194278,0.420806,0.384915,0.131599,0.286086,0.582315,2,2,0.140874
3844,0.194228,0.420697,0.385075,0.131565,0.286011,0.582423,2,2,0.140864
3845,0.194177,0.420587,0.385235,0.131531,0.285937,0.582532,2,2,0.140854
3846,0.194127,0.420478,0.385395,0.131497,0.285863,0.582640,2,2,0.140843
3847,0.194076,0.420369,0.385555,0.131463,0.285789,0.582749,2,2,0.140833
3848,0.194026,0.420260,0.385714,0.131429,0.285714,0.582857,2,2,0.140822
3849,0.193976,0.420151,0.385874,0.131394,0.285640,0.582965,2,2,0.140812
3850,0.193925,0.420042,0.386033,0.131360,0.285566,0.583074,2,2,0.140801
3851,0.193875,0.419933,0.386193,0.131326,0.285492,0.583182,2,2,0.140791
3852,0.193825,0.419824,0.386352,0.131292,0.285418,0.583290,2,2,0.140780
3853,0.193774,0.419715,0.386511,0.131258,0.285344,0.583398,2,2,0.140770
3854,0.193724,0.419606,0.386670,0.131224,0.285270,0.583506,2,2,0.140759
3855,0.193674,0.419497,0.386829,0.131190,0.285196,0.583614,2,2,0.140749
3856,0.193624,0.419388,0.386988,0.131156,0.285122,0.583722,2,2,0.140738
3857,0.193573,0.419280,0.387147,0.131122,0.285048,0.583830,2,2,0.140728
3858,0.193523,0.419171,0.387306,0.131088,0.284974,0.583938,2,2,0.140717
3859,0.193473,0.419062,0.387464,0.131054,0.284900,0.584046,2,2,0.140707
3860,0.193423,0.418954,0.387623,0.131020,0.284827,0.584153,2,2,0.140696
3861,0.193373,0.418845,0.387782,0.130986,0.284753,0.584261,2,2,0.140686
3862,0.193323,0.418737,0.387940,0.130952,0.284679,0.584369,2,2,0.140675
3863,0.193273,0.418629,0.388098,0.130918,0.284605,0.584476,2,2,0.140665
3864,0.193223,0.418520,0.388257,0.130885,0.284532,0.584584,2,2,0.140654
3865,0.193173,0.418412,0.388415,0.130851,0.284458,0.584691,2,2,0.140644
3866,0.193123,0.418304,0.388573,0.130817,0.284385,0.584798,2,2,0.140633
3867,0.193073,0.418196,0.388731,0.130783,0.284311,0.584906,2,2,0.140622
3868,0.193023,0.418088,0.388889,0.130749,0.284238,0.585013,2,2,0.140612
3869,0.192973,0.417980,0.389047,0.130716,0.284164,0.585120,2,2,0.140601
3870,0.192924,0.417872,0.389205,0.130682,0.284091,0.585227,2,2,0.140591
3871,0.192874,0.417764,0.389362,0.130648,0.284018,0.585334,2,2,0.140580
3872,0.192824,0.417656,0.389520,0.130614,0.283944,0.585441,2,2,0.140569
3873,0.192774,0.417548,0.389677,0.130581,0.283871,0.585548,2,2,0.140559
3874,0.192724,0.417441,0.389835,0.130547,0.283798,0.585655,2,2,0.140548
3875,0.192675,0.417333,0.389992,0.130513,0.283725,0.585762,2,2,0.140537
3876,0.192625,0.417225,0.390150,0.130480,0.283651,0.585869,2,2,0.140527
3877,0.192575,0.417118,0.390307,0.130446,0.283578,0.585976,2,2,0.140516
3878,0.192526,0.417010,0.390464,0.130412,0.283505,0.586082,2,2,0.140505
3879,0.192476,0.416903,0.390621,0.130379,0.283432,0.586189,2,2,0.140495
3880,0.192427,0.416795,0.390778,0.130345,0.283359,0.586296,2,2,0.140484
3881,0.192377,0.416688,0.390935,0.130312,0.283286,0.586402,2,2,0.140473
3882,0.192327,0.416581,0.391092,0.130278,0.283213,0.586509,2,2,0.140463
3883,0.192278,0.416474,0.391248,0.130245,0.283140,0.586615,2,2,0.140452
3884,0.192229,0.416366,0.391405,0.130211,0.283067,0.586722,2,2,0.140441
3885,0.192179,0.416259,0.391562,0.130178,0.282995,0.586828,2,2,0.140430
3886,0.192130,0.416152,0.391718,0.130144,0.282922,0.586934,2,2,0.140420
3887,0.192080,0.416045,0.391875,0.130111,0.282849,0.587040,2,2,0.140409
3888,0.192031,0.415938,0.392031,0.130077,0.282776,0.587147,2,2,0.140398
3889,0.191981,0.415831,0.392187,0.130044,0.282704,0.587253,2,2,0.140387
3890,0.191932,0.415725,0.392343,0.130010,0.282631,0.587359,2,2,0.140377
3891,0.191883,0.415618,0.392499,0.129977,0.282558,0.587465,2,2,0.140366
3892,0.191834,0.415511,0.392655,0.129944,0.282486,0.587571,2,2,0.140355
3893,0.191784,0.415404,0.392811,0.129910,0.282413,0.587677,2,2,0.140344
3894,0.191735,0.415298,0.392967,0.129877,0.282341,0.587782,2,2,0.140333
3895,0.191686,0.415191,0.393123,0.129843,0.282268,0.587888,2,2,0.140323
3896,0.191637,0.415085,0.393279,0.129810,0.282196,0.587994,2,2,0.140312
3897,0.191588,0.414978,0.393434,0.129777,0.282124,0.588100,2,2,0.140301
3898,0.191538,0.414872,0.393590,0.129744,0.282051,0.588205,2,2,0.140290
3899,0.191489,0.414765,0.393745,0.129710,0.281979,0.588311,2,2,0.140279
3900,0.191440,0.414659,0.393901,0.129677,0.281907,0.588416,2,2,0.140268
3901,0.191391,0.414553,0.394056,0.129644,0.281834,0.588522,2,2,0.140258
3902,0.191342,0.414447,0.394211,0.129611,0.281762,0.588627,2,2,0.140247
3903,0.191293,0.414341,0.394366,0.129577,0.281690,0.588732,2,2,0.140236
3904,0.191244,0.414235,0.394521,0.129544,0.281618,0.588838,2,2,0.140225
3905,0.191195,0.414128,0.394676,0.129511,0.281546,0.588943,2,2,0.140214
3906,0.191146,0.414023,0.394831,0.129478,0.281474,0.589048,2,2,0.140203
3907,0.191097,0.413917,0.394986,0.129445,0.281402,0.589153,2,2,0.140192
3908,0.191049,0.413811,0.395141,0.129412,0.281330,0.589258,2,2,0.140181
3909,0.191000,0.413705,0.395295,0.129379,0.281258,0.589363,2,2,0.140171
3910,0.190951,0.413599,0.395450,0.129346,0.281186,0.589468,2,2,0.140160
3911,0.190902,0.413493,0.395604,0.129313,0.281114,0.589573,2,2,0.140149
3912,0.190853,0.413388,0.395759,0.129280,0.281042,0.589678,2,2,0.140138
3913,0.190805,0.413282,0.395913,0.129246,0.280971,0.589783,2,2,0.140127
3914,0.190756,0.413177,0.396067,0.129213,0.280899,0.589888,2,2,0.140116
3915,0.190707,0.413071,0.396222,0.129180,0.280827,0.589992,2,2,0.140105
3916,0.190658,0.412966,0.396376,0.129148,0.280755,0.590097,2,2,0.140094
3917,0.190610,0.412860,0.396530,0.129115,0.280684,0.590202,2,2,0.140083
3918,0.190561,0.412755,0.396684,0.129082,0.280612,0.590306,2,2,0.140072
3919,0.190513,0.412650,0.396838,0.129049,0.280541,0.590411,2,2,0.140061
3920,0.190464,0.412545,0.396991,0.129016,0.280469,0.590515,2,2,0.140050
3921,0.190415,0.412439,0.397145,0.128983,0.280398,0.590619,2,2,0.140039
3922,0.190367,0.412334,0.397299,0.128950,0.280326,0.590724,2,2,0.140028
3923,0.190318,0.412229,0.397452,0.128917,0.280255,0.590828,2,2,0.140017
3924,0.190270,0.412124,0.397606,0.128884,0.280183,0.590932,2,2,0.140006
3925,0.190222,0.412019,0.397759,0.128852,0.280112,0.591036,2,2,0.139995
3926,0.190173,0.411914,0.397912,0.128819,0.280041,0.591141,2,2,0.139984
3927,0.190125,0.411810,0.398066,0.128786,0.279969,0.591245,2,2,0.139973
3928,0.190076,0.411705,0.398219,0.128753,0.279898,0.591349,2,2,0.139962
3929,0.190028,0.411600,0.398372,0.128720,0.279827,0.591453,2,2,0.139951
3930,0.189980,0.411495,0.398525,0.128688,0.279756,0.591556,2,2,0.139940
3931,0.189931,0.411391,0.398678,0.128655,0.279685,0.591660,2,2,0.139929
3932,0.189883,0.411286,0.398831,0.128622,0.279614,0.591764,2,2,0.139918
3933,0.189835,0.411182,0.398983,0.128590,0.279543,0.591868,2,2,0.139907
3934,0.189787,0.411077,0.399136,0.128557,0.279472,0.591972,2,2,0.139896
3935,0.189738,0.410973,0.399289,0.128524,0.279401,0.592075,2,2,0.139884
3936,0.189690,0.410868,0.399441,0.128492,0.279330,0.592179,2,2,0.139873
3937,0.189642,0.410764,0.399594,0.128459,0.279259,0.592282,2,2,0.139862
3938,0.189594,0.410660,0.399746,0.128426,0.279188,0.592386,2,2,0.139851
3939,0.189546,0.410556,0.399899,0.128394,0.279117,0.592489,2,2,0.139840
3940,0.189498,0.410452,0.400051,0.128361,0.279046,0.592593,2,2,0.139829
3941,0.189450,0.410347,0.400203,0.128329,0.278975,0.592696,2,2,0.139818
3942,0.189402,0.410243,0.400355,0.128296,0.278905,0.592799,2,2,0.139807
3943,0.189354,0.410139,0.400507,0.128264,0.278834,0.592902,2,2,0.139795
3944,0.189306,0.410035,0.400659,0.128231,0.278763,0.593006,2,2,0.139784
3945,0.189258,0.409932,0.400811,0.128199,0.278693,0.593109,2,2,0.139773
3946,0.189210,0.409828,0.400963,0.128166,0.278622,0.593212,2,2,0.139762
3947,0.189162,0.409724,0.401114,0.128134,0.278552,0.593315,2,2,0.139751
3948,0.189114,0.409620,0.401266,0.128101,0.278481,0.593418,2,2,0.139740
3949,0.189066,0.409517,0.401417,0.128069,0.278411,0.593521,2,2,0.139728
3950,0.189018,0.409413,0.401569,0.128036,0.278340,0.593623,2,2,0.139717
3951,0.188970,0.409309,0.401720,0.128004,0.278270,0.593726,2,2,0.139706
3952,0.188923,0.409206,0.401872,0.127972,0.278199,0.593829,2,2,0.139695
3953,0.188875,0.409102,0.402023,0.127939,0.278129,0.593932,2,2,0.139684
3954,0.188827,0.408999,0.402174,0.127907,0.278059,0.594034,2,2,0.139672
3955,0.188779,0.408896,0.402325,0.127875,0.277988,0.594137,2,2,0.139661
3956,0.188732,0.408792,0.402476,0.127842,0.277918,0.594240,2,2,0.139650
3957,0.188684,0.408689,0.402627,0.127810,0.277848,0.594342,2,2,0.139639
3958,0.188636,0.408586,0.402778,0.127778,0.277778,0.594444,2,2,0.139628
3959,0.188589,0.408483,0.402929,0.127746,0.277708,0.594547,2,2,0.139616
3960,0.188541,0.408380,0.403079,0.127713,0.277638,0.594649,2,2,0.139605
3961,0.188494,0.408277,0.403230,0.127681,0.277567,0.594751,2,2,0.139594
3962,0.188446,0.408174,0.403380,0.127649,0.277497,0.594854,2,2,0.139582
3963,0.188398,0.408071,0.403531,0.127617,0.277427,0.594956,2,2,0.139571
3964,0.188351,0.407968,0.403681,0.127584,0.277358,0.595058,2,2,0.139560
3965,0.188304,0.407865,0.403832,0.127552,0.277288,0.595160,2,2,0.139549
3966,0.188256,0.407762,0.403982,0.127520,0.277218,0.595262,2,2,0.139537
3967,0.188209,0.407659,0.404132,0.127488,0.277148,0.595364,2,2,0.139526
3968,0.188161,0.407557,0.404282,0.127456,0.277078,0.595466,2,2,0.139515
3969,0.188114,0.407454,0.404432,0.127424,0.277008,0.595568,2,2,0.139503
3970,0.188066,0.407351,0.404582,0.127392,0.276939,0.595670,2,2,0.139492
3971,0.188019,0.407249,0.404732,0.127360,0.276869,0.595771,2,2,0.139481
3972,0.187972,0.407146,0.404882,0.127328,0.276799,0.595873,2,2,0.139469
3973,0.187925,0.407044,0.405031,0.127296,0.276730,0.595975,2,2,0.139458
3974,0.187877,0.406942,0.405181,0.127264,0.276660,0.596076,2,2,0.139447
3975,0.187830,0.406839,0.405331,0.127232,0.276590,0.596178,2,2,0.139435
3976,0.187783,0.406737,0.405480,0.127200,0.276521,0.596280,2,2,0.139424
3977,0.187736,0.406635,0.405630,0.127168,0.276451,0.596381,2,2,0.139413
3978,0.187688,0.406533,0.405779,0.127136,0.276382,0.596482,2,2,0.139401
3979,0.187641,0.406431,0.405928,0.127104,0.276312,0.596584,2,2,0.139390
3980,0.187594,0.406328,0.406077,0.127072,0.276243,0.596685,2,2,0.139379
3981,0.187547,0.406226,0.406226,0.127040,0.276174,0.596786,2,2,0.139367
3982,0.187500,0.406124,0.406376,0.127259,0.276104,0.596637,2,0,0.139383
3983,0.187453,0.406023,0.406524,0.127478,0.276035,0.596487,2,0,0.139399
3984,0.187406,0.405921,0.406673,0.127697,0.275966,0.596337,2,0,0.139415
3985,0.187359,0.405819,0.406822,0.127916,0.275897,0.596188,2,0,0.139431
3986,0.187312,0.405717,0.406971,0.128134,0.275827,0.596038,2,0,0.139447
3987,0.187265,0.405615,0.407120,0.128353,0.275758,0.595889,2,0,0.139463
3988,0.187218,0.405514,0.407268,0.128571,0.275689,0.595739,2,0,0.139479
3989,0.187171,0.405412,0.407417,0.128790,0.275620,0.595590,2,0,0.139495
3990,0.187124,0.405311,0.407565,0.129008,0.275551,0.595441,2,0,0.139510
3991,0.187077,0.405209,0.407713,0.129226,0.275482,0.595292,2,0,0.139526
3992,0.187031,0.405108,0.407862,0.129444,0.275413,0.595143,2,0,0.139542
3993,0.186984,0.405006,0.408010,0.129662,0.275344,0.594994,2,0,0.139558
3994,0.186937,0.404905,0.408158,0.129880,0.275275,0.594845,2,0,0.139573
3995,0.186890,0.404804,0.408306,0.130098,0.275206,0.594696,2,0,0.139589
3996,0.186843,0.404702,0.408454,0.130315,0.275138,0.594547,2,0,0.139604
3997,0.186797,0.404601,0.408602,0.130533,0.275069,0.594399,2,0,0.139620
3998,0.186750,0.404500,0.408750,0.130750,0.275000,0.594250,2,0,0.139635
3999,0.186703,0.404399,0.408898,0.130967,0.274931,0.594101,2,0,0.139651
4000,0.186657,0.404298,0.409045,0.131184,0.274863,0.593953,2,0,0.139666
4001,0.186610,0.404197,0.409193,0.131401,0.274794,0.593805,2,0,0.139682
4002,0.186563,0.404096,0.409341,0.131618,0.274725,0.593656,2,0,0.139697
4003,0.186517,0.403995,0.409488,0.131835,0.274657,0.593508,2,0,0.139712
4004,0.186470,0.403894,0.409636,0.132052,0.274588,0.593360,2,0,0.139728
4005,0.186424,0.403793,0.409783,0.132269,0.274520,0.593212,2,0,0.139743
4006,0.186377,0.403693,0.409930,0.132485,0.274451,0.593064,2,0,0.139758
4007,0.186331,0.403592,0.410077,0.132701,0.274383,0.592916,2,0,0.139774
4008,0.186284,0.403491,0.410224,0.132918,0.274314,0.592768,2,0,0.139789
4009,0.186238,0.403391,0.410371,0.133134,0.274246,0.592620,2,0,0.139804
4010,0.186191,0.403290,0.410518,0.133350,0.274177,0.592473,2,0,0.139819
4011,0.186145,0.403190,0.410665,0.133566,0.274109,0.592325,2,0,0.139834
4012,0.186099,0.403089,0.410812,0.133782,0.274041,0.592177,2,0,0.139849
4013,0.186052,0.402989,0.410959,0.133998,0.273973,0.592030,2,0,0.139864
4014,0.186006,0.402888,0.411106,0.134213,0.273904,0.591882,2,0,0.139879
4015,0.185960,0.402788,0.411252,0.134429,0.273836,0.591735,2,0,0.139894
4016,0.185913,0.402688,0.411399,0.134644,0.273768,0.591588,2,0,0.139909
4017,0.185867,0.402588,0.411545,0.134859,0.273700,0.591441,2,0,0.139924
4018,0.185821,0.402488,0.411692,0.135075,0.273632,0.591294,2,0,0.139939
4019,0.185775,0.402387,0.411838,0.135290,0.273564,0.591146,2,0,0.139954
4020,0.185728,0.402287,0.411984,0.135505,0.273496,0.591000,2,0,0.139968
4021,0.185682,0.402187,0.412130,0.135720,0.273428,0.590853,2,0,0.139983
4022,0.185636,0.402087,0.412276,0.135934,0.273360,0.590706,2,0,0.139998
4023,0.185590,0.401988,0.412422,0.136149,0.273292,0.590559,2,0,0.140013
4024,0.185544,0.401888,0.412568,0.136364,0.273224,0.590412,2,0,0.140027
4025,0.185498,0.401788,0.412714,0.136578,0.273156,0.590266,2,0,0.140042
4026,0.185452,0.401688,0.412860,0.136792,0.273088,0.590119,2,0,0.140057
4027,0.185406,0.401588,0.413006,0.137007,0.273021,0.589973,2,0,0.140071
4028,0.185360,0.401489,0.413151,0.137221,0.272953,0.589826,2,0,0.140086
4029,0.185314,0.401389,0.413297,0.137435,0.272885,0.589680,2,0,0.140100
4030,0.185268,0.401290,0.413442,0.137649,0.272817,0.589534,2,0,0.140115
4031,0.185222,0.401190,0.413588,0.137863,0.272750,0.589388,2,0,0.140129
4032,0.185176,0.401091,0.413733,0.138076,0.272682,0.589241,2,0,0.140143
4033,0.185130,0.400991,0.413879,0.138290,0.272615,0.589095,2,0,0.140158
4034,0.185084,0.400892,0.414024,0.138503,0.272547,0.588949,2,0,0.140172
4035,0.185038,0.400793,0.414169,0.138717,0.272480,0.588804,2,0,0.140187
4036,0.184993,0.400693,0.414314,0.138930,0.272412,0.588658,2,0,0.140201
4037,0.184947,0.400594,0.414459,0.139143,0.272345,0.588512,2,0,0.140215
4038,0.184901,0.400495,0.414604,0.139356,0.272277,0.588366,2,0,0.140229
4039,0.184855,0.400396,0.414749,0.139569,0.272210,0.588221,2,0,0.140243
4040,0.184810,0.400297,0.414894,0.139782,0.272143,0.588075,2,0,0.140258
4041,0.184764,0.400198,0.415038,0.139995,0.272075,0.587930,2,0,0.140272
4042,0.184718,0.400099,0.415183,0.140208,0.272008,0.587784,2,0,0.140286
4043,0.184672,0.400000,0.415328,0.140420,0.271941,0.587639,2,0,0.140300
4044,0.184627,0.399901,0.415472,0.140633,0.271873,0.587494,2,0,0.140314
4045,0.184581,0.399802,0.415617,0.140845,0.271806,0.587349,2,0,0.140328
4046,0.184536,0.399704,0.415761,0.141057,0.271739,0.587204,2,0,0.140342
4047,0.184490,0.399605,0.415905,0.141269,0.271672,0.587059,2,0,0.140356
4048,0.184444,0.399506,0.416049,0.141481,0.271605,0.586914,2,0,0.140370
4049,0.184399,0.399408,0.416194,0.141693,0.271538,0.586769,2,0,0.140384
4050,0.184353,0.399309,0.416338,0.141905,0.271471,0.586624,2,0,0.140398
4051,0.184308,0.399210,0.416482,0.142117,0.271404,0.586479,2,0,0.140411
4052,0.184262,0.399112,0.416626,0.142329,0.271337,0.586334,2,0,0.140425
4053,0.184217,0.399014,0.416769,0.142540,0.271270,0.586190,2,0,0.140439
4054,0.184172,0.398915,0.416913,0.142751,0.271203,0.586045,2,0,0.140453
4055,0.184126,0.398817,0.417057,0.142963,0.271136,0.585901,2,0,0.140466
4056,0.184081,0.398719,0.417201,0.143174,0.271069,0.585757,2,0,0.140480
4057,0.184035,0.398620,0.417344,0.143385,0.271003,0.585612,2,0,0.140494
4058,0.183990,0.398522,0.417488,0.143596,0.270936,0.585468,2,0,0.140507
4059,0.183945,0.398424,0.417631,0.143807,0.270869,0.585324,2,0,0.140521
4060,0.183900,0.398326,0.417774,0.144018,0.270803,0.585180,2,0,0.140534
4061,0.183854,0.398228,0.417918,0.144228,0.270736,0.585036,2,0,0.140548
4062,0.183809,0.398130,0.418061,0.144439,0.270669,0.584892,2,0,0.140561
4063,0.183764,0.398032,0.418204,0.144649,0.270603,0.584748,2,0,0.140575
4064,0.183719,0.397934,0.418347,0.144860,0.270536,0.584604,2,0,0.140588
4065,0.183673,0.397836,0.418490,0.145070,0.270470,0.584460,2,0,0.140602
4066,0.183628,0.397738,0.418633,0.145280,0.270403,0.584317,2,0,0.140615
4067,0.183583,0.397641,0.418776,0.145490,0.270337,0.584173,2,0,0.140628
4068,0.183538,0.397543,0.418919,0.145700,0.270270,0.584029,2,0,0.140642
4069,0.183493,0.397445,0.419062,0.145910,0.270204,0.583886,2,0,0.140655
4070,0.183448,0.397348,0.419204,0.146120,0.270138,0.583743,2,0,0.140668
4071,0.183403,0.397250,0.419347,0.146329,0.270071,0.583599,2,0,0.140681
4072,0.183358,0.397153,0.419489,0.146539,0.270005,0.583456,2,0,0.140695
4073,0.183313,0.397055,0.419632,0.146748,0.269939,0.583313,2,0,0.140708
4074,0.183268,0.396958,0.419774,0.146958,0.269872,0.583170,2,0,0.140721
4075,0.183223,0.396860,0.419917,0.147167,0.269806,0.583027,2,0,0.140734
4076,0.183178,0.396763,0.420059,0.147376,0.269740,0.582884,2,0,0.140747
4077,0.183133,0.396666,0.420201,0.147585,0.269674,0.582741,2,0,0.140760
4078,0.183088,0.396569,0.420343,0.147794,0.269608,0.582598,2,0,0.140773
4079,0.183043,0.396471,0.420485,0.148003,0.269542,0.582455,2,0,0.140786
4080,0.182999,0.396374,0.420627,0.148212,0.269476,0.582313,2,0,0.140799
4081,0.182954,0.396277,0.420769,0.148420,0.269410,0.582170,2,0,0.140812
4082,0.182909,0.396180,0.420911,0.148629,0.269344,0.582027,2,0,0.140825
4083,0.182864,0.396083,0.421053,0.148837,0.269278,0.581885,2,0,0.140838
4084,0.182819,0.395986,0.421194,0.149046,0.269212,0.581743,2,0,0.140851
4085,0.182775,0.395889,0.421336,0.149254,0.269146,0.581600,2,0,0.140863
4086,0.182730,0.395793,0.421477,0.149462,0.269080,0.581458,2,0,0.140876
4087,0.182685,0.395696,0.421619,0.149670,0.269014,0.581316,2,0,0.140889
4088,0.182641,0.395599,0.421760,0.149878,0.268949,0.581174,2,0,0.140902
4089,0.182596,0.395502,0.421902,0.150086,0.268883,0.581032,2,0,0.140914
4090,0.182551,0.395406,0.422043,0.150293,0.268817,0.580890,2,0,0.140927
4091,0.182507,0.395309,0.422184,0.150501,0.268752,0.580748,2,0,0.140940
4092,0.182462,0.395213,0.422325,0.150708,0.268686,0.580606,2,0,0.140952
4093,0.182418,0.395116,0.422466,0.150916,0.268620,0.580464,2,0,0.140965
4094,0.182373,0.395020,0.422607,0.151123,0.268555,0.580322,2,0,0.140977
4095,0.182329,0.394923,0.422748,0.151330,0.268489,0.580181,2,0,0.140990
4096,0.182284,0.394827,0.422889,0.151537,0.268424,0.580039,2,0,0.141002
4097,0.182240,0.394730,0.423030,0.151744,0.268358,0.579898,2,0,0.141015
4098,0.182195,0.394634,0.423171,0.151951,0.268293,0.579756,2,0,0.141027
4099,0.182151,0.394538,0.423311,0.152158,0.268227,0.579615,2,0,0.141040
4100,0.182106,0.394442,0.423452,0.152365,0.268162,0.579473,2,0,0.141052
4101,0.182062,0.394346,0.423592,0.152571,0.268097,0.579332,2,0,0.141064
4102,0.182018,0.394250,0.423733,0.152778,0.268031,0.579191,2,0,0.141077
4103,0.181973,0.394153,0.423873,0.152984,0.267966,0.579050,2,0,0.141089
4104,0.181929,0.394057,0.424014,0.153190,0.267901,0.578909,2,0,0.141101
4105,0.181885,0.393962,0.424154,0.153397,0.267835,0.578768,2,0,0.141113
4106,0.181840,0.393866,0.424294,0.153603,0.267770,0.578627,2,0,0.141125
4107,0.181796,0.393770,0.424434,0.153809,0.267705,0.578486,2,0,0.141138
4108,0.181752,0.393674,0.424574,0.154015,0.267640,0.578345,2,0,0.141150
4109,0.181708,0.393578,0.424714,0.154220,0.267575,0.578205,2,0,0.141162
4110,0.181663,0.393482,0.424854,0.154426,0.267510,0.578064,2,0,0.141174
4111,0.181619,0.393387,0.424994,0.154632,0.267445,0.577924,2,0,0.141186
4112,0.181575,0.393291,0.425134,0.154837,0.267380,0.577783,2,0,0.141198
4113,0.181531,0.393196,0.425273,0.155043,0.267315,0.577643,2,0,0.141210
4114,0.181487,0.393100,0.425413,0.155248,0.267250,0.577502,2,0,0.141222
4115,0.181443,0.393005,0.425553,0.155453,0.267185,0.577362,2,0,0.141234
4116,0.181399,0.392909,0.425692,0.155658,0.267120,0.577222,2,0,0.141246
4117,0.181355,0.392814,0.425832,0.155863,0.267055,0.577082,2,0,0.141258
4118,0.181311,0.392718,0.425971,0.156068,0.266990,0.576942,2,0,0.141270
4119,0.181267,0.392623,0.426110,0.156273,0.266926,0.576802,2,0,0.141281
4120,0.181223,0.392528,0.426249,0.156477,0.266861,0.576662,2,0,0.141293
4121,0.181179,0.392433,0.426389,0.156682,0.266796,0.576522,2,0,0.141305
4122,0.181135,0.392338,0.426528,0.156887,0.266731,0.576382,2,0,0.141317
4123,0.181091,0.392242,0.426667,0.157091,0.266667,0.576242,2,0,0.141328
4124,0.181047,0.392147,0.426806,0.157295,0.266602,0.576103,2,0,0.141340
4125,0.181003,0.392052,0.426945,0.157499,0.266537,0.575963,2,0,0.141352
4126,0.180959,0.391957,0.427083,0.157703,0.266473,0.575824,2,0,0.141363
4127,0.180915,0.391862,0.427222,0.157907,0.266408,0.575684,2,0,0.141375
4128,0.180872,0.391768,0.427361,0.158111,0.266344,0.575545,2,0,0.141387
4129,0.180828,0.391673,0.427499,0.158315,0.266279,0.575405,2,0,0.141398
4130,0.180784,0.391578,0.427638,0.158519,0.266215,0.575266,2,0,0.141410
4131,0.180740,0.391483,0.427776,0.158722,0.266150,0.575127,2,0,0.141421
4132,0.180697,0.391388,0.427915,0.158926,0.266086,0.574988,2,0,0.141433
4133,0.180653,0.391294,0.428053,0.159129,0.266022,0.574849,2,0,0.141444
4134,0.180609,0.391199,0.428191,0.159333,0.265957,0.574710,2,0,0.141455
4135,0.180566,0.391105,0.428330,0.159536,0.265893,0.574571,2,0,0.141467
4136,0.180522,0.391010,0.428468,0.159739,0.265829,0.574432,2,0,0.141478
4137,0.180478,0.390916,0.428606,0.159942,0.265765,0.574293,2,0,0.141489
4138,0.180435,0.390821,0.428744,0.160145,0.265700,0.574155,2,0,0.141501
4139,0.180391,0.390727,0.428882,0.160348,0.265636,0.574016,2,0,0.141512
4140,0.180348,0.390633,0.429020,0.160550,0.265572,0.573877,2,0,0.141523
4141,0.180304,0.390538,0.429158,0.160753,0.265508,0.573739,2,0,0.141534
4142,0.180261,0.390444,0.429295,0.160956,0.265444,0.573600,2,0,0.141546
4143,0.180217,0.390350,0.429433,0.161158,0.265380,0.573462,2,0,0.141557
4144,0.180174,0.390256,0.429571,0.161360,0.265316,0.573324,2,0,0.141568
4145,0.180130,0.390162,0.429708,0.161563,0.265252,0.573185,2,0,0.141579
4146,0.180087,0.390068,0.429846,0.161765,0.265188,0.573047,2,0,0.141590
4147,0.180043,0.389973,0.429983,0.161967,0.265124,0.572909,2,0,0.141601
4148,0.180000,0.389880,0.430120,0.162169,0.265060,0.572771,2,0,0.141612
4149,0.179957,0.389786,0.430258,0.162371,0.264996,0.572633,2,0,0.141623
4150,0.179913,0.389692,0.430395,0.162572,0.264933,0.572495,2,0,0.141634
4151,0.179870,0.389598,0.430532,0.162774,0.264869,0.572357,2,0,0.141645
4152,0.179827,0.389504,0.430669,0.162975,0.264805,0.572220,2,0,0.141656
4153,0.179783,0.389410,0.430806,0.163177,0.264741,0.572082,2,0,0.141667
4154,0.179740,0.389317,0.430943,0.163378,0.264678,0.571944,2,0,0.141678
4155,0.179697,0.389223,0.431080,0.163580,0.264614,0.571807,2,0,0.141689
4156,0.179654,0.389129,0.431217,0.163781,0.264550,0.571669,2,0,0.141699
4157,0.179610,0.389036,0.431354,0.163982,0.264487,0.571532,2,0,0.141710
4158,0.179567,0.388942,0.431490,0.164183,0.264423,0.571394,2,0,0.141721
4159,0.179524,0.388849,0.431627,0.164384,0.264360,0.571257,2,0,0.141732
4160,0.179481,0.388755,0.431764,0.164584,0.264296,0.571120,2,0,0.141742
4161,0.179438,0.388662,0.431900,0.164785,0.264233,0.570982,2,0,0.141753
4162,0.179395,0.388569,0.432037,0.164986,0.264169,0.570845,2,0,0.141764
4163,0.179352,0.388475,0.432173,0.165186,0.264106,0.570708,2,0,0.141774
4164,0.179309,0.388382,0.432309,0.165386,0.264042,0.570571,2,0,0.141785
4165,0.179266,0.388289,0.432445,0.165587,0.263979,0.570434,2,0,0.141796
4166,0.179223,0.388196,0.432582,0.165787,0.263916,0.570298,2,0,0.141806
4167,0.179180,0.388103,0.432718,0.165987,0.263852,0.570161,2,0,0.141817
4168,0.179137,0.388010,0.432854,0.166187,0.263789,0.570024,2,0,0.141827
4169,0.179094,0.387917,0.432990,0.166387,0.263726,0.569887,2,0,0.141838
4170,0.179051,0.387824,0.433126,0.166587,0.263663,0.569751,2,0,0.141848
4171,0.179008,0.387731,0.433261,0.166786,0.263599,0.569614,2,0,0.141858
4172,0.178965,0.387638,0.433397,0.166986,0.263536,0.569478,2,0,0.141869
4173,0.178922,0.387545,0.433533,0.167186,0.263473,0.569341,2,0,0.141879
4174,0.178879,0.387452,0.433669,0.167385,0.263410,0.569205,2,0,0.141889
4175,0.178836,0.387359,0.433804,0.167584,0.263347,0.569069,2,0,0.141900
4176,0.178794,0.387267,0.433940,0.167784,0.263284,0.568933,2,0,0.141910
4177,0.178751,0.387174,0.434075,0.167983,0.263221,0.568796,2,0,0.141920
4178,0.178708,0.387081,0.434211,0.168182,0.263158,0.568660,2,0,0.141931
4179,0.178665,0.386989,0.434346,0.168381,0.263095,0.568524,2,0,0.141941
4180,0.178623,0.386896,0.434481,0.168580,0.263032,0.568388,2,0,0.141951
4181,0.178580,0.386804,0.434616,0.168778,0.262969,0.568252,2,0,0.141961
4182,0.178537,0.386711,0.434751,0.168977,0.262906,0.568117,2,0,0.141971
4183,0.178495,0.386619,0.434886,0.169176,0.262843,0.567981,2,0,0.141981
4184,0.178452,0.386527,0.435022,0.169374,0.262781,0.567845,2,0,0.141991
4185,0.178409,0.386434,0.435156,0.169572,0.262718,0.567710,2,0,0.142001
4186,0.178367,0.386342,0.435291,0.169771,0.262655,0.567574,2,0,0.142011
4187,0.178324,0.386250,0.435426,0.169969,0.262593,0.567439,2,0,0.142021
4188,0.178282,0.386158,0.435561,0.170167,0.262530,0.567303,2,0,0.142031
4189,0.178239,0.386065,0.435696,0.170365,0.262467,0.567168,2,0,0.142041
4190,0.178197,0.385973,0.435830,0.170563,0.262405,0.567032,2,0,0.142051
4191,0.178154,0.385881,0.435965,0.170761,0.262342,0.566897,2,0,0.142061
4192,0.178112,0.385789,0.436099,0.170959,0.262279,0.566762,2,0,0.142071
4193,0.178069,0.385697,0.436234,0.171156,0.262217,0.566627,2,0,0.142081
4194,0.178027,0.385605,0.436368,0.171354,0.262154,0.566492,2,0,0.142091
4195,0.177984,0.385513,0.436502,0.171551,0.262092,0.566357,2,0,0.142100
4196,0.177942,0.385422,0.436636,0.171748,0.262030,0.566222,2,0,0.142110
4197,0.177899,0.385330,0.436771,0.171946,0.261967,0.566087,2,0,0.142120
4198,0.177857,0.385238,0.436905,0.172143,0.261905,0.565952,2,0,0.142130
4199,0.177815,0.385146,0.437039,0.172340,0.261842,0.565818,2,0,0.142139
4200,0.177772,0.385055,0.437173,0.172537,0.261780,0.565683,2,0,0.142149
4201,0.177730,0.384963,0.437307,0.172734,0.261718,0.565548,2,0,0.142159
4202,0.177688,0.384872,0.437441,0.172931,0.261656,0.565414,2,0,0.142168
4203,0.177646,0.384780,0.437574,0.173127,0.261593,0.565279,2,0,0.142178
4204,0.177603,0.384689,0.437708,0.173324,0.261531,0.565145,2,0,0.142187
4205,0.177561,0.384597,0.437842,0.173520,0.261469,0.565011,2,0,0.142197
4206,0.177519,0.384506,0.437975,0.173717,0.261407,0.564876,2,0,0.142206
4207,0.177477,0.384414,0.438109,0.173913,0.261345,0.564742,2,0,0.142216
4208,0.177435,0.384323,0.438242,0.174109,0.261283,0.564608,2,0,0.142225
4209,0.177393,0.384232,0.438376,0.174305,0.261221,0.564474,2,0,0.142235
4210,0.177350,0.384141,0.438509,0.174501,0.261159,0.564340,2,0,0.142244
4211,0.177308,0.384049,0.438642,0.174697,0.261097,0.564206,2,0,0.142254
4212,0.177266,0.383958,0.438776,0.174893,0.261035,0.564072,2,0,0.142263
4213,0.177224,0.383867,0.438909,0.175089,0.260973,0.563938,2,0,0.142272
4214,0.177182,0.383776,0.439042,0.175285,0.260911,0.563805,2,0,0.142282
4215,0.177140,0.383685,0.439175,0.175480,0.260849,0.563671,2,0,0.142291
4216,0.177098,0.383594,0.439308,0.175676,0.260787,0.563537,2,0,0.142300
4217,0.177056,0.383503,0.439441,0.175871,0.260725,0.563404,2,0,0.142309
4218,0.177014,0.383412,0.439573,0.176066,0.260664,0.563270,2,0,0.142319
4219,0.176972,0.383321,0.439706,0.176262,0.260602,0.563137,2,0,0.142328
4220,0.176930,0.383231,0.439839,0.176457,0.260540,0.563003,2,0,0.142337
4221,0.176888,0.383140,0.439972,0.176652,0.260478,0.562870,2,0,0.142346
4222,0.176847,0.383049,0.440104,0.176847,0.260417,0.562737,2,0,0.142355
4223,0.176805,0.382959,0.440237,0.177041,0.260355,0.562604,2,0,0.142364
4224,0.176763,0.382868,0.440369,0.177236,0.260293,0.562470,2,0,0.142373
4225,0.176721,0.382777,0.440502,0.177431,0.260232,0.562337,2,0,0.142382
4226,0.176679,0.382687,0.440634,0.177625,0.260170,0.562204,2,0,0.142391
4227,0.176638,0.382596,0.440766,0.177820,0.260109,0.562071,2,0,0.142400
4228,0.176596,0.382506,0.440898,0.178014,0.260047,0.561939,2,0,0.142409
4229,0.176554,0.382416,0.441030,0.178208,0.259986,0.561806,2,0,0.142418
4230,0.176512,0.382325,0.441163,0.178403,0.259924,0.561673,2,0,0.142427
4231,0.176471,0.382235,0.441295,0.178597,0.259863,0.561540,2,0,0.142436
4232,0.176429,0.382145,0.441427,0.178791,0.259802,0.561408,2,0,0.142445
4233,0.176387,0.382054,0.441558,0.178985,0.259740,0.561275,2,0,0.142454
4234,0.176346,0.381964,0.441690,0.179178,0.259679,0.561143,2,0,0.142463
4235,0.176304,0.381874,0.441822,0.179372,0.259618,0.561010,2,0,0.142471
4236,0.176262,0.381784,0.441954,0.179566,0.259556,0.560878,2,0,0.142480
4237,0.176221,0.381694,0.442085,0.179759,0.259495,0.560745,2,0,0.142489
4238,0.176179,0.381604,0.442217,0.179953,0.259434,0.560613,2,0,0.142498
4239,0.176138,0.381514,0.442349,0.180146,0.259373,0.560481,2,0,0.142506
4240,0.176096,0.381424,0.442480,0.180339,0.259312,0.560349,2,0,0.142515
4241,0.176055,0.381334,0.442611,0.180533,0.259251,0.560217,2,0,0.142524
4242,0.176013,0.381244,0.442743,0.180726,0.259189,0.560085,2,0,0.142532
4243,0.175972,0.381154,0.442874,0.180919,0.259128,0.559953,2,0,0.142541
4244,0.175930,0.381065,0.443005,0.181112,0.259067,0.559821,2,0,0.142550
4245,0.175889,0.380975,0.443136,0.181304,0.259006,0.559689,2,0,0.142558
4246,0.175847,0.380885,0.443267,0.181497,0.258945,0.559557,2,0,0.142567
4247,0.175806,0.380795,0.443398,0.181690,0.258884,0.559426,2,0,0.142575
4248,0.175765,0.380706,0.443529,0.181882,0.258824,0.559294,2,0,0.142584
4249,0.175723,0.380616,0.443660,0.182075,0.258763,0.559163,2,0,0.142592
4250,0.175682,0.380527,0.443791,0.182267,0.258702,0.559031,2,0,0.142601
4251,0.175641,0.380437,0.443922,0.182459,0.258641,0.558900,2,0,0.142609
4252,0.175599,0.380348,0.444053,0.182652,0.258580,0.558768,2,0,0.142617
4253,0.175558,0.380259,0.444183,0.182844,0.258519,0.558637,2,0,0.142626
4254,0.175517,0.380169,0.444314,0.183036,0.258459,0.558506,2,0,0.142634
4255,0.175476,0.380080,0.444444,0.183228,0.258398,0.558374,2,0,0.142642
4256,0.175434,0.379991,0.444575,0.183419,0.258337,0.558243,2,0,0.142651
4257,0.175393,0.379901,0.444705,0.183611,0.258277,0.558112,2,0,0.142659
4258,0.175352,0.379812,0.444836,0.183803,0.258216,0.557981,2,0,0.142667
4259,0.175311,0.379723,0.444966,0.183994,0.258155,0.557850,2,0,0.142675
4260,0.175270,0.379634,0.445096,0.184186,0.258095,0.557719,2,0,0.142684
4261,0.175229,0.379545,0.445226,0.184377,0.258034,0.557589,2,0,0.142692
4262,0.175188,0.379456,0.445356,0.184568,0.257974,0.557458,2,0,0.142700
4263,0.175147,0.379367,0.445487,0.184760,0.257913,0.557327,2,0,0.142708
4264,0.175105,0.379278,0.445617,0.184951,0.257853,0.557196,2,0,0.142716
4265,0.175064,0.379189,0.445746,0.185142,0.257792,0.557066,2,0,0.142724
4266,0.175023,0.379100,0.445876,0.185333,0.257732,0.556935,2,0,0.142732
4267,0.174982,0.379011,0.446006,0.185524,0.257672,0.556805,2,0,0.142740
4268,0.174941,0.378923,0.446136,0.185714,0.257611,0.556674,2,0,0.142748
4269,0.174900,0.378834,0.446266,0.185905,0.257551,0.556544,2,0,0.142756
4270,0.174860,0.378745,0.446395,0.186096,0.257491,0.556414,2,0,0.142764
4271,0.174819,0.378657,0.446525,0.186286,0.257430,0.556284,2,0,0.142772
4272,0.174778,0.378568,0.446654,0.186476,0.257370,0.556153,2,0,0.142780
4273,0.174737,0.378480,0.446784,0.186667,0.257310,0.556023,2,0,0.142788
4274,0.174696,0.378391,0.446913,0.186857,0.257250,0.555893,2,0,0.142796
4275,0.174655,0.378303,0.447042,0.187047,0.257190,0.555763,2,0,0.142804
4276,0.174614,0.378214,0.447172,0.187237,0.257129,0.555633,2,0,0.142812
4277,0.174573,0.378126,0.447301,0.187427,0.257069,0.555504,2,0,0.142819
4278,0.174533,0.378037,0.447430,0.187617,0.257009,0.555374,2,0,0.142827
4279,0.174492,0.377949,0.447559,0.187807,0.256949,0.555244,2,0,0.142835
4280,0.174451,0.377861,0.447688,0.187996,0.256889,0.555114,2,0,0.142843
4281,0.174410,0.377773,0.447817,0.188186,0.256829,0.554985,2,0,0.142850
4282,0.174370,0.377684,0.447946,0.188375,0.256769,0.554855,2,0,0.142858
4283,0.174329,0.377596,0.448075,0.188565,0.256709,0.554726,2,0,0.142866
4284,0.174288,0.377508,0.448203,0.188754,0.256650,0.554596,2,0,0.142873
4285,0.174248,0.377420,0.448332,0.188943,0.256590,0.554467,2,0,0.142881
4286,0.174207,0.377332,0.448461,0.189132,0.256530,0.554338,2,0,0.142889
4287,0.174166,0.377244,0.448589,0.189322,0.256470,0.554208,2,0,0.142896
4288,0.174126,0.377156,0.448718,0.189510,0.256410,0.554079,2,0,0.142904
4289,0.174085,0.377068,0.448846,0.189699,0.256351,0.553950,2,0,0.142911
4290,0.174045,0.376980,0.448975,0.189888,0.256291,0.553821,2,0,0.142919
4291,0.174004,0.376893,0.449103,0.190077,0.256231,0.553692,2,0,0.142926
4292,0.173964,0.376805,0.449231,0.190265,0.256171,0.553563,2,0,0.142934
4293,0.173923,0.376717,0.449360,0.190454,0.256112,0.553434,2,0,0.142941
4294,0.173883,0.376629,0.449488,0.190642,0.256052,0.553305,2,0,0.142949
4295,0.173842,0.376542,0.449616,0.190831,0.255993,0.553177,2,0,0.142956
4296,0.173802,0.376454,0.449744,0.191019,0.255933,0.553048,2,0,0.142963
4297,0.173761,0.376367,0.449872,0.191207,0.255873,0.552919,2,0,0.142971
4298,0.173721,0.376279,0.450000,0.191395,0.255814,0.552791,2,0,0.142978
4299,0.173681,0.376192,0.450128,0.191583,0.255754,0.552662,2,0,0.142985
4300,0.173640,0.376104,0.450256,0.191771,0.255695,0.552534,2,0,0.142993
4301,0.173600,0.376017,0.450383,0.191959,0.255636,0.552405,2,0,0.143000
4302,0.173559,0.375929,0.450511,0.192147,0.255576,0.552277,2,0,0.143007
4303,0.173519,0.375842,0.450639,0.192334,0.255517,0.552149,2,0,0.143015
4304,0.173479,0.375755,0.450766,0.192522,0.255458,0.552020,2,0,0.143022
4305,0.173439,0.375668,0.450894,0.192710,0.255398,0.551892,2,0,0.143029
4306,0.173398,0.375580,0.451021,0.192897,0.255339,0.551764,2,0,0.143036
4307,0.173358,0.375493,0.451149,0.193084,0.255280,0.551636,2,0,0.143043
4308,0.173318,0.375406,0.451276,0.193271,0.255220,0.551508,2,0,0.143050
4309,0.173278,0.375319,0.451403,0.193459,0.255161,0.551380,2,0,0.143057
4310,0.173237,0.375232,0.451531,0.193646,0.255102,0.551252,2,0,0.143064
4311,0.173197,0.375145,0.451658,0.193833,0.255043,0.551125,2,0,0.143071
4312,0.173157,0.375058,0.451785,0.194019,0.254984,0.550997,2,0,0.143079
4313,0.173117,0.374971,0.451912,0.194206,0.254925,0.550869,2,0,0.143086
4314,0.173077,0.374884,0.452039,0.194393,0.254866,0.550741,2,0,0.143093
4315,0.173037,0.374797,0.452166,0.194580,0.254807,0.550614,2,0,0.143099
4316,0.172997,0.374711,0.452293,0.194766,0.254748,0.550486,2,0,0.143106
4317,0.172957,0.374624,0.452420,0.194953,0.254689,0.550359,2,0,0.143113
4318,0.172917,0.374537,0.452546,0.195139,0.254630,0.550231,2,0,0.143120
4319,0.172877,0.374450,0.452673,0.195325,0.254571,0.550104,2,0,0.143127
4320,0.172837,0.374364,0.452800,0.195511,0.254512,0.549977,2,0,0.143134
4321,0.172797,0.374277,0.452926,0.195697,0.254453,0.549850,2,0,0.143141
4322,0.172757,0.374191,0.453053,0.195883,0.254394,0.549722,2,0,0.143148
4323,0.172717,0.374104,0.453179,0.196069,0.254335,0.549595,2,0,0.143154
4324,0.172677,0.374018,0.453306,0.196255,0.254276,0.549468,2,0,0.143161
4325,0.172637,0.373931,0.453432,0.196441,0.254218,0.549341,2,0,0.143168
4326,0.172597,0.373845,0.453558,0.196627,0.254159,0.549214,2,0,0.143175
4327,0.172557,0.373758,0.453684,0.196812,0.254100,0.549088,2,0,0.143181
4328,0.172517,0.373672,0.453811,0.196998,0.254042,0.548961,2,0,0.143188
4329,0.172477,0.373586,0.453937,0.197183,0.253983,0.548834,2,0,0.143195
4330,0.172438,0.373500,0.454063,0.197368,0.253924,0.548707,2,0,0.143201
4331,0.172398,0.373413,0.454189,0.197554,0.253866,0.548581,2,0,0.143208
4332,0.172358,0.373327,0.454315,0.197739,0.253807,0.548454,2,0,0.143214
4333,0.172318,0.373241,0.454441,0.197924,0.253749,0.548328,2,0,0.143221
4334,0.172279,0.373155,0.454566,0.198109,0.253690,0.548201,2,0,0.143228
4335,0.172239,0.373069,0.454692,0.198294,0.253632,0.548075,2,0,0.143234
4336,0.172199,0.372983,0.454818,0.198479,0.253573,0.547948,2,0,0.143241
4337,0.172159,0.372897,0.454944,0.198663,0.253515,0.547822,2,0,0.143247
4338,0.172120,0.372811,0.455069,0.198848,0.253456,0.547696,2,0,0.143254
4339,0.172080,0.372725,0.455195,0.199032,0.253398,0.547570,2,0,0.143260
4340,0.172041,0.372639,0.455320,0.199217,0.253339,0.547444,2,0,0.143266
4341,0.172001,0.372554,0.455446,0.199401,0.253281,0.547318,2,0,0.143273
4342,0.171961,0.372468,0.455571,0.199586,0.253223,0.547192,2,0,0.143279
4343,0.171922,0.372382,0.455696,0.199770,0.253165,0.547066,2,0,0.143286
4344,0.171882,0.372296,0.455821,0.199954,0.253106,0.546940,2,0,0.143292
4345,0.171843,0.372211,0.455947,0.200138,0.253048,0.546814,2,0,0.143298
4346,0.171803,0.372125,0.456072,0.200322,0.252990,0.546688,2,0,0.143305
4347,0.171764,0.372040,0.456197,0.200506,0.252932,0.546562,2,0,0.143311
4348,0.171724,0.371954,0.456322,0.200690,0.252874,0.546437,2,0,0.143317
4349,0.171685,0.371869,0.456447,0.200873,0.252815,0.546311,2,0,0.143323
4350,0.171645,0.371783,0.456572,0.201057,0.252757,0.546186,2,0,0.143329
4351,0.171606,0.371698,0.456697,0.201241,0.252699,0.546060,2,0,0.143336
4352,0.171566,0.371612,0.456821,0.201424,0.252641,0.545935,2,0,0.143342
4353,0.171527,0.371527,0.456946,0.201607,0.252583,0.545809,2,0,0.143348
4354,0.171488,0.371442,0.457071,0.201791,0.252525,0.545684,2,0,0.143354
4355,0.171448,0.371356,0.457195,0.201974,0.252467,0.545559,2,0,0.143360
4356,0.171409,0.371271,0.457320,0.202157,0.252409,0.545434,2,0,0.143366
4357,0.171370,0.371186,0.457444,0.202340,0.252351,0.545309,2,0,0.143372
4358,0.171330,0.371101,0.457569,0.202523,0.252294,0.545183,2,0,0.143378
4359,0.171291,0.371016,0.457693,0.202706,0.252236,0.545058,2,0,0.143384
4360,0.171252,0.370931,0.457818,0.202889,0.252178,0.544934,2,0,0.143390
4361,0.171212,0.370846,0.457942,0.203071,0.252120,0.544809,2,0,0.143396
4362,0.171173,0.370761,0.458066,0.203254,0.252062,0.544684,2,0,0.143402
4363,0.171134,0.370676,0.458190,0.203436,0.252005,0.544559,2,0,0.143408
4364,0.171095,0.370591,0.458314,0.203619,0.251947,0.544434,2,0,0.143414
4365,0.171056,0.370506,0.458438,0.203801,0.251889,0.544310,2,0,0.143420
4366,0.171016,0.370421,0.458562,0.203984,0.251832,0.544185,2,0,0.143426
4367,0.170977,0.370336,0.458686,0.204166,0.251774,0.544060,2,0,0.143432
4368,0.170938,0.370252,0.458810,0.204348,0.251716,0.543936,2,0,0.143438
4369,0.170899,0.370167,0.458934,0.204530,0.251659,0.543811,2,0,0.143444
4370,0.170860,0.370082,0.459058,0.204712,0.251601,0.543687,2,0,0.143449
4371,0.170821,0.369998,0.459181,0.204894,0.251544,0.543563,2,0,0.143455
4372,0.170782,0.369913,0.459305,0.205075,0.251486,0.543439,2,0,0.143461
4373,0.170743,0.369829,0.459429,0.205257,0.251429,0.543314,2,0,0.143467
4374,0.170704,0.369744,0.459552,0.205439,0.251371,0.543190,2,0,0.143472
4375,0.170665,0.369660,0.459676,0.205620,0.251314,0.543066,2,0,0.143478
4376,0.170626,0.369575,0.459799,0.205802,0.251256,0.542942,2,0,0.143484
4377,0.170587,0.369491,0.459922,0.205983,0.251199,0.542818,2,0,0.143489
4378,0.170548,0.369406,0.460046,0.206164,0.251142,0.542694,2,0,0.143495
4379,0.170509,0.369322,0.460169,0.206346,0.251084,0.542570,2,0,0.143501
4380,0.170470,0.369238,0.460292,0.206527,0.251027,0.542446,2,0,0.143506
4381,0.170431,0.369154,0.460415,0.206708,0.250970,0.542323,2,0,0.143512
4382,0.170392,0.369069,0.460538,0.206889,0.250912,0.542199,2,0,0.143517
4383,0.170353,0.368985,0.460661,0.207070,0.250855,0.542075,2,0,0.143523
4384,0.170315,0.368901,0.460784,0.207250,0.250798,0.541952,2,0,0.143528
4385,0.170276,0.368817,0.460907,0.207431,0.250741,0.541828,2,0,0.143534
4386,0.170237,0.368733,0.461030,0.207612,0.250684,0.541705,2,0,0.143539
4387,0.170198,0.368649,0.461153,0.207792,0.250627,0.541581,2,0,0.143545
4388,0.170159,0.368565,0.461276,0.207973,0.250569,0.541458,2,0,0.143550
4389,0.170121,0.368481,0.461398,0.208153,0.250512,0.541335,2,0,0.143556
4390,0.170082,0.368397,0.461521,0.208333,0.250455,0.541211,2,0,0.143561
4391,0.170043,0.368313,0.461644,0.208514,0.250398,0.541088,2,0,0.143567
4392,0.170005,0.368229,0.461766,0.208694,0.250341,0.540965,2,0,0.143572
4393,0.169966,0.368146,0.461889,0.208874,0.250284,0.540842,2,0,0.143577
4394,0.169927,0.368062,0.462011,0.209054,0.250227,0.540719,2,0,0.143583
4395,0.169889,0.367978,0.462133,0.209234,0.250171,0.540596,2,0,0.143588
4396,0.169850,0.367894,0.462256,0.209413,0.250114,0.540473,2,0,0.143593
4397,0.169811,0.367811,0.462378,0.209593,0.250057,0.540350,2,0,0.143598
4398,0.169773,0.367727,0.462500,0.209773,0.250000,0.540227,2,0,0.143604
4399,0.169734,0.367644,0.462622,0.209952,0.249943,0.540105,2,0,0.143609
4400,0.169696,0.367560,0.462744,0.210132,0.249886,0.539982,2,0,0.143614
4401,0.169657,0.367477,0.462866,0.210311,0.249830,0.539859,2,0,0.143619
4402,0.169619,0.367393,0.462988,0.210490,0.249773,0.539737,2,0,0.143624
4403,0.169580,0.367310,0.463110,0.210670,0.249716,0.539614,2,0,0.143630
4404,0.169542,0.367227,0.463232,0.210849,0.249660,0.539492,2,0,0.143635
4405,0.169503,0.367143,0.463354,0.211028,0.249603,0.539369,2,0,0.143640
4406,0.169465,0.367060,0.463475,0.211207,0.249546,0.539247,2,0,0.143645
4407,0.169426,0.366977,0.463597,0.211386,0.249490,0.539125,2,0,0.143650
4408,0.169388,0.366893,0.463719,0.211565,0.249433,0.539002,2,0,0.143655
4409,0.169349,0.366810,0.463840,0.211743,0.249377,0.538880,2,0,0.143660
4410,0.169311,0.366727,0.463962,0.211922,0.249320,0.538758,2,0,0.143665
4411,0.169273,0.366644,0.464083,0.212101,0.249264,0.538636,2,0,0.143670
4412,0.169234,0.366561,0.464205,0.212279,0.249207,0.538514,2,0,0.143675
4413,0.169196,0.366478,0.464326,0.212458,0.249151,0.538392,2,0,0.143680
4414,0.169158,0.366395,0.464447,0.212636,0.249094,0.538270,2,0,0.143685
4415,0.169119,0.366312,0.464569,0.212814,0.249038,0.538148,2,0,0.143690
4416,0.169081,0.366229,0.464690,0.212992,0.248981,0.538026,2,0,0.143695
4417,0.169043,0.366146,0.464811,0.213170,0.248925,0.537905,2,0,0.143700
4418,0.169005,0.366063,0.464932,0.213348,0.248869,0.537783,2,0,0.143704
4419,0.168966,0.365981,0.465053,0.213526,0.248812,0.537661,2,0,0.143709
4420,0.168928,0.365898,0.465174,0.213704,0.248756,0.537540,2,0,0.143714
4421,0.168890,0.365815,0.465295,0.213882,0.248700,0.537418,2,0,0.143719
4422,0.168852,0.365732,0.465416,0.214060,0.248644,0.537297,2,0,0.143724
4423,0.168814,0.365650,0.465537,0.214237,0.248588,0.537175,2,0,0.143728
4424,0.168775,0.365567,0.465657,0.214415,0.248531,0.537054,2,0,0.143733
4425,0.168737,0.365485,0.465778,0.214592,0.248475,0.536932,2,0,0.143738
4426,0.168699,0.365402,0.465899,0.214770,0.248419,0.536811,2,0,0.143743
4427,0.168661,0.365319,0.466019,0.214947,0.248363,0.536690,2,0,0.143747
4428,0.168623,0.365237,0.466140,0.215124,0.248307,0.536569,2,0,0.143752
4429,0.168585,0.365155,0.466260,0.215301,0.248251,0.536448,2,0,0.143757
4430,0.168547,0.365072,0.466381,0.215478,0.248195,0.536327,2,0,0.143761
4431,0.168509,0.364990,0.466501,0.215655,0.248139,0.536206,2,0,0.143766
4432,0.168471,0.364908,0.466622,0.215832,0.248083,0.536085,2,0,0.143770
4433,0.168433,0.364825,0.466742,0.216009,0.248027,0.535964,2,0,0.143775
4434,0.168395,0.364743,0.466862,0.216186,0.247971,0.535843,2,0,0.143779
4435,0.168357,0.364661,0.466982,0.216362,0.247915,0.535722,2,0,0.143784
4436,0.168319,0.364579,0.467102,0.216539,0.247859,0.535602,2,0,0.143789
4437,0.168281,0.364497,0.467222,0.216715,0.247804,0.535481,2,0,0.143793
4438,0.168243,0.364414,0.467342,0.216892,0.247748,0.535360,2,0,0.143798
4439,0.168205,0.364332,0.467462,0.217068,0.247692,0.535240,2,0,0.143802
4440,0.168167,0.364250,0.467582,0.217244,0.247636,0.535119,2,0,0.143806
4441,0.168130,0.364168,0.467702,0.217421,0.247580,0.534999,2,0,0.143811
4442,0.168092,0.364086,0.467822,0.217597,0.247525,0.534878,2,0,0.143815
4443,0.168054,0.364004,0.467942,0.217773,0.247469,0.534758,2,0,0.143820
4444,0.168016,0.363923,0.468061,0.217949,0.247413,0.534638,2,0,0.143824
4445,0.167978,0.363841,0.468181,0.218125,0.247358,0.534518,2,0,0.143828
4446,0.167941,0.363759,0.468300,0.218300,0.247302,0.534397,2,0,0.143833
4447,0.167903,0.363677,0.468420,0.218476,0.247247,0.534277,2,0,0.143837
4448,0.167865,0.363596,0.468539,0.218652,0.247191,0.534157,2,0,0.143841
4449,0.167827,0.363514,0.468659,0.218827,0.247135,0.534037,2,0,0.143846
4450,0.167790,0.363432,0.468778,0.219003,0.247080,0.533917,2,0,0.143850
4451,0.167752,0.363351,0.468897,0.219178,0.247024,0.533797,2,0,0.143854
4452,0.167714,0.363269,0.469017,0.219353,0.246969,0.533678,2,0,0.143858
4453,0.167677,0.363187,0.469136,0.219529,0.246914,0.533558,2,0,0.143862
4454,0.167639,0.363106,0.469255,0.219704,0.246858,0.533438,2,0,0.143867
4455,0.167602,0.363024,0.469374,0.219879,0.246803,0.533318,2,0,0.143871
4456,0.167564,0.362943,0.469493,0.220054,0.246747,0.533199,2,0,0.143875
4457,0.167526,0.362862,0.469612,0.220229,0.246692,0.533079,2,0,0.143879
4458,0.167489,0.362780,0.469731,0.220404,0.246637,0.532960,2,0,0.143883
4459,0.167451,0.362699,0.469850,0.220578,0.246581,0.532840,2,0,0.143887
4460,0.167414,0.362618,0.469969,0.220753,0.246526,0.532721,2,0,0.143891
4461,0.167376,0.362536,0.470087,0.220928,0.246471,0.532601,2,0,0.143895
4462,0.167339,0.362455,0.470206,0.221102,0.246416,0.532482,2,0,0.143899
4463,0.167301,0.362374,0.470325,0.221277,0.246361,0.532363,2,0,0.143903
4464,0.167264,0.362293,0.470443,0.221451,0.246305,0.532244,2,0,0.143907
4465,0.167226,0.362212,0.470562,0.221625,0.246250,0.532124,2,0,0.143911
4466,0.167189,0.362131,0.470680,0.221799,0.246195,0.532005,2,0,0.143915
4467,0.167151,0.362050,0.470799,0.221974,0.246140,0.531886,2,0,0.143919
4468,0.167114,0.361969,0.470917,0.222148,0.246085,0.531767,2,0,0.143923
4469,0.167077,0.361888,0.471036,0.222322,0.246030,0.531648,2,0,0.143927
4470,0.167039,0.361807,0.471154,0.222496,0.245975,0.531530,2,0,0.143931
4471,0.167002,0.361726,0.471272,0.222669,0.245920,0.531411,2,0,0.143935
4472,0.166965,0.361645,0.471390,0.222843,0.245865,0.531292,2,0,0.143939
4473,0.166927,0.361564,0.471508,0.223017,0.245810,0.531173,2,0,0.143943
4474,0.166890,0.361483,0.471626,0.223190,0.245755,0.531055,2,0,0.143946
4475,0.166853,0.361403,0.471744,0.223364,0.245700,0.530936,2,0,0.143950
4476,0.166816,0.361322,0.471862,0.223537,0.245645,0.530817,2,0,0.143954
4477,0.166778,0.361241,0.471980,0.223711,0.245591,0.530699,2,0,0.143958
4478,0.166741,0.361161,0.472098,0.223884,0.245536,0.530580,2,0,0.143962
4479,0.166704,0.361080,0.472216,0.224057,0.245481,0.530462,2,0,0.143965
4480,0.166667,0.361000,0.472334,0.224230,0.245426,0.530344,2,0,0.143969
4481,0.166629,0.360919,0.472451,0.224403,0.245371,0.530225,2,0,0.143973
4482,0.166592,0.360839,0.472569,0.224576,0.245317,0.530107,2,0,0.143976
4483,0.166555,0.360758,0.472687,0.224749,0.245262,0.529989,2,0,0.143980
4484,0.166518,0.360678,0.472804,0.224922,0.245207,0.529871,2,0,0.143984
4485,0.166481,0.360597,0.472922,0.225095,0.245153,0.529753,2,0,0.143987
4486,0.166444,0.360517,0.473039,0.225267,0.245098,0.529635,2,0,0.143991
4487,0.166407,0.360437,0.473157,0.225440,0.245043,0.529517,2,0,0.143995
4488,0.166370,0.360356,0.473274,0.225612,0.244989,0.529399,2,0,0.143998
4489,0.166333,0.360276,0.473391,0.225785,0.244934,0.529281,2,0,0.144002
4490,0.166296,0.360196,0.473508,0.225957,0.244880,0.529163,2,0,0.144005
4491,0.166259,0.360116,0.473626,0.226130,0.244825,0.529045,2,0,0.144009
4492,0.166222,0.360036,0.473743,0.226302,0.244771,0.528927,2,0,0.144012
4493,0.166185,0.359956,0.473860,0.226474,0.244716,0.528810,2,0,0.144016
4494,0.166148,0.359875,0.473977,0.226646,0.244662,0.528692,2,0,0.144019
4495,0.166111,0.359795,0.474094,0.226818,0.244608,0.528575,2,0,0.144023
4496,0.166074,0.359715,0.474211,0.226990,0.244553,0.528457,2,0,0.144026
4497,0.166037,0.359635,0.474328,0.227162,0.244499,0.528340,2,0,0.144030
4498,0.166000,0.359556,0.474444,0.227333,0.244444,0.528222,2,0,0.144033
4499,0.165963,0.359476,0.474561,0.227505,0.244390,0.528105,2,0,0.144036
4500,0.165926,0.359396,0.474678,0.227677,0.244336,0.527988,2,0,0.144040
4501,0.165889,0.359316,0.474795,0.227848,0.244282,0.527870,2,0,0.144043
4502,0.165853,0.359236,0.474911,0.228020,0.244227,0.527753,2,0,0.144046
4503,0.165816,0.359156,0.475028,0.228191,0.244173,0.527636,2,0,0.144050
4504,0.165779,0.359077,0.475144,0.228362,0.244119,0.527519,2,0,0.144053
4505,0.165742,0.358997,0.475261,0.228533,0.244065,0.527402,2,0,0.144056
4506,0.165705,0.358917,0.475377,0.228705,0.244011,0.527285,2,0,0.144060
4507,0.165669,0.358838,0.475493,0.228876,0.243957,0.527168,2,0,0.144063
4508,0.165632,0.358758,0.475610,0.229047,0.243902,0.527051,2,0,0.144066
4509,0.165595,0.358679,0.475726,0.229217,0.243848,0.526934,2,0,0.144069
4510,0.165559,0.358599,0.475842,0.229388,0.243794,0.526817,2,0,0.144072
4511,0.165522,0.358520,0.475958,0.229559,0.243740,0.526701,2,0,0.144076
4512,0.165485,0.358440,0.476074,0.229730,0.243686,0.526584,2,0,0.144079
4513,0.165449,0.358361,0.476190,0.229900,0.243632,0.526467,2,0,0.144082
4514,0.165412,0.358282,0.476306,0.230071,0.243578,0.526351,2,0,0.144085
4515,0.165375,0.358202,0.476422,0.230241,0.243524,0.526234,2,0,0.144088
4516,0.165339,0.358123,0.476538,0.230412,0.243471,0.526118,2,0,0.144091
4517,0.165302,0.358044,0.476654,0.230582,0.243417,0.526001,2,0,0.144094
4518,0.165265,0.357965,0.476770,0.230752,0.243363,0.525885,2,0,0.144097
4519,0.165229,0.357885,0.476886,0.230922,0.243309,0.525769,2,0,0.144100
4520,0.165192,0.357806,0.477001,0.231092,0.243255,0.525652,2,0,0.144103
4521,0.165156,0.357727,0.477117,0.231262,0.243201,0.525536,2,0,0.144106
4522,0.165119,0.357648,0.477233,0.231432,0.243148,0.525420,2,0,0.144109
4523,0.165083,0.357569,0.477348,0.231602,0.243094,0.525304,2,0,0.144112
4524,0.165046,0.357490,0.477464,0.231772,0.243040,0.525188,2,0,0.144115
4525,0.165010,0.357411,0.477579,0.231942,0.242987,0.525072,2,0,0.144118
4526,0.164973,0.357332,0.477694,0.232111,0.242933,0.524956,2,0,0.144121
4527,0.164937,0.357253,0.477810,0.232281,0.242879,0.524840,2,0,0.144124
4528,0.164901,0.357174,0.477925,0.232450,0.242826,0.524724,2,0,0.144127
4529,0.164864,0.357096,0.478040,0.232620,0.242772,0.524608,2,0,0.144130
4530,0.164828,0.357017,0.478155,0.232789,0.242718,0.524492,2,0,0.144133
4531,0.164792,0.356938,0.478270,0.232958,0.242665,0.524377,2,0,0.144136
4532,0.164755,0.356859,0.478386,0.233127,0.242611,0.524261,2,0,0.144138
4533,0.164719,0.356781,0.478501,0.233297,0.242558,0.524146,2,0,0.144141
4534,0.164683,0.356702,0.478616,0.233466,0.242504,0.524030,2,0,0.144144
4535,0.164646,0.356623,0.478730,0.233635,0.242451,0.523914,2,0,0.144147
4536,0.164610,0.356545,0.478845,0.233803,0.242398,0.523799,2,0,0.144150
4537,0.164574,0.356466,0.478960,0.233972,0.242344,0.523684,2,0,0.144152
4538,0.164537,0.356388,0.479075,0.234141,0.242291,0.523568,2,0,0.144155
4539,0.164501,0.356309,0.479190,0.234310,0.242237,0.523453,2,0,0.144158
4540,0.164465,0.356231,0.479304,0.234478,0.242184,0.523338,2,0,0.144160
4541,0.164429,0.356152,0.479419,0.234647,0.242131,0.523223,2,0,0.144163
4542,0.164393,0.356074,0.479533,0.234815,0.242077,0.523107,2,0,0.144166
4543,0.164356,0.355996,0.479648,0.234983,0.242024,0.522992,2,0,0.144168
4544,0.164320,0.355917,0.479762,0.235152,0.241971,0.522877,2,0,0.144171
4545,0.164284,0.355839,0.479877,0.235320,0.241918,0.522762,2,0,0.144174
4546,0.164248,0.355761,0.479991,0.235488,0.241865,0.522647,2,0,0.144176
4547,0.164212,0.355683,0.480106,0.235656,0.241811,0.522532,2,0,0.144179
4548,0.164176,0.355604,0.480220,0.235824,0.241758,0.522418,2,0,0.144181
4549,0.164140,0.355526,0.480334,0.235992,0.241705,0.522303,2,0,0.144184
4550,0.164104,0.355448,0.480448,0.236160,0.241652,0.522188,2,0,0.144187
4551,0.164068,0.355370,0.480562,0.236328,0.241599,0.522073,2,0,0.144189
4552,0.164032,0.355292,0.480676,0.236495,0.241546,0.521959,2,0,0.144192
4553,0.163996,0.355214,0.480790,0.236663,0.241493,0.521844,2,0,0.144194
4554,0.163960,0.355136,0.480904,0.236831,0.241440,0.521730,2,0,0.144197
4555,0.163924,0.355058,0.481018,0.236998,0.241387,0.521615,2,0,0.144199
4556,0.163888,0.354980,0.481132,0.237165,0.241334,0.521501,2,0,0.144201
4557,0.163852,0.354902,0.481246,0.237333,0.241281,0.521386,2,0,0.144204
4558,0.163816,0.354825,0.481360,0.237500,0.241228,0.521272,2,0,0.144206
4559,0.163780,0.354747,0.481473,0.237667,0.241175,0.521158,2,0,0.144209
4560,0.163744,0.354669,0.481587,0.237834,0.241122,0.521043,2,0,0.144211
4561,0.163708,0.354591,0.481701,0.238001,0.241069,0.520929,2,0,0.144213
4562,0.163672,0.354514,0.481814,0.238168,0.241017,0.520815,2,0,0.144216
4563,0.163636,0.354436,0.481928,0.238335,0.240964,0.520701,2,0,0.144218
4564,0.163601,0.354358,0.482041,0.238502,0.240911,0.520587,2,0,0.144220
4565,0.163565,0.354281,0.482155,0.238669,0.240858,0.520473,2,0,0.144223
4566,0.163529,0.354203,0.482268,0.238835,0.240806,0.520359,2,0,0.144225
4567,0.163493,0.354126,0.482381,0.239002,0.240753,0.520245,2,0,0.144227
4568,0.163457,0.354048,0.482495,0.239168,0.240700,0.520131,2,0,0.144229
4569,0.163422,0.353971,0.482608,0.239335,0.240648,0.520018,2,0,0.144232
4570,0.163386,0.353893,0.482721,0.239501,0.240595,0.519904,2,0,0.144234
4571,0.163350,0.353816,0.482834,0.239668,0.240542,0.519790,2,0,0.144236
4572,0.163314,0.353739,0.482947,0.239834,0.240490,0.519676,2,0,0.144238
4573,0.163279,0.353661,0.483060,0.240000,0.240437,0.519563,2,0,0.144240
4574,0.163243,0.353584,0.483173,0.240166,0.240385,0.519449,2,0,0.144243
4575,0.163207,0.353507,0.483286,0.240332,0.240332,0.519336,2,0,0.144245
4576,0.163172,0.353429,0.483399,0.240498,0.240280,0.519222,2,0,0.144247
4577,0.163136,0.353352,0.483512,0.240664,0.240227,0.519109,2,0,0.144249
4578,0.163100,0.353275,0.483624,0.240830,0.240175,0.518996,2,0,0.144251
4579,0.163065,0.353198,0.483737,0.240995,0.240122,0.518882,2,0,0.144253
4580,0.163029,0.353121,0.483850,0.241161,0.240070,0.518769,2,0,0.144255
4581,0.162994,0.353044,0.483962,0.241327,0.240017,0.518656,2,0,0.144257
4582,0.162958,0.352967,0.484075,0.241492,0.239965,0.518543,2,0,0.144259
4583,0.162923,0.352890,0.484188,0.241658,0.239913,0.518430,2,0,0.144261
4584,0.162887,0.352813,0.484300,0.241823,0.239860,0.518317,2,0,0.144263
4585,0.162852,0.352736,0.484412,0.241988,0.239808,0.518204,2,0,0.144265
4586,0.162816,0.352659,0.484525,0.242153,0.239756,0.518091,2,0,0.144267
4587,0.162781,0.352582,0.484637,0.242319,0.239704,0.517978,2,0,0.144269
4588,0.162745,0.352505,0.484749,0.242484,0.239651,0.517865,2,0,0.144271
4589,0.162710,0.352429,0.484862,0.242649,0.239599,0.517752,2,0,0.144273
4590,0.162674,0.352352,0.484974,0.242814,0.239547,0.517639,2,0,0.144275
4591,0.162639,0.352275,0.485086,0.242978,0.239495,0.517527,2,0,0.144277
4592,0.162603,0.352199,0.485198,0.243143,0.239443,0.517414,2,0,0.144279
4593,0.162568,0.352122,0.485310,0.243308,0.239391,0.517301,2,0,0.144280
4594,0.162533,0.352045,0.485422,0.243473,0.239339,0.517189,2,0,0.144282
4595,0.162497,0.351969,0.485534,0.243637,0.239286,0.517076,2,0,0.144284
4596,0.162462,0.351892,0.485646,0.243802,0.239234,0.516964,2,0,0.144286
4597,0.162427,0.351816,0.485758,0.243966,0.239182,0.516851,2,0,0.144288
4598,0.162391,0.351739,0.485870,0.244130,0.239130,0.516739,2,0,0.144290
4599,0.162356,0.351663,0.485981,0.244295,0.239078,0.516627,2,0,0.144291
4600,0.162321,0.351586,0.486093,0.244459,0.239027,0.516515,2,0,0.144293
4601,0.162285,0.351510,0.486205,0.244623,0.238975,0.516402,2,0,0.144295
4602,0.162250,0.351434,0.486316,0.244787,0.238923,0.516290,2,0,0.144297
4603,0.162215,0.351357,0.486428,0.244951,0.238871,0.516178,2,0,0.144298
4604,0.162180,0.351281,0.486539,0.245115,0.238819,0.516066,2,0,0.144300
4605,0.162145,0.351205,0.486651,0.245279,0.238767,0.515954,2,0,0.144302
4606,0.162109,0.351128,0.486762,0.245443,0.238715,0.515842,2,0,0.144303
4607,0.162074,0.351052,0.486874,0.245606,0.238663,0.515730,2,0,0.144305
4608,0.162039,0.350976,0.486985,0.245770,0.238612,0.515618,2,0,0.144307
4609,0.162004,0.350900,0.487096,0.245934,0.238560,0.515506,2,0,0.144308
4610,0.161969,0.350824,0.487207,0.246097,0.238508,0.515395,2,0,0.144310
4611,0.161934,0.350748,0.487318,0.246261,0.238457,0.515283,2,0,0.144311
4612,0.161899,0.350672,0.487430,0.246424,0.238405,0.515171,2,0,0.144313
4613,0.161863,0.350596,0.487541,0.246587,0.238353,0.515060,2,0,0.144314
4614,0.161828,0.350520,0.487652,0.246750,0.238302,0.514948,2,0,0.144316
4615,0.161793,0.350444,0.487763,0.246914,0.238250,0.514836,2,0,0.144318
4616,0.161758,0.350368,0.487874,0.247077,0.238198,0.514725,2,0,0.144319
4617,0.161723,0.350292,0.487984,0.247240,0.238147,0.514614,2,0,0.144321
4618,0.161688,0.350216,0.488095,0.247403,0.238095,0.514502,2,0,0.144322
4619,0.161653,0.350141,0.488206,0.247565,0.238044,0.514391,2,0,0.144323
4620,0.161618,0.350065,0.488317,0.247728,0.237992,0.514280,2,0,0.144325
4621,0.161583,0.349989,0.488427,0.247891,0.237941,0.514168,2,0,0.144326
4622,0.161548,0.349913,0.488538,0.248054,0.237889,0.514057,2,0,0.144328
4623,0.161514,0.349838,0.488649,0.248216,0.237838,0.513946,2,0,0.144329
4624,0.161479,0.349762,0.488759,0.248379,0.237786,0.513835,2,0,0.144331
4625,0.161444,0.349687,0.488870,0.248541,0.237735,0.513724,2,0,0.144332
4626,0.161409,0.349611,0.488980,0.248704,0.237684,0.513613,2,0,0.144333
4627,0.161374,0.349536,0.489091,0.248866,0.237632,0.513502,2,0,0.144335
4628,0.161339,0.349460,0.489201,0.249028,0.237581,0.513391,2,0,0.144336
4629,0.161304,0.349385,0.489311,0.249190,0.237530,0.513280,2,0,0.144337
4630,0.161269,0.349309,0.489421,0.249352,0.237478,0.513169,2,0,0.144339
4631,0.161235,0.349234,0.489532,0.249514,0.237427,0.513058,2,0,0.144340
4632,0.161200,0.349158,0.489642,0.249676,0.237376,0.512948,2,0,0.144341
4633,0.161165,0.349083,0.489752,0.249838,0.237325,0.512837,2,0,0.144342
4634,0.161130,0.349008,0.489862,0.250000,0.237274,0.512726,2,0,0.144344
4635,0.161096,0.348932,0.489972,0.250162,0.237222,0.512616,2,0,0.144345
4636,0.161061,0.348857,0.490082,0.250323,0.237171,0.512505,2,0,0.144346
4637,0.161026,0.348782,0.490192,0.250485,0.237120,0.512395,2,0,0.144347
4638,0.160991,0.348707,0.490302,0.250647,0.237069,0.512284,2,0,0.144349
4639,0.160957,0.348632,0.490412,0.250808,0.237018,0.512174,2,0,0.144350
4640,0.160922,0.348557,0.490521,0.250969,0.236967,0.512064,2,0,0.144351
4641,0.160887,0.348482,0.490631,0.251131,0.236916,0.511953,2,0,0.144352
4642,0.160853,0.348407,0.490741,0.251292,0.236865,0.511843,2,0,0.144353
4643,0.160818,0.348332,0.490850,0.251453,0.236814,0.511733,2,0,0.144354
4644,0.160783,0.348257,0.490960,0.251614,0.236763,0.511623,2,0,0.144355
4645,0.160749,0.348182,0.491070,0.251775,0.236712,0.511513,2,0,0.144356
4646,0.160714,0.348107,0.491179,0.251936,0.236661,0.511403,2,0,0.144358
4647,0.160680,0.348032,0.491288,0.252097,0.236610,0.511293,2,0,0.144359
4648,0.160645,0.347957,0.491398,0.252258,0.236559,0.511183,2,0,0.144360
4649,0.160611,0.347882,0.491507,0.252419,0.236508,0.511073,2,0,0.144361
4650,0.160576,0.347807,0.491617,0.252580,0.236457,0.510963,2,0,0.144362
4651,0.160542,0.347733,0.491726,0.252740,0.236407,0.510853,2,0,0.144363
4652,0.160507,0.347658,0.491835,0.252901,0.236356,0.510743,2,0,0.144364
4653,0.160473,0.347583,0.491944,0.253061,0.236305,0.510634,2,0,0.144365
4654,0.160438,0.347509,0.492053,0.253222,0.236254,0.510524,2,0,0.144366
4655,0.160404,0.347434,0.492162,0.253382,0.236204,0.510414,2,0,0.144367
4656,0.160369,0.347359,0.492271,0.253542,0.236153,0.510305,2,0,0.144368
4657,0.160335,0.347285,0.492380,0.253703,0.236102,0.510195,2,0,0.144368
4658,0.160300,0.347210,0.492489,0.253863,0.236052,0.510086,2,0,0.144369
4659,0.160266,0.347136,0.492598,0.254023,0.236001,0.509976,2,0,0.144370
4660,0.160232,0.347061,0.492707,0.254183,0.235950,0.509867,2,0,0.144371
4661,0.160197,0.346987,0.492816,0.254343,0.235900,0.509758,2,0,0.144372
4662,0.160163,0.346913,0.492925,0.254503,0.235849,0.509648,2,0,0.144373
4663,0.160129,0.346838,0.493033,0.254662,0.235798,0.509539,2,0,0.144374
4664,0.160094,0.346764,0.493142,0.254822,0.235748,0.509430,2,0,0.144374
4665,0.160060,0.346690,0.493250,0.254982,0.235697,0.509321,2,0,0.144375
4666,0.160026,0.346615,0.493359,0.255141,0.235647,0.509212,2,0,0.144376
4667,0.159991,0.346541,0.493468,0.255301,0.235596,0.509103,2,0,0.144377
4668,0.159957,0.346467,0.493576,0.255460,0.235546,0.508994,2,0,0.144378
4669,0.159923,0.346393,0.493684,0.255620,0.235496,0.508885,2,0,0.144378
4670,0.159889,0.346318,0.493793,0.255779,0.235445,0.508776,2,0,0.144379
4671,0.159854,0.346244,0.493901,0.255938,0.235395,0.508667,2,0,0.144380
4672,0.159820,0.346170,0.494009,0.256098,0.235344,0.508558,2,0,0.144381
4673,0.159786,0.346096,0.494118,0.256257,0.235294,0.508449,2,0,0.144381
4674,0.159752,0.346022,0.494226,0.256416,0.235244,0.508340,2,0,0.144382
4675,0.159718,0.345948,0.494334,0.256575,0.235194,0.508232,2,0,0.144383
4676,0.159684,0.345874,0.494442,0.256734,0.235143,0.508123,2,0,0.144383
4677,0.159649,0.345800,0.494550,0.256892,0.235093,0.508015,2,0,0.144384
4678,0.159615,0.345726,0.494658,0.257051,0.235043,0.507906,2,0,0.144384
4679,0.159581,0.345653,0.494766,0.257210,0.234993,0.507797,2,0,0.144385
4680,0.159547,0.345579,0.494874,0.257369,0.234942,0.507689,2,0,0.144386
4681,0.159513,0.345505,0.494982,0.257527,0.234892,0.507581,2,0,0.144386
4682,0.159479,0.345431,0.495090,0.257686,0.234842,0.507472,2,0,0.144387
4683,0.159445,0.345358,0.495197,0.257844,0.234792,0.507364,2,0,0.144387
4684,0.159411,0.345284,0.495305,0.258003,0.234742,0.507256,2,0,0.144388
4685,0.159377,0.345210,0.495413,0.258161,0.234692,0.507147,2,0,0.144388
4686,0.159343,0.345137,0.495520,0.258319,0.234642,0.507039,2,0,0.144389
4687,0.159309,0.345063,0.495628,0.258477,0.234592,0.506931,2,0,0.144389
4688,0.159275,0.344989,0.495736,0.258635,0.234542,0.506823,2,0,0.144390
4689,0.159241,0.344916,0.495843,0.258793,0.234492,0.506715,2,0,0.144390
4690,0.159207,0.344842,0.495951,0.258951,0.234442,0.506607,2,0,0.144391
4691,0.159173,0.344769,0.496058,0.259109,0.234392,0.506499,2,0,0.144391
4692,0.159139,0.344695,0.496165,0.259267,0.234342,0.506391,2,0,0.144392
4693,0.159105,0.344622,0.496273,0.259425,0.234292,0.506283,2,0,0.144392
4694,0.159072,0.344549,0.496380,0.259583,0.234242,0.506175,2,0,0.144393
4695,0.159038,0.344475,0.496487,0.259740,0.234192,0.506068,2,0,0.144393
4696,0.159004,0.344402,0.496594,0.259898,0.234142,0.505960,2,0,0.144393
4697,0.158970,0.344329,0.496701,0.260055,0.234092,0.505852,2,0,0.144394
4698,0.158936,0.344255,0.496809,0.260213,0.234043,0.505745,2,0,0.144394
4699,0.158902,0.344182,0.496916,0.260370,0.233993,0.505637,2,0,0.144394
4700,0.158869,0.344109,0.497023,0.260527,0.233943,0.505530,2,0,0.144395
4701,0.158835,0.344036,0.497129,0.260685,0.233893,0.505422,2,0,0.144395
4702,0.158801,0.343963,0.497236,0.260842,0.233844,0.505315,2,0,0.144395
4703,0.158767,0.343889,0.497343,0.260999,0.233794,0.505207,2,0,0.144396
4704,0.158734,0.343816,0.497450,0.261156,0.233744,0.505100,2,0,0.144396
4705,0.158700,0.343743,0.497557,0.261313,0.233694,0.504993,2,0,0.144396
4706,0.158666,0.343670,0.497664,0.261470,0.233645,0.504885,2,0,0.144396
4707,0.158632,0.343597,0.497770,0.261627,0.233595,0.504778,2,0,0.144397
4708,0.158599,0.343524,0.497877,0.261783,0.233546,0.504671,2,0,0.144397
4709,0.158565,0.343451,0.497983,0.261940,0.233496,0.504564,2,0,0.144397
4710,0.158531,0.343379,0.498090,0.262097,0.233447,0.504457,2,0,0.144397
4711,0.158498,0.343306,0.498196,0.262253,0.233397,0.504350,2,0,0.144398
4712,0.158464,0.343233,0.498303,0.262410,0.233347,0.504243,2,0,0.144398
4713,0.158431,0.343160,0.498409,0.262566,0.233298,0.504136,2,0,0.144398
4714,0.158397,0.343087,0.498516,0.262723,0.233249,0.504029,2,0,0.144398
4715,0.158363,0.343015,0.498622,0.262879,0.233199,0.503922,2,0,0.144398
4716,0.158330,0.342942,0.498728,0.263035,0.233150,0.503815,2,0,0.144398
4717,0.158296,0.342869,0.498834,0.263191,0.233100,0.503708,2,0,0.144398
4718,0.158263,0.342797,0.498941,0.263347,0.233051,0.503602,2,0,0.144398
4719,0.158229,0.342724,0.499047,0.263503,0.233001,0.503495,2,0,0.144399
4720,0.158196,0.342651,0.499153,0.263659,0.232952,0.503388,2,0,0.144399
4721,0.158162,0.342579,0.499259,0.263815,0.232903,0.503282,2,0,0.144399
4722,0.158129,0.342506,0.499365,0.263971,0.232854,0.503175,2,0,0.144399
4723,0.158095,0.342434,0.499471,0.264127,0.232804,0.503069,2,0,0.144399
4724,0.158062,0.342361,0.499577,0.264283,0.232755,0.502962,2,0,0.144399
4725,0.158028,0.342289,0.499683,0.264438,0.232706,0.502856,2,0,0.144399
4726,0.157995,0.342217,0.499788,0.264594,0.232657,0.502750,2,0,0.144399
4727,0.157962,0.342144,0.499894,0.264749,0.232607,0.502643,2,0,0.144399
4728,0.157928,0.342072,0.500000,0.264905,0.232558,0.502537,2,0,0.144399
4729,0.157895,0.342000,0.500106,0.265060,0.232509,0.502431,2,0,0.144399
4730,0.157861,0.341927,0.500211,0.265216,0.232460,0.502325,2,0,0.144399
4731,0.157828,0.341855,0.500317,0.265371,0.232411,0.502218,2,0,0.144398
4732,0.157795,0.341783,0.500422,0.265526,0.232362,0.502112,2,0,0.144398
4733,0.157761,0.341711,0.500528,0.265681,0.232313,0.502006,2,0,0.144398
4734,0.157728,0.341639,0.500633,0.265836,0.232264,0.501900,2,0,0.144398
4735,0.157695,0.341566,0.500739,0.265991,0.232214,0.501794,2,0,0.144398
4736,0.157661,0.341494,0.500844,0.266146,0.232165,0.501688,2,0,0.144398
4737,0.157628,0.341422,0.500950,0.266301,0.232116,0.501583,2,0,0.144398
4738,0.157595,0.341350,0.501055,0.266456,0.232068,0.501477,2,0,0.144398
4739,0.157562,0.341278,0.501160,0.266610,0.232019,0.501371,2,0,0.144397
4740,0.157528,0.341206,0.501265,0.266765,0.231970,0.501265,2,0,0.144397
4741,0.157495,0.341134,0.501370,0.266920,0.231921,0.501160,2,0,0.144397
4742,0.157462,0.341062,0.501476,0.267074,0.231872,0.501054,2,0,0.144397
4743,0.157429,0.340991,0.501581,0.267229,0.231823,0.500948,2,0,0.144397
4744,0.157396,0.340919,0.501686,0.267383,0.231774,0.500843,2,0,0.144396
4745,0.157363,0.340847,0.501791,0.267537,0.231725,0.500737,2,0,0.144396
4746,0.157329,0.340775,0.501896,0.267692,0.231676,0.500632,2,0,0.144396
4747,0.157296,0.340703,0.502000,0.267846,0.231628,0.500526,2,0,0.144395
4748,0.157263,0.340632,0.502105,0.268000,0.231579,0.500421,2,0,0.144395
4749,0.157230,0.340560,0.502210,0.268154,0.231530,0.500316,2,0,0.144395
4750,0.157197,0.340488,0.502315,0.268308,0.231481,0.500210,2,0,0.144395
4751,0.157164,0.340417,0.502420,0.268462,0.231433,0.500105,2,0,0.144394
4752,0.157131,0.340345,0.502524,0.268616,0.231384,0.500000,2,0,0.144394
4753,0.157098,0.340273,0.502629,0.268770,0.231335,0.499895,2,0,0.144394
4754,0.157065,0.340202,0.502733,0.268923,0.231287,0.499790,2,0,0.144393
4755,0.157032,0.340130,0.502838,0.269077,0.231238,0.499685,2,0,0.144393
4756,0.156999,0.340059,0.502942,0.269231,0.231190,0.499580,2,0,0.144392
4757,0.156966,0.339987,0.503047,0.269384,0.231141,0.499475,2,0,0.144392
4758,0.156933,0.339916,0.503151,0.269538,0.231092,0.499370,2,0,0.144392
4759,0.156900,0.339845,0.503256,0.269691,0.231044,0.499265,2,0,0.144391
4760,0.156867,0.339773,0.503360,0.269845,0.230995,0.499160,2,0,0.144391
4761,0.156834,0.339702,0.503464,0.269998,0.230947,0.499055,2,0,0.144390
4762,0.156801,0.339631,0.503568,0.270151,0.230898,0.498950,2,0,0.144390
4763,0.156768,0.339559,0.503673,0.270304,0.230850,0.498846,2,0,0.144389
4764,0.156735,0.339488,0.503777,0.270457,0.230802,0.498741,2,0,0.144389
4765,0.156702,0.339417,0.503881,0.270610,0.230753,0.498636,2,0,0.144388
4766,0.156669,0.339346,0.503985,0.270763,0.230705,0.498532,2,0,0.144388
4767,0.156637,0.339274,0.504089,0.270916,0.230656,0.498427,2,0,0.144387
4768,0.156604,0.339203,0.504193,0.271069,0.230608,0.498323,2,0,0.144387
4769,0.156571,0.339132,0.504297,0.271222,0.230560,0.498218,2,0,0.144386
4770,0.156538,0.339061,0.504401,0.271375,0.230511,0.498114,2,0,0.144386
4771,0.156505,0.338990,0.504505,0.271527,0.230463,0.498010,2,0,0.144385
4772,0.156473,0.338919,0.504608,0.271680,0.230415,0.497905,2,0,0.144384
4773,0.156440,0.338848,0.504712,0.271832,0.230366,0.497801,2,0,0.144384
4774,0.156407,0.338777,0.504816,0.271985,0.230318,0.497697,2,0,0.144383
4775,0.156374,0.338706,0.504919,0.272137,0.230270,0.497593,2,0,0.144383
4776,0.156342,0.338635,0.505023,0.272290,0.230222,0.497488,2,0,0.144382
4777,0.156309,0.338565,0.505127,0.272442,0.230174,0.497384,2,0,0.144381
4778,0.156276,0.338494,0.505230,0.272594,0.230126,0.497280,2,0,0.144381
4779,0.156243,0.338423,0.505334,0.272746,0.230077,0.497176,2,0,0.144380
4780,0.156211,0.338352,0.505437,0.272898,0.230029,0.497072,2,0,0.144379
4781,0.156178,0.338281,0.505540,0.273050,0.229981,0.496968,2,0,0.144379
4782,0.156145,0.338211,0.505644,0.273202,0.229933,0.496865,2,0,0.144378
4783,0.156113,0.338140,0.505747,0.273354,0.229885,0.496761,2,0,0.144377
4784,0.156080,0.338069,0.505850,0.273506,0.229837,0.496657,2,0,0.144376
4785,0.156048,0.337999,0.505954,0.273658,0.229789,0.496553,2,0,0.144376
4786,0.156015,0.337928,0.506057,0.273810,0.229741,0.496449,2,0,0.144375
4787,0.155982,0.337858,0.506160,0.273961,0.229693,0.496346,2,0,0.144374
4788,0.155950,0.337787,0.506263,0.274113,0.229645,0.496242,2,0,0.144373
4789,0.155917,0.337717,0.506366,0.274264,0.229597,0.496139,2,0,0.144373
4790,0.155885,0.337646,0.506469,0.274416,0.229549,0.496035,2,0,0.144372
4791,0.155852,0.337576,0.506572,0.274567,0.229501,0.495932,2,0,0.144371
4792,0.155820,0.337505,0.506675,0.274718,0.229453,0.495828,2,0,0.144370
4793,0.155787,0.337435,0.506778,0.274870,0.229406,0.495725,2,0,0.144369
4794,0.155755,0.337364,0.506881,0.275021,0.229358,0.495621,2,0,0.144368
4795,0.155722,0.337294,0.506984,0.275172,0.229310,0.495518,2,0,0.144368
4796,0.155690,0.337224,0.507086,0.275323,0.229262,0.495415,2,0,0.144367
4797,0.155657,0.337154,0.507189,0.275474,0.229214,0.495312,2,0,0.144366
4798,0.155625,0.337083,0.507292,0.275625,0.229167,0.495208,2,0,0.144365
4799,0.155593,0.337013,0.507394,0.275776,0.229119,0.495105,2,0,0.144364
4800,0.155560,0.336943,0.507497,0.275927,0.229071,0.495002,2,0,0.144363
4801,0.155528,0.336873,0.507599,0.276077,0.229024,0.494899,2,0,0.144362
4802,0.155495,0.336803,0.507702,0.276228,0.228976,0.494796,2,0,0.144361
4803,0.155463,0.336733,0.507804,0.276379,0.228928,0.494693,2,0,0.144360
4804,0.155431,0.336663,0.507907,0.276529,0.228881,0.494590,2,0,0.144359
4805,0.155398,0.336592,0.508009,0.276680,0.228833,0.494487,2,0,0.144358
4806,0.155366,0.336522,0.508111,0.276830,0.228785,0.494384,2,0,0.144357
4807,0.155334,0.336452,0.508214,0.276981,0.228738,0.494282,2,0,0.144356
4808,0.155301,0.336383,0.508316,0.277131,0.228690,0.494179,2,0,0.144355
4809,0.155269,0.336313,0.508418,0.277281,0.228643,0.494076,2,0,0.144354
4810,0.155237,0.336243,0.508520,0.277431,0.228595,0.493973,2,0,0.144353
4811,0.155205,0.336173,0.508622,0.277582,0.228548,0.493871,2,0,0.144352
4812,0.155172,0.336103,0.508725,0.277732,0.228500,0.493768,2,0,0.144351
4813,0.155140,0.336033,0.508827,0.277882,0.228453,0.493666,2,0,0.144350
4814,0.155108,0.335963,0.508929,0.278032,0.228405,0.493563,2,0,0.144349
4815,0.155076,0.335894,0.509031,0.278181,0.228358,0.493461,2,0,0.144348
4816,0.155044,0.335824,0.509132,0.278331,0.228311,0.493358,2,0,0.144347
4817,0.155011,0.335754,0.509234,0.278481,0.228263,0.493256,2,0,0.144346
4818,0.154979,0.335685,0.509336,0.278631,0.228216,0.493154,2,0,0.144344
4819,0.154947,0.335615,0.509438,0.278780,0.228168,0.493051,2,0,0.144343
4820,0.154915,0.335545,0.509540,0.278930,0.228121,0.492949,2,0,0.144342
4821,0.154883,0.335476,0.509641,0.279079,0.228074,0.492847,2,0,0.144341
4822,0.154851,0.335406,0.509743,0.279229,0.228027,0.492745,2,0,0.144340
4823,0.154819,0.335337,0.509845,0.279378,0.227979,0.492642,2,0,0.144339
4824,0.154787,0.335267,0.509946,0.279528,0.227932,0.492540,2,0,0.144337
4825,0.154755,0.335198,0.510048,0.279677,0.227885,0.492438,2,0,0.144336
4826,0.154722,0.335128,0.510149,0.279826,0.227838,0.492336,2,0,0.144335
4827,0.154690,0.335059,0.510251,0.279975,0.227790,0.492234,2,0,0.144334
4828,0.154658,0.334990,0.510352,0.280124,0.227743,0.492133,2,0,0.144332
4829,0.154626,0.334920,0.510453,0.280273,0.227696,0.492031,2,0,0.144331
4830,0.154594,0.334851,0.510555,0.280422,0.227649,0.491929,2,0,0.144330
4831,0.154562,0.334782,0.510656,0.280571,0.227602,0.491827,2,0,0.144329
4832,0.154530,0.334712,0.510757,0.280720,0.227555,0.491725,2,0,0.144327
4833,0.154498,0.334643,0.510858,0.280869,0.227508,0.491624,2,0,0.144326
4834,0.154467,0.334574,0.510959,0.281017,0.227461,0.491522,2,0,0.144325
4835,0.154435,0.334505,0.511061,0.281166,0.227414,0.491420,2,0,0.144323
4836,0.154403,0.334436,0.511162,0.281315,0.227367,0.491319,2,0,0.144322
4837,0.154371,0.334367,0.511263,0.281463,0.227320,0.491217,2,0,0.144321
4838,0.154339,0.334298,0.511364,0.281612,0.227273,0.491116,2,0,0.144319
4839,0.154307,0.334228,0.511465,0.281760,0.227226,0.491014,2,0,0.144318
4840,0.154275,0.334159,0.511565,0.281908,0.227179,0.490913,2,0,0.144317
4841,0.154243,0.334090,0.511666,0.282057,0.227132,0.490811,2,0,0.144315
4842,0.154211,0.334021,0.511767,0.282205,0.227085,0.490710,2,0,0.144314
4843,0.154180,0.333953,0.511868,0.282353,0.227038,0.490609,2,0,0.144312
4844,0.154148,0.333884,0.511969,0.282501,0.226991,0.490508,2,0,0.144311
4845,0.154116,0.333815,0.512069,0.282649,0.226945,0.490406,2,0,0.144309
4846,0.154084,0.333746,0.512170,0.282797,0.226898,0.490305,2,0,0.144308
4847,0.154052,0.333677,0.512271,0.282945,0.226851,0.490204,2,0,0.144307
4848,0.154021,0.333608,0.512371,0.283093,0.226804,0.490103,2,0,0.144305
4849,0.153989,0.333539,0.512472,0.283241,0.226757,0.490002,2,0,0.144304
4850,0.153957,0.333471,0.512572,0.283388,0.226711,0.489901,2,0,0.144302
4851,0.153925,0.333402,0.512673,0.283536,0.226664,0.489800,2,0,0.144301
4852,0.153894,0.333333,0.512773,0.283684,0.226617,0.489699,2,0,0.144299
4853,0.153862,0.333265,0.512873,0.283831,0.226571,0.489598,2,0,0.144298
4854,0.153830,0.333196,0.512974,0.283979,0.226524,0.489498,2,0,0.144296
4855,0.153799,0.333127,0.513074,0.284126,0.226477,0.489397,2,0,0.144294
4856,0.153767,0.333059,0.513174,0.284273,0.226431,0.489296,2,0,0.144293
4857,0.153735,0.332990,0.513274,0.284421,0.226384,0.489195,2,0,0.144291
4858,0.153704,0.332922,0.513374,0.284568,0.226337,0.489095,2,0,0.144290
4859,0.153672,0.332853,0.513475,0.284715,0.226291,0.488994,2,0,0.144288
4860,0.153640,0.332785,0.513575,0.284862,0.226244,0.488893,2,0,0.144287
4861,0.153609,0.332716,0.513675,0.285009,0.226198,0.488793,2,0,0.144285
4862,0.153577,0.332648,0.513775,0.285156,0.226151,0.488692,2,0,0.144283
4863,0.153546,0.332580,0.513875,0.285303,0.226105,0.488592,2,0,0.144282
4864,0.153514,0.332511,0.513975,0.285450,0.226058,0.488492,2,0,0.144280
4865,0.153483,0.332443,0.514074,0.285597,0.226012,0.488391,2,0,0.144278
4866,0.153451,0.332375,0.514174,0.285744,0.225965,0.488291,2,0,0.144277
4867,0.153420,0.332306,0.514274,0.285890,0.225919,0.488191,2,0,0.144275
4868,0.153388,0.332238,0.514374,0.286037,0.225873,0.488090,2,0,0.144273
4869,0.153357,0.332170,0.514473,0.286184,0.225826,0.487990,2,0,0.144272
4870,0.153325,0.332102,0.514573,0.286330,0.225780,0.487890,2,0,0.144270
4871,0.153294,0.332034,0.514673,0.286477,0.225734,0.487790,2,0,0.144268
4872,0.153262,0.331966,0.514772,0.286623,0.225687,0.487690,2,0,0.144266
4873,0.153231,0.331897,0.514872,0.286769,0.225641,0.487590,2,0,0.144265
4874,0.153199,0.331829,0.514971,0.286916,0.225595,0.487490,2,0,0.144263
4875,0.153168,0.331761,0.515071,0.287062,0.225548,0.487390,2,0,0.144261
4876,0.153137,0.331693,0.515170,0.287208,0.225502,0.487290,2,0,0.144259
4877,0.153105,0.331625,0.515270,0.287354,0.225456,0.487190,2,0,0.144258
4878,0.153074,0.331557,0.515369,0.287500,0.225410,0.487090,2,0,0.144256
4879,0.153042,0.331489,0.515468,0.287646,0.225364,0.486990,2,0,0.144254
4880,0.153011,0.331422,0.515567,0.287792,0.225317,0.486891,2,0,0.144252
4881,0.152980,0.331354,0.515667,0.287938,0.225271,0.486791,2,0,0.144250
4882,0.152948,0.331286,0.515766,0.288084,0.225225,0.486691,2,0,0.144249
4883,0.152917,0.331218,0.515865,0.288229,0.225179,0.486592,2,0,0.144247
4884,0.152886,0.331150,0.515964,0.288375,0.225133,0.486492,2,0,0.144245
4885,0.152855,0.331082,0.516063,0.288521,0.225087,0.486392,2,0,0.144243
4886,0.152823,0.331015,0.516162,0.288666,0.225041,0.486293,2,0,0.144241
4887,0.152792,0.330947,0.516261,0.288812,0.224995,0.486193,2,0,0.144239
4888,0.152761,0.330879,0.516360,0.288957,0.224949,0.486094,2,0,0.144237
4889,0.152730,0.330812,0.516459,0.289102,0.224903,0.485995,2,0,0.144235
4890,0.152698,0.330744,0.516558,0.289248,0.224857,0.485895,2,0,0.144233
4891,0.152667,0.330676,0.516656,0.289393,0.224811,0.485796,2,0,0.144232
4892,0.152636,0.330609,0.516755,0.289538,0.224765,0.485697,2,0,0.144230
4893,0.152605,0.330541,0.516854,0.289683,0.224719,0.485598,2,0,0.144228
4894,0.152574,0.330474,0.516953,0.289828,0.224673,0.485498,2,0,0.144226
4895,0.152542,0.330406,0.517051,0.289973,0.224627,0.485399,2,0,0.144224
4896,0.152511,0.330339,0.517150,0.290118,0.224581,0.485300,2,0,0.144222
4897,0.152480,0.330271,0.517248,0.290263,0.224536,0.485201,2,0,0.144220
4898,0.152449,0.330204,0.517347,0.290408,0.224490,0.485102,2,0,0.144218
4899,0.152418,0.330137,0.517445,0.290553,0.224444,0.485003,2,0,0.144216
4900,0.152387,0.330069,0.517544,0.290698,0.224398,0.484904,2,0,0.144214
4901,0.152356,0.330002,0.517642,0.290842,0.224352,0.484805,2,0,0.144212
4902,0.152325,0.329935,0.517741,0.290987,0.224307,0.484706,2,0,0.144210
4903,0.152294,0.329867,0.517839,0.291131,0.224261,0.484608,2,0,0.144207
4904,0.152263,0.329800,0.517937,0.291276,0.224215,0.484509,2,0,0.144205
4905,0.152232,0.329733,0.518035,0.291420,0.224170,0.484410,2,0,0.144203
4906,0.152200,0.329666,0.518134,0.291565,0.224124,0.484311,2,0,0.144201
4907,0.152169,0.329599,0.518232,0.291709,0.224078,0.484213,2,0,0.144199
4908,0.152138,0.329532,0.518330,0.291853,0.224033,0.484114,2,0,0.144197
4909,0.152108,0.329464,0.518428,0.291998,0.223987,0.484015,2,0,0.144195
4910,0.152077,0.329397,0.518526,0.292142,0.223941,0.483917,2,0,0.144193
4911,0.152046,0.329330,0.518624,0.292286,0.223896,0.483818,2,0,0.144191
4912,0.152015,0.329263,0.518722,0.292430,0.223850,0.483720,2,0,0.144188
4913,0.151984,0.329196,0.518820,0.292574,0.223805,0.483622,2,0,0.144186
4914,0.151953,0.329129,0.518918,0.292718,0.223759,0.483523,2,0,0.144184
4915,0.151922,0.329062,0.519016,0.292862,0.223714,0.483425,2,0,0.144182
4916,0.151891,0.328996,0.519113,0.293005,0.223668,0.483327,2,0,0.144180
4917,0.151860,0.328929,0.519211,0.293149,0.223623,0.483228,2,0,0.144178
4918,0.151829,0.328862,0.519309,0.293293,0.223577,0.483130,2,0,0.144175
4919,0.151798,0.328795,0.519407,0.293436,0.223532,0.483032,2,0,0.144173
4920,0.151768,0.328728,0.519504,0.293580,0.223486,0.482934,2,0,0.144171
4921,0.151737,0.328661,0.519602,0.293723,0.223441,0.482836,2,0,0.144169
4922,0.151706,0.328595,0.519699,0.293867,0.223396,0.482738,2,0,0.144166
4923,0.151675,0.328528,0.519797,0.294010,0.223350,0.482640,2,0,0.144164
4924,0.151644,0.328461,0.519894,0.294153,0.223305,0.482542,2,0,0.144162
4925,0.151614,0.328395,0.519992,0.294297,0.223260,0.482444,2,0,0.144160
4926,0.151583,0.328328,0.520089,0.294440,0.223214,0.482346,2,0,0.144157
4927,0.151552,0.328261,0.520187,0.294583,0.223169,0.482248,2,0,0.144155
4928,0.151521,0.328195,0.520284,0.294726,0.223124,0.482150,2,0,0.144153
4929,0.151491,0.328128,0.520381,0.294869,0.223078,0.482052,2,0,0.144150
4930,0.151460,0.328062,0.520479,0.295012,0.223033,0.481955,2,0,0.144148
4931,0.151429,0.327995,0.520576,0.295155,0.222988,0.481857,2,0,0.144146
4932,0.151398,0.327929,0.520673,0.295298,0.222943,0.481759,2,0,0.144143
4933,0.151368,0.327862,0.520770,0.295441,0.222898,0.481662,2,0,0.144141
4934,0.151337,0.327796,0.520867,0.295583,0.222853,0.481564,2,0,0.144139
4935,0.151306,0.327729,0.520964,0.295726,0.222807,0.481466,2,0,0.144136
4936,0.151276,0.327663,0.521061,0.295869,0.222762,0.481369,2,0,0.144134
4937,0.151245,0.327597,0.521158,0.296011,0.222717,0.481272,2,0,0.144131
4938,0.151215,0.327530,0.521255,0.296154,0.222672,0.481174,2,0,0.144129
4939,0.151184,0.327464,0.521352,0.296296,0.222627,0.481077,2,0,0.144127
4940,0.151153,0.327398,0.521449,0.296439,0.222582,0.480979,2,0,0.144124
4941,0.151123,0.327332,0.521546,0.296581,0.222537,0.480882,2,0,0.144122
4942,0.151092,0.327265,0.521642,0.296723,0.222492,0.480785,2,0,0.144119
4943,0.151062,0.327199,0.521739,0.296866,0.222447,0.480688,2,0,0.144117
4944,0.151031,0.327133,0.521836,0.297008,0.222402,0.480590,2,0,0.144114
4945,0.151001,0.327067,0.521932,0.297150,0.222357,0.480493,2,0,0.144112
4946,0.150970,0.327001,0.522029,0.297292,0.222312,0.480396,2,0,0.144109
4947,0.150940,0.326935,0.522126,0.297434,0.222267,0.480299,2,0,0.144107
4948,0.150909,0.326869,0.522222,0.297576,0.222222,0.480202,2,0,0.144104
4949,0.150879,0.326803,0.522319,0.297718,0.222177,0.480105,2,0,0.144102
4950,0.150848,0.326737,0.522415,0.297859,0.222132,0.480008,2,0,0.144099
4951,0.150818,0.326671,0.522512,0.298001,0.222088,0.479911,2,0,0.144097
4952,0.150787,0.326605,0.522608,0.298143,0.222043,0.479814,2,0,0.144094
4953,0.150757,0.326539,0.522704,0.298285,0.221998,0.479717,2,0,0.144092
4954,0.150726,0.326473,0.522801,0.298426,0.221953,0.479621,2,0,0.144089
4955,0.150696,0.326407,0.522897,0.298568,0.221908,0.479524,2,0,0.144086
4956,0.150666,0.326341,0.522993,0.298709,0.221864,0.479427,2,0,0.144084
4957,0.150635,0.326275,0.523089,0.298851,0.221819,0.479331,2,0,0.144081
4958,0.150605,0.326210,0.523185,0.298992,0.221774,0.479234,2,0,0.144079
4959,0.150574,0.326144,0.523282,0.299133,0.221729,0.479137,2,0,0.144076
4960,0.150544,0.326078,0.523378,0.299274,0.221685,0.479041,2,0,0.144073
4961,0.150514,0.326012,0.523474,0.299416,0.221640,0.478944,2,0,0.144071
4962,0.150483,0.325947,0.523570,0.299557,0.221595,0.478848,2,0,0.144068
4963,0.150453,0.325881,0.523666,0.299698,0.221551,0.478751,2,0,0.144066
4964,0.150423,0.325816,0.523762,0.299839,0.221506,0.478655,2,0,0.144063
4965,0.150393,0.325750,0.523857,0.299980,0.221462,0.478558,2,0,0.144060
4966,0.150362,0.325684,0.523953,0.300121,0.221417,0.478462,2,0,0.144057
4967,0.150332,0.325619,0.524049,0.300262,0.221373,0.478366,2,0,0.144055
4968,0.150302,0.325553,0.524145,0.300402,0.221328,0.478270,2,0,0.144052
4969,0.150272,0.325488,0.524241,0.300543,0.221283,0.478173,2,0,0.144049
4970,0.150241,0.325422,0.524336,0.300684,0.221239,0.478077,2,0,0.144047
4971,0.150211,0.325357,0.524432,0.300824,0.221194,0.477981,2,0,0.144044
4972,0.150181,0.325292,0.524528,0.300965,0.221150,0.477885,2,0,0.144041
4973,0.150151,0.325226,0.524623,0.301106,0.221106,0.477789,2,0,0.144038
4974,0.150121,0.325161,0.524719,0.301246,0.221061,0.477693,2,0,0.144036
4975,0.150090,0.325095,0.524814,0.301386,0.221017,0.477597,2,0,0.144033
4976,0.150060,0.325030,0.524910,0.301527,0.220972,0.477501,2,0,0.144030
4977,0.150030,0.324965,0.525005,0.301667,0.220928,0.477405,2,0,0.144027
4978,0.150000,0.324900,0.525100,0.301807,0.220884,0.477309,2,0,0.144025
4979,0.149970,0.324834,0.525196,0.301947,0.220839,0.477213,2,0,0.144022
4980,0.149940,0.324769,0.525291,0.302088,0.220795,0.477118,2,0,0.144019
4981,0.149910,0.324704,0.525386,0.302228,0.220751,0.477022,2,0,0.144016
4982,0.149880,0.324639,0.525482,0.302368,0.220706,0.476926,2,0,0.144013
4983,0.149850,0.324574,0.525577,0.302508,0.220662,0.476830,2,0,0.144010
4984,0.149819,0.324509,0.525672,0.302647,0.220618,0.476735,2,0,0.144008
4985,0.149789,0.324444,0.525767,0.302787,0.220573,0.476639,2,0,0.144005
4986,0.149759,0.324379,0.525862,0.302927,0.220529,0.476544,2,0,0.144002
4987,0.149729,0.324313,0.525957,0.303067,0.220485,0.476448,2,0,0.143999
4988,0.149699,0.324248,0.526052,0.303206,0.220441,0.476353,2,0,0.143996
4989,0.149669,0.324184,0.526147,0.303346,0.220397,0.476257,2,0,0.143993
4990,0.149639,0.324119,0.526242,0.303486,0.220353,0.476162,2,0,0.143990
4991,0.149609,0.324054,0.526337,0.303625,0.220308,0.476066,2,0,0.143987
4992,0.149579,0.323989,0.526432,0.303765,0.220264,0.475971,2,0,0.143984
4993,0.149550,0.323924,0.526527,0.303904,0.220220,0.475876,2,0,0.143981
4994,0.149520,0.323859,0.526621,0.304043,0.220176,0.475781,2,0,0.143979
4995,0.149490,0.323794,0.526716,0.304183,0.220132,0.475685,2,0,0.143976
4996,0.149460,0.323729,0.526811,0.304322,0.220088,0.475590,2,0,0.143973
4997,0.149430,0.323665,0.526905,0.304461,0.220044,0.475495,2,0,0.143970
4998,0.149400,0.323600,0.527000,0.304600,0.220000,0.475400,2,0,0.143967
4999,0.149370,0.323535,0.527095,0.304739,0.219956,0.475305,2,0,0.143964
