step,p0_heads,p1_heads
0,0.500000,0.500000
1,0.537430,0.537430
2,0.574443,0.494375
3,0.531832,0.531832
4,0.495219,0.563407
5,0.464123,0.589857
6,0.512574,0.626387
7,0.553608,0.656361
8,0.587944,0.680905
9,0.616484,0.701012
10,0.646148,0.652985
11,0.670517,0.609507
12,0.625235,0.631198
13,0.646559,0.593500
14,0.607080,0.612244
15,0.572362,0.627922
16,0.615258,0.665576
17,0.561628,0.609405
18,0.588877,0.570773
19,0.538461,0.519513
20,0.575769,0.560269
21,0.606119,0.520437
22,0.631297,0.486353
23,0.581402,0.442635
24,0.537595,0.406134
25,0.499870,0.375887
26,0.531973,0.419951
27,0.559064,0.458466
28,0.600813,0.417382
29,0.563314,0.391374
30,0.604327,0.358127
31,0.638092,0.330889
32,0.596072,0.310887
33,0.559184,0.294420
34,0.527290,0.280831
35,0.574437,0.260589
36,0.523203,0.310177
37,0.488747,0.290652
38,0.444961,0.338227
39,0.408377,0.381463
40,0.378043,0.419784
41,0.352980,0.453155
42,0.332288,0.481868
43,0.315191,0.506376
44,0.301039,0.527189
45,0.276965,0.469965
46,0.265807,0.496235
47,0.246822,0.443833
48,0.238014,0.473875
49,0.222997,0.425136
50,0.216012,0.457779
51,0.264304,0.510882
52,0.250082,0.538948
53,0.297034,0.583462
54,0.276826,0.606516
55,0.262649,0.553303
56,0.306567,0.590924
57,0.346921,0.622103
58,0.383074,0.647844
59,0.414873,0.669075
60,0.442483,0.686600
61,0.501930,0.634714
62,0.525870,0.658246
63,0.576046,0.608981
64,0.595810,0.637017
65,0.636586,0.589994
66,0.669791,0.548649
67,0.616919,0.576726
68,0.645920,0.541388
69,0.599893,0.565360
70,0.631418,0.608507
71,0.655717,0.572589
72,0.680823,0.614460
73,0.633585,0.561822
74,0.591262,0.515908
75,0.554164,0.476637
76,0.595942,0.438834
77,0.558234,0.406250
78,0.525627,0.379176
79,0.549561,0.420050
80,0.569730,0.455702
81,0.615162,0.412295
82,0.581547,0.389121
83,0.598376,0.425236
84,0.569487,0.405317
85,0.509723,0.461800
86,0.484454,0.436010
87,0.537892,0.394095
88,0.486785,0.445525
89,0.443518,0.490224
90,0.407378,0.528370
91,0.450031,0.566297
92,0.421019,0.524122
93,0.457487,0.556445
94,0.432710,0.520508
95,0.390575,0.564418
96,0.442707,0.517435
97,0.480470,0.552017
98,0.438084,0.588871
99,0.409402,0.546666
100,0.374819,0.584416
101,0.422756,0.539698
102,0.466336,0.575566
103,0.429292,0.607129
104,0.471995,0.636199
105,0.434030,0.661496
106,0.476189,0.616583
107,0.437645,0.566964
108,0.479307,0.525929
109,0.521707,0.565372
110,0.482790,0.595859
111,0.524666,0.627977
112,0.560074,0.583840
113,0.520971,0.609453
114,0.551132,0.571451
115,0.591783,0.611618
116,0.625399,0.644629
117,0.578262,0.595320
118,0.610232,0.551365
119,0.564892,0.507025
120,0.525447,0.469221
121,0.491648,0.437347
122,0.446850,0.484679
123,0.409411,0.525162
124,0.378377,0.559336
125,0.351731,0.513881
126,0.396044,0.550502
127,0.363331,0.585941
128,0.406356,0.615926
129,0.444123,0.640748
130,0.402987,0.668509
131,0.441190,0.688222
132,0.474238,0.704462
133,0.524759,0.653381
134,0.552885,0.675777
135,0.594898,0.627115
136,0.544999,0.651189
137,0.506653,0.601811
138,0.463418,0.630288
139,0.501547,0.657250
140,0.459105,0.679927
141,0.423465,0.698560
142,0.467175,0.719184
143,0.504756,0.736022
144,0.472087,0.689837
145,0.504043,0.705075
146,0.551071,0.653165
147,0.590372,0.605913
148,0.622913,0.564088
149,0.578811,0.516404
150,0.531618,0.550410
151,0.491020,0.578962
152,0.452059,0.529284
153,0.418110,0.561244
154,0.389839,0.588027
155,0.438359,0.624638
156,0.479813,0.584124
157,0.522322,0.621426
158,0.558227,0.652059
159,0.588288,0.677155
160,0.549555,0.630389
161,0.575264,0.652403
162,0.596806,0.670619
163,0.614831,0.685713
164,0.653248,0.631566
165,0.684424,0.582711
166,0.698117,0.612928
167,0.722731,0.566235
168,0.681310,0.522658
169,0.625824,0.560022
170,0.656070,0.519263
171,0.612443,0.476284
172,0.561919,0.514707
173,0.591849,0.554607
174,0.552707,0.512502
175,0.518894,0.476548
176,0.544847,0.510627
177,0.492123,0.554830
178,0.538148,0.509033
179,0.493305,0.546657
180,0.532443,0.507679
181,0.494309,0.539691
182,0.527588,0.506527
183,0.555695,0.478281
184,0.597220,0.529213
185,0.631475,0.572073
186,0.653579,0.534357
187,0.602676,0.486695
188,0.559612,0.521118
189,0.587620,0.488690
190,0.610995,0.461190
191,0.630476,0.437993
192,0.664580,0.492749
193,0.625009,0.522007
194,0.641345,0.493836
195,0.606884,0.518709
196,0.576715,0.539783
197,0.550605,0.557588
198,0.601772,0.607198
199,0.643625,0.647734
200,0.657219,0.612209
201,0.599108,0.554219
202,0.620095,0.522015
203,0.565846,0.471299
204,0.518404,0.428612
205,0.477781,0.393120
206,0.440927,0.435631
207,0.410090,0.472551
208,0.384413,0.504188
209,0.363077,0.531063
210,0.415923,0.577920
211,0.462469,0.616707
212,0.502588,0.648567
213,0.536682,0.674657
214,0.490786,0.694413
215,0.531196,0.650201
216,0.565245,0.610438
217,0.600177,0.646570
218,0.629103,0.676036
219,0.655944,0.633552
220,0.609364,0.580608
221,0.633783,0.614286
222,0.583400,0.640257
223,0.541457,0.591683
224,0.579630,0.547360
225,0.611362,0.509055
226,0.567845,0.540289
227,0.603504,0.581952
228,0.629974,0.543560
229,0.658603,0.584674
230,0.611183,0.537052
231,0.636108,0.572166
232,0.594945,0.531510
233,0.543573,0.571114
234,0.580975,0.526794
235,0.538925,0.485863
236,0.577097,0.447985
237,0.608852,0.416240
238,0.563252,0.382845
239,0.519020,0.426568
240,0.553844,0.399903
241,0.508824,0.365520
242,0.545817,0.414598
243,0.502499,0.457909
244,0.540480,0.501690
245,0.497928,0.539058
246,0.534429,0.501437
247,0.498239,0.533218
248,0.542330,0.575636
249,0.504994,0.601833
250,0.461145,0.551096
251,0.424314,0.507072
252,0.466955,0.543473
253,0.510167,0.499618
254,0.471971,0.462119
255,0.434030,0.505110
256,0.402360,0.541618
257,0.376056,0.572317
258,0.346085,0.524256
259,0.325113,0.557746
260,0.375114,0.594484
261,0.420477,0.552425
262,0.460154,0.516050
263,0.419995,0.469763
264,0.466111,0.513644
265,0.505802,0.550804
266,0.464643,0.585744
267,0.504549,0.616172
268,0.544776,0.569847
269,0.578537,0.529450
270,0.533294,0.484765
271,0.566910,0.525040
272,0.528312,0.487049
273,0.556968,0.521289
274,0.524072,0.488991
275,0.473658,0.536459
276,0.520466,0.490642
277,0.560003,0.451791
278,0.591368,0.493491
279,0.617465,0.529030
280,0.567487,0.569023
281,0.523854,0.602344
282,0.557461,0.558774
283,0.585631,0.520985
284,0.609151,0.488658
285,0.644293,0.536103
286,0.663110,0.501549
287,0.678710,0.472153
288,0.691666,0.447310
289,0.718225,0.500855
290,0.665239,0.455167
291,0.616597,0.416888
292,0.573285,0.385103
293,0.525941,0.430338
294,0.560000,0.475581
295,0.595869,0.439685
296,0.551068,0.479239
297,0.586421,0.523464
298,0.615800,0.560794
299,0.640134,0.592010
300,0.660271,0.617981
301,0.620001,0.578456
302,0.565823,0.616937
303,0.592380,0.638526
304,0.556040,0.599908
305,0.598376,0.545778
306,0.633268,0.498847
307,0.661881,0.458939
308,0.685313,0.425406
309,0.704940,0.470977
310,0.659609,0.436464
311,0.677060,0.475323
312,0.636989,0.445913
313,0.652319,0.479020
314,0.665108,0.507318
315,0.606947,0.556909
316,0.570335,0.524499
317,0.611740,0.473608
318,0.574524,0.446052
319,0.542195,0.422881
320,0.514421,0.403444
321,0.565360,0.362550
322,0.512259,0.417641
323,0.466857,0.466204
324,0.503173,0.504351
325,0.546651,0.461895
326,0.508858,0.429178
327,0.539685,0.467593
328,0.491044,0.514390
329,0.533752,0.472443
330,0.569694,0.437069
331,0.602270,0.481413
332,0.629276,0.519364
333,0.657617,0.476665
334,0.680862,0.440613
335,0.699942,0.410439
336,0.655674,0.449455
337,0.683861,0.498043
338,0.700035,0.464549
339,0.713404,0.436318
340,0.660788,0.396341
341,0.681009,0.373390
342,0.638021,0.411535
343,0.655804,0.391730
344,0.618165,0.424585
345,0.584996,0.453058
346,0.600968,0.435761
347,0.541346,0.386968
348,0.586151,0.445313
349,0.623175,0.496189
350,0.653570,0.539537
351,0.678467,0.575944
352,0.698866,0.606271
353,0.718033,0.559307
354,0.734118,0.592434
355,0.688800,0.550477
356,0.703345,0.578820
357,0.715393,0.602517
358,0.661817,0.638819
359,0.612689,0.668493
360,0.640555,0.686693
361,0.665930,0.635419
362,0.686775,0.589219
363,0.637852,0.542945
364,0.660904,0.576062
365,0.685927,0.530185
366,0.704168,0.565376
367,0.654843,0.599349
368,0.678653,0.627979
369,0.698192,0.651636
370,0.653724,0.609455
371,0.681936,0.557816
372,0.704919,0.512870
373,0.659881,0.474387
374,0.677042,0.510940
375,0.691265,0.541934
376,0.652303,0.509300
377,0.595111,0.556239
378,0.558432,0.521566
379,0.600373,0.473033
380,0.549730,0.518334
381,0.585639,0.477072
382,0.542310,0.515586
383,0.498518,0.473372
384,0.461286,0.437763
385,0.498740,0.477360
386,0.467075,0.447022
387,0.440357,0.421533
388,0.472002,0.454922
389,0.499090,0.483637
390,0.550999,0.433534
391,0.594309,0.391951
392,0.616331,0.429218
393,0.651249,0.388391
394,0.668831,0.426105
395,0.696536,0.385827
396,0.710429,0.423860
397,0.669567,0.402477
398,0.681971,0.435142
399,0.711010,0.390124
400,0.671973,0.372439
401,0.614259,0.429106
402,0.576776,0.405001
403,0.597597,0.439628
404,0.637174,0.396044
405,0.600040,0.376068
406,0.567526,0.359410
407,0.585353,0.394047
408,0.629716,0.353228
409,0.596110,0.339442
410,0.566803,0.327933
411,0.507722,0.386618
412,0.482132,0.367268
413,0.506564,0.403159
414,0.559522,0.362754
415,0.505579,0.417396
416,0.459575,0.465553
417,0.504742,0.429608
418,0.468252,0.397162
419,0.437486,0.370264
420,0.411697,0.348011
421,0.374334,0.398913
422,0.353564,0.371714
423,0.336330,0.349210
424,0.307273,0.399989
425,0.283712,0.444960
426,0.270722,0.409926
427,0.312769,0.453163
428,0.351145,0.490506
429,0.385375,0.522347
430,0.415405,0.549281
431,0.402087,0.518999
432,0.427902,0.541926
433,0.377539,0.590160
434,0.336672,0.629874
435,0.303732,0.662324
436,0.277218,0.688766
437,0.330671,0.639367
438,0.374126,0.664661
439,0.342414,0.687127
440,0.384651,0.707136
441,0.351021,0.724863
442,0.323540,0.739397
443,0.367699,0.754620
444,0.337162,0.766098
445,0.312222,0.775557
446,0.357445,0.787253
447,0.398030,0.796840
448,0.361974,0.804110
449,0.412988,0.761635
450,0.381830,0.768588
451,0.427411,0.783709
452,0.467182,0.795989
453,0.501338,0.806014
454,0.530374,0.814237
455,0.575554,0.772631
456,0.599504,0.786986
457,0.619499,0.798660
458,0.655406,0.757378
459,0.684610,0.718032
460,0.708346,0.681706
461,0.727671,0.648965
462,0.743453,0.619972
463,0.756388,0.594627
464,0.711852,0.602530
465,0.659941,0.535931
466,0.612509,0.478197
467,0.641869,0.455710
468,0.665787,0.511391
469,0.689110,0.483828
470,0.642611,0.435053
471,0.593045,0.467960
472,0.622156,0.444708
473,0.650237,0.499562
474,0.604417,0.452949
475,0.628799,0.499627
476,0.649026,0.539341
477,0.665811,0.572729
478,0.627743,0.533459
479,0.663919,0.487264
480,0.609251,0.528452
481,0.560457,0.563182
482,0.518003,0.592235
483,0.476658,0.543508
484,0.441743,0.501387
485,0.406267,0.540401
486,0.449436,0.575595
487,0.412668,0.607702
488,0.455010,0.636223
489,0.417311,0.661954
490,0.459044,0.684635
491,0.420675,0.704998
492,0.461962,0.722898
493,0.432415,0.677112
494,0.481601,0.625990
495,0.442455,0.652365
496,0.483720,0.676513
497,0.518993,0.696330
498,0.474021,0.716491
499,0.516147,0.669384
500,0.551797,0.626431
501,0.507440,0.574343
502,0.544461,0.534793
503,0.506324,0.563321
504,0.537820,0.529587
505,0.564365,0.500687
506,0.586649,0.476110
507,0.605318,0.455306
508,0.548246,0.405816
509,0.573126,0.388798
510,0.541045,0.419678
511,0.513495,0.446440
512,0.460052,0.395946
513,0.489466,0.381590
514,0.514534,0.369547
515,0.491046,0.398820
516,0.471108,0.424293
517,0.454231,0.446272
518,0.475434,0.435512
519,0.419244,0.381453
520,0.405261,0.407630
521,0.431190,0.398702
522,0.453536,0.391166
523,0.441408,0.413565
524,0.431154,0.432895
525,0.450134,0.426326
526,0.441378,0.442865
527,0.384590,0.384066
528,0.377485,0.406443
529,0.331902,0.354550
530,0.295452,0.312932
531,0.328918,0.308053
532,0.323290,0.338837
533,0.318547,0.366133
534,0.314545,0.390039
535,0.311164,0.410789
536,0.276455,0.357270
537,0.337271,0.423945
538,0.324791,0.450377
539,0.382311,0.509846
540,0.349312,0.457782
541,0.399443,0.508370
542,0.370807,0.464091
543,0.414202,0.507114
544,0.389493,0.469463
545,0.355574,0.512386
546,0.335809,0.473931
547,0.319447,0.441468
548,0.372978,0.404026
549,0.350205,0.377558
550,0.331367,0.355613
551,0.315765,0.337422
552,0.369607,0.308896
553,0.411612,0.350647
554,0.388454,0.335259
555,0.441310,0.304965
556,0.404742,0.358514
557,0.374454,0.407052
558,0.418756,0.378823
559,0.384521,0.349841
560,0.356281,0.326039
561,0.331848,0.373646
562,0.311762,0.416176
563,0.295225,0.453363
564,0.346004,0.503071
565,0.323087,0.460327
566,0.301292,0.498839
567,0.283441,0.531604
568,0.331632,0.573478
569,0.375623,0.608283
570,0.344249,0.634517
571,0.393663,0.592446
572,0.366385,0.615123
573,0.343847,0.634017
574,0.394157,0.667869
575,0.366034,0.614689
576,0.409655,0.644232
577,0.447916,0.668517
578,0.480948,0.688483
579,0.530529,0.638960
580,0.558528,0.664185
581,0.507793,0.686806
582,0.549812,0.640998
583,0.506624,0.660930
584,0.467527,0.608741
585,0.434587,0.562279
586,0.398777,0.595693
587,0.369153,0.623426
588,0.415238,0.652358
589,0.455648,0.676105
590,0.502250,0.628657
591,0.537133,0.656652
592,0.576312,0.611131
593,0.605034,0.642258
594,0.628899,0.667815
595,0.589649,0.621848
596,0.627680,0.572871
597,0.588575,0.530659
598,0.609197,0.562063
599,0.626426,0.588380
600,0.663146,0.537143
601,0.692900,0.492921
602,0.705939,0.530237
603,0.666335,0.493983
604,0.677953,0.525710
605,0.708458,0.477735
606,0.670380,0.447072
607,0.636128,0.421312
608,0.605871,0.399742
609,0.650372,0.361287
610,0.660493,0.399263
611,0.695841,0.360895
612,0.724190,0.329603
613,0.686207,0.313080
614,0.651805,0.299398
615,0.621246,0.288041
616,0.664300,0.264513
617,0.632288,0.255559
618,0.569580,0.308160
619,0.613189,0.287245
620,0.648909,0.270150
621,0.609385,0.254931
622,0.555300,0.301680
623,0.519495,0.280675
624,0.488887,0.263540
625,0.537787,0.249749
626,0.578824,0.238413
627,0.605568,0.286256
628,0.638822,0.268344
629,0.590108,0.315055
630,0.547221,0.357987
631,0.584367,0.410935
632,0.540171,0.378364
633,0.497404,0.422522
634,0.461058,0.461085
635,0.497794,0.433996
636,0.541735,0.485325
637,0.578608,0.529242
638,0.536020,0.562198
639,0.492376,0.515777
640,0.455786,0.550876
641,0.425041,0.580331
642,0.389189,0.531475
643,0.359615,0.489429
644,0.335279,0.453784
645,0.312066,0.498242
646,0.358784,0.535544
647,0.338070,0.498506
648,0.389484,0.455382
649,0.360978,0.498730
650,0.337486,0.535616
651,0.386416,0.573387
652,0.358449,0.603794
653,0.402985,0.562504
654,0.451456,0.600333
655,0.491480,0.559480
656,0.450788,0.511455
657,0.416689,0.470431
658,0.458132,0.509737
659,0.493844,0.543071
660,0.539248,0.496603
661,0.577365,0.457119
662,0.609073,0.423957
663,0.635331,0.396286
664,0.657040,0.373270
665,0.606078,0.341230
666,0.632853,0.322899
667,0.584446,0.297518
668,0.541937,0.276876
669,0.497474,0.321749
670,0.460811,0.296584
671,0.504498,0.282138
672,0.466751,0.262295
673,0.509573,0.250903
674,0.471726,0.293392
675,0.514496,0.347572
676,0.550709,0.397024
677,0.512323,0.369288
678,0.543143,0.412122
679,0.510475,0.388177
680,0.536697,0.425088
681,0.508904,0.404504
682,0.559936,0.364327
683,0.507569,0.418551
684,0.462880,0.466301
685,0.431860,0.432824
686,0.394977,0.478670
687,0.369788,0.443208
688,0.348916,0.413499
689,0.388611,0.451669
690,0.423578,0.484584
691,0.478717,0.438003
692,0.434900,0.486895
693,0.398412,0.528690
694,0.440346,0.563514
695,0.402929,0.598123
696,0.444291,0.626474
697,0.480089,0.649915
698,0.436049,0.676898
699,0.409089,0.632348
700,0.373172,0.662542
701,0.414135,0.681562
702,0.464849,0.630491
703,0.501284,0.655135
704,0.457407,0.680088
705,0.426625,0.634087
706,0.390511,0.662860
707,0.360713,0.686412
708,0.336620,0.639831
709,0.312936,0.667562
710,0.359333,0.687495
711,0.400995,0.703914
712,0.365651,0.725153
713,0.344993,0.681074
714,0.385023,0.695221
715,0.420343,0.706965
716,0.475510,0.652110
717,0.506709,0.671244
718,0.553956,0.619278
719,0.580010,0.644111
720,0.601816,0.664632
721,0.620042,0.681602
722,0.586880,0.641391
723,0.630237,0.585884
724,0.665535,0.536860
725,0.694165,0.494583
726,0.717385,0.458685
727,0.736259,0.428490
728,0.748720,0.477008
729,0.763618,0.443875
730,0.775793,0.416089
731,0.731002,0.379509
732,0.741757,0.428488
733,0.700516,0.397023
734,0.662665,0.370921
735,0.628741,0.349305
736,0.598855,0.331403
737,0.572852,0.316558
738,0.510147,0.371157
739,0.531365,0.412367
740,0.474498,0.463026
741,0.451845,0.432159
742,0.507332,0.395096
743,0.479634,0.370029
744,0.506232,0.410463
745,0.453981,0.462004
746,0.410306,0.506507
747,0.387719,0.469436
748,0.368888,0.438173
749,0.334395,0.486046
750,0.373542,0.522162
751,0.357756,0.488139
752,0.415087,0.444085
753,0.392420,0.415728
754,0.427630,0.452417
755,0.482113,0.410016
756,0.438365,0.459520
757,0.410756,0.427785
758,0.375046,0.474966
759,0.345711,0.515458
760,0.321657,0.549739
761,0.368617,0.587242
762,0.417209,0.545521
763,0.387595,0.574366
764,0.429447,0.538723
765,0.477810,0.582341
766,0.519285,0.618456
767,0.555892,0.577133
768,0.512431,0.527609
769,0.475314,0.485042
770,0.443962,0.449006
771,0.491894,0.413171
772,0.527140,0.456329
773,0.556902,0.493563
774,0.523076,0.462854
775,0.568705,0.420216
776,0.533237,0.394955
777,0.577185,0.360406
778,0.601848,0.401645
779,0.622418,0.437855
780,0.586908,0.416096
781,0.531172,0.471424
782,0.574080,0.428494
783,0.536469,0.401970
784,0.504152,0.379861
785,0.456166,0.433132
786,0.415974,0.479715
787,0.455536,0.517812
788,0.502894,0.475239
789,0.468291,0.440431
790,0.513796,0.405101
791,0.477534,0.376718
792,0.511728,0.419064
793,0.465863,0.468050
794,0.501777,0.505593
795,0.545809,0.462613
796,0.501511,0.504754
797,0.464109,0.465688
798,0.501284,0.504041
799,0.458034,0.545662
800,0.496089,0.577798
801,0.453653,0.611990
802,0.492336,0.637997
803,0.525307,0.659491
804,0.553171,0.677263
805,0.502211,0.703052
806,0.458817,0.724007
807,0.422391,0.741081
808,0.465394,0.753945
809,0.508494,0.706346
810,0.545412,0.725508
811,0.581487,0.679628
812,0.611496,0.637646
813,0.640964,0.669581
814,0.664979,0.628609
815,0.684747,0.592237
816,0.701043,0.560488
817,0.659108,0.578651
818,0.673581,0.551484
819,0.685630,0.528143
820,0.695679,0.508201
821,0.704077,0.491227
822,0.645834,0.432388
823,0.662546,0.418282
824,0.624961,0.442432
825,0.567943,0.389945
826,0.517954,0.347204
827,0.475139,0.312686
828,0.439007,0.284877
829,0.408780,0.262449
830,0.375565,0.303809
831,0.418993,0.359327
832,0.393612,0.330739
833,0.430976,0.379530
834,0.463382,0.423057
835,0.416960,0.470581
836,0.378595,0.511436
837,0.429234,0.474986
838,0.396232,0.509721
839,0.439737,0.478733
840,0.477487,0.452512
841,0.509795,0.430424
842,0.555620,0.485935
843,0.593871,0.533448
844,0.547331,0.488044
845,0.580053,0.528443
846,0.607335,0.562512
847,0.568208,0.524183
848,0.534246,0.491361
849,0.558077,0.520560
850,0.578130,0.545278
851,0.622073,0.491509
852,0.587618,0.463656
853,0.604345,0.492782
854,0.645887,0.442844
855,0.611067,0.419569
856,0.580536,0.400059
857,0.594845,0.431469
858,0.568621,0.414732
859,0.618833,0.369472
860,0.558430,0.427326
861,0.505615,0.478185
862,0.535435,0.512783
863,0.504773,0.481454
864,0.478673,0.454928
865,0.531422,0.410213
866,0.556617,0.445703
867,0.526718,0.423451
868,0.501144,0.404774
869,0.479396,0.389110
870,0.535828,0.348016
871,0.508917,0.335504
872,0.485996,0.325046
873,0.432986,0.384411
874,0.462252,0.420414
875,0.442943,0.401256
876,0.426662,0.385203
877,0.412946,0.371750
878,0.437538,0.401939
879,0.385654,0.463563
880,0.446830,0.416348
881,0.500206,0.377354
882,0.454758,0.428710
883,0.416682,0.473652
884,0.388352,0.437551
885,0.364843,0.407361
886,0.345351,0.382230
887,0.398455,0.350088
888,0.367348,0.399373
889,0.342963,0.370729
890,0.318198,0.417765
891,0.297920,0.458996
892,0.343495,0.429924
893,0.325493,0.465125
894,0.365727,0.440327
895,0.331977,0.396811
896,0.304573,0.361038
897,0.282312,0.331781
898,0.326442,0.313193
899,0.379170,0.364112
900,0.350766,0.339069
901,0.327418,0.318462
902,0.308218,0.301483
903,0.351626,0.343728
904,0.334657,0.328670
905,0.320561,0.316140
906,0.357986,0.352726
907,0.391241,0.385266
908,0.420338,0.413768
909,0.481063,0.366470
910,0.458341,0.355225
911,0.483901,0.385733
912,0.505700,0.412401
913,0.561006,0.363664
914,0.533531,0.354129
915,0.477131,0.416741
916,0.528513,0.375006
917,0.571760,0.340911
918,0.607703,0.313156
919,0.633133,0.356026
920,0.661955,0.325455
921,0.613922,0.376659
922,0.567391,0.351499
923,0.526847,0.330737
924,0.566683,0.305639
925,0.596612,0.350017
926,0.629035,0.321348
927,0.585231,0.304466
928,0.537148,0.355975
929,0.495691,0.402606
930,0.535335,0.449190
931,0.496337,0.416921
932,0.538065,0.383823
933,0.573142,0.356499
934,0.528841,0.331292
935,0.487623,0.378165
936,0.524522,0.355031
937,0.489479,0.395861
938,0.534617,0.448323
939,0.565674,0.419593
940,0.529437,0.456031
941,0.481156,0.413278
942,0.440357,0.377912
943,0.406279,0.348825
944,0.376658,0.393857
945,0.352177,0.433642
946,0.394558,0.409397
947,0.360293,0.371227
948,0.401766,0.351720
949,0.366207,0.321276
950,0.337070,0.296530
951,0.381060,0.281764
952,0.420085,0.269571
953,0.471956,0.321102
954,0.441844,0.366496
955,0.416572,0.407077
956,0.377863,0.370394
957,0.357476,0.410519
958,0.410746,0.462334
959,0.377921,0.423713
960,0.350860,0.391584
961,0.328582,0.364982
962,0.310229,0.342995
963,0.352649,0.384443
964,0.406322,0.350151
965,0.373717,0.401283
966,0.349256,0.374114
967,0.323254,0.422646
968,0.368672,0.465700
969,0.339141,0.508716
970,0.382974,0.545671
971,0.421823,0.576708
972,0.382750,0.611998
973,0.421627,0.637119
974,0.399822,0.595647
975,0.433230,0.617382
976,0.414528,0.581578
977,0.398821,0.550438
978,0.427151,0.569514
979,0.413668,0.542912
980,0.476053,0.484477
981,0.426413,0.536501
982,0.479641,0.486804
983,0.450484,0.456193
984,0.500409,0.414625
985,0.468027,0.389521
986,0.425897,0.440753
987,0.472813,0.405662
988,0.436884,0.449574
989,0.480750,0.493841
990,0.521051,0.456722
991,0.480348,0.420446
992,0.443151,0.463508
993,0.486089,0.506799
994,0.451620,0.468967
995,0.422670,0.437070
996,0.458841,0.473612
997,0.489948,0.504913
998,0.539851,0.456648
999,0.491455,0.504176
1000,0.533893,0.463125
1001,0.567325,0.503108
1002,0.595280,0.537083
1003,0.557323,0.502642
1004,0.581263,0.531536
1005,0.621462,0.481183
1006,0.654389,0.438641
1007,0.681272,0.403153
1008,0.637070,0.375269
1009,0.585569,0.423260
1010,0.544450,0.391937
1011,0.508992,0.365984
1012,0.478768,0.344514
1013,0.453190,0.326746
1014,0.408002,0.379734
1015,0.387076,0.355887
1016,0.421554,0.397216
1017,0.477346,0.361855
1018,0.433168,0.412288
1019,0.406832,0.383757
1020,0.457852,0.354038
1021,0.501969,0.329623
1022,0.464614,0.307648
1023,0.507751,0.288351
1024,0.469507,0.271017
1025,0.437262,0.256809
1026,0.410253,0.245123
1027,0.374153,0.293665
1028,0.344516,0.339041
1029,0.323600,0.312382
1030,0.300115,0.356124
1031,0.283598,0.326301
1032,0.269999,0.302000
1033,0.252055,0.346674
1034,0.241324,0.318601
1035,0.232451,0.295723
1036,0.218638,0.340929
1037,0.207370,0.381814
1038,0.198134,0.417961
1039,0.242371,0.399014
1040,0.227903,0.358593
1041,0.219469,0.394702
1042,0.207977,0.355079
1043,0.198563,0.322872
1044,0.242948,0.375834
1045,0.285634,0.423375
1046,0.325247,0.464970
1047,0.314497,0.434726
1048,0.372575,0.396685
1049,0.410402,0.437210
1050,0.443430,0.472350
1051,0.498011,0.427956
1052,0.526683,0.464371
1053,0.498309,0.438644
1054,0.549012,0.396195
1055,0.517394,0.375272
1056,0.466843,0.429292
1057,0.424363,0.476629
1058,0.398217,0.442495
1059,0.376434,0.413889
1060,0.358300,0.390015
1061,0.343196,0.370124
1062,0.330601,0.353554
1063,0.320082,0.339738
1064,0.378921,0.307265
1065,0.345159,0.362439
1066,0.327390,0.342118
1067,0.367181,0.382235
1068,0.332923,0.436399
1069,0.372136,0.473011
1070,0.336949,0.520633
1071,0.308381,0.560853
1072,0.285190,0.594443
1073,0.328859,0.624322
1074,0.314097,0.580545
1075,0.352893,0.606290
1076,0.387492,0.627724
1077,0.446358,0.574339
1078,0.403913,0.609234
1079,0.441049,0.635212
1080,0.473158,0.656696
1081,0.500638,0.674471
1082,0.523999,0.689197
1083,0.574972,0.635080
1084,0.617123,0.586162
1085,0.635722,0.616109
1086,0.580399,0.644719
1087,0.616168,0.599193
1088,0.568504,0.623990
1089,0.600564,0.655158
1090,0.558330,0.606003
1091,0.521729,0.562417
1092,0.490418,0.524568
1093,0.463853,0.492155
1094,0.417613,0.539504
1095,0.469261,0.493332
1096,0.504326,0.528982
1097,0.459256,0.568891
1098,0.429157,0.528570
1099,0.477777,0.483938
1100,0.439671,0.524292
1101,0.481107,0.486346
1102,0.523452,0.529036
1103,0.483939,0.488393
1104,0.445170,0.528783
1105,0.412261,0.488177
1106,0.380560,0.528600
1107,0.425597,0.564586
1108,0.391597,0.598050
1109,0.435301,0.627341
1110,0.481380,0.580733
1111,0.519686,0.613014
1112,0.484171,0.568790
1113,0.516735,0.596523
1114,0.561232,0.546854
1115,0.598323,0.503848
1116,0.629006,0.467223
1117,0.654302,0.436351
1118,0.675144,0.410484
1119,0.632348,0.445817
1120,0.650631,0.423683
1121,0.596138,0.381084
1122,0.556888,0.416871
1123,0.507747,0.375495
1124,0.465820,0.341676
1125,0.430536,0.314129
1126,0.474775,0.297870
1127,0.515566,0.349202
1128,0.478554,0.325449
1129,0.447261,0.305935
1130,0.495309,0.285057
1131,0.455126,0.332630
1132,0.421663,0.308618
1133,0.393763,0.288983
1134,0.442812,0.271782
1135,0.409316,0.317502
1136,0.378647,0.293592
1137,0.353311,0.274120
1138,0.332398,0.258216
1139,0.374294,0.304122
1140,0.411480,0.346523
1141,0.371624,0.400452
1142,0.339045,0.448329
1143,0.380246,0.489240
1144,0.361832,0.456036
1145,0.397659,0.490854
1146,0.357584,0.537463
1147,0.393909,0.566823
1148,0.425755,0.591423
1149,0.453327,0.611983
1150,0.476998,0.629155
1151,0.422826,0.665368
1152,0.480444,0.610474
1153,0.455052,0.570579
1154,0.409381,0.609184
1155,0.371723,0.640976
1156,0.422738,0.593222
1157,0.463538,0.623714
1158,0.508796,0.577905
1159,0.472350,0.532340
1160,0.516312,0.491764
1161,0.551292,0.532189
1162,0.587946,0.491635
1163,0.545531,0.452542
1164,0.508925,0.419749
1165,0.463872,0.465755
1166,0.507587,0.431623
1167,0.469836,0.397327
1168,0.438000,0.368935
1169,0.474352,0.412383
1170,0.447225,0.387871
1171,0.498821,0.354114
1172,0.467890,0.334516
1173,0.516510,0.307708
1174,0.472696,0.357862
1175,0.435755,0.403143
1176,0.403013,0.370759
1177,0.375834,0.344107
1178,0.353324,0.322191
1179,0.324936,0.371079
1180,0.368446,0.417715
1181,0.337279,0.462955
1182,0.311843,0.501925
1183,0.360285,0.468495
1184,0.407867,0.514999
1185,0.380363,0.473211
1186,0.357566,0.437962
1187,0.408736,0.403436
1188,0.381084,0.374720
1189,0.351190,0.421956
1190,0.395716,0.466247
1191,0.363212,0.508116
1192,0.406408,0.546134
1193,0.372007,0.581174
1194,0.420186,0.539245
1195,0.462409,0.503139
1196,0.498753,0.472409
1197,0.468031,0.502668
1198,0.498940,0.476541
1199,0.547644,0.529267
1200,0.588373,0.573621
1201,0.613603,0.537223
1202,0.562653,0.488039
1203,0.518235,0.446376
1204,0.478550,0.485586
1205,0.519776,0.529211
1206,0.556514,0.491357
1207,0.587278,0.459242
1208,0.539807,0.418389
1209,0.498846,0.384502
1210,0.464019,0.356539
1211,0.434676,0.333509
1212,0.395907,0.382486
1213,0.372063,0.354879
1214,0.340927,0.401668
1215,0.383531,0.448183
1216,0.350306,0.490316
1217,0.323150,0.526261
1218,0.367553,0.566374
1219,0.337241,0.596131
1220,0.386673,0.556510
1221,0.430657,0.522236
1222,0.403207,0.548091
1223,0.380334,0.569870
1224,0.346762,0.514103
1225,0.328514,0.541223
1226,0.313398,0.564091
1227,0.367434,0.608373
1228,0.339250,0.554561
1229,0.386569,0.592523
1230,0.357184,0.619222
1231,0.402616,0.649819
1232,0.442628,0.674903
1233,0.477255,0.695468
1234,0.506875,0.712360
1235,0.555425,0.662795
1236,0.580147,0.685539
1237,0.600853,0.704200
1238,0.618178,0.719545
1239,0.632673,0.732199
1240,0.670302,0.681326
1241,0.681820,0.700740
1242,0.711590,0.652066
1243,0.735545,0.607985
1244,0.683012,0.630396
1245,0.638648,0.578037
1246,0.668426,0.538381
1247,0.625488,0.491879
1248,0.587338,0.452431
1249,0.554044,0.419344
1250,0.599040,0.386458
1251,0.618803,0.430828
1252,0.563412,0.476793
1253,0.589038,0.515819
1254,0.553981,0.480271
1255,0.597493,0.438760
1256,0.633335,0.404115
1257,0.583164,0.447873
1258,0.539074,0.485742
1259,0.570872,0.455648
1260,0.533232,0.487880
1261,0.500920,0.515367
1262,0.473438,0.538665
1263,0.500782,0.513063
1264,0.524027,0.491242
1265,0.575092,0.547546
1266,0.594296,0.520660
1267,0.537178,0.465591
1268,0.562455,0.442822
1269,0.531617,0.470740
1270,0.478379,0.420306
1271,0.508065,0.401409
1272,0.533262,0.385571
1273,0.554551,0.372295
1274,0.498009,0.332683
1275,0.546420,0.390782
1276,0.572787,0.370567
1277,0.521036,0.336837
1278,0.476645,0.309403
1279,0.439173,0.287086
1280,0.406256,0.331757
1281,0.378912,0.372311
1282,0.349203,0.338257
1283,0.396506,0.390796
1284,0.438336,0.437595
1285,0.400925,0.480667
1286,0.442197,0.521664
1287,0.415477,0.483564
1288,0.450806,0.518418
1289,0.481246,0.547916
1290,0.533001,0.498255
1291,0.558779,0.530879
1292,0.528063,0.498517
1293,0.576179,0.451434
1294,0.543051,0.424325
1295,0.490261,0.475349
1296,0.536619,0.435539
1297,0.575562,0.402322
1298,0.534631,0.372760
1299,0.499447,0.348350
1300,0.454609,0.397398
1301,0.417039,0.440820
1302,0.461388,0.412444
1303,0.429302,0.449632
1304,0.393758,0.407767
1305,0.367724,0.445568
1306,0.346179,0.478221
1307,0.328345,0.506133
1308,0.313563,0.529836
1309,0.367915,0.579532
1310,0.416981,0.620582
1311,0.460086,0.583585
1312,0.429252,0.603056
1313,0.477248,0.642649
1314,0.518412,0.674859
1315,0.553228,0.701009
1316,0.508189,0.715187
1317,0.470451,0.663520
1318,0.432378,0.684296
1319,0.474297,0.706235
1320,0.435600,0.722631
1321,0.477078,0.739928
1322,0.512607,0.754069
1323,0.555276,0.707659
1324,0.516955,0.657544
1325,0.547038,0.679492
1326,0.572349,0.697548
1327,0.613110,0.647308
1328,0.633608,0.671078
1329,0.650662,0.690623
1330,0.682561,0.640953
1331,0.629170,0.664314
1332,0.657175,0.620713
1333,0.611707,0.569593
1334,0.571431,0.524895
1335,0.536413,0.486556
1336,0.560832,0.521166
1337,0.581363,0.550437
1338,0.598599,0.575055
1339,0.613062,0.595695
1340,0.654683,0.539880
1341,0.666227,0.566187
1342,0.632680,0.533918
1343,0.672257,0.481599
1344,0.704098,0.437399
1345,0.729698,0.400568
1346,0.690053,0.374265
1347,0.718402,0.344652
1348,0.741218,0.320385
1349,0.759639,0.300490
1350,0.717953,0.281062
1351,0.740856,0.265374
1352,0.700377,0.250055
1353,0.663285,0.237505
1354,0.630069,0.227184
1355,0.600818,0.218663
1356,0.646521,0.207405
1357,0.586022,0.253042
1358,0.532390,0.296714
1359,0.498853,0.273596
1360,0.470343,0.254853
1361,0.424604,0.298412
1362,0.386686,0.338598
1363,0.355484,0.374719
1364,0.399220,0.433124
1365,0.376186,0.392880
1366,0.428429,0.370809
1367,0.400500,0.338511
1368,0.449860,0.320944
1369,0.418384,0.295369
1370,0.392132,0.274590
1371,0.358933,0.319045
1372,0.331725,0.359654
1373,0.376900,0.414731
1374,0.355412,0.379814
1375,0.325783,0.422054
1376,0.368303,0.470837
1377,0.336292,0.508200
1378,0.318955,0.465046
1379,0.359419,0.506970
1380,0.395490,0.542552
1381,0.452345,0.497988
1382,0.427252,0.461334
1383,0.406208,0.430489
1384,0.366070,0.478512
1385,0.349164,0.444916
1386,0.335085,0.416738
1387,0.370678,0.453126
1388,0.332537,0.503562
1389,0.368410,0.534982
1390,0.427460,0.486799
1391,0.479405,0.445999
1392,0.523958,0.411862
1393,0.557233,0.456414
1394,0.510965,0.499292
1395,0.471458,0.535771
1396,0.438137,0.566495
1397,0.475732,0.530419
1398,0.507923,0.499488
1399,0.479368,0.525865
1400,0.530037,0.574017
1401,0.557201,0.540849
1402,0.580031,0.512356
1403,0.621363,0.562733
1404,0.568189,0.510504
1405,0.603732,0.553401
1406,0.561100,0.583150
1407,0.524113,0.607978
1408,0.567041,0.642300
1409,0.520500,0.592183
1410,0.480626,0.547974
1411,0.517428,0.578604
1412,0.558258,0.530692
1413,0.514815,0.566968
1414,0.477686,0.597263
1415,0.521082,0.629265
1416,0.483012,0.653614
1417,0.517923,0.610569
1418,0.547474,0.572544
1419,0.515236,0.594416
1420,0.562394,0.633765
1421,0.601643,0.665886
1422,0.625569,0.624731
1423,0.657116,0.658523
1424,0.607369,0.606644
1425,0.562890,0.632571
1426,0.517699,0.583410
1427,0.553806,0.540355
1428,0.589089,0.577619
1429,0.545553,0.607665
1430,0.582212,0.637853
1431,0.539575,0.661924
1432,0.495521,0.613448
1433,0.458803,0.641824
1434,0.427925,0.665194
1435,0.464960,0.621471
1436,0.496764,0.582653
1437,0.545045,0.621488
1438,0.571750,0.582668
1439,0.594132,0.548824
1440,0.561105,0.570447
1441,0.580277,0.541537
1442,0.624525,0.590725
1443,0.568400,0.535329
1444,0.606466,0.577353
1445,0.637854,0.612238
1446,0.590881,0.565897
1447,0.622206,0.522041
1448,0.648503,0.559183
1449,0.670175,0.590257
1450,0.620345,0.622969
1451,0.646258,0.576952
1452,0.672026,0.609964
1453,0.625331,0.565553
1454,0.647885,0.593894
1455,0.596920,0.628123
1456,0.554358,0.585804
1457,0.508437,0.621459
1458,0.546255,0.573134
1459,0.503644,0.530309
1460,0.467359,0.493528
1461,0.503098,0.525771
1462,0.472244,0.494498
1463,0.502633,0.521911
1464,0.528457,0.545115
1465,0.550293,0.564689
1466,0.494144,0.611544
1467,0.467939,0.578925
1468,0.520571,0.521421
1469,0.490368,0.492653
1470,0.464743,0.468230
1471,0.443101,0.447586
1472,0.396499,0.504716
1473,0.358280,0.553240
1474,0.411671,0.504009
1475,0.458805,0.462064
1476,0.425061,0.428893
1477,0.470441,0.394310
1478,0.436169,0.439445
1479,0.401164,0.404808
1480,0.372168,0.376081
1481,0.345128,0.423395
1482,0.391626,0.467475
1483,0.361133,0.509368
1484,0.337510,0.470054
1485,0.318043,0.436908
1486,0.360487,0.474537
1487,0.329124,0.521072
1488,0.370467,0.553137
1489,0.407196,0.580059
1490,0.462401,0.529024
1491,0.510117,0.485119
1492,0.550565,0.447953
1493,0.510264,0.413235
1494,0.550689,0.382819
1495,0.508725,0.426042
1496,0.543126,0.399881
1497,0.507416,0.437008
1498,0.551786,0.488735
1499,0.588890,0.532938
1500,0.616970,0.495601
1501,0.568672,0.453176
1502,0.526526,0.417618
1503,0.490378,0.388038
1504,0.522553,0.429798
1505,0.491821,0.404384
1506,0.540595,0.368124
1507,0.493048,0.418448
1508,0.534527,0.387168
1509,0.494887,0.358984
1510,0.461223,0.335763
1511,0.421313,0.384776
1512,0.388159,0.428407
1513,0.361288,0.393046
1514,0.409196,0.367002
1515,0.378675,0.338643
1516,0.422579,0.386195
1517,0.460914,0.428439
1518,0.434045,0.402794
1519,0.393371,0.454228
1520,0.371553,0.424358
1521,0.424556,0.387920
1522,0.397509,0.363739
1523,0.374994,0.343708
1524,0.342206,0.396204
1525,0.315461,0.442844
1526,0.359448,0.485476
1527,0.329521,0.526180
1528,0.311933,0.485830
1529,0.288270,0.526480
1530,0.269021,0.560779
1531,0.314099,0.596311
1532,0.290030,0.624262
1533,0.333517,0.652852
1534,0.318440,0.606238
1535,0.373018,0.558939
1536,0.414156,0.591795
1537,0.450116,0.619103
1538,0.407192,0.649236
1539,0.371763,0.673956
1540,0.420859,0.627926
1541,0.463575,0.657225
1542,0.500333,0.681229
1543,0.531591,0.700910
1544,0.574719,0.652491
1545,0.610531,0.608646
1546,0.640076,0.569914
1547,0.594382,0.592759
1548,0.619951,0.559535
1549,0.641178,0.530857
1550,0.588545,0.475865
1551,0.615101,0.451416
1552,0.637153,0.430813
1553,0.584947,0.385633
1554,0.544525,0.419505
1555,0.497912,0.376358
1556,0.537874,0.431414
1557,0.572706,0.405771
1558,0.532210,0.441600
1559,0.571927,0.493937
1560,0.531536,0.525111
1561,0.561256,0.494846
1562,0.512052,0.446567
1563,0.552140,0.495619
1564,0.585711,0.537417
1565,0.617257,0.498075
1566,0.643328,0.464634
1567,0.600185,0.498364
1568,0.562219,0.527058
1569,0.585477,0.498610
1570,0.604956,0.474428
1571,0.548568,0.424402
1572,0.499576,0.383026
1573,0.457903,0.349117
1574,0.425205,0.390029
1575,0.390914,0.354843
1576,0.362577,0.326105
1577,0.336942,0.369426
1578,0.382354,0.350470
1579,0.351651,0.319846
1580,0.326473,0.294972
1581,0.372847,0.344951
1582,0.414235,0.390368
1583,0.377780,0.439027
1584,0.418581,0.480285
1585,0.395528,0.448101
1586,0.359091,0.495407
1587,0.410835,0.455842
1588,0.456476,0.422625
1589,0.495886,0.394919
1590,0.454604,0.362344
1591,0.422142,0.405416
1592,0.395057,0.443237
1593,0.372525,0.475930
1594,0.340248,0.429369
1595,0.322307,0.463990
1596,0.307455,0.493707
1597,0.361105,0.544223
1598,0.339547,0.569204
1599,0.381076,0.537617
1600,0.434008,0.584695
1601,0.480267,0.623564
1602,0.445120,0.643541
1603,0.483225,0.605634
1604,0.441066,0.550366
1605,0.485739,0.590165
1606,0.524652,0.550520
1607,0.557513,0.516288
1608,0.585065,0.487058
1609,0.534756,0.439153
1610,0.491388,0.399272
1611,0.454601,0.366372
1612,0.418415,0.409453
1613,0.388317,0.447227
1614,0.363377,0.479840
1615,0.334871,0.433111
1616,0.315047,0.467700
1617,0.365062,0.517794
1618,0.410048,0.560134
1619,0.384512,0.515127
1620,0.363290,0.476648
1621,0.331840,0.518896
1622,0.382974,0.480146
1623,0.426806,0.522168
1624,0.465020,0.557664
1625,0.497846,0.587394
1626,0.545096,0.539042
1627,0.572651,0.571820
1628,0.595731,0.599206
1629,0.561875,0.561165
1630,0.507388,0.601822
1631,0.477879,0.563446
1632,0.527741,0.512773
1633,0.481194,0.554010
1634,0.523587,0.510858
1635,0.484666,0.471120
1636,0.451710,0.437610
1637,0.412860,0.483554
1638,0.385871,0.448061
1639,0.435274,0.411943
1640,0.402515,0.455808
1641,0.372546,0.419377
1642,0.347810,0.389072
1643,0.322324,0.435802
1644,0.301454,0.476476
1645,0.349085,0.520118
1646,0.392136,0.557001
1647,0.430128,0.587880
1648,0.389868,0.621201
1649,0.440501,0.574913
1650,0.410548,0.530076
1651,0.376775,0.566159
1652,0.423738,0.525573
1653,0.391501,0.481575
1654,0.435037,0.521743
1655,0.472875,0.555686
1656,0.430751,0.592418
1657,0.403160,0.550262
1658,0.368893,0.587907
1659,0.410977,0.615731
1660,0.447830,0.638808
1661,0.498515,0.587614
1662,0.541663,0.542507
1663,0.577878,0.503580
1664,0.608731,0.545280
1665,0.638061,0.505955
1666,0.592832,0.538517
1667,0.618200,0.505062
1668,0.567636,0.457905
1669,0.523473,0.418373
1670,0.557588,0.464196
1671,0.512044,0.504991
1672,0.473143,0.539636
1673,0.440313,0.568799
1674,0.403380,0.519319
1675,0.445175,0.483858
1676,0.407417,0.441696
1677,0.380563,0.480380
1678,0.421052,0.450379
1679,0.397933,0.483321
1680,0.432738,0.457784
1681,0.462869,0.436245
1682,0.442731,0.464092
1683,0.394967,0.413814
1684,0.378582,0.444749
1685,0.364867,0.471394
1686,0.353379,0.494178
1687,0.384343,0.475678
1688,0.374353,0.495051
1689,0.437909,0.554097
1690,0.465916,0.529645
1691,0.489899,0.508743
1692,0.435685,0.450392
1693,0.491414,0.507432
1694,0.445248,0.457794
1695,0.480611,0.431746
1696,0.453409,0.464101
1697,0.483517,0.441884
1698,0.509211,0.423177
1699,0.531018,0.407445
1700,0.507830,0.434557
1701,0.562754,0.495411
1702,0.580937,0.472485
1703,0.553419,0.496099
1704,0.568965,0.476606
1705,0.582074,0.460090
1706,0.519218,0.406224
1707,0.465227,0.362097
1708,0.494223,0.349177
1709,0.545271,0.408400
1710,0.587967,0.460999
1711,0.550689,0.496251
1712,0.574988,0.466830
1713,0.543127,0.496813
1714,0.563873,0.471794
1715,0.536683,0.497291
1716,0.479602,0.444222
1717,0.456348,0.473706
1718,0.408688,0.424503
1719,0.441622,0.403842
1720,0.396519,0.363856
1721,0.359488,0.331264
1722,0.411688,0.383465
1723,0.457730,0.430111
1724,0.424716,0.400439
1725,0.464047,0.440486
1726,0.435874,0.415059
1727,0.412240,0.393790
1728,0.373031,0.448563
1729,0.425190,0.409339
1730,0.397371,0.383314
1731,0.364409,0.433400
1732,0.337345,0.477114
1733,0.315866,0.439873
1734,0.294448,0.482697
1735,0.276926,0.519323
1736,0.322393,0.485291
1737,0.373836,0.531306
1738,0.349134,0.562170
1739,0.397992,0.600267
1740,0.370652,0.552920
1741,0.348041,0.511871
1742,0.389359,0.545029
1743,0.354573,0.584280
1744,0.326152,0.616842
1745,0.302950,0.643731
1746,0.348693,0.669238
1747,0.329975,0.623130
1748,0.303418,0.652773
1749,0.346280,0.674240
1750,0.384821,0.691934
1751,0.348013,0.714698
1752,0.332086,0.670640
1753,0.318842,0.630632
1754,0.375104,0.575522
1755,0.425809,0.527094
1756,0.466594,0.560190
1757,0.501638,0.587919
1758,0.471593,0.551231
1759,0.501392,0.574947
1760,0.451897,0.616519
1761,0.501183,0.563838
1762,0.543097,0.517847
1763,0.575426,0.553268
1764,0.536657,0.515172
1765,0.577698,0.470485
1766,0.611781,0.432841
1767,0.637916,0.475139
1768,0.665207,0.436741
1769,0.619823,0.405018
1770,0.579490,0.378653
1771,0.602401,0.418993
1772,0.567726,0.396283
1773,0.610904,0.359422
1774,0.575143,0.341227
1775,0.520850,0.395130
1776,0.489361,0.370851
1777,0.442981,0.421670
1778,0.404295,0.466258
1779,0.372302,0.504615
1780,0.345949,0.537194
1781,0.324262,0.564649
1782,0.367871,0.531631
1783,0.419673,0.577700
1784,0.465192,0.615854
1785,0.431558,0.566194
1786,0.403445,0.522868
1787,0.380030,0.485743
1788,0.346952,0.529132
1789,0.388399,0.562549
1790,0.424972,0.590525
1791,0.383791,0.625693
1792,0.350027,0.654592
1793,0.391137,0.676278
1794,0.356037,0.699180
1795,0.407055,0.651630
1796,0.376668,0.671921
1797,0.349843,0.621039
1798,0.394566,0.647793
1799,0.362317,0.672577
1800,0.405666,0.693801
1801,0.454991,0.645958
1802,0.497664,0.602810
1803,0.459131,0.552586
1804,0.501209,0.513649
1805,0.536985,0.480403
1806,0.567112,0.452268
1807,0.518409,0.409347
1808,0.476697,0.373895
1809,0.515649,0.422709
1810,0.480188,0.392167
1811,0.513303,0.434156
1812,0.541371,0.470631
1813,0.490402,0.518697
1814,0.460329,0.484603
1815,0.434984,0.455722
1816,0.466260,0.486911
1817,0.519412,0.438823
1818,0.489654,0.414714
1819,0.464409,0.394533
1820,0.517833,0.355984
1821,0.544578,0.393484
1822,0.492525,0.449198
1823,0.537919,0.409076
1824,0.576045,0.375877
1825,0.607773,0.348535
1826,0.562092,0.324970
1827,0.518059,0.372682
1828,0.478066,0.344800
1829,0.440638,0.390541
1830,0.409330,0.431032
1831,0.376886,0.392849
1832,0.422694,0.441274
1833,0.468201,0.409377
1834,0.507333,0.382842
1835,0.540543,0.360816
1836,0.580526,0.412899
1837,0.607818,0.385767
1838,0.558330,0.354528
1839,0.589327,0.332840
1840,0.542141,0.308036
1841,0.575805,0.290890
1842,0.530387,0.271323
1843,0.491351,0.255356
1844,0.451019,0.301488
1845,0.418384,0.279951
1846,0.391185,0.262404
1847,0.358933,0.308104
1848,0.332475,0.350199
1849,0.379188,0.334556
1850,0.356071,0.371581
1851,0.406850,0.429350
1852,0.378984,0.463409
1853,0.427222,0.514539
1854,0.470090,0.483069
1855,0.512693,0.531263
1856,0.548786,0.571809
1857,0.504750,0.600232
1858,0.466650,0.551331
1859,0.429510,0.583152
1860,0.471641,0.543674
1861,0.433199,0.496342
1862,0.475887,0.537149
1863,0.517870,0.496963
1864,0.554274,0.537674
1865,0.584781,0.571909
1866,0.610220,0.600490
1867,0.631387,0.624265
1868,0.663962,0.572693
1869,0.680799,0.601143
1870,0.706584,0.552310
1871,0.664195,0.512172
1872,0.693123,0.469664
1873,0.716582,0.433851
1874,0.735645,0.403929
1875,0.691034,0.371396
1876,0.650045,0.344618
1877,0.664679,0.390003
1878,0.628632,0.366709
1879,0.569934,0.418103
1880,0.592312,0.458990
1881,0.537848,0.504754
1882,0.504375,0.468773
1883,0.475880,0.438428
1884,0.429198,0.487091
1885,0.405627,0.453848
1886,0.385924,0.425899
1887,0.419516,0.460739
1888,0.376131,0.511545
1889,0.359843,0.479814
1890,0.325172,0.527791
1891,0.363305,0.557576
1892,0.420533,0.508342
1893,0.382986,0.549000
1894,0.432294,0.507091
1895,0.400026,0.541687
1896,0.442351,0.506027
1897,0.414704,0.535457
1898,0.391611,0.560287
1899,0.444693,0.603664
1900,0.490879,0.639321
1901,0.455446,0.658730
1902,0.500110,0.687092
1903,0.538101,0.710155
1904,0.495531,0.724835
1905,0.534229,0.743018
1906,0.570723,0.698652
1907,0.527554,0.646218
1908,0.490506,0.598638
1909,0.459082,0.556639
1910,0.432615,0.520266
1911,0.410410,0.489163
1912,0.370397,0.537642
1913,0.423620,0.490788
1914,0.389138,0.532013
1915,0.360662,0.566735
1916,0.337196,0.595755
1917,0.317857,0.619915
1918,0.368586,0.652408
1919,0.414173,0.678965
1920,0.454148,0.700671
1921,0.426846,0.654000
1922,0.387855,0.680248
1923,0.437696,0.632084
1924,0.481115,0.588916
1925,0.443524,0.539913
1926,0.412055,0.497606
1927,0.451938,0.533946
1928,0.486353,0.564569
1929,0.533969,0.516219
1930,0.563059,0.549660
1931,0.513363,0.587870
1932,0.470873,0.619553
1933,0.511359,0.574905
1934,0.545676,0.535936
1935,0.583857,0.576831
1936,0.612002,0.537603
1937,0.635358,0.503870
1938,0.584162,0.457129
1939,0.542890,0.492205
1940,0.507316,0.522093
1941,0.551803,0.567950
1942,0.580513,0.532653
1943,0.544077,0.557857
1944,0.568601,0.527766
1945,0.515150,0.474422
1946,0.544239,0.448805
1947,0.494176,0.404430
1948,0.537631,0.456442
1949,0.495050,0.418488
1950,0.533743,0.389724
1951,0.570323,0.437814
1952,0.602263,0.405797
1953,0.559884,0.447066
1954,0.523137,0.482751
1955,0.550970,0.454959
1956,0.593565,0.506115
1957,0.556443,0.536546
1958,0.579791,0.505198
1959,0.620748,0.553294
1960,0.654282,0.593440
1961,0.672346,0.554232
1962,0.619537,0.505368
1963,0.643602,0.471311
1964,0.593624,0.430025
1965,0.623018,0.475607
1966,0.647320,0.514704
1967,0.605162,0.479261
1968,0.639640,0.437826
1969,0.589759,0.482369
1970,0.546796,0.445708
1971,0.576525,0.485012
1972,0.527770,0.528638
1973,0.565188,0.487259
1974,0.596436,0.452203
1975,0.555497,0.489170
1976,0.593955,0.534194
1977,0.547227,0.490794
1978,0.581087,0.454239
1979,0.540176,0.492175
1980,0.504948,0.524508
1981,0.474953,0.551842
1982,0.524398,0.594692
1983,0.553486,0.557836
1984,0.503575,0.506471
1985,0.461055,0.462660
1986,0.499767,0.430945
1987,0.466879,0.468245
1988,0.439137,0.500248
1989,0.490037,0.547825
1990,0.458653,0.574649
1991,0.491531,0.540686
1992,0.519547,0.511504
1993,0.567388,0.561317
1994,0.607123,0.602745
1995,0.557377,0.552192
1996,0.514126,0.508312
1997,0.551966,0.469563
1998,0.509474,0.432481
1999,0.469369,0.475246
2000,0.508053,0.442512
2001,0.473955,0.478955
2002,0.432264,0.435487
2003,0.404046,0.472907
2004,0.442327,0.445079
2005,0.401708,0.403186
2006,0.368190,0.368631
2007,0.340655,0.340269
2008,0.386344,0.319216
2009,0.355560,0.296758
2010,0.333299,0.342454
2011,0.314941,0.383781
2012,0.299775,0.420308
2013,0.340615,0.400712
2014,0.327148,0.432101
2015,0.384003,0.489470
2016,0.435033,0.538514
2017,0.400903,0.491049
2018,0.372617,0.450798
2019,0.349233,0.417063
2020,0.322380,0.462165
2021,0.370738,0.429323
2022,0.414033,0.401876
2023,0.379224,0.367740
2024,0.355438,0.409858
2025,0.335762,0.446756
2026,0.387886,0.497533
2027,0.358955,0.454695
2028,0.334528,0.493053
2029,0.382378,0.536321
2030,0.353794,0.568659
2031,0.399656,0.604371
2032,0.374715,0.558462
2033,0.343922,0.592535
2034,0.387078,0.622385
2035,0.354047,0.649829
2036,0.403556,0.604615
2037,0.447419,0.636501
2038,0.491983,0.592755
2039,0.530104,0.626739
2040,0.493185,0.579096
2041,0.536707,0.535071
2042,0.494208,0.567388
2043,0.531216,0.529824
2044,0.487752,0.482638
2045,0.450926,0.442739
2046,0.494334,0.411188
2047,0.533104,0.457923
2048,0.569726,0.423869
2049,0.526635,0.390931
2050,0.489666,0.363682
2051,0.447851,0.411436
2052,0.491216,0.383314
2053,0.528206,0.360002
2054,0.567125,0.410903
2055,0.523982,0.380116
2056,0.487001,0.354675
2057,0.520389,0.397547
2058,0.488950,0.375482
2059,0.462286,0.357121
2060,0.416399,0.412139
2061,0.378471,0.460759
2062,0.347343,0.502719
2063,0.390495,0.541481
2064,0.357197,0.576701
2065,0.329925,0.606052
2066,0.307603,0.630420
2067,0.288590,0.579763
2068,0.272990,0.535296
2069,0.317148,0.567960
2070,0.369915,0.521444
2071,0.412929,0.556330
2072,0.377948,0.592173
2073,0.349166,0.621901
2074,0.325529,0.646479
2075,0.370680,0.604197
2076,0.340740,0.553064
2077,0.320842,0.582884
2078,0.371374,0.618008
2079,0.416713,0.646938
2080,0.389985,0.600832
2081,0.439841,0.553486
2082,0.479943,0.586550
2083,0.448796,0.545511
2084,0.496997,0.499315
2085,0.463188,0.463855
2086,0.423064,0.508596
2087,0.462943,0.544108
2088,0.434460,0.507307
2089,0.468486,0.537519
2090,0.518959,0.488332
2091,0.548029,0.521445
2092,0.590128,0.474640
2093,0.613916,0.509803
2094,0.561737,0.553223
2095,0.523541,0.515499
2096,0.565459,0.470446
2097,0.593897,0.507083
2098,0.617591,0.538180
2099,0.565543,0.580319
2100,0.520086,0.615263
2101,0.555911,0.640025
2102,0.591056,0.590384
2103,0.620228,0.546645
2104,0.644368,0.508864
2105,0.664330,0.476654
2106,0.680851,0.449416
2107,0.694548,0.426494
2108,0.655665,0.456963
2109,0.598267,0.409140
2110,0.547192,0.369766
2111,0.502937,0.337586
2112,0.465289,0.379001
2113,0.428001,0.345122
2114,0.470482,0.396584
2115,0.432373,0.439186
2116,0.474261,0.485813
2117,0.442419,0.448237
2118,0.478116,0.487940
2119,0.508650,0.521828
2120,0.481396,0.489749
2121,0.458310,0.462537
2122,0.438822,0.439575
2123,0.391246,0.494568
2124,0.423410,0.523369
2125,0.451280,0.547736
2126,0.434756,0.519868
2127,0.385522,0.570600
2128,0.415975,0.590876
2129,0.370169,0.632197
2130,0.428390,0.577483
2131,0.479559,0.529372
2132,0.439016,0.566008
2133,0.482622,0.524974
2134,0.448092,0.556197
2135,0.411175,0.508160
2136,0.455834,0.547824
2137,0.498690,0.506808
2138,0.462431,0.540685
2139,0.431907,0.569199
2140,0.406352,0.593088
2141,0.385016,0.613058
2142,0.367219,0.629742
2143,0.423446,0.666224
2144,0.399284,0.679493
2145,0.434787,0.642788
2146,0.488207,0.678769
2147,0.519242,0.642139
2148,0.489975,0.653827
2149,0.540002,0.689324
2150,0.581940,0.717858
2151,0.543780,0.726595
2152,0.585083,0.749093
2153,0.610457,0.709446
2154,0.643853,0.735317
2155,0.601946,0.742459
2156,0.636873,0.762874
2157,0.657358,0.723474
2158,0.685151,0.747633
2159,0.707784,0.767037
2160,0.726251,0.782694
2161,0.741149,0.742261
2162,0.753390,0.704250
2163,0.763485,0.669519
2164,0.714781,0.607658
2165,0.730291,0.645681
2166,0.746666,0.607864
2167,0.760058,0.574649
2168,0.714792,0.592085
2169,0.663750,0.533345
2170,0.685886,0.578521
2171,0.706416,0.542983
2172,0.659387,0.492300
2173,0.609768,0.524109
2174,0.636795,0.493455
2175,0.659115,0.467429
2176,0.608865,0.420126
2177,0.564207,0.381008
2178,0.519031,0.419741
2179,0.555120,0.471909
2180,0.516179,0.431616
2181,0.546905,0.476116
2182,0.572754,0.514270
2183,0.539902,0.479694
2184,0.511691,0.450444
2185,0.459081,0.500289
2186,0.415023,0.542692
2187,0.451267,0.574683
2188,0.408536,0.609571
2189,0.458540,0.563612
2190,0.496371,0.597393
2191,0.539595,0.552945
2192,0.501490,0.508855
2193,0.533675,0.545050
2194,0.486131,0.581786
2195,0.445882,0.612330
2196,0.488211,0.569692
2197,0.453949,0.595933
2198,0.415787,0.544956
2199,0.384107,0.500827
2200,0.429375,0.463381
2201,0.474690,0.506431
2202,0.514560,0.468123
2203,0.548325,0.435837
2204,0.512377,0.472894
2205,0.481706,0.504647
2206,0.435878,0.456767
2207,0.484448,0.503950
2208,0.451181,0.538086
2209,0.497620,0.577722
2210,0.537157,0.610663
2211,0.572463,0.566177
2212,0.605053,0.601091
2213,0.633699,0.557790
2214,0.586967,0.512126
2215,0.541381,0.547947
2216,0.574131,0.510307
2217,0.527878,0.465934
2218,0.488481,0.503117
2219,0.455088,0.534712
2220,0.501480,0.577031
2221,0.540925,0.612159
2222,0.499623,0.637379
2223,0.534808,0.595786
2224,0.574129,0.631411
2225,0.529600,0.581698
2226,0.563139,0.612429
2227,0.598870,0.566148
2228,0.628451,0.525847
2229,0.584347,0.556318
2230,0.536620,0.507641
2231,0.495481,0.466116
2232,0.531142,0.506495
2233,0.496159,0.471186
2234,0.451657,0.516108
2235,0.496735,0.475501
2236,0.458872,0.513693
2237,0.501517,0.553948
2238,0.465020,0.511640
2239,0.434274,0.475523
2240,0.470253,0.509895
2241,0.426630,0.553967
2242,0.463657,0.582646
2243,0.512179,0.533211
2244,0.478496,0.495900
2245,0.435712,0.539064
2246,0.407778,0.500900
2247,0.445271,0.533223
2248,0.421362,0.500765
2249,0.475029,0.453417
2250,0.433003,0.500651
2251,0.404928,0.465967
2252,0.370711,0.511387
2253,0.342599,0.549876
2254,0.319534,0.582146
2255,0.300595,0.609045
2256,0.344676,0.570000
2257,0.327879,0.593102
2258,0.381833,0.631713
2259,0.423084,0.593373
2260,0.459036,0.559844
2261,0.434477,0.579626
2262,0.487982,0.623505
2263,0.444217,0.567842
2264,0.407659,0.519082
2265,0.449968,0.483030
2266,0.495599,0.527339
2267,0.459616,0.560276
2268,0.429344,0.587872
2269,0.404013,0.610909
2270,0.455771,0.646090
2271,0.418129,0.594708
2272,0.389177,0.621941
2273,0.437074,0.651569
2274,0.405365,0.604231
2275,0.446435,0.629962
2276,0.493579,0.580455
2277,0.458920,0.537988
2278,0.504288,0.493986
2279,0.467973,0.457455
2280,0.437356,0.426744
2281,0.472767,0.463813
2282,0.428590,0.512278
2283,0.391886,0.553329
2284,0.367149,0.513594
2285,0.346654,0.479663
2286,0.386323,0.511556
2287,0.421295,0.538601
2288,0.451670,0.561418
2289,0.477785,0.580614
2290,0.500084,0.596744
2291,0.555870,0.537067
2292,0.602260,0.485423
2293,0.640328,0.441726
2294,0.587262,0.487609
2295,0.547425,0.451979
2296,0.513058,0.422062
2297,0.465488,0.470607
2298,0.499949,0.508207
2299,0.454414,0.549821
2300,0.499956,0.506976
2301,0.461222,0.542387
2302,0.499963,0.505930
2303,0.467020,0.536053
2304,0.439232,0.561461
2305,0.471956,0.530660
2306,0.448277,0.552315
2307,0.502831,0.599738
2308,0.530838,0.566987
2309,0.576794,0.611823
2310,0.599884,0.577516
2311,0.546376,0.521670
2312,0.499983,0.473715
2313,0.539451,0.518423
2314,0.572633,0.556222
2315,0.533553,0.515661
2316,0.487180,0.555759
2317,0.528532,0.513313
2318,0.563752,0.551856
2319,0.519299,0.585472
2320,0.554271,0.544121
2321,0.509385,0.498371
2322,0.471344,0.534332
2323,0.513947,0.573088
2324,0.550444,0.531917
2325,0.581060,0.496554
2326,0.606611,0.466509
2327,0.555559,0.422696
2328,0.511178,0.386361
2329,0.548111,0.362401
2330,0.583707,0.412913
2331,0.613983,0.384412
2332,0.567400,0.354539
2333,0.523601,0.399348
2334,0.557387,0.375364
2335,0.585706,0.355443
2336,0.609346,0.338892
2337,0.629050,0.325125
2338,0.663265,0.381523
2339,0.610382,0.349606
2340,0.563236,0.323485
2341,0.520384,0.368821
2342,0.553830,0.348161
2343,0.507636,0.319366
2344,0.468238,0.295919
2345,0.509668,0.280258
2346,0.472992,0.323707
2347,0.516762,0.377140
2348,0.551834,0.353912
2349,0.506985,0.325974
2350,0.544103,0.374818
2351,0.500865,0.421290
2352,0.462655,0.388772
2353,0.500735,0.432942
2354,0.458260,0.478861
2355,0.496976,0.517647
2356,0.539357,0.475660
2357,0.500531,0.440293
2358,0.467506,0.410686
2359,0.425999,0.459064
2360,0.391497,0.500839
2361,0.362986,0.536361
2362,0.409599,0.575140
2363,0.450577,0.607408
2364,0.485967,0.634129
2365,0.516174,0.656217
2366,0.562737,0.605519
2367,0.513749,0.634022
2368,0.553404,0.590066
2369,0.511687,0.614693
2370,0.550882,0.647850
2371,0.583726,0.674969
2372,0.616235,0.630349
2373,0.571353,0.650476
2374,0.532226,0.667176
2375,0.573106,0.695924
2376,0.607108,0.719223
2377,0.562264,0.669023
2378,0.517467,0.690499
2379,0.478214,0.642524
2380,0.514849,0.664204
2381,0.545878,0.682107
2382,0.586739,0.630101
2383,0.612166,0.653951
2384,0.633314,0.673638
2385,0.650899,0.689906
2386,0.682328,0.637246
2387,0.642164,0.593808
2388,0.656969,0.617492
2389,0.621766,0.579999
2390,0.562754,0.620118
2391,0.604080,0.568162
2392,0.553419,0.602655
2393,0.509422,0.631207
2394,0.545454,0.587602
2395,0.575726,0.549394
2396,0.527409,0.500238
2397,0.564505,0.542023
2398,0.597073,0.502724
2399,0.551573,0.460884
2400,0.512176,0.425725
2401,0.543880,0.466732
2402,0.570563,0.501968
2403,0.519014,0.546546
2404,0.560089,0.501673
2405,0.594390,0.463481
2406,0.622851,0.431334
2407,0.580499,0.468944
2408,0.531562,0.426740
2409,0.568589,0.473593
2410,0.526838,0.437604
2411,0.483676,0.481439
2412,0.448022,0.444193
2413,0.412045,0.487113
2414,0.455035,0.527339
2415,0.425022,0.489046
2416,0.473585,0.448445
2417,0.510783,0.488598
2418,0.477541,0.456135
2419,0.434544,0.503334
2420,0.406993,0.468591
2421,0.371956,0.513979
2422,0.420688,0.473293
2423,0.390158,0.437218
2424,0.432427,0.477293
2425,0.395687,0.521340
2426,0.365341,0.558547
2427,0.340751,0.515656
2428,0.384754,0.549828
2429,0.352638,0.587405
2430,0.395368,0.615379
2431,0.433019,0.638579
2432,0.484734,0.587476
2433,0.517714,0.615438
2434,0.487023,0.574567
2435,0.461002,0.538983
2436,0.488968,0.563513
2437,0.541687,0.509934
2438,0.565248,0.539021
2439,0.585049,0.563546
2440,0.601669,0.584155
2441,0.542641,0.626500
2442,0.566050,0.643107
2443,0.609529,0.586562
2444,0.556234,0.622587
2445,0.593519,0.573784
2446,0.624403,0.531098
2447,0.579751,0.562843
2448,0.606360,0.526443
2449,0.639568,0.569806
2450,0.597179,0.596280
2451,0.546730,0.545519
2452,0.582894,0.582122
2453,0.612963,0.612555
2454,0.642094,0.566025
2455,0.596480,0.596127
2456,0.556314,0.621167
2457,0.521563,0.641959
2458,0.566450,0.672679
2459,0.592271,0.630953
2460,0.613830,0.593847
2461,0.631815,0.561423
2462,0.575688,0.505727
2463,0.599988,0.477490
2464,0.547528,0.430325
2465,0.576439,0.406951
2466,0.540433,0.440669
2467,0.490488,0.396270
2468,0.522941,0.376911
2469,0.491914,0.411474
2470,0.540438,0.468223
2471,0.567708,0.442439
2472,0.607733,0.495084
2473,0.557650,0.451013
2474,0.588167,0.421477
2475,0.540521,0.385304
2476,0.575160,0.433102
2477,0.534464,0.402026
2478,0.499486,0.376207
2479,0.469746,0.354795
2480,0.425131,0.406965
2481,0.461268,0.448106
2482,0.436228,0.420664
2483,0.393660,0.471278
2484,0.358679,0.514812
2485,0.330067,0.551666
2486,0.373872,0.586709
2487,0.342485,0.616872
2488,0.316837,0.641832
2489,0.361921,0.669262
2490,0.412632,0.624372
2491,0.454630,0.654968
2492,0.425526,0.606333
2493,0.401179,0.563223
2494,0.453654,0.516778
2495,0.424708,0.479041
2496,0.387453,0.521923
2497,0.364021,0.483415
2498,0.344593,0.450820
2499,0.315558,0.497823
2500,0.300177,0.462980
2501,0.277254,0.508237
2502,0.258642,0.546629
2503,0.302860,0.581275
2504,0.343600,0.610120
2505,0.380169,0.634055
2506,0.412378,0.653897
2507,0.440371,0.670355
2508,0.499745,0.615935
2509,0.524055,0.638876
2510,0.574230,0.587569
2511,0.520451,0.618908
2512,0.488568,0.573528
2513,0.536389,0.528016
2514,0.490282,0.562625
2515,0.451190,0.591584
2516,0.417500,0.542747
2517,0.389444,0.500541
2518,0.429697,0.536359
2519,0.464681,0.566528
2520,0.420390,0.604402
2521,0.396449,0.563791
2522,0.432172,0.589105
2523,0.485693,0.537035
2524,0.442247,0.575964
2525,0.487838,0.531496
2526,0.450849,0.564708
2527,0.419814,0.592500
2528,0.385172,0.542703
2529,0.431679,0.578877
2530,0.398612,0.609579
2531,0.371202,0.635021
2532,0.348530,0.656074
2533,0.389835,0.615560
2534,0.442338,0.650652
2535,0.479810,0.610733
2536,0.525745,0.646710
2537,0.482836,0.594556
2538,0.447102,0.621125
2539,0.491367,0.651448
2540,0.454287,0.672646
2541,0.418397,0.622631
2542,0.387969,0.648899
2543,0.434532,0.673844
2544,0.478144,0.627225
2545,0.444263,0.649486
2546,0.481419,0.608802
2547,0.513180,0.572964
2548,0.540104,0.541871
2549,0.562813,0.515174
2550,0.507659,0.460755
2551,0.535435,0.438219
2552,0.580796,0.493546
2553,0.618337,0.540752
2554,0.640408,0.506044
2555,0.670428,0.551286
2556,0.620239,0.505138
2557,0.575406,0.465812
2558,0.609525,0.429833
2559,0.637720,0.399809
2560,0.590884,0.368152
2561,0.549696,0.342098
2562,0.514118,0.320670
2563,0.483750,0.303028
2564,0.532876,0.281286
2565,0.574174,0.263572
2566,0.527956,0.310587
2567,0.562920,0.360461
2568,0.523769,0.336759
2569,0.490241,0.317233
2570,0.461798,0.301124
2571,0.417466,0.352956
2572,0.453570,0.397556
2573,0.429667,0.373985
2574,0.409600,0.354404
2575,0.466135,0.323467
2576,0.422925,0.375246
2577,0.387077,0.421680
2578,0.357522,0.462304
2579,0.333883,0.422875
2580,0.377961,0.467941
2581,0.428720,0.432116
2582,0.399487,0.399116
2583,0.375180,0.371757
2584,0.343787,0.419971
2585,0.318123,0.462230
2586,0.297138,0.498607
2587,0.343429,0.467879
2588,0.393692,0.516671
2589,0.366322,0.547516
2590,0.409255,0.514172
2591,0.446897,0.485719
2592,0.422629,0.512047
2593,0.402286,0.534380
2594,0.458269,0.584426
2595,0.490862,0.553227
2596,0.539364,0.600021
2597,0.566829,0.566752
2598,0.589863,0.537980
2599,0.535863,0.482088
2600,0.576614,0.532301
2601,0.530498,0.484773
2602,0.490854,0.444556
2603,0.525933,0.487056
2604,0.480803,0.527650
2605,0.447259,0.487213
2606,0.493392,0.448708
2607,0.532724,0.416437
2608,0.494383,0.456359
2609,0.527827,0.428786
2610,0.495225,0.462879
2611,0.448857,0.417895
2612,0.421594,0.453465
2613,0.383552,0.410076
2614,0.361514,0.446684
2615,0.343225,0.478278
2616,0.381431,0.454633
2617,0.344608,0.407599
2618,0.329387,0.441015
2619,0.316724,0.469858
2620,0.306168,0.494541
2621,0.278174,0.440831
2622,0.269851,0.469700
2623,0.262901,0.494406
2624,0.257085,0.515433
2625,0.235717,0.458412
2626,0.231119,0.484766
2627,0.227261,0.507239
2628,0.280414,0.561730
2629,0.331106,0.606955
2630,0.377575,0.644036
2631,0.348187,0.661358
2632,0.324075,0.675752
2633,0.371221,0.704527
2634,0.413364,0.727780
2635,0.377610,0.738581
2636,0.348216,0.747542
2637,0.392933,0.765454
2638,0.432443,0.779971
2639,0.482570,0.738034
2640,0.517216,0.757774
2641,0.546549,0.773738
2642,0.571239,0.786711
2643,0.518005,0.793329
2644,0.485971,0.746309
2645,0.515306,0.758293
2646,0.488075,0.714465
2647,0.513011,0.725487
2648,0.564500,0.672236
2649,0.585222,0.690577
2650,0.602604,0.705711
2651,0.617180,0.718229
2652,0.629408,0.728612
2653,0.600118,0.688977
2654,0.610693,0.698350
2655,0.585420,0.662854
2656,0.594522,0.671182
2657,0.528637,0.705709
2658,0.546579,0.712284
2659,0.524349,0.677747
2660,0.539624,0.683635
2661,0.594561,0.620943
2662,0.567896,0.587817
2663,0.580646,0.603369
2664,0.630015,0.543492
2665,0.669983,0.491516
2666,0.635888,0.462134
2667,0.674716,0.418521
2668,0.616313,0.467797
2669,0.635667,0.505120
2670,0.581002,0.547446
2671,0.616121,0.504352
2672,0.569020,0.540363
2673,0.601539,0.578055
2674,0.628504,0.609411
2675,0.579967,0.638204
2676,0.537416,0.661929
2677,0.493561,0.613152
2678,0.456970,0.641288
2679,0.500671,0.666299
2680,0.463400,0.621005
2681,0.432021,0.580734
2682,0.479632,0.529900
2683,0.442118,0.568790
2684,0.482685,0.525423
2685,0.525557,0.562894
2686,0.485281,0.521615
2687,0.451175,0.486272
2688,0.496900,0.443625
2689,0.533317,0.481940
2690,0.497365,0.452025
2691,0.528331,0.484648
2692,0.497760,0.459186
2693,0.524088,0.486949
2694,0.471532,0.540144
2695,0.427306,0.584698
2696,0.475795,0.534143
2697,0.517410,0.490570
2698,0.479422,0.529034
2699,0.522089,0.566586
2700,0.482506,0.524687
2701,0.449012,0.488773
2702,0.411079,0.533178
2703,0.456618,0.490457
2704,0.424194,0.528213
2705,0.463100,0.491888
2706,0.422183,0.449182
2707,0.395156,0.487560
2708,0.361988,0.445543
2709,0.340327,0.484434
2710,0.381843,0.453660
2711,0.418571,0.427769
2712,0.399039,0.460580
2713,0.455573,0.513168
2714,0.504606,0.557685
2715,0.546252,0.594837
2716,0.581171,0.625601
2717,0.537012,0.651673
2718,0.494611,0.604071
2719,0.456627,0.633928
2720,0.424715,0.658531
2721,0.398065,0.678799
2722,0.435873,0.636046
2723,0.487127,0.667462
2724,0.445409,0.616450
2725,0.489057,0.643874
2726,0.528381,0.596830
2727,0.486868,0.550672
2728,0.451701,0.510706
2729,0.422170,0.476607
2730,0.385864,0.522574
2731,0.355956,0.561378
2732,0.332917,0.519913
2733,0.376597,0.552244
2734,0.356459,0.516929
2735,0.409869,0.469608
2736,0.377035,0.514391
2737,0.349974,0.552304
2738,0.396851,0.586361
2739,0.438283,0.614687
2740,0.486051,0.566468
2741,0.526890,0.524429
2742,0.561343,0.488398
2743,0.590184,0.457851
2744,0.614228,0.432124
2745,0.562288,0.390872
2746,0.523820,0.428362
2747,0.553021,0.406826
2748,0.577566,0.388795
2749,0.545115,0.420545
2750,0.491468,0.375553
2751,0.538377,0.432304
2752,0.492748,0.393602
2753,0.528866,0.370147
2754,0.559346,0.350676
2755,0.584915,0.334505
2756,0.606300,0.321058
2757,0.551633,0.292206
2758,0.516749,0.331788
2759,0.486954,0.367441
2760,0.461693,0.398949
2761,0.515081,0.459656
2762,0.467422,0.413778
2763,0.438141,0.448430
2764,0.487705,0.500971
2765,0.522135,0.470821
2766,0.551248,0.445351
2767,0.518818,0.475190
2768,0.491116,0.500702
2769,0.441275,0.447597
2770,0.492448,0.500597
2771,0.450020,0.455412
2772,0.493581,0.500507
2773,0.457477,0.462073
2774,0.427122,0.429736
2775,0.475460,0.394317
2776,0.512607,0.436954
2777,0.553914,0.400299
2778,0.514408,0.373904
2779,0.545876,0.414939
2780,0.586375,0.378139
2781,0.619926,0.347909
2782,0.576502,0.326769
2783,0.538610,0.309333
2784,0.580327,0.286098
2785,0.532836,0.335647
2786,0.566563,0.382902
2787,0.601520,0.353756
2788,0.558277,0.330558
2789,0.520785,0.311463
2790,0.549598,0.354387
2791,0.499382,0.407503
2792,0.467344,0.381636
2793,0.425044,0.431760
2794,0.389908,0.475538
2795,0.432550,0.516626
2796,0.396122,0.553979
2797,0.366023,0.585273
2798,0.341098,0.538176
2799,0.320576,0.497566
2800,0.370530,0.457615
2801,0.416184,0.498468
2802,0.456189,0.533231
2803,0.490664,0.562540
2804,0.520051,0.587123
2805,0.492064,0.553237
2806,0.543157,0.499818
2807,0.493254,0.545299
2808,0.525722,0.574291
2809,0.494266,0.538533
2810,0.467555,0.507809
2811,0.495126,0.532771
2812,0.443838,0.580920
2813,0.474825,0.601467
2814,0.501327,0.618658
2815,0.523853,0.633042
2816,0.468077,0.670684
2817,0.495572,0.682113
2818,0.518971,0.691658
2819,0.570758,0.633117
2820,0.613635,0.579977
2821,0.648771,0.533248
2822,0.666684,0.567613
2823,0.694574,0.522538
2824,0.717219,0.483903
2825,0.730735,0.526017
2826,0.688068,0.486317
2827,0.700274,0.522120
2828,0.662048,0.488368
2829,0.627778,0.459750
2830,0.597585,0.435625
2831,0.609281,0.465767
2832,0.653872,0.417360
2833,0.622258,0.397337
2834,0.559883,0.453365
2835,0.531028,0.427510
2836,0.550968,0.460328
2837,0.567792,0.488508
2838,0.616306,0.437852
2839,0.585353,0.416033
2840,0.558492,0.397740
2841,0.608678,0.357044
2842,0.649643,0.323980
2843,0.614632,0.310029
2844,0.583893,0.298435
2845,0.524181,0.354042
2846,0.472807,0.404706
2847,0.504074,0.447415
2848,0.455789,0.492998
2849,0.415356,0.531865
2850,0.381840,0.564619
2851,0.354197,0.592035
2852,0.399036,0.555012
2853,0.366561,0.504132
2854,0.413853,0.546813
2855,0.382497,0.577873
2856,0.356582,0.603808
2857,0.404968,0.638057
2858,0.375147,0.658846
2859,0.348171,0.607231
2860,0.393251,0.636321
2861,0.369812,0.591539
2862,0.408875,0.616689
2863,0.461807,0.565846
2864,0.422303,0.599694
2865,0.394100,0.555413
2866,0.433809,0.585055
2867,0.468265,0.609784
2868,0.497805,0.630375
2869,0.522935,0.647514
2870,0.572618,0.591771
2871,0.613764,0.542392
2872,0.647528,0.499715
2873,0.597170,0.536058
2874,0.552644,0.566665
2875,0.514091,0.592297
2876,0.555927,0.629021
2877,0.590897,0.659123
2878,0.620330,0.615632
2879,0.644680,0.577121
2880,0.602839,0.598782
2881,0.623956,0.565698
2882,0.641546,0.537096
2883,0.605974,0.555933
2884,0.646001,0.605004
2885,0.590457,0.547598
2886,0.541294,0.497723
2887,0.573292,0.465636
2888,0.535122,0.498064
2889,0.576722,0.545617
2890,0.603390,0.511270
2891,0.637130,0.556725
2892,0.658512,0.520802
2893,0.607389,0.473450
2894,0.633921,0.442942
2895,0.661704,0.491570
2896,0.682810,0.458212
2897,0.633709,0.418566
2898,0.589618,0.385653
2899,0.614421,0.430609
2900,0.563149,0.476074
2901,0.597737,0.440912
2902,0.626405,0.411470
2903,0.579200,0.377108
2904,0.534769,0.419653
2905,0.496536,0.456807
2906,0.454726,0.414630
2907,0.422681,0.452454
2908,0.461488,0.427238
2909,0.420543,0.386477
2910,0.386558,0.353015
2911,0.432303,0.403037
2912,0.398547,0.446470
2913,0.370145,0.410054
2914,0.346682,0.379842
2915,0.396420,0.352246
2916,0.368386,0.328123
2917,0.411602,0.373366
2918,0.376879,0.423314
2919,0.353488,0.393683
2920,0.334137,0.369088
2921,0.374448,0.409247
2922,0.410165,0.444385
2923,0.392646,0.422622
2924,0.377967,0.404354
2925,0.338324,0.462224
2926,0.306300,0.512292
2927,0.344757,0.542725
2928,0.311491,0.584628
2929,0.366830,0.536341
2930,0.407531,0.569268
2931,0.370920,0.604387
2932,0.411141,0.631123
2933,0.446313,0.653239
2934,0.476652,0.671535
2935,0.428087,0.698109
2936,0.480150,0.647454
2937,0.524791,0.601564
2938,0.557858,0.633089
2939,0.594924,0.588791
2940,0.621896,0.622559
2941,0.644251,0.650369
2942,0.673259,0.604169
2943,0.690997,0.635234
2944,0.713924,0.590693
2945,0.669913,0.542777
2946,0.696794,0.502951
2947,0.654237,0.461526
2948,0.600432,0.501173
2949,0.625130,0.542132
2950,0.574413,0.575417
2951,0.603508,0.609114
2952,0.635271,0.565189
2953,0.591332,0.519253
2954,0.552768,0.479919
2955,0.519463,0.446660
2956,0.491006,0.418749
2957,0.541709,0.381769
2958,0.509987,0.359226
2959,0.460617,0.410743
2960,0.508489,0.379443
2961,0.466505,0.423905
2962,0.505726,0.470502
2963,0.471518,0.435180
2964,0.504867,0.474919
2965,0.475783,0.444817
2966,0.429608,0.493831
2967,0.391268,0.535623
2968,0.367970,0.496259
2969,0.407168,0.530294
2970,0.369299,0.571330
2971,0.338310,0.605478
2972,0.380812,0.632786
2973,0.432856,0.584836
2974,0.404512,0.540551
2975,0.380903,0.502369
2976,0.432936,0.459632
2977,0.478407,0.423742
2978,0.517642,0.467248
2979,0.476035,0.509670
2980,0.440907,0.545643
2981,0.411492,0.575865
2982,0.449706,0.538827
2983,0.498967,0.581260
2984,0.532061,0.543497
2985,0.559981,0.510983
2986,0.509212,0.462139
2987,0.476249,0.495486
2988,0.507831,0.467801
2989,0.534636,0.444417
2990,0.580938,0.499152
2991,0.602993,0.470905
2992,0.640522,0.521821
2993,0.658195,0.490154
2994,0.688043,0.538149
2995,0.702027,0.504083
2996,0.648637,0.457592
2997,0.605497,0.492886
2998,0.639107,0.538788
2999,0.666655,0.577325
3000,0.619108,0.532988
3001,0.571783,0.569409
3002,0.601783,0.528051
3003,0.561132,0.559103
3004,0.512739,0.510984
3005,0.471379,0.469886
3006,0.436508,0.435250
3007,0.407339,0.406285
3008,0.383041,0.382159
3009,0.362832,0.362094
3010,0.346025,0.345405
3011,0.314616,0.400987
3012,0.301309,0.377751
3013,0.290253,0.358429
3014,0.328514,0.395503
3015,0.296805,0.451438
3016,0.334465,0.484854
3017,0.324498,0.458686
3018,0.384255,0.413016
3019,0.419896,0.447813
3020,0.474822,0.404004
3021,0.506320,0.439988
3022,0.458209,0.492379
3023,0.492135,0.523725
3024,0.539314,0.475422
3025,0.493315,0.520170
3026,0.533436,0.479104
3027,0.492632,0.442411
3028,0.453597,0.485761
3029,0.420841,0.522803
3030,0.460526,0.487896
3031,0.507144,0.533158
3032,0.471869,0.564350
3033,0.516825,0.601783
3034,0.550887,0.560664
3035,0.579482,0.525021
3036,0.616239,0.569064
3037,0.639351,0.532259
3038,0.588227,0.484087
3039,0.543173,0.443337
3040,0.578624,0.412383
3041,0.608148,0.386597
3042,0.566985,0.425312
3043,0.592330,0.403141
3044,0.613499,0.384598
3045,0.559027,0.346709
3046,0.585674,0.331909
3047,0.550238,0.368535
3048,0.498549,0.331457
3049,0.467891,0.368132
3050,0.516744,0.426447
3051,0.483325,0.460283
3052,0.455023,0.489348
3053,0.485824,0.466221
3054,0.536600,0.521456
3055,0.504884,0.546113
3056,0.477885,0.566899
3057,0.429622,0.510201
3058,0.481199,0.556959
3059,0.514775,0.522147
3060,0.468372,0.473651
3061,0.512560,0.518828
3062,0.549992,0.557017
3063,0.507117,0.590020
3064,0.545406,0.621214
3065,0.506049,0.576748
3066,0.463765,0.611106
3067,0.505142,0.565379
3068,0.544032,0.599270
3069,0.578711,0.555006
3070,0.610663,0.590645
3071,0.637105,0.620223
3072,0.664315,0.573409
3073,0.617369,0.602746
3074,0.641112,0.562523
3075,0.660769,0.527653
3076,0.608324,0.478438
3077,0.638005,0.523512
3078,0.662441,0.561554
3079,0.682557,0.593348
3080,0.705383,0.547016
3081,0.657171,0.579605
3082,0.608760,0.533400
3083,0.637559,0.493245
3084,0.591233,0.453566
3085,0.550502,0.420278
3086,0.503426,0.465880
3087,0.542968,0.432075
3088,0.501775,0.397429
3089,0.461688,0.440886
3090,0.502475,0.486563
3091,0.542270,0.450779
3092,0.501282,0.414427
3093,0.535953,0.458125
3094,0.501090,0.427064
3095,0.546270,0.391095
3096,0.509918,0.365919
3097,0.539361,0.407019
3098,0.508431,0.385255
3099,0.482080,0.367107
3100,0.432580,0.423019
3101,0.464806,0.459352
3102,0.442596,0.434422
3103,0.396550,0.487607
3104,0.358771,0.533084
3105,0.341441,0.496831
3106,0.396126,0.453299
3107,0.435770,0.491045
3108,0.470146,0.523227
3109,0.445321,0.492388
3110,0.400922,0.541067
3111,0.453471,0.493530
3112,0.489657,0.528014
3113,0.460418,0.494500
3114,0.416983,0.540896
3115,0.381023,0.579814
3116,0.357807,0.539011
3117,0.398330,0.568003
3118,0.433931,0.592294
3119,0.413246,0.557902
3120,0.469391,0.504359
3121,0.426051,0.549278
3122,0.400304,0.512754
3123,0.451531,0.467071
3124,0.495942,0.428640
3125,0.533770,0.396619
3126,0.571067,0.442280
3127,0.602285,0.407959
3128,0.560520,0.450877
3129,0.513183,0.413833
3130,0.476712,0.455989
3131,0.511206,0.426555
3132,0.540455,0.401931
3133,0.509526,0.437447
3134,0.483169,0.468163
3135,0.460833,0.494472
3136,0.516698,0.547756
3137,0.541544,0.518309
3138,0.487837,0.465770
3139,0.442358,0.421656
3140,0.478241,0.397339
3141,0.450944,0.433256
3142,0.407568,0.391075
3143,0.385249,0.427789
3144,0.421182,0.407001
3145,0.452412,0.389587
3146,0.432849,0.420696
3147,0.490590,0.479588
3148,0.465071,0.507017
3149,0.417754,0.455460
3150,0.378659,0.412332
3151,0.417266,0.388924
3152,0.378257,0.354073
3153,0.429497,0.405147
3154,0.395940,0.374958
3155,0.368156,0.350031
3156,0.415759,0.324240
3157,0.460304,0.369937
3158,0.428206,0.348827
3159,0.475089,0.320252
3160,0.515322,0.296971
3161,0.474568,0.280957
3162,0.440171,0.267766
3163,0.404550,0.318145
3164,0.376507,0.298346
3165,0.347837,0.346575
3166,0.393148,0.394865
3167,0.369520,0.368418
3168,0.338724,0.417195
3169,0.313569,0.460012
3170,0.358746,0.503962
3171,0.399262,0.541297
3172,0.451728,0.498206
3173,0.488188,0.536434
3174,0.533789,0.494048
3175,0.572141,0.458063
3176,0.604090,0.427802
3177,0.630576,0.402489
3178,0.581764,0.366514
3179,0.612076,0.346187
3180,0.569673,0.385772
3181,0.595715,0.368080
3182,0.544556,0.332843
3183,0.507373,0.371215
3184,0.463041,0.335388
3185,0.425785,0.306340
3186,0.395108,0.347363
3187,0.364889,0.316044
3188,0.410166,0.302366
3189,0.457335,0.356523
3190,0.423411,0.329456
3191,0.468582,0.309616
3192,0.432825,0.288219
3193,0.399641,0.333841
3194,0.370567,0.307964
3195,0.414372,0.357270
3196,0.389286,0.334432
3197,0.368408,0.315608
3198,0.405459,0.357789
3199,0.387414,0.341205
3200,0.419372,0.378192
3201,0.447090,0.410806
3202,0.397365,0.469377
3203,0.356663,0.519901
3204,0.323599,0.562569
3205,0.296801,0.598147
3206,0.275065,0.627612
3207,0.318733,0.654321
3208,0.371984,0.607491
3209,0.414435,0.637762
3210,0.390513,0.591764
3211,0.355761,0.623873
3212,0.396476,0.649211
3213,0.432276,0.670112
3214,0.463288,0.687368
3215,0.489883,0.701641
3216,0.543627,0.648468
3217,0.588572,0.600109
3218,0.553226,0.554894
3219,0.522738,0.515701
3220,0.571193,0.471878
3221,0.611368,0.434940
3222,0.644389,0.404085
3223,0.671428,0.378432
3224,0.691106,0.428546
3225,0.647360,0.396091
3226,0.608090,0.369195
3227,0.553874,0.417637
3228,0.518341,0.387041
3229,0.487977,0.361707
3230,0.462228,0.340756
3231,0.489780,0.381599
3232,0.513254,0.417710
3233,0.565925,0.376558
3234,0.609600,0.342902
3235,0.645418,0.315472
3236,0.605703,0.298840
3237,0.570787,0.285106
3238,0.540530,0.273736
3239,0.514565,0.264296
3240,0.492427,0.256438
3241,0.437709,0.310186
3242,0.419275,0.294479
3243,0.403779,0.281499
3244,0.431217,0.322420
3245,0.454883,0.359518
3246,0.516156,0.323655
3247,0.493353,0.311989
3248,0.439042,0.368984
3249,0.393948,0.420564
3250,0.356960,0.465864
3251,0.409476,0.432320
3252,0.450093,0.478094
3253,0.422819,0.442374
3254,0.473651,0.407448
3255,0.434250,0.450958
3256,0.401381,0.488568
3257,0.374111,0.520656
3258,0.351537,0.547807
3259,0.392354,0.517560
3260,0.372748,0.540671
3261,0.338091,0.485479
3262,0.391174,0.534591
3263,0.438473,0.575852
3264,0.481004,0.536902
3265,0.522421,0.577780
3266,0.483851,0.531382
3267,0.519061,0.566262
3268,0.548856,0.595415
3269,0.590211,0.546915
3270,0.551891,0.507109
3271,0.518807,0.473183
3272,0.469305,0.519288
3273,0.515988,0.477200
3274,0.548721,0.516381
3275,0.576228,0.549546
3276,0.541450,0.513925
3277,0.564934,0.542153
3278,0.608558,0.491329
3279,0.644349,0.448229
3280,0.673568,0.412170
3281,0.623668,0.455951
3282,0.649243,0.425129
3283,0.670334,0.399372
3284,0.687742,0.377902
3285,0.635870,0.343695
3286,0.659306,0.326580
3287,0.610048,0.299466
3288,0.638007,0.285949
3289,0.590989,0.264567
3290,0.549633,0.247218
3291,0.513909,0.233085
3292,0.483417,0.221522
3293,0.532439,0.212098
3294,0.485903,0.255727
3295,0.446507,0.297157
3296,0.487647,0.352503
3297,0.454483,0.324813
3298,0.489499,0.373590
3299,0.461281,0.349331
3300,0.437482,0.329301
3301,0.467070,0.370824
3302,0.418155,0.424423
3303,0.377769,0.471478
3304,0.430258,0.435622
3305,0.402441,0.402014
3306,0.368495,0.446582
3307,0.416779,0.416413
3308,0.387489,0.454547
3309,0.429080,0.428765
3310,0.403911,0.461335
3311,0.455804,0.514032
3312,0.418042,0.467116
3313,0.459749,0.437263
3314,0.421332,0.398441
3315,0.392421,0.438390
3316,0.440529,0.487460
3317,0.408396,0.522349
3318,0.454514,0.563986
3319,0.420062,0.592917
3320,0.464664,0.626856
3321,0.506464,0.584205
3322,0.467093,0.535177
3323,0.505495,0.571764
3324,0.546850,0.528705
3325,0.507257,0.486427
3326,0.548336,0.449598
3327,0.506169,0.488462
3328,0.470234,0.521625
3329,0.439916,0.549676
3330,0.414485,0.573281
3331,0.376301,0.519179
3332,0.355801,0.547613
3333,0.408845,0.590308
3334,0.449030,0.553128
3335,0.496642,0.594882
3336,0.462335,0.618059
3337,0.433439,0.637351
3338,0.483209,0.670207
3339,0.525817,0.696899
3340,0.487085,0.711515
3341,0.529104,0.732567
3342,0.563672,0.689307
3343,0.592589,0.649694
3344,0.543760,0.593233
3345,0.504619,0.616106
3346,0.537222,0.579506
3347,0.490064,0.525502
3348,0.524897,0.493159
3349,0.566163,0.540558
3350,0.526917,0.568746
3351,0.481578,0.518433
3352,0.448089,0.550140
3353,0.410315,0.502397
3354,0.455832,0.542659
3355,0.423539,0.502037
3356,0.462430,0.536284
3357,0.495870,0.565140
3358,0.524334,0.589333
3359,0.548413,0.609567
3360,0.594549,0.554072
3361,0.632525,0.505758
3362,0.663579,0.464571
3363,0.681702,0.504451
3364,0.696688,0.538325
3365,0.720585,0.492257
3366,0.739964,0.453172
3367,0.696237,0.419135
3368,0.656007,0.390783
3369,0.687668,0.359536
3370,0.713282,0.333871
3371,0.671548,0.312003
3372,0.633774,0.294047
3373,0.600296,0.279270
3374,0.541449,0.329704
3375,0.511422,0.308584
3376,0.460395,0.356775
3377,0.417625,0.400200
3378,0.392948,0.366424
3379,0.429804,0.414854
3380,0.388599,0.458732
3381,0.354761,0.496566
3382,0.327084,0.528773
3383,0.371416,0.571586
3384,0.410917,0.607177
3385,0.445442,0.636575
3386,0.498462,0.590695
3387,0.453575,0.616909
3388,0.490173,0.648354
3389,0.521381,0.674118
3390,0.547786,0.695226
3391,0.495490,0.714601
3392,0.451071,0.730475
3393,0.421813,0.682297
3394,0.385352,0.704031
3395,0.433390,0.656942
3396,0.402067,0.676248
3397,0.443288,0.634656
3398,0.490669,0.667201
3399,0.526561,0.626532
3400,0.556870,0.590470
3401,0.508068,0.534884
3402,0.466428,0.486887
3403,0.432277,0.521024
3404,0.471452,0.488854
3405,0.505048,0.461571
3406,0.475727,0.490525
3407,0.525745,0.542170
3408,0.479363,0.491946
3409,0.440185,0.449343
3410,0.407442,0.413682
3411,0.376519,0.457010
3412,0.350994,0.494384
3413,0.399283,0.538293
3414,0.369780,0.569768
3415,0.414065,0.532567
3416,0.452865,0.500641
3417,0.501223,0.548315
3418,0.534760,0.514113
3419,0.501040,0.541103
3420,0.454718,0.489215
3421,0.490115,0.460102
3422,0.536340,0.510198
3423,0.575177,0.552659
3424,0.530904,0.508669
3425,0.564035,0.544806
3426,0.517809,0.581632
3427,0.553030,0.611293
3428,0.515140,0.569560
3429,0.545123,0.595039
3430,0.586979,0.543366
3431,0.548948,0.506778
3432,0.516147,0.475604
3433,0.541643,0.505761
3434,0.563149,0.531370
3435,0.608715,0.478227
3436,0.626179,0.507995
3437,0.592818,0.481490
3438,0.607897,0.506796
3439,0.620555,0.528284
3440,0.662109,0.471634
3441,0.628641,0.449242
3442,0.668636,0.402142
3443,0.700841,0.363446
3444,0.663336,0.345910
3445,0.629730,0.331325
3446,0.669514,0.301218
3447,0.635220,0.289695
3448,0.574464,0.344360
3449,0.615733,0.318139
3450,0.578631,0.299992
3451,0.546362,0.285042
3452,0.518612,0.272694
3453,0.494928,0.262465
3454,0.515823,0.302832
3455,0.458687,0.359343
3456,0.513450,0.329871
3457,0.485090,0.311850
3458,0.461051,0.296965
3459,0.413210,0.349428
3460,0.446180,0.393524
3461,0.474593,0.432453
3462,0.454203,0.409110
3463,0.436990,0.389581
3464,0.387901,0.445644
3465,0.446362,0.405714
3466,0.404265,0.453747
3467,0.454359,0.419590
3468,0.423330,0.387529
3469,0.397412,0.361011
3470,0.362911,0.409204
3471,0.334641,0.451628
3472,0.314678,0.414133
3473,0.292312,0.455916
3474,0.337569,0.501283
3475,0.310964,0.537361
3476,0.289284,0.567738
3477,0.337094,0.531774
3478,0.380584,0.500927
3479,0.431721,0.549508
3480,0.476410,0.590108
3481,0.441862,0.542120
3482,0.487026,0.502437
3483,0.450794,0.460966
3484,0.488971,0.502072
3485,0.458137,0.466803
3486,0.490625,0.501761
3487,0.464394,0.471771
3488,0.417784,0.521211
3489,0.379256,0.562948
3490,0.358450,0.524017
3491,0.341172,0.490675
3492,0.326807,0.462388
3493,0.382829,0.417825
3494,0.351088,0.468013
3495,0.394016,0.504512
3496,0.360261,0.547629
3497,0.402170,0.578189
3498,0.366954,0.613591
3499,0.408094,0.638311
3500,0.459213,0.588509
3501,0.428880,0.545582
3502,0.391983,0.582758
3503,0.439434,0.538774
3504,0.481724,0.575302
3505,0.517902,0.605732
3506,0.473699,0.635987
3507,0.511072,0.660382
3508,0.542759,0.680474
3509,0.583620,0.630244
3510,0.617492,0.585157
3511,0.571263,0.611417
3512,0.526745,0.561235
3513,0.563197,0.521308
3514,0.593668,0.487134
3515,0.546219,0.443367
3516,0.579500,0.414898
3517,0.607244,0.391131
3518,0.567734,0.427468
3519,0.533439,0.458998
3520,0.557672,0.438227
3521,0.578062,0.420737
3522,0.595189,0.406023
3523,0.638209,0.467046
3524,0.651954,0.445011
3525,0.593553,0.398383
3526,0.614686,0.380430
3527,0.579781,0.413291
3528,0.549455,0.441856
3529,0.567975,0.426090
3530,0.542075,0.450516
3531,0.593762,0.511711
3532,0.535787,0.457900
3533,0.505652,0.486977
3534,0.455589,0.437107
3535,0.413690,0.395656
3536,0.451713,0.374028
3537,0.426433,0.410945
3538,0.405238,0.443152
3539,0.387492,0.470919
3540,0.372638,0.494671
3541,0.360197,0.514883
3542,0.349767,0.532028
3543,0.411254,0.586767
3544,0.443479,0.559615
3545,0.424344,0.573960
3546,0.379188,0.511920
3547,0.435555,0.562994
3548,0.410835,0.584320
3549,0.390167,0.602206
3550,0.352873,0.544303
3551,0.406219,0.587215
3552,0.373912,0.537685
3553,0.347296,0.494950
3554,0.323409,0.533515
3555,0.369048,0.495708
3556,0.418867,0.538453
3557,0.389388,0.570871
3558,0.359321,0.524232
3559,0.405548,0.560353
3560,0.452254,0.516581
3561,0.492661,0.479147
3562,0.534238,0.522285
3563,0.569231,0.558719
3564,0.598454,0.589213
3565,0.631093,0.541590
3566,0.657935,0.500469
3567,0.679989,0.465490
3568,0.635524,0.500399
3569,0.595781,0.530082
3570,0.632987,0.574774
3571,0.652428,0.538699
3572,0.668565,0.507698
3573,0.630711,0.532912
3574,0.597198,0.554219
3575,0.611822,0.527987
3576,0.624098,0.505562
3577,0.595496,0.523796
3578,0.570654,0.539247
3579,0.507180,0.477529
3580,0.485465,0.499973
3581,0.506103,0.480896
3582,0.562316,0.539581
3583,0.608925,0.588677
3584,0.575956,0.607033
3585,0.519085,0.549776
3586,0.564701,0.591369
3587,0.516224,0.542348
3588,0.480316,0.574429
3589,0.449939,0.601224
3590,0.498815,0.635284
3591,0.540415,0.663221
3592,0.500938,0.683891
3593,0.534373,0.640153
3594,0.562564,0.601016
3595,0.512088,0.547264
3596,0.553257,0.586192
3597,0.513621,0.613294
3598,0.470475,0.563942
3599,0.434120,0.520931
3600,0.403751,0.484100
3601,0.378496,0.452914
3602,0.357529,0.426683
3603,0.410295,0.386851
3604,0.456884,0.354123
3605,0.497121,0.327326
3606,0.538186,0.372445
3607,0.572047,0.342323
3608,0.600321,0.317670
3609,0.561359,0.364701
3610,0.511444,0.336941
3611,0.477434,0.382109
3612,0.435097,0.351214
3613,0.480816,0.399268
3614,0.519961,0.441740
3615,0.483691,0.414052
3616,0.442235,0.464210
3617,0.486136,0.426743
3618,0.448845,0.396064
3619,0.488215,0.437607
3620,0.531325,0.399987
3621,0.567629,0.368895
3622,0.526636,0.414671
3623,0.482845,0.381955
3624,0.447852,0.426207
3625,0.418495,0.464804
3626,0.393979,0.497965
3627,0.445954,0.544912
3628,0.491131,0.584231
3629,0.529674,0.616849
3630,0.567054,0.572442
3631,0.598254,0.533724
3632,0.624173,0.500472
3633,0.645664,0.472193
3634,0.593598,0.425950
3635,0.552315,0.460733
3636,0.590618,0.511589
3637,0.617399,0.479900
3638,0.639622,0.453080
3639,0.658057,0.430490
3640,0.619557,0.460086
3641,0.635631,0.440810
3642,0.602170,0.466053
3643,0.572944,0.487652
3644,0.513082,0.431484
3645,0.536693,0.415326
3646,0.585280,0.475455
3647,0.604674,0.452374
3648,0.548199,0.405278
3649,0.515303,0.438540
3650,0.487226,0.467266
3651,0.438328,0.417619
3652,0.397649,0.376655
3653,0.364128,0.343147
3654,0.412660,0.394555
3655,0.382454,0.437354
3656,0.354336,0.400819
3657,0.330202,0.442831
3658,0.310362,0.479222
3659,0.294026,0.510344
3660,0.336560,0.482336
3661,0.390664,0.533464
3662,0.438931,0.576419
3663,0.407011,0.602034
3664,0.448019,0.565097
3665,0.409467,0.512961
3666,0.455772,0.555420
3667,0.422811,0.511018
3668,0.395314,0.473111
3669,0.362494,0.515835
3670,0.410651,0.477138
3671,0.455153,0.519202
3672,0.419292,0.555326
3673,0.389452,0.585593
3674,0.436602,0.619843
3675,0.479468,0.577013
3676,0.520808,0.612757
3677,0.480988,0.637364
3678,0.522100,0.665984
3679,0.556833,0.689395
3680,0.518789,0.642577
3681,0.486261,0.600476
3682,0.515972,0.622126
3683,0.541147,0.640156
3684,0.587666,0.584648
3685,0.608311,0.608938
3686,0.574730,0.572144
3687,0.518537,0.613297
3688,0.470345,0.647071
3689,0.515759,0.596767
3690,0.479412,0.553609
3691,0.513396,0.582540
3692,0.542198,0.606701
3693,0.585540,0.554454
3694,0.609168,0.583247
3695,0.644219,0.533932
3696,0.593208,0.570943
3697,0.620869,0.602417
3698,0.650368,0.556240
3699,0.674578,0.516177
3700,0.628914,0.547860
3701,0.588160,0.574500
3702,0.610265,0.540716
3703,0.646322,0.585834
3704,0.663998,0.550522
3705,0.678672,0.520087
3706,0.690875,0.494090
3707,0.634662,0.442341
3708,0.654328,0.420653
3709,0.601349,0.378265
3710,0.560305,0.414057
3711,0.598451,0.469443
3712,0.623878,0.442439
3713,0.654564,0.494044
3714,0.674835,0.463193
3715,0.624211,0.420615
3716,0.578883,0.385305
3717,0.606194,0.432364
3718,0.567206,0.402027
3719,0.533378,0.376808
3720,0.482480,0.427196
3721,0.514157,0.468130
3722,0.559814,0.428775
3723,0.512035,0.472900
3724,0.546051,0.514040
3725,0.584415,0.474062
3726,0.612307,0.515029
3727,0.635456,0.549715
3728,0.654657,0.578836
3729,0.615938,0.542296
3730,0.632658,0.567166
3731,0.668518,0.513970
3732,0.630804,0.482445
3733,0.597417,0.455748
3734,0.639895,0.411029
3735,0.583099,0.462359
3736,0.547028,0.432093
3737,0.496296,0.480656
3738,0.540007,0.442180
3739,0.571361,0.484008
3740,0.607381,0.444997
3741,0.565346,0.412318
3742,0.602400,0.380419
3743,0.627955,0.425278
3744,0.657721,0.391142
3745,0.613820,0.364480
3746,0.574958,0.342446
3747,0.541159,0.324232
3748,0.512116,0.309156
3749,0.487358,0.296651
3750,0.541213,0.272206
3751,0.512163,0.262348
3752,0.487397,0.254151
3753,0.435698,0.307259
3754,0.489287,0.285956
3755,0.535081,0.268564
3756,0.490894,0.314786
3757,0.454990,0.291653
3758,0.418006,0.336157
3759,0.460374,0.388348
3760,0.422498,0.430847
3761,0.464270,0.478482
3762,0.433976,0.441115
3763,0.396112,0.483862
3764,0.436759,0.524694
3765,0.411338,0.486281
3766,0.446165,0.520995
3767,0.476204,0.550356
3768,0.501882,0.575048
3769,0.554540,0.521934
3770,0.598402,0.476344
3771,0.546410,0.518647
3772,0.583945,0.479889
3773,0.539480,0.515852
3774,0.501156,0.546307
3775,0.543400,0.587567
3776,0.578847,0.621718
3777,0.536916,0.574645
3778,0.500835,0.533502
3779,0.531394,0.563580
3780,0.575136,0.514739
3781,0.611440,0.472964
3782,0.569870,0.437855
3783,0.533719,0.408480
3784,0.577075,0.374633
3785,0.613042,0.346783
3786,0.565659,0.392806
3787,0.524380,0.433519
3788,0.481143,0.395396
3789,0.519349,0.371128
3790,0.483969,0.410721
3791,0.528846,0.462999
3792,0.566656,0.508131
3793,0.524527,0.468533
3794,0.482005,0.509796
3795,0.520853,0.473243
3796,0.484702,0.508327
3797,0.454085,0.538097
3798,0.486996,0.507078
3799,0.440360,0.457548
3800,0.414784,0.490258
3801,0.376661,0.443391
3802,0.356041,0.478118
3803,0.408998,0.526650
3804,0.382890,0.556150
3805,0.432880,0.596450
3806,0.476518,0.629732
3807,0.442853,0.582268
3808,0.406151,0.613717
3809,0.451366,0.570104
3810,0.494272,0.605562
3811,0.455987,0.631797
3812,0.495131,0.590103
3813,0.528470,0.553588
3814,0.495861,0.576820
3815,0.543011,0.618433
3816,0.570999,0.581783
3817,0.609831,0.622509
3818,0.641797,0.655839
3819,0.663652,0.614843
3820,0.689053,0.649579
3821,0.706339,0.609268
3822,0.656412,0.555917
3823,0.679521,0.519391
3824,0.700618,0.562828
3825,0.654490,0.516485
3826,0.612810,0.476837
3827,0.632512,0.514013
3828,0.577935,0.555073
3829,0.603459,0.586049
3830,0.566395,0.546865
3831,0.514225,0.587177
3832,0.556528,0.539867
3833,0.591876,0.499046
3834,0.620818,0.539195
3835,0.644768,0.572946
3836,0.672402,0.527508
3837,0.624033,0.562127
3838,0.651626,0.597154
3839,0.674313,0.626182
3840,0.625765,0.653527
3841,0.578982,0.607181
3842,0.611215,0.559564
3843,0.566154,0.517532
3844,0.521127,0.556337
3845,0.556323,0.514904
3846,0.591912,0.554276
3847,0.620651,0.513132
3848,0.573143,0.471348
3849,0.531633,0.436122
3850,0.495979,0.406665
3851,0.526898,0.445622
3852,0.553028,0.479288
3853,0.575015,0.508066
3854,0.617978,0.457640
3855,0.582443,0.432275
3856,0.600807,0.463970
3857,0.641732,0.416928
3858,0.674990,0.378064
3859,0.701950,0.346199
3860,0.650495,0.395774
3861,0.672857,0.440183
3862,0.691272,0.478728
3863,0.713607,0.437049
3864,0.664890,0.481916
3865,0.616808,0.445541
3866,0.574016,0.415059
3867,0.536722,0.389642
3868,0.563042,0.427606
3869,0.604698,0.387457
3870,0.567315,0.366356
3871,0.515324,0.419635
3872,0.482575,0.393124
3873,0.454844,0.371067
3874,0.485187,0.408765
3875,0.536448,0.369518
3876,0.505142,0.351213
3877,0.456148,0.405832
3878,0.429837,0.381401
3879,0.407774,0.361091
3880,0.440252,0.398657
3881,0.394829,0.453872
3882,0.357567,0.501771
3883,0.327175,0.542495
3884,0.369170,0.575914
3885,0.406524,0.603797
3886,0.388074,0.564666
3887,0.349417,0.604227
3888,0.318026,0.636833
3889,0.358259,0.659180
3890,0.394129,0.677638
3891,0.354346,0.702806
3892,0.409631,0.652829
3893,0.447694,0.676269
3894,0.422952,0.631061
3895,0.455495,0.651622
3896,0.508982,0.599209
3897,0.537002,0.625220
3898,0.485948,0.655170
3899,0.456619,0.611212
3900,0.488055,0.633106
3901,0.537960,0.580481
3902,0.579828,0.534210
3903,0.614558,0.494378
3904,0.639630,0.535416
3905,0.660364,0.569947
3906,0.687336,0.525080
3907,0.637650,0.559563
3908,0.591348,0.514377
3909,0.617843,0.550695
3910,0.577888,0.512221
3911,0.527059,0.554161
3912,0.483366,0.589237
3913,0.523006,0.546087
3914,0.485860,0.576077
3915,0.454391,0.601144
3916,0.502411,0.636611
3917,0.468379,0.656717
3918,0.514369,0.684943
3919,0.553300,0.707916
3920,0.586343,0.663221
3921,0.618199,0.690235
3922,0.644512,0.712227
3923,0.666217,0.730170
3924,0.684133,0.744854
3925,0.708365,0.697588
3926,0.728077,0.653770
3927,0.683024,0.601199
3928,0.641780,0.554545
3929,0.657585,0.586349
3930,0.621433,0.546414
3931,0.589586,0.511972
3932,0.633877,0.464625
3933,0.600493,0.435539
3934,0.541542,0.485203
3935,0.511596,0.452857
3936,0.535333,0.487422
3937,0.555389,0.516910
3938,0.530047,0.489308
3939,0.582615,0.439674
3940,0.525549,0.490911
3941,0.570402,0.448654
3942,0.607667,0.413285
3943,0.559952,0.456313
3944,0.592401,0.500540
3945,0.551027,0.462840
3946,0.515271,0.431109
3947,0.484741,0.404565
3948,0.533726,0.369182
3949,0.487029,0.418604
3950,0.453843,0.388797
3951,0.414811,0.435941
3952,0.460735,0.405039
3953,0.501876,0.452061
3954,0.536848,0.492749
3955,0.501595,0.459217
3956,0.456488,0.505547
3957,0.492944,0.540171
3958,0.524005,0.569312
3959,0.550272,0.593718
3960,0.520409,0.559020
3961,0.542771,0.579922
3962,0.517350,0.550232
3963,0.495666,0.524703
3964,0.514749,0.542737
3965,0.496316,0.521002
3966,0.480654,0.502461
3967,0.422499,0.561380
3968,0.409554,0.536969
3969,0.433976,0.552246
3970,0.454995,0.565156
3971,0.518542,0.501656
3972,0.536577,0.522349
3973,0.589784,0.465023
3974,0.561462,0.444242
3975,0.502153,0.501196
3976,0.552316,0.452551
3977,0.520300,0.426552
3978,0.567528,0.386556
3979,0.591231,0.424870
3980,0.557496,0.403106
3981,0.528385,0.384898
3982,0.474112,0.441854
3983,0.502911,0.475397
3984,0.477990,0.450514
3985,0.427979,0.504079
3986,0.407361,0.474769
3987,0.438664,0.503467
3988,0.465670,0.527850
3989,0.414634,0.577322
3990,0.372606,0.618225
3991,0.338311,0.651745
3992,0.377977,0.670339
3993,0.413053,0.685738
3994,0.443593,0.698515
3995,0.469902,0.709139
3996,0.492402,0.717994
3997,0.549226,0.661808
3998,0.493542,0.688765
3999,0.521061,0.704882
4000,0.569066,0.653739
4001,0.517905,0.677009
4002,0.548898,0.698505
4003,0.574956,0.716120
4004,0.596789,0.730594
4005,0.615053,0.742525
4006,0.630329,0.752390
4007,0.667814,0.701788
4008,0.698106,0.654435
4009,0.722577,0.611576
4010,0.733519,0.644967
4011,0.752816,0.603143
4012,0.761454,0.638054
4013,0.720438,0.588021
4014,0.682374,0.543967
4015,0.713014,0.500606
4016,0.737617,0.463715
4017,0.698180,0.426061
4018,0.662155,0.394698
4019,0.629960,0.368694
4020,0.670910,0.339962
4021,0.637730,0.319266
4022,0.646904,0.362635
4023,0.584045,0.414941
4024,0.601868,0.455281
4025,0.643019,0.415867
4026,0.676436,0.383170
4027,0.703507,0.356174
4028,0.661877,0.330772
4029,0.691714,0.309339
4030,0.638975,0.354574
4031,0.661341,0.405469
4032,0.618994,0.375394
4033,0.652237,0.348573
4034,0.679385,0.326498
4035,0.635226,0.303324
4036,0.595775,0.284376
4037,0.561217,0.268845
4038,0.604819,0.252669
4039,0.640640,0.239436
4040,0.600564,0.227626
4041,0.547709,0.273318
4042,0.511659,0.255302
4043,0.465731,0.299578
4044,0.435277,0.276624
4045,0.397307,0.319421
4046,0.365959,0.358398
4047,0.342045,0.324245
4048,0.317095,0.362729
4049,0.364458,0.348831
4050,0.342521,0.382487
4051,0.315905,0.341727
4052,0.294185,0.308803
4053,0.340232,0.297911
4054,0.390819,0.354096
4055,0.362872,0.325485
4056,0.339817,0.302139
4057,0.320795,0.283063
4058,0.362508,0.329254
4059,0.330326,0.379912
4060,0.314359,0.353995
4061,0.288906,0.402180
4062,0.268263,0.444720
4063,0.311999,0.490768
4064,0.365184,0.455220
4065,0.342819,0.417902
4066,0.324338,0.386888
4067,0.376464,0.358545
4068,0.423198,0.335199
4069,0.464069,0.315964
4070,0.434575,0.358461
4071,0.483865,0.411801
4072,0.519059,0.385841
4073,0.486284,0.424813
4074,0.441477,0.385675
4075,0.404098,0.353511
4076,0.377566,0.396268
4077,0.426866,0.446927
4078,0.396471,0.485533
4079,0.371240,0.518504
4080,0.350326,0.546414
4081,0.402585,0.589752
4082,0.443995,0.553094
4083,0.416903,0.576519
4084,0.467682,0.618032
4085,0.503707,0.581273
4086,0.459455,0.527229
4087,0.422310,0.480732
4088,0.392180,0.516165
4089,0.362091,0.471332
4090,0.407953,0.513741
4091,0.448275,0.549658
4092,0.495858,0.505488
4093,0.461538,0.467395
4094,0.507225,0.430125
4095,0.471156,0.398669
4096,0.431573,0.444915
4097,0.401750,0.410978
4098,0.441736,0.453125
4099,0.402594,0.498516
4100,0.370252,0.537146
4101,0.343636,0.569653
4102,0.390376,0.605045
4103,0.365850,0.559312
4104,0.406399,0.589658
4105,0.441924,0.614935
4106,0.494490,0.564101
4107,0.450573,0.598180
4108,0.413814,0.626433
4109,0.456211,0.654348
4110,0.418512,0.676865
4111,0.462753,0.632388
4112,0.500853,0.592687
4113,0.533247,0.557940
4114,0.500725,0.579037
4115,0.453437,0.522968
4116,0.500616,0.567338
4117,0.540742,0.604249
4118,0.574954,0.562810
4119,0.607981,0.600498
4120,0.635707,0.559532
4121,0.662176,0.597780
4122,0.616156,0.550669
4123,0.575293,0.509861
4124,0.612816,0.468260
4125,0.572363,0.433774
4126,0.537176,0.404945
4127,0.486946,0.453739
4128,0.531616,0.418930
4129,0.488904,0.460647
4130,0.452701,0.496569
4131,0.416360,0.452318
4132,0.459762,0.497084
4133,0.497167,0.535200
4134,0.540634,0.492707
4135,0.572086,0.531496
4136,0.534560,0.493801
4137,0.486706,0.536658
4138,0.520966,0.569282
4139,0.549945,0.596558
4140,0.591779,0.546499
4141,0.615474,0.577523
4142,0.635197,0.603431
4143,0.598645,0.566042
4144,0.566671,0.533642
4145,0.539039,0.505865
4146,0.515354,0.482220
4147,0.569706,0.430440
4148,0.541650,0.410844
4149,0.517586,0.394404
4150,0.497063,0.380615
4151,0.479623,0.369042
4152,0.423118,0.430869
4153,0.449138,0.461109
4154,0.471481,0.487050
4155,0.416360,0.541778
4156,0.402017,0.513477
4157,0.428720,0.535534
4158,0.451756,0.554178
4159,0.471504,0.569907
4160,0.533813,0.508948
4161,0.586033,0.456850
4162,0.528753,0.507606
4163,0.479401,0.550667
4164,0.437728,0.586705
4165,0.476731,0.616060
4166,0.435491,0.645155
4167,0.474803,0.668616
4168,0.445082,0.624370
4169,0.494426,0.573621
4170,0.453268,0.606331
4171,0.418757,0.633416
4172,0.460245,0.590765
4173,0.421624,0.541123
4174,0.389516,0.498235
4175,0.361539,0.536635
4176,0.338467,0.568955
4177,0.387850,0.604627
4178,0.361326,0.558716
4179,0.404222,0.589299
4180,0.441900,0.614772
4181,0.492571,0.564098
4182,0.535802,0.519901
4183,0.572156,0.482060
4184,0.528910,0.442185
4185,0.566386,0.410712
4186,0.598304,0.457493
4187,0.556520,0.423879
4188,0.520339,0.395838
4189,0.548099,0.435157
4190,0.591264,0.395765
4191,0.613973,0.435094
4192,0.632898,0.469199
4193,0.597351,0.444743
4194,0.638011,0.400146
4195,0.583042,0.452979
4196,0.545308,0.424369
4197,0.512802,0.400436
4198,0.559784,0.363748
4199,0.525226,0.344546
4200,0.495648,0.328611
4201,0.545362,0.300139
4202,0.496301,0.352675
4203,0.463728,0.330955
4204,0.436272,0.313039
4205,0.395670,0.364538
4206,0.362232,0.410954
4207,0.340737,0.379027
4208,0.314139,0.423776
4209,0.358118,0.470128
4210,0.339906,0.435069
4211,0.310880,0.479629
4212,0.287314,0.517789
4213,0.268146,0.550080
4214,0.313179,0.589163
4215,0.354491,0.621541
4216,0.391429,0.648247
4217,0.447827,0.600921
4218,0.481231,0.631247
4219,0.530453,0.585792
4220,0.484044,0.612287
4221,0.451074,0.562354
4222,0.486436,0.595896
4223,0.516615,0.623731
4224,0.563129,0.575636
4225,0.528258,0.532356
4226,0.572862,0.489789
4227,0.597769,0.528536
4228,0.634021,0.486532
4229,0.593834,0.449455
4230,0.558634,0.418359
4231,0.601815,0.384038
4232,0.549902,0.430433
4233,0.504858,0.470887
4234,0.466480,0.505598
4235,0.429600,0.460215
4236,0.398840,0.422123
4237,0.367964,0.463697
4238,0.413684,0.433655
4239,0.387030,0.469128
4240,0.426427,0.443514
4241,0.477305,0.496328
4242,0.520967,0.541331
4243,0.483122,0.571388
4244,0.517825,0.535154
4245,0.472370,0.486100
4246,0.440441,0.519340
4247,0.402745,0.472641
4248,0.371565,0.433289
4249,0.346393,0.474146
4250,0.390150,0.443202
4251,0.440362,0.491464
4252,0.484067,0.532649
4253,0.449241,0.492745
4254,0.486456,0.527763
4255,0.456813,0.493833
4256,0.431847,0.465025
4257,0.390026,0.515428
4258,0.355683,0.558064
4259,0.327600,0.593669
4260,0.376359,0.549417
4261,0.351785,0.579880
4262,0.325354,0.531870
4263,0.305865,0.565182
4264,0.284982,0.519141
4265,0.269612,0.554489
4266,0.256966,0.584121
4267,0.300041,0.546366
4268,0.339703,0.513832
4269,0.327384,0.539443
4270,0.362409,0.511758
4271,0.393392,0.488163
4272,0.420431,0.468144
4273,0.443802,0.451206
4274,0.390604,0.399282
4275,0.379450,0.428196
4276,0.336695,0.380398
4277,0.396971,0.438849
4278,0.378214,0.471361
4279,0.362549,0.499200
4280,0.420329,0.550458
4281,0.382330,0.499320
4282,0.432119,0.542930
4283,0.475590,0.579514
4284,0.438181,0.609764
4285,0.479247,0.567746
4286,0.439697,0.519833
4287,0.482357,0.557682
4288,0.448673,0.516860
4289,0.485002,0.549091
4290,0.516022,0.576177
4291,0.487251,0.541764
4292,0.438930,0.586313
4293,0.398713,0.623128
4294,0.448018,0.573570
4295,0.413575,0.605258
4296,0.382871,0.559408
4297,0.426334,0.589841
4298,0.399927,0.550563
4299,0.377922,0.516653
4300,0.359602,0.487697
4301,0.395651,0.514157
4302,0.379769,0.489542
4303,0.340722,0.543502
4304,0.309129,0.588628
4305,0.363301,0.537003
4306,0.335466,0.575555
4307,0.380438,0.604928
4308,0.420384,0.629321
4309,0.382329,0.659740
4310,0.351060,0.684610
4311,0.394392,0.703248
4312,0.432610,0.718579
4313,0.392411,0.737573
4314,0.430878,0.749662
4315,0.464264,0.759641
4316,0.492908,0.767908
4317,0.442561,0.782127
4318,0.400636,0.793712
4319,0.366084,0.803195
4320,0.407730,0.809278
4321,0.444230,0.814336
4322,0.402017,0.821791
4323,0.439259,0.825875
4324,0.490624,0.782549
4325,0.523098,0.793461
4326,0.566631,0.750531
4327,0.593533,0.767393
4328,0.615973,0.781088
4329,0.634670,0.792265
4330,0.599076,0.746724
4331,0.615256,0.757283
4332,0.655064,0.708057
4333,0.619517,0.660868
4334,0.588244,0.618026
4335,0.633099,0.566378
4336,0.646389,0.595105
4337,0.613893,0.556514
4338,0.655913,0.506836
4339,0.689835,0.464464
4340,0.652587,0.431249
4341,0.593739,0.477272
4342,0.630850,0.441459
4343,0.579940,0.480678
4344,0.538793,0.439522
4345,0.568111,0.483574
4346,0.518745,0.523324
4347,0.557994,0.486036
4348,0.590815,0.454447
4349,0.622006,0.502365
4350,0.647758,0.543096
4351,0.673347,0.502915
4352,0.694322,0.468711
4353,0.646316,0.427982
4354,0.603004,0.394092
4355,0.552914,0.438023
4356,0.509434,0.476173
4357,0.545024,0.447244
4358,0.574932,0.422925
4359,0.526278,0.382243
4360,0.489177,0.419723
4361,0.457719,0.452344
4362,0.416586,0.406513
4363,0.455372,0.386387
4364,0.503429,0.441759
4365,0.536898,0.415857
4366,0.502915,0.450433
4367,0.531379,0.428289
4368,0.480660,0.384833
4369,0.451857,0.420116
4370,0.409559,0.378122
4371,0.385991,0.414238
4372,0.366366,0.445696
4373,0.333018,0.399166
4374,0.385643,0.453791
4375,0.427911,0.426700
4376,0.402318,0.460691
4377,0.453774,0.512240
4378,0.498348,0.555897
4379,0.460677,0.510405
4380,0.498596,0.547567
4381,0.541411,0.504421
4382,0.502980,0.465609
4383,0.535222,0.503758
4384,0.576918,0.461308
4385,0.611540,0.425637
4386,0.640124,0.395900
4387,0.593800,0.364770
4388,0.547238,0.409255
4389,0.506966,0.448306
4390,0.547472,0.497003
4391,0.507166,0.530863
4392,0.547640,0.571950
4393,0.580388,0.532724
4394,0.607689,0.499040
4395,0.640080,0.545246
4396,0.661943,0.509749
4397,0.611538,0.463629
4398,0.566682,0.424880
4399,0.521416,0.465990
4400,0.557370,0.510659
4401,0.592149,0.473700
4402,0.621500,0.517231
4403,0.578576,0.477639
4404,0.541104,0.444186
4405,0.566943,0.480990
4406,0.514572,0.527332
4407,0.556997,0.483839
4408,0.586510,0.521822
4409,0.548506,0.486262
4410,0.573739,0.518552
4411,0.521048,0.562983
4412,0.562805,0.515771
4413,0.523888,0.478834
4414,0.490559,0.447603
4415,0.445537,0.495710
4416,0.407930,0.536699
4417,0.449358,0.570873
4418,0.411107,0.604679
4419,0.383959,0.560613
4420,0.433115,0.515308
4421,0.400866,0.551591
4422,0.374101,0.582021
4423,0.351935,0.607414
4424,0.333579,0.628556
4425,0.318361,0.646151
4426,0.291474,0.590704
4427,0.279465,0.614646
4428,0.269498,0.634574
4429,0.261206,0.651161
4430,0.315210,0.683328
4431,0.365491,0.709369
4432,0.411082,0.667535
4433,0.457883,0.696584
4434,0.498608,0.655883
4435,0.539036,0.687151
4436,0.573021,0.712466
4437,0.527785,0.724882
4438,0.562191,0.683798
4439,0.590986,0.646431
4440,0.541983,0.587973
4441,0.499644,0.536178
4442,0.460850,0.566094
4443,0.428227,0.591158
4444,0.400968,0.612102
4445,0.378264,0.629587
4446,0.344971,0.572875
4447,0.395946,0.610848
4448,0.367017,0.562066
4449,0.411195,0.594656
4450,0.449938,0.621727
4451,0.424293,0.580727
4452,0.476570,0.530550
4453,0.521459,0.487367
4454,0.559373,0.450784
4455,0.517102,0.415090
4456,0.480954,0.385421
4457,0.450370,0.360846
4458,0.409801,0.410712
4459,0.448791,0.453649
4460,0.408490,0.498283
4461,0.447651,0.535428
4462,0.481477,0.566712
4463,0.455458,0.530128
4464,0.508130,0.482053
4465,0.552806,0.441414
4466,0.581186,0.481387
4467,0.617798,0.440855
4468,0.569178,0.484177
4469,0.526735,0.521214
4470,0.484186,0.477738
4471,0.522972,0.443288
4472,0.480983,0.407155
4473,0.519530,0.451737
4474,0.483834,0.420827
4475,0.441873,0.468481
4476,0.412174,0.434853
4477,0.377886,0.480625
4478,0.425133,0.444537
4479,0.395620,0.483529
4480,0.436230,0.452803
4481,0.397883,0.411923
4482,0.445714,0.459849
4483,0.413101,0.499345
4484,0.459007,0.540708
4485,0.498614,0.575453
4486,0.465134,0.534623
4487,0.436910,0.499527
4488,0.470351,0.529443
4489,0.498998,0.554714
4490,0.549605,0.501573
4491,0.499149,0.546559
4492,0.467350,0.510046
4493,0.499276,0.539607
4494,0.526429,0.564524
4495,0.573841,0.511301
4496,0.540041,0.480164
4497,0.488229,0.528645
4498,0.519103,0.557870
4499,0.545241,0.582408
4500,0.567270,0.602954
4501,0.611647,0.547393
4502,0.557276,0.587859
4503,0.521513,0.548683
4504,0.473923,0.588931
4505,0.518289,0.541417
4506,0.477829,0.575815
4507,0.515548,0.535227
4508,0.555907,0.574770
4509,0.587316,0.534323
4510,0.613475,0.499562
4511,0.574430,0.529187
4512,0.540474,0.554215
4513,0.585455,0.598531
4514,0.550012,0.618942
4515,0.519467,0.635970
4516,0.567956,0.670909
4517,0.516549,0.616384
4518,0.472533,0.567551
4519,0.435425,0.524943
4520,0.402879,0.563074
4521,0.448396,0.595049
4522,0.413679,0.626119
4523,0.384816,0.651745
4524,0.432544,0.676616
4525,0.400483,0.696928
4526,0.373875,0.713612
4527,0.422876,0.732590
4528,0.465796,0.748079
4529,0.502708,0.760768
4530,0.534075,0.771204
4531,0.560536,0.779820
4532,0.508535,0.791312
4533,0.551526,0.745532
4534,0.587497,0.701758
4535,0.543840,0.713754
4536,0.574585,0.674219
4537,0.600282,0.638516
4538,0.635410,0.675745
4539,0.585561,0.618595
4540,0.615898,0.651160
4541,0.641003,0.677786
4542,0.661758,0.699552
4543,0.610364,0.717496
4544,0.636427,0.734659
4545,0.594238,0.688317
4546,0.543863,0.710960
4547,0.574721,0.725801
4548,0.526870,0.743653
4549,0.488994,0.699080
4550,0.522846,0.712035
4551,0.476668,0.734287
4552,0.519423,0.683412
4553,0.555566,0.636349
4554,0.585847,0.594139
4555,0.547285,0.616713
4556,0.588111,0.651114
4557,0.613311,0.610641
4558,0.646282,0.646152
4559,0.596780,0.594477
4560,0.553048,0.548793
4561,0.589230,0.506282
4562,0.546466,0.466656
4563,0.509544,0.433282
4564,0.539528,0.471646
4565,0.490168,0.517942
4566,0.533618,0.475892
4567,0.495647,0.440540
4568,0.538252,0.405637
4569,0.496300,0.449392
4570,0.535516,0.493819
4571,0.493961,0.531793
4572,0.533538,0.569297
4573,0.492272,0.600666
4574,0.457256,0.626706
4575,0.427808,0.648283
4576,0.390388,0.596495
4577,0.438518,0.627095
4578,0.480302,0.581598
4579,0.441337,0.535393
4580,0.482731,0.494984
4581,0.518125,0.460667
4582,0.548082,0.431775
4583,0.515408,0.466548
4584,0.466048,0.422017
4585,0.438415,0.458121
4586,0.415217,0.489173
4587,0.469275,0.539238
4588,0.515850,0.581218
4589,0.548696,0.543068
4590,0.501897,0.494653
4591,0.541428,0.536633
4592,0.574643,0.571936
4593,0.602368,0.601392
4594,0.635457,0.553435
4595,0.592667,0.512392
4596,0.555127,0.477353
4597,0.522699,0.447729
4598,0.546911,0.480746
4599,0.593204,0.434337
4600,0.559197,0.409630
4601,0.603358,0.371788
4602,0.550383,0.422951
4603,0.514135,0.394395
4604,0.468015,0.442914
4605,0.512016,0.409860
4606,0.474480,0.378730
4607,0.442784,0.353022
4608,0.404478,0.401313
4609,0.372790,0.443966
4610,0.346677,0.480909
4611,0.325178,0.512492
4612,0.374721,0.558496
4613,0.419052,0.596855
4614,0.466248,0.556286
4615,0.505583,0.595022
4616,0.538983,0.627061
4617,0.504746,0.581041
4618,0.458300,0.613811
4619,0.504034,0.569054
4620,0.542885,0.530072
4621,0.577792,0.571140
4622,0.533502,0.599256
4623,0.491665,0.550044
4624,0.453653,0.581652
4625,0.418645,0.534685
4626,0.460573,0.569577
4627,0.496681,0.598715
4628,0.466468,0.559247
4629,0.515688,0.510023
4630,0.546322,0.542842
4631,0.513336,0.508520
4632,0.485196,0.479270
4633,0.536202,0.432654
4634,0.579011,0.393915
4635,0.530787,0.442659
4636,0.563949,0.483443
4637,0.599842,0.443556
4638,0.557315,0.411852
4639,0.520467,0.385458
4640,0.548777,0.424857
4641,0.572602,0.459136
4642,0.614524,0.414441
4643,0.633811,0.450122
4644,0.597826,0.427076
4645,0.541482,0.481668
4646,0.509237,0.453634
4647,0.556507,0.410389
4648,0.507852,0.460558
4649,0.466341,0.503881
4650,0.505962,0.541310
4651,0.539600,0.572779
4652,0.567924,0.599081
4653,0.517702,0.633954
4654,0.474690,0.662545
4655,0.438399,0.685957
4656,0.478482,0.639561
4657,0.512793,0.597921
4658,0.556456,0.633360
4659,0.585041,0.592432
4660,0.535617,0.541072
4661,0.567592,0.504481
4662,0.603795,0.548150
4663,0.561729,0.578162
4664,0.588582,0.540963
4665,0.611006,0.508963
4666,0.557486,0.459982
4667,0.594792,0.507619
4668,0.621594,0.473209
4669,0.580844,0.506476
4670,0.530430,0.459862
4671,0.487043,0.420753
4672,0.451055,0.461415
4673,0.420848,0.496407
4674,0.469104,0.542038
4675,0.432564,0.496946
4676,0.400068,0.533484
4677,0.442582,0.497404
4678,0.479419,0.466743
4679,0.510924,0.440868
4680,0.462784,0.398135
4681,0.509285,0.449673
4682,0.468350,0.413078
4683,0.433294,0.455586
4684,0.399451,0.418005
4685,0.371408,0.386777
4686,0.348226,0.360935
4687,0.321420,0.409708
4688,0.299516,0.452653
4689,0.346016,0.497401
4690,0.388044,0.535497
4691,0.440013,0.492991
4692,0.478211,0.531765
4693,0.510898,0.564443
4694,0.538620,0.591797
4695,0.583476,0.541592
4696,0.532845,0.578273
4697,0.571139,0.535376
4698,0.601528,0.572948
4699,0.632632,0.530764
4700,0.587942,0.487454
4701,0.613488,0.526158
4702,0.574966,0.489335
4703,0.596932,0.522240
4704,0.542316,0.565554
4705,0.495024,0.601625
4706,0.535992,0.555810
4707,0.570459,0.516074
4708,0.599241,0.482117
4709,0.560001,0.513664
4710,0.526026,0.540403
4711,0.571451,0.585761
4712,0.595938,0.550650
4713,0.616387,0.520389
4714,0.581828,0.543093
4715,0.525754,0.487583
4716,0.569728,0.536655
4717,0.595714,0.503489
4718,0.617395,0.475263
4719,0.652375,0.526209
4720,0.680883,0.569129
4721,0.704105,0.604837
4722,0.723052,0.634349
4723,0.676661,0.659667
4724,0.693324,0.614977
4725,0.716608,0.646520
4726,0.729749,0.603233
4727,0.740612,0.565091
4728,0.749619,0.532035
4729,0.757110,0.503702
4730,0.704989,0.452411
4731,0.720169,0.428637
4732,0.732689,0.408681
4733,0.743047,0.391949
4734,0.760798,0.450567
4735,0.718691,0.481693
4736,0.664520,0.433666
4737,0.621820,0.467170
4738,0.569786,0.421549
4739,0.524260,0.383766
4740,0.559425,0.433164
4741,0.520626,0.400699
4742,0.562106,0.370841
4743,0.517535,0.415282
4744,0.478078,0.381380
4745,0.519498,0.356441
4746,0.554517,0.335832
4747,0.509677,0.309551
4748,0.471411,0.288133
4749,0.433620,0.333725
4750,0.402077,0.375133
4751,0.375878,0.411854
4752,0.354160,0.443877
4753,0.336157,0.471478
4754,0.389793,0.527067
4755,0.430847,0.499392
4756,0.466530,0.475865
4757,0.422771,0.425053
4758,0.471539,0.479481
4759,0.508824,0.451362
4760,0.540456,0.427696
4761,0.507501,0.458622
4762,0.479426,0.485171
4763,0.506376,0.464806
4764,0.557250,0.522376
4765,0.579733,0.496389
4766,0.598591,0.474309
4767,0.614396,0.455616
4768,0.584108,0.478157
4769,0.557843,0.497391
4770,0.535255,0.513748
4771,0.549228,0.497782
4772,0.561045,0.484214
4773,0.541881,0.498115
4774,0.477164,0.435300
4775,0.497042,0.423991
4776,0.439253,0.372567
4777,0.464633,0.363444
4778,0.412271,0.322340
4779,0.396409,0.354747
4780,0.456006,0.417856
4781,0.433148,0.448062
4782,0.488074,0.504539
4783,0.443082,0.455809
4784,0.405531,0.415008
4785,0.378866,0.454014
4786,0.419433,0.427562
4787,0.381962,0.387746
4788,0.431352,0.438307
4789,0.400789,0.477945
4790,0.441547,0.447487
4791,0.415360,0.481250
4792,0.393464,0.510096
4793,0.356503,0.459713
4794,0.409059,0.508582
4795,0.382595,0.540592
4796,0.432260,0.581560
4797,0.475617,0.615542
4798,0.442323,0.569498
4799,0.414413,0.529359
4800,0.450914,0.559180
4801,0.501528,0.510013
4802,0.458240,0.550368
4803,0.496264,0.582744
4804,0.464481,0.542853
4805,0.437680,0.508487
4806,0.469794,0.536450
4807,0.521737,0.485342
4808,0.474317,0.530998
4809,0.434337,0.569431
4810,0.474690,0.600015
4811,0.434650,0.631254
4812,0.474959,0.655815
4813,0.519123,0.607242
4814,0.553492,0.636015
4815,0.582322,0.659739
4816,0.545517,0.616423
4817,0.513820,0.578060
4818,0.538719,0.599465
4819,0.485028,0.638208
4820,0.532929,0.584858
4821,0.487273,0.618327
4822,0.448602,0.645932
4823,0.489181,0.601109
4824,0.531116,0.633587
4825,0.565425,0.590142
4826,0.600112,0.624556
4827,0.628840,0.652865
4828,0.655892,0.607298
4829,0.678125,0.567004
4830,0.696414,0.532020
4831,0.646256,0.482305
4832,0.600875,0.440284
4833,0.552859,0.479054
4834,0.511217,0.512227
4835,0.550484,0.556937
4836,0.583393,0.594257
4837,0.615912,0.552683
4838,0.642774,0.516731
4839,0.664928,0.486021
4840,0.683209,0.459991
4841,0.698318,0.438030
4842,0.710832,0.419549
4843,0.657132,0.374775
4844,0.608017,0.338301
4845,0.564430,0.308723
4846,0.526553,0.284746
4847,0.568661,0.271864
4848,0.530202,0.252961
4849,0.497209,0.237592
4850,0.450862,0.281605
4851,0.423240,0.260858
4852,0.458195,0.310874
4853,0.434610,0.292083
4854,0.464443,0.337013
4855,0.415819,0.388768
4856,0.469762,0.360052
4857,0.441503,0.335231
4858,0.400608,0.382800
4859,0.438901,0.429981
4860,0.489378,0.397585
4861,0.447994,0.440375
4862,0.413353,0.477484
4863,0.384554,0.509239
4864,0.432323,0.555617
4865,0.475090,0.520454
4866,0.437095,0.472499
4867,0.479208,0.442649
4868,0.521233,0.491832
4869,0.556742,0.533800
4870,0.591999,0.494569
4871,0.621255,0.461256
4872,0.574228,0.421050
4873,0.530125,0.460788
4874,0.488565,0.420659
4875,0.525615,0.466651
4876,0.556902,0.506227
4877,0.521778,0.471642
4878,0.548425,0.505293
4879,0.496345,0.550695
4880,0.526922,0.578836
4881,0.477974,0.616083
4882,0.511319,0.638832
4883,0.556030,0.587354
4884,0.583824,0.614996
4885,0.547681,0.574462
4886,0.516543,0.539179
4887,0.564601,0.488769
4888,0.531076,0.458467
4889,0.502346,0.432941
4890,0.451601,0.485577
4891,0.427509,0.455772
4892,0.407292,0.430676
4893,0.390349,0.409615
4894,0.420945,0.440969
4895,0.374962,0.497320
4896,0.360992,0.470487
4897,0.393091,0.497722
4898,0.421133,0.520888
4899,0.482710,0.465656
4900,0.507398,0.493599
4901,0.528359,0.517389
4902,0.580580,0.462693
4903,0.597852,0.491068
4904,0.568659,0.468272
4905,0.543455,0.448996
4906,0.483737,0.507318
4907,0.536963,0.456605
4908,0.486175,0.506221
4909,0.517934,0.537948
4910,0.562910,0.490053
4911,0.600372,0.449451
4912,0.559208,0.417310
4913,0.597302,0.384035
4914,0.556528,0.358070
4915,0.508775,0.406525
4916,0.548106,0.378437
4917,0.506813,0.349418
4918,0.466069,0.394557
4919,0.506340,0.443157
4920,0.465669,0.484014
4921,0.431433,0.518932
4922,0.476592,0.561100
4923,0.441616,0.516095
4924,0.486410,0.477212
4925,0.450311,0.513682
4926,0.414300,0.469738
4927,0.384734,0.507314
4928,0.360246,0.539205
4929,0.339983,0.566073
4930,0.312566,0.514557
4931,0.362654,0.556253
4932,0.337776,0.586498
4933,0.317308,0.611712
4934,0.366983,0.644988
4935,0.411604,0.672224
4936,0.450742,0.694505
4937,0.484516,0.712759
4938,0.513347,0.727751
4939,0.561521,0.678415
4940,0.601611,0.633037
4941,0.634669,0.592479
4942,0.591797,0.540779
4943,0.615255,0.578858
4944,0.649238,0.537307
4945,0.676994,0.501553
4946,0.694944,0.545973
4947,0.716871,0.508970
4948,0.731026,0.552217
4949,0.681365,0.581881
4950,0.634103,0.533261
4951,0.656119,0.569773
4952,0.682954,0.526590
4953,0.638882,0.484702
4954,0.657523,0.522607
4955,0.618914,0.486995
4956,0.584847,0.456814
4957,0.555225,0.431399
4958,0.529725,0.410071
4959,0.507922,0.392201
4960,0.525275,0.423329
4961,0.506734,0.407971
4962,0.490958,0.395055
4963,0.477561,0.384190
4964,0.418059,0.447534
4965,0.369226,0.502838
4966,0.329685,0.549845
4967,0.388123,0.502412
4968,0.353619,0.542407
4969,0.334717,0.501591
4970,0.307317,0.541714
4971,0.349873,0.575765
4972,0.333858,0.535480
4973,0.304353,0.575272
4974,0.357284,0.530172
4975,0.405257,0.491416
4976,0.450390,0.533390
4977,0.493484,0.494162
4978,0.532646,0.535714
4979,0.565639,0.570670
4980,0.601364,0.526187
4981,0.555883,0.560181
4982,0.586492,0.522265
4983,0.547555,0.551223
4984,0.588052,0.592848
4985,0.540456,0.543582
4986,0.573831,0.504847
4987,0.528101,0.462211
4988,0.488825,0.426376
4989,0.449088,0.470016
4990,0.490501,0.437293
4991,0.456683,0.474505
4992,0.502738,0.521404
4993,0.541879,0.561005
4994,0.576717,0.520210
4995,0.535620,0.551926
4996,0.574717,0.591157
4997,0.530291,0.544182
4998,0.566719,0.503359
4999,0.599436,0.543453
5000,0.626577,0.577115
5001,0.584834,0.536961
5002,0.534925,0.576814
5003,0.491904,0.609941
5004,0.530250,0.637205
5005,0.487915,0.663740
5006,0.526868,0.685414
5007,0.559742,0.703227
5008,0.587290,0.717899
5009,0.537065,0.737556
5010,0.574408,0.688680
5011,0.532077,0.640678
5012,0.570236,0.592633
5013,0.602046,0.550312
5014,0.559811,0.578991
5015,0.512972,0.529423
5016,0.550907,0.567298
5017,0.508475,0.598724
5018,0.468463,0.552326
5019,0.432617,0.586255
5020,0.476438,0.617408
5021,0.514001,0.643161
5022,0.554738,0.594615
5023,0.588816,0.551801
5024,0.619366,0.588820
5025,0.646848,0.546753
5026,0.669475,0.510438
5027,0.620418,0.464914
5028,0.576643,0.426644
5029,0.602915,0.470164
5030,0.637067,0.432949
5031,0.587825,0.474631
5032,0.617336,0.442911
5033,0.641767,0.416301
5034,0.600253,0.451416
5035,0.548741,0.407724
5036,0.578421,0.385633
5037,0.603219,0.367214
5038,0.623893,0.351855
5039,0.569604,0.318091
5040,0.532502,0.356297
5041,0.500663,0.390300
5042,0.527637,0.376894
5043,0.475637,0.336452
5044,0.448697,0.370732
5045,0.405428,0.331475
5046,0.456350,0.389428
5047,0.500407,0.441351
5048,0.463018,0.479447
5049,0.431545,0.512036
5050,0.479063,0.557268
5051,0.516440,0.521167
5052,0.556945,0.564922
5053,0.513975,0.517995
5054,0.473638,0.552613
5055,0.511880,0.515298
5056,0.477587,0.544767
5057,0.510098,0.513004
5058,0.555704,0.560610
5059,0.582815,0.526601
5060,0.620149,0.571982
5061,0.570573,0.522617
5062,0.600870,0.486616
5063,0.626039,0.456109
5064,0.656499,0.504971
5065,0.607776,0.462666
5066,0.634268,0.504226
5067,0.585715,0.543100
5068,0.616006,0.577951
5069,0.641074,0.606990
5070,0.591777,0.638120
5071,0.620818,0.591332
5072,0.578256,0.618251
5073,0.603261,0.577874
5074,0.624104,0.542693
5075,0.641469,0.512436
5076,0.585472,0.461454
5077,0.609278,0.435927
5078,0.629117,0.414487
5079,0.574433,0.373074
5080,0.526416,0.339254
5081,0.485177,0.311729
5082,0.450260,0.289325
5083,0.413282,0.334191
5084,0.455471,0.386069
5085,0.491867,0.432353
5086,0.536982,0.399059
5087,0.500457,0.370186
5088,0.544236,0.343445
5089,0.580945,0.321463
5090,0.611474,0.303376
5091,0.636763,0.288464
5092,0.587344,0.267649
5093,0.617072,0.317036
5094,0.641680,0.362589
5095,0.600025,0.342468
5096,0.563417,0.325797
5097,0.511182,0.379668
5098,0.466543,0.427979
5099,0.503507,0.470705
5100,0.534911,0.507389
5101,0.486714,0.549904
5102,0.529688,0.506281
5103,0.563361,0.543946
5104,0.598942,0.501171
5105,0.628401,0.464775
5106,0.582009,0.426531
5107,0.541364,0.394683
5108,0.506356,0.368288
5109,0.476536,0.346448
5110,0.451312,0.328376
5111,0.430062,0.313403
5112,0.385548,0.367566
5113,0.419979,0.409358
5114,0.449885,0.445968
5115,0.431820,0.422718
5116,0.384388,0.476996
5117,0.416291,0.508778
5118,0.401235,0.480443
5119,0.461756,0.432870
5120,0.514174,0.393350
5121,0.467475,0.442844
5122,0.437382,0.411795
5123,0.412151,0.385935
5124,0.464343,0.353642
5125,0.425113,0.402570
5126,0.392475,0.445786
5127,0.436213,0.416890
5128,0.400538,0.381059
5129,0.445699,0.429175
5130,0.415144,0.398361
5131,0.453794,0.439686
5132,0.413001,0.487389
5133,0.451933,0.523465
5134,0.485515,0.553952
5135,0.533964,0.505242
5136,0.574684,0.463723
5137,0.535234,0.429920
5138,0.501331,0.401680
5139,0.455120,0.450830
5140,0.501132,0.416126
5141,0.461823,0.458168
5142,0.428761,0.494404
5143,0.401139,0.525265
5144,0.378136,0.551355
5145,0.430528,0.595313
5146,0.469327,0.559424
5147,0.515559,0.601987
5148,0.554679,0.637016
5149,0.513329,0.657391
5150,0.546529,0.617292
5151,0.511331,0.635048
5152,0.464723,0.578939
5153,0.435003,0.603060
5154,0.484112,0.638915
5155,0.526135,0.668236
5156,0.486906,0.686769
5157,0.522220,0.644554
5158,0.552077,0.606779
5159,0.577172,0.573614
5160,0.598199,0.544880
5161,0.615796,0.520211
5162,0.558345,0.463317
5163,0.525224,0.489827
5164,0.571392,0.543652
5165,0.595279,0.514606
5166,0.615239,0.489832
5167,0.581262,0.512417
5168,0.624277,0.565969
5169,0.659386,0.610357
5170,0.675152,0.575589
5171,0.702969,0.618264
5172,0.715418,0.582504
5173,0.725748,0.551393
5174,0.734344,0.524619
5175,0.755319,0.576146
5176,0.772245,0.618722
5177,0.778700,0.582905
5178,0.729013,0.527848
5179,0.683389,0.555221
5180,0.641572,0.578233
5181,0.673285,0.619758
5182,0.621252,0.566650
5183,0.574659,0.520220
5184,0.603635,0.556746
5185,0.555378,0.591165
5186,0.588445,0.548292
5187,0.619885,0.585408
5188,0.646550,0.543283
5189,0.671660,0.581233
5190,0.624977,0.610052
5191,0.653961,0.640759
5192,0.609069,0.663828
5193,0.559965,0.614645
5194,0.517243,0.570867
5195,0.555466,0.524193
5196,0.513370,0.485649
5197,0.472369,0.527834
5198,0.512460,0.562470
5199,0.476507,0.523666
5200,0.435947,0.565065
5201,0.406143,0.525902
5202,0.373090,0.566937
5203,0.345886,0.601131
5204,0.323522,0.629453
5205,0.367816,0.586291
5206,0.418974,0.621193
5207,0.386901,0.573551
5208,0.359407,0.605356
5209,0.333743,0.559612
5210,0.312671,0.519885
5211,0.291604,0.560595
5212,0.274370,0.594589
5213,0.321961,0.624112
5214,0.365597,0.648510
5215,0.346818,0.606109
5216,0.384976,0.627294
5217,0.440755,0.573664
5218,0.475468,0.600268
5219,0.449576,0.562741
5220,0.502267,0.511397
5221,0.547060,0.467521
5222,0.510392,0.435058
5223,0.540034,0.472382
5224,0.490389,0.519476
5225,0.534049,0.476518
5226,0.496259,0.441827
5227,0.539013,0.406152
5228,0.496820,0.450491
5229,0.535827,0.494272
5230,0.571797,0.456732
5231,0.601802,0.425189
5232,0.561145,0.463197
5233,0.599581,0.510928
5234,0.624558,0.476576
5235,0.584958,0.509289
5236,0.622988,0.554853
5237,0.572409,0.507896
5238,0.601737,0.471843
5239,0.633656,0.516138
5240,0.657191,0.478836
5241,0.676611,0.447298
5242,0.701234,0.495138
5243,0.716569,0.461048
5244,0.673752,0.495867
5245,0.701248,0.541726
5246,0.723540,0.580188
5247,0.680180,0.608783
5248,0.706457,0.639919
5249,0.719384,0.595778
5250,0.667102,0.547051
5251,0.690017,0.581691
5252,0.709064,0.537314
5253,0.663776,0.569610
5254,0.680749,0.531733
5255,0.627780,0.484561
5256,0.580146,0.444646
5257,0.536013,0.485306
5258,0.493717,0.445273
5259,0.457812,0.411774
5260,0.494659,0.453430
5261,0.451220,0.499215
5262,0.489010,0.535242
5263,0.521248,0.565593
5264,0.473700,0.603488
5265,0.508228,0.628155
5266,0.552431,0.577606
5267,0.506994,0.609608
5268,0.543101,0.637842
5269,0.573455,0.661124
5270,0.598837,0.680323
5271,0.562562,0.638316
5272,0.604649,0.584669
5273,0.639266,0.537378
5274,0.659517,0.571125
5275,0.687048,0.525626
5276,0.644004,0.485873
5277,0.605456,0.452203
5278,0.571604,0.423911
5279,0.615270,0.386272
5280,0.651009,0.355296
5281,0.611670,0.333242
5282,0.577025,0.315049
5283,0.595365,0.356744
5284,0.637374,0.325086
5285,0.652095,0.365791
5286,0.594571,0.420452
5287,0.543473,0.468559
5288,0.506364,0.435317
5289,0.536978,0.473265
5290,0.505410,0.444934
5291,0.456598,0.495459
5292,0.504598,0.453141
5293,0.545367,0.417672
5294,0.503909,0.460137
5295,0.468604,0.496719
5296,0.428809,0.453024
5297,0.399659,0.490628
5298,0.375420,0.522692
5299,0.426569,0.566634
5300,0.393487,0.519292
5301,0.366102,0.478742
5302,0.409078,0.516400
5303,0.458439,0.473456
5304,0.496847,0.511901
5305,0.454700,0.552225
5306,0.493646,0.584305
5307,0.536325,0.537841
5308,0.569152,0.572279
5309,0.596597,0.601025
5310,0.631029,0.552439
5311,0.659298,0.510299
5312,0.682474,0.474342
5313,0.635160,0.434141
5314,0.662685,0.404364
5315,0.617279,0.371630
5316,0.576968,0.344691
5317,0.541855,0.322545
5318,0.585809,0.300254
5319,0.535600,0.347332
5320,0.566901,0.396714
5321,0.603781,0.368349
5322,0.562292,0.341571
5323,0.526302,0.319571
5324,0.478238,0.368125
5325,0.447571,0.341387
5326,0.481499,0.387168
5327,0.455390,0.363883
5328,0.410250,0.415087
5329,0.462053,0.383488
5330,0.432207,0.356284
5331,0.407210,0.333861
5332,0.386328,0.315370
5333,0.349967,0.366599
5334,0.333287,0.342362
5335,0.371378,0.385845
5336,0.335299,0.436626
5337,0.321396,0.406992
5338,0.358549,0.446051
5339,0.322823,0.495012
5340,0.359827,0.528932
5341,0.323855,0.570291
5342,0.360751,0.598322
5343,0.393481,0.621661
5344,0.380768,0.583877
5345,0.338991,0.623515
5346,0.372367,0.642883
5347,0.332208,0.674547
5348,0.366344,0.689914
5349,0.327351,0.714940
5350,0.362019,0.727060
5351,0.351566,0.686019
5352,0.381869,0.696946
5353,0.408382,0.706062
5354,0.431350,0.713683
5355,0.421880,0.678063
5356,0.441546,0.684891
5357,0.508049,0.623182
5358,0.525064,0.638949
5359,0.581119,0.581363
5360,0.554863,0.546164
5361,0.605723,0.494779
5362,0.576163,0.464412
5363,0.590241,0.495562
5364,0.528518,0.544580
5365,0.475281,0.585613
5366,0.524248,0.537921
5367,0.553763,0.571304
5368,0.594478,0.525501
5369,0.618575,0.560890
5370,0.580574,0.521681
5371,0.527716,0.562788
5372,0.568654,0.518432
5373,0.529201,0.478666
5374,0.483732,0.519823
5375,0.450016,0.479847
5376,0.496053,0.442119
5377,0.457474,0.482868
5378,0.496645,0.450740
5379,0.538688,0.498140
5380,0.497148,0.458091
5381,0.532903,0.498419
5382,0.488385,0.539213
5383,0.450662,0.573501
5384,0.490127,0.533350
5385,0.532878,0.573325
5386,0.491608,0.528359
5387,0.531444,0.487782
5388,0.492866,0.524112
5389,0.534982,0.564255
5390,0.493936,0.520500
5391,0.459090,0.483032
5392,0.429769,0.451318
5393,0.479072,0.411514
5394,0.440194,0.458584
5395,0.482208,0.424566
5396,0.523902,0.469696
5397,0.484388,0.510387
5398,0.450934,0.544887
5399,0.412631,0.499435
5400,0.458256,0.538182
5401,0.423239,0.573973
5402,0.467472,0.605891
5403,0.430949,0.634916
5404,0.472340,0.590386
5405,0.515924,0.623852
5406,0.551284,0.580601
5407,0.580953,0.542809
5408,0.605727,0.510275
5409,0.626371,0.482542
5410,0.572212,0.434120
5411,0.608063,0.485159
5412,0.637662,0.528830
5413,0.662035,0.565632
5414,0.682102,0.596370
5415,0.639114,0.555876
5416,0.600699,0.520841
5417,0.619114,0.547550
5418,0.634505,0.570046
5419,0.647375,0.588946
5420,0.615112,0.559648
5421,0.626304,0.575828
5422,0.598333,0.550768
5423,0.645276,0.489956
5424,0.654470,0.513111
5425,0.624475,0.491462
5426,0.667733,0.436492
5427,0.636200,0.418476
5428,0.677154,0.373531
5429,0.709976,0.336941
5430,0.674065,0.323106
5431,0.641823,0.311584
5432,0.681668,0.283208
5433,0.621470,0.337643
5434,0.567090,0.387639
5435,0.603824,0.360604
5436,0.634169,0.338292
5437,0.588933,0.312849
5438,0.549229,0.292068
5439,0.514960,0.275058
5440,0.485707,0.261093
5441,0.460911,0.249589
5442,0.439980,0.240081
5443,0.393368,0.289883
5444,0.355186,0.336682
5445,0.324101,0.379199
5446,0.365201,0.431337
5447,0.401780,0.476935
5448,0.433775,0.516028
5449,0.461423,0.549122
5450,0.485119,0.576926
5451,0.505317,0.600189
5452,0.562026,0.546843
5453,0.504520,0.585481
5454,0.530329,0.612951
5455,0.503842,0.572857
5456,0.556059,0.522678
5457,0.525859,0.487375
5458,0.472878,0.532304
5459,0.502776,0.563915
5460,0.528181,0.590392
5461,0.549667,0.612498
5462,0.597707,0.558785
5463,0.615248,0.586102
5464,0.653969,0.535633
5465,0.685372,0.492110
5466,0.710806,0.455183
5467,0.668614,0.419012
5468,0.697232,0.388698
5469,0.656232,0.359438
5470,0.600855,0.405146
5471,0.624136,0.452362
5472,0.586054,0.419103
5473,0.532720,0.464688
5474,0.573348,0.431069
5475,0.533776,0.396454
5476,0.574230,0.369150
5477,0.528722,0.411632
5478,0.564271,0.461207
5479,0.524421,0.424668
5480,0.479945,0.467653
5481,0.442362,0.504597
5482,0.408971,0.461118
5483,0.450947,0.503908
5484,0.496753,0.465402
5485,0.533122,0.507569
5486,0.497240,0.470579
5487,0.541602,0.431861
5488,0.497654,0.474984
5489,0.535158,0.516713
5490,0.572491,0.477227
5491,0.529898,0.514207
5492,0.561738,0.480639
5493,0.514354,0.437409
5494,0.477761,0.475082
5495,0.437533,0.432756
5496,0.477758,0.404972
5497,0.446826,0.442747
5498,0.495172,0.493232
5499,0.461514,0.526097
5500,0.495896,0.494247
5501,0.525164,0.467202
5502,0.475102,0.420783
5503,0.507493,0.398511
5504,0.478832,0.432508
5505,0.529413,0.487522
5506,0.482004,0.442535
5507,0.441927,0.404994
5508,0.408426,0.373919
5509,0.380592,0.348288
5510,0.357527,0.327165
5511,0.328720,0.377229
5512,0.305198,0.421998
5513,0.350908,0.468509
5514,0.392080,0.508512
5515,0.356961,0.548049
5516,0.407867,0.507236
5517,0.450094,0.547277
5518,0.486587,0.580858
5519,0.532393,0.535546
5520,0.496414,0.494338
5521,0.465847,0.459350
5522,0.440057,0.429908
5523,0.492644,0.392095
5524,0.462659,0.368213
5525,0.437373,0.348405
5526,0.416128,0.331967
5527,0.446689,0.370015
5528,0.399363,0.426925
5529,0.432153,0.461991
5530,0.414134,0.437763
5531,0.398995,0.417395
5532,0.386275,0.400298
5533,0.413817,0.429607
5534,0.365717,0.489104
5535,0.326799,0.539988
5536,0.385080,0.490738
5537,0.351080,0.534010
5538,0.392072,0.566726
5539,0.444690,0.520220
5540,0.416257,0.482065
5541,0.465862,0.442452
5542,0.433992,0.410717
5543,0.397414,0.457273
5544,0.371510,0.423091
5545,0.342131,0.468030
5546,0.318066,0.506671
5547,0.364658,0.547644
5548,0.343379,0.505670
5549,0.316064,0.544750
5550,0.365625,0.504820
5551,0.411896,0.545650
5552,0.379783,0.578444
5553,0.424419,0.611980
5554,0.470808,0.568077
5555,0.436026,0.521810
5556,0.406935,0.482155
5557,0.382702,0.448604
5558,0.349746,0.494756
5559,0.391526,0.531119
5560,0.356970,0.570078
5561,0.328708,0.602543
5562,0.305615,0.629458
5563,0.352760,0.587506
5564,0.401890,0.623368
5565,0.373814,0.574593
5566,0.345709,0.605360
5567,0.391333,0.635416
5568,0.431703,0.660168
5569,0.393381,0.683995
5570,0.369661,0.637405
5571,0.408987,0.658443
5572,0.443378,0.675852
5573,0.422399,0.635969
5574,0.478619,0.580434
5575,0.452066,0.543446
5576,0.429703,0.511608
5577,0.386161,0.559177
5578,0.440137,0.509867
5579,0.402765,0.550366
5580,0.371846,0.584294
5581,0.346355,0.612530
5582,0.390393,0.571840
5583,0.429318,0.536449
5584,0.480308,0.580358
5585,0.514511,0.543813
5586,0.468642,0.493902
5587,0.512336,0.537267
5588,0.548161,0.499257
5589,0.503887,0.456844
5590,0.466179,0.421255
5591,0.428792,0.464930
5592,0.397674,0.428014
5593,0.367312,0.470785
5594,0.342297,0.507506
5595,0.321696,0.538671
5596,0.371692,0.580670
5597,0.345904,0.606291
5598,0.390260,0.568736
5599,0.429479,0.536162
5600,0.463547,0.508218
5601,0.439946,0.530753
5602,0.494402,0.581259
5603,0.523689,0.550331
5604,0.495242,0.569241
5605,0.520140,0.542821
5606,0.466375,0.484240
5607,0.442385,0.509346
5608,0.397834,0.455808
5609,0.450967,0.507945
5610,0.412819,0.462410
5611,0.385267,0.498573
5612,0.362406,0.529339
5613,0.413875,0.573256
5614,0.459204,0.609726
5615,0.423899,0.634339
5616,0.465302,0.593689
5617,0.435174,0.614968
5618,0.470493,0.579897
5619,0.519576,0.622069
5620,0.561038,0.656544
5621,0.590635,0.616586
5622,0.615295,0.581312
5623,0.648307,0.623229
5624,0.606419,0.640823
5625,0.554745,0.584979
5626,0.516854,0.608952
5627,0.484476,0.628929
5628,0.514327,0.593022
5629,0.486803,0.610278
5630,0.437510,0.552230
5631,0.470042,0.520291
5632,0.521591,0.567584
5633,0.549344,0.533494
5634,0.572702,0.504256
5635,0.541980,0.528482
5636,0.515604,0.548973
5637,0.567691,0.597953
5638,0.610863,0.638140
5639,0.646266,0.670866
5640,0.675164,0.697451
5641,0.698730,0.719061
5642,0.715427,0.674528
5643,0.666062,0.622186
5644,0.688622,0.579185
5645,0.641401,0.530964
5646,0.668422,0.492879
5647,0.623098,0.451506
5648,0.653426,0.419649
5649,0.674215,0.466452
5650,0.691366,0.506737
5651,0.714678,0.466076
5652,0.671099,0.431167
5653,0.617862,0.475744
5654,0.575954,0.439274
5655,0.612548,0.405516
5656,0.564700,0.448312
5657,0.522318,0.411273
5658,0.480315,0.453327
5659,0.444807,0.489630
5660,0.489218,0.535154
5661,0.453033,0.491185
5662,0.490835,0.529895
5663,0.523067,0.562536
5664,0.566807,0.515854
5665,0.603211,0.475923
5666,0.556880,0.513477
5667,0.588080,0.479530
5668,0.541015,0.436798
5669,0.500392,0.401175
5670,0.540693,0.373778
5671,0.500116,0.345137
5672,0.540460,0.323303
5673,0.574361,0.305326
5674,0.534412,0.348001
5675,0.488681,0.318049
5676,0.454423,0.359525
5677,0.416176,0.327415
5678,0.457399,0.311994
5679,0.418656,0.286608
5680,0.463765,0.338007
5681,0.428112,0.383403
5682,0.398368,0.423695
5683,0.373653,0.458782
5684,0.413278,0.435000
5685,0.465284,0.489182
5686,0.435499,0.519426
5687,0.484566,0.565426
5688,0.519857,0.530179
5689,0.561563,0.574410
5690,0.516881,0.525661
5691,0.553441,0.488723
5692,0.588415,0.532259
5693,0.617470,0.568907
5694,0.570042,0.601048
5695,0.526725,0.555373
5696,0.489560,0.515768
5697,0.458044,0.481926
5698,0.416903,0.528113
5699,0.382797,0.567027
5700,0.357742,0.525807
5701,0.399863,0.557068
5702,0.364990,0.595758
5703,0.406286,0.621256
5704,0.457427,0.570988
5705,0.427181,0.530126
5706,0.390527,0.569595
5707,0.366013,0.528923
5708,0.336633,0.568589
5709,0.312606,0.601647
5710,0.359719,0.558403
5711,0.332497,0.512618
5712,0.310199,0.473503
5713,0.290620,0.515202
5714,0.336415,0.477471
5715,0.377962,0.445585
5716,0.344282,0.406935
5717,0.395685,0.453696
5718,0.369165,0.494962
5719,0.340750,0.455271
5720,0.319639,0.496312
5721,0.363325,0.461952
5722,0.344768,0.496865
5723,0.329356,0.526579
5724,0.316537,0.551696
5725,0.372952,0.596392
5726,0.412346,0.561177
5727,0.391351,0.582218
5728,0.446234,0.624584
5729,0.481161,0.588953
5730,0.529089,0.630099
5731,0.569444,0.663670
5732,0.598451,0.623559
5733,0.622584,0.588054
5734,0.571217,0.532201
5735,0.604787,0.575063
5736,0.632695,0.537446
5737,0.655744,0.505114
5738,0.681837,0.552381
5739,0.637005,0.578688
5740,0.666528,0.617453
5741,0.685255,0.578326
5742,0.700716,0.544256
5743,0.713508,0.514954
5744,0.673290,0.537645
5745,0.684734,0.512712
5746,0.627205,0.457164
5747,0.646384,0.436158
5748,0.608785,0.463565
5749,0.552977,0.412935
5750,0.504407,0.371260
5751,0.545077,0.425785
5752,0.504874,0.463119
5753,0.470630,0.495199
5754,0.441727,0.522508
5755,0.401319,0.470782
5756,0.377768,0.501740
5757,0.345252,0.453220
5758,0.326474,0.486728
5759,0.310935,0.515315
5760,0.285865,0.464685
5761,0.273609,0.496536
5762,0.325612,0.544812
5763,0.303660,0.497056
5764,0.350036,0.538118
5765,0.330607,0.497498
5766,0.304481,0.537834
5767,0.289128,0.497255
5768,0.268520,0.537629
5769,0.317631,0.497667
5770,0.299051,0.532002
5771,0.283759,0.560963
5772,0.271139,0.585265
5773,0.260694,0.605605
5774,0.252022,0.622615
5775,0.304381,0.660281
5776,0.284006,0.604813
5777,0.268442,0.627715
5778,0.316754,0.659648
5779,0.361240,0.685709
5780,0.412554,0.641247
5781,0.381193,0.659959
5782,0.355283,0.675485
5783,0.403574,0.703422
5784,0.376012,0.650931
5785,0.417753,0.675704
5786,0.454210,0.696021
5787,0.504449,0.647620
5788,0.535907,0.672990
5789,0.578136,0.626661
5790,0.604032,0.655807
5791,0.625601,0.679702
5792,0.643553,0.699302
5793,0.676204,0.650632
5794,0.690444,0.675459
5795,0.716248,0.628893
5796,0.737128,0.587293
5797,0.687194,0.610247
5798,0.640972,0.629385
5799,0.591213,0.574106
5800,0.547349,0.525556
5801,0.503408,0.558591
5802,0.465423,0.512150
5803,0.433430,0.472478
5804,0.480558,0.435688
5805,0.518070,0.478790
5806,0.474999,0.520020
5807,0.438654,0.554873
5808,0.408254,0.584094
5809,0.375279,0.535177
5810,0.418894,0.497165
5811,0.466752,0.539723
5812,0.430891,0.497591
5813,0.474649,0.458928
5814,0.515874,0.500894
5815,0.553231,0.461718
5816,0.513494,0.500759
5817,0.545294,0.467443
5818,0.497551,0.426189
5819,0.538529,0.472315
5820,0.572977,0.511930
5821,0.606174,0.470664
5822,0.633654,0.435879
5823,0.656354,0.406787
5824,0.614374,0.445414
5825,0.648302,0.494831
5826,0.667272,0.462094
5827,0.682984,0.434512
5828,0.629115,0.394335
5829,0.587198,0.432922
5830,0.550519,0.466394
5831,0.518888,0.495097
5832,0.566476,0.546259
5833,0.516057,0.495832
5834,0.472902,0.452996
5835,0.511164,0.422097
5836,0.468754,0.386918
5837,0.434863,0.429354
5838,0.473431,0.403418
5839,0.431909,0.367766
5840,0.470883,0.346931
5841,0.429778,0.318529
5842,0.469042,0.302025
5843,0.440202,0.343788
5844,0.473677,0.329152
5845,0.427837,0.299540
5846,0.389794,0.275611
5847,0.366542,0.317419
5848,0.347251,0.355469
5849,0.317558,0.320801
5850,0.359207,0.308782
5851,0.327276,0.281390
5852,0.379426,0.335158
5853,0.426114,0.384566
5854,0.396950,0.358425
5855,0.372716,0.336842
5856,0.423696,0.311123
5857,0.394939,0.294051
5858,0.363206,0.344214
5859,0.340154,0.321251
5860,0.314912,0.369125
5861,0.294277,0.411995
5862,0.276745,0.376950
5863,0.260476,0.418902
5864,0.307059,0.468259
5865,0.285213,0.505452
5866,0.330070,0.547837
5867,0.370839,0.583350
5868,0.407030,0.612885
5869,0.389521,0.571031
5870,0.420720,0.596412
5871,0.375255,0.632545
5872,0.408259,0.652933
5873,0.466730,0.600474
5874,0.421774,0.631152
5875,0.457508,0.656182
5876,0.507957,0.608048
5877,0.550751,0.565370
5878,0.586570,0.528288
5879,0.616129,0.571021
5880,0.569055,0.597794
5881,0.525522,0.547359
5882,0.484080,0.578025
5883,0.523807,0.613371
5884,0.557359,0.642519
5885,0.594115,0.596861
5886,0.548815,0.622076
5887,0.509631,0.643007
5888,0.466675,0.590250
5889,0.433582,0.616584
5890,0.405901,0.638449
5891,0.455723,0.669032
5892,0.498822,0.693963
5893,0.535495,0.714303
5894,0.498999,0.667279
5895,0.530185,0.685447
5896,0.556519,0.700458
5897,0.578661,0.712889
5898,0.548098,0.673060
5899,0.595642,0.616103
5900,0.634725,0.564974
5901,0.596995,0.525499
5902,0.635832,0.480552
5903,0.667527,0.442564
5904,0.693337,0.410778
5905,0.709399,0.457294
5906,0.666723,0.423935
5907,0.612681,0.469606
5908,0.564394,0.508862
5909,0.596130,0.548976
5910,0.627185,0.508363
5911,0.652707,0.548555
5912,0.677463,0.508002
5913,0.630955,0.541308
5914,0.659568,0.581080
5915,0.680456,0.541049
5916,0.630927,0.494532
5917,0.584795,0.529878
5918,0.538863,0.484992
5919,0.573721,0.450588
5920,0.606447,0.496049
5921,0.633543,0.534773
5922,0.660952,0.492792
5923,0.615293,0.454729
5924,0.574781,0.422769
5925,0.612631,0.388328
5926,0.643787,0.359892
5927,0.596193,0.404634
5928,0.550592,0.371684
5929,0.511118,0.344572
5930,0.477437,0.322289
5931,0.434825,0.370863
5932,0.472954,0.417807
5933,0.431074,0.462759
5934,0.469719,0.504496
5935,0.428369,0.543179
5936,0.393970,0.575673
5937,0.437459,0.609967
5938,0.475224,0.638300
5939,0.507566,0.661658
5940,0.553715,0.612536
5941,0.518318,0.567115
5942,0.545707,0.596111
5943,0.568778,0.620249
5944,0.612026,0.568743
5945,0.558564,0.602769
5946,0.595672,0.558535
5947,0.622468,0.594039
5948,0.581599,0.549818
5949,0.545933,0.511571
5950,0.589264,0.467532
5951,0.612211,0.505012
5952,0.631335,0.536842
5953,0.647276,0.563674
5954,0.660573,0.586198
5955,0.693391,0.531614
5956,0.655582,0.499007
5957,0.689368,0.452055
5958,0.651955,0.424733
5959,0.618585,0.401858
5960,0.558110,0.455634
5961,0.579557,0.490483
5962,0.549456,0.462261
5963,0.523573,0.438454
5964,0.501467,0.418434
5965,0.482669,0.401623
5966,0.466727,0.387512
5967,0.528062,0.345495
5968,0.505293,0.334230
5969,0.485918,0.324800
5970,0.429963,0.385071
5971,0.456655,0.420181
5972,0.515070,0.378038
5973,0.489825,0.360378
5974,0.438132,0.416250
5975,0.417122,0.392222
5976,0.473132,0.357218
5977,0.503897,0.397830
5978,0.477156,0.377696
5979,0.428800,0.432554
5980,0.461884,0.468930
5981,0.514062,0.425683
5982,0.558218,0.389770
5983,0.511954,0.436700
5984,0.472435,0.477538
5985,0.435524,0.437836
5986,0.476563,0.480904
5987,0.437058,0.521872
5988,0.404076,0.556486
5989,0.449275,0.592525
5990,0.492442,0.549781
5991,0.529249,0.512835
5992,0.493576,0.542353
5993,0.450057,0.492629
5994,0.420226,0.525254
5995,0.395312,0.552829
5996,0.374549,0.576020
5997,0.410649,0.544951
5998,0.369926,0.490124
5999,0.423825,0.538237
6000,0.461911,0.504272
6001,0.435112,0.532519
6002,0.394185,0.481622
6003,0.372415,0.513301
6004,0.339552,0.465298
6005,0.390886,0.511307
6006,0.362276,0.470490
6007,0.336919,0.510729
6008,0.384173,0.549722
6009,0.359970,0.509120
6010,0.401050,0.542303
6011,0.452848,0.495695
6012,0.415584,0.535981
6013,0.459888,0.496341
6014,0.502553,0.537523
6015,0.465884,0.496890
6016,0.502170,0.531911
6017,0.533009,0.561447
6018,0.576245,0.512091
6019,0.538984,0.477511
6020,0.564949,0.510278
6021,0.586748,0.538072
6022,0.627634,0.486836
6023,0.661031,0.443459
6024,0.688225,0.407229
6025,0.710370,0.377192
6026,0.665239,0.349982
6027,0.691650,0.326016
6028,0.641923,0.371392
6029,0.595480,0.341585
6030,0.548884,0.385390
6031,0.582789,0.435904
6032,0.614611,0.406075
6033,0.569391,0.373055
6034,0.529989,0.345877
6035,0.570705,0.322728
6036,0.604597,0.303707
6037,0.560600,0.282910
6038,0.522410,0.265927
6039,0.489723,0.252013
6040,0.444293,0.299529
6041,0.406368,0.343681
6042,0.447455,0.396012
6043,0.420152,0.365889
6044,0.470867,0.341011
6045,0.506543,0.389038
6046,0.475229,0.363553
6047,0.448756,0.342472
6048,0.426473,0.325025
6049,0.407761,0.310565
6050,0.392062,0.298558
6051,0.350409,0.353802
6052,0.316686,0.404118
6053,0.289446,0.448581
6054,0.267420,0.487062
6055,0.309817,0.531099
6056,0.348596,0.568180
6057,0.315221,0.600098
6058,0.353466,0.630244
6059,0.411093,0.584566
6060,0.388952,0.538244
6061,0.442715,0.497579
6062,0.479022,0.537877
6063,0.526070,0.497265
6064,0.565732,0.462752
6065,0.598815,0.433682
6066,0.628267,0.483309
6067,0.584300,0.443537
6068,0.618636,0.411742
6069,0.571845,0.451950
6070,0.531000,0.486648
6071,0.570458,0.533978
6072,0.603327,0.573766
6073,0.560000,0.528894
6074,0.588180,0.562828
6075,0.538532,0.598291
6076,0.575171,0.553483
6077,0.605692,0.514669
6078,0.635881,0.556272
6079,0.590632,0.586591
6080,0.543366,0.538712
6081,0.502898,0.571907
6082,0.543299,0.606324
6083,0.502840,0.633251
6084,0.543250,0.660854
6085,0.576802,0.615354
6086,0.610025,0.646167
6087,0.565746,0.668054
6088,0.593947,0.625252
6089,0.555974,0.644394
6090,0.505815,0.590174
6091,0.537907,0.551149
6092,0.564950,0.517455
6093,0.532238,0.543519
6094,0.578545,0.588888
6095,0.616881,0.626328
6096,0.648380,0.657022
6097,0.669269,0.613862
6098,0.618666,0.562803
6099,0.645461,0.597255
6100,0.667548,0.625817
6101,0.691955,0.578481
6102,0.646711,0.534237
6103,0.595773,0.570697
6104,0.550741,0.601111
6105,0.585909,0.632275
6106,0.616121,0.587612
6107,0.569607,0.540087
6108,0.525515,0.573536
6109,0.562365,0.607446
6110,0.593171,0.635489
6111,0.618802,0.658631
6112,0.650338,0.609059
6113,0.676159,0.565028
6114,0.630528,0.519204
6115,0.651525,0.555361
6116,0.599487,0.590329
6117,0.625807,0.619871
6118,0.655393,0.573006
6119,0.607575,0.602442
6120,0.561292,0.554520
6121,0.521060,0.512935
6122,0.552171,0.546393
6123,0.591857,0.500077
6124,0.544390,0.539465
6125,0.503363,0.572581
6126,0.468433,0.600239
6127,0.513661,0.633795
6128,0.547984,0.591288
6129,0.511613,0.614496
6130,0.555347,0.648830
6131,0.584067,0.608116
6132,0.534720,0.555227
6133,0.497142,0.583429
6134,0.529525,0.546996
6135,0.556867,0.515611
6136,0.598808,0.563481
6137,0.621093,0.529767
6138,0.568031,0.479263
6139,0.521614,0.436625
6140,0.483193,0.474781
6141,0.443624,0.432873
6142,0.411646,0.471545
6143,0.385029,0.504706
6144,0.434704,0.550613
6145,0.401789,0.504000
6146,0.374479,0.464293
6147,0.345627,0.505428
6148,0.321958,0.540357
6149,0.300994,0.495210
6150,0.346814,0.534324
6151,0.388173,0.567262
6152,0.368627,0.529188
6153,0.334756,0.571055
6154,0.307232,0.605882
6155,0.284859,0.634677
6156,0.333782,0.590378
6157,0.381683,0.624044
6158,0.353200,0.648101
6159,0.398900,0.606049
6160,0.439217,0.568998
6161,0.400475,0.516525
6162,0.368475,0.471588
6163,0.415090,0.514048
6164,0.387473,0.475843
6165,0.356286,0.518323
6166,0.400098,0.554236
6167,0.366663,0.589603
6168,0.339205,0.618968
6169,0.385901,0.576391
6170,0.361972,0.601662
6171,0.402541,0.565074
6172,0.366153,0.512631
6173,0.336364,0.467789
6174,0.379727,0.436090
6175,0.431040,0.483540
6176,0.475900,0.524141
6177,0.514368,0.558424
6178,0.554284,0.513042
6179,0.512214,0.549723
6180,0.546192,0.511086
6181,0.510382,0.542304
6182,0.539294,0.509424
6183,0.508825,0.535982
6184,0.482866,0.558403
6185,0.432909,0.502904
6186,0.391454,0.455619
6187,0.428803,0.427973
6188,0.461218,0.404815
6189,0.439368,0.438659
6190,0.420975,0.467894
6191,0.375858,0.418656
6192,0.339101,0.378003
6193,0.324955,0.415248
6194,0.313176,0.447705
6195,0.370191,0.502259
6196,0.409142,0.473817
6197,0.462150,0.524577
6198,0.422532,0.477739
6199,0.394381,0.512879
6200,0.443245,0.555831
6201,0.485702,0.591721
6202,0.451701,0.547512
6203,0.487846,0.578208
6204,0.458910,0.540419
6205,0.489669,0.566628
6206,0.441163,0.607717
6207,0.491218,0.556728
6208,0.524736,0.586505
6209,0.567127,0.538158
6210,0.528864,0.499276
6211,0.482412,0.541070
6212,0.449732,0.501767
6213,0.496646,0.460074
6214,0.532083,0.499477
6215,0.561967,0.532994
6216,0.587028,0.561263
6217,0.534657,0.601650
6218,0.564130,0.624653
6219,0.603010,0.572437
6220,0.554594,0.606577
6221,0.587907,0.561691
6222,0.615616,0.522697
6223,0.646119,0.563960
6224,0.598768,0.519296
6225,0.552733,0.555817
6226,0.512846,0.586407
6227,0.470026,0.538753
6228,0.436270,0.572140
6229,0.408022,0.600023
6230,0.373351,0.550647
6231,0.350618,0.582089
6232,0.391697,0.543091
6233,0.444264,0.583709
6234,0.489998,0.617383
6235,0.452569,0.571338
6236,0.495491,0.526647
6237,0.534507,0.562953
6238,0.567361,0.593307
6239,0.529344,0.553589
6240,0.571254,0.505251
6241,0.532706,0.470760
6242,0.560681,0.504463
6243,0.527811,0.475138
6244,0.551649,0.503794
6245,0.597403,0.453306
6246,0.543945,0.503225
6247,0.508863,0.470805
6248,0.537380,0.502741
6249,0.581793,0.455037
6250,0.605236,0.489264
6251,0.624793,0.518449
6252,0.641105,0.543166
6253,0.654720,0.564014
6254,0.620846,0.536717
6255,0.632714,0.554495
6256,0.642677,0.569500
6257,0.651050,0.582155
6258,0.689750,0.518909
6259,0.629508,0.570008
6260,0.663540,0.516075
6261,0.679308,0.544728
6262,0.692398,0.568861
6263,0.654302,0.538047
6264,0.620261,0.511616
6265,0.590349,0.489092
6266,0.602779,0.509874
6267,0.540153,0.565351
6268,0.485822,0.611305
6269,0.459294,0.577913
6270,0.436919,0.548946
6271,0.465378,0.566376
6272,0.489755,0.581066
6273,0.545399,0.519542
6274,0.565905,0.541556
6275,0.538619,0.516613
6276,0.481356,0.569881
6277,0.507600,0.588194
6278,0.455038,0.631617
6279,0.411089,0.666949
6280,0.461753,0.612608
6281,0.505491,0.564040
6282,0.542628,0.521729
6283,0.504667,0.554517
6284,0.547172,0.592407
6285,0.503967,0.546391
6286,0.542025,0.504459
6287,0.574009,0.468744
6288,0.535744,0.503790
6289,0.577243,0.548247
6290,0.611702,0.585467
6291,0.640153,0.616371
6292,0.663594,0.641930
6293,0.620018,0.599420
6294,0.652117,0.548891
6295,0.609754,0.510646
6296,0.558260,0.552810
6297,0.513435,0.588085
6298,0.549584,0.544935
6299,0.505609,0.500662
6300,0.467332,0.537854
6301,0.504768,0.500563
6302,0.472221,0.532193
6303,0.429525,0.484166
6304,0.476381,0.527374
6305,0.441842,0.561228
6306,0.412907,0.589574
6307,0.388768,0.613217
6308,0.354534,0.560874
6309,0.395598,0.522916
6310,0.447867,0.565053
6311,0.410895,0.519482
6312,0.455642,0.555382
6313,0.494278,0.585463
6314,0.452363,0.619888
6315,0.491468,0.644157
6316,0.524808,0.664225
6317,0.567335,0.612443
6318,0.594938,0.638000
6319,0.557332,0.596031
6320,0.506688,0.631318
6321,0.473971,0.590118
6322,0.505685,0.612348
6323,0.477870,0.576833
6324,0.430290,0.618808
6325,0.464075,0.637220
6326,0.440639,0.601524
6327,0.469450,0.617469
6328,0.419806,0.657021
6329,0.451501,0.669737
6330,0.506241,0.611924
6331,0.533595,0.632174
6332,0.579621,0.578052
6333,0.528568,0.613091
6334,0.493260,0.570534
6335,0.524290,0.596589
6336,0.568830,0.545481
6337,0.594513,0.575643
6338,0.630769,0.527228
6339,0.590361,0.489795
6340,0.538720,0.532904
6341,0.577041,0.491326
6342,0.532930,0.527979
6343,0.565630,0.492626
6344,0.592993,0.462621
6345,0.615813,0.437318
6346,0.634822,0.416060
6347,0.650658,0.398229
6348,0.615387,0.428463
6349,0.584406,0.454598
6350,0.629746,0.513770
6351,0.571936,0.461379
6352,0.610986,0.511705
6353,0.561263,0.467154
6354,0.591918,0.435316
6355,0.624653,0.482626
6356,0.578377,0.444933
6357,0.611083,0.411179
6358,0.638462,0.456030
6359,0.661056,0.494753
6360,0.618549,0.462599
6361,0.580901,0.435500
6362,0.527692,0.486860
6363,0.556664,0.519857
6364,0.597306,0.472954
6365,0.630853,0.433425
6366,0.588134,0.403224
6367,0.550721,0.378109
6368,0.500705,0.428668
6369,0.532995,0.469302
6370,0.560236,0.504186
6371,0.583115,0.533819
6372,0.623822,0.484108
6373,0.570830,0.528758
6374,0.598150,0.561179
6375,0.560318,0.524452
6376,0.527582,0.493009
6377,0.574010,0.446012
6378,0.523452,0.494057
6379,0.554822,0.528898
6380,0.593823,0.483579
6381,0.626088,0.445240
6382,0.581954,0.411964
6383,0.607818,0.453402
6384,0.641339,0.414995
6385,0.599349,0.387248
6386,0.562445,0.364218
6387,0.530506,0.345116
6388,0.478370,0.398544
6389,0.434378,0.446000
6390,0.397754,0.487162
6391,0.439539,0.528888
6392,0.475769,0.564062
6393,0.523339,0.519579
6394,0.563476,0.481493
6395,0.523199,0.441914
6396,0.488704,0.408822
6397,0.459454,0.381318
6398,0.416195,0.430010
6399,0.380387,0.472531
6400,0.350925,0.509015
6401,0.328557,0.465109
6402,0.305185,0.502682
6403,0.352627,0.470329
6404,0.331963,0.502280
6405,0.373698,0.474771
6406,0.410744,0.451502
6407,0.391997,0.478551
6408,0.352799,0.427169
6409,0.389500,0.407823
6410,0.373848,0.437971
6411,0.335815,0.390702
6412,0.372076,0.374727
6413,0.334380,0.336773
6414,0.321951,0.373187
6415,0.379247,0.431422
6416,0.430826,0.482529
6417,0.475930,0.526302
6418,0.515817,0.488562
6419,0.474769,0.447571
6420,0.438758,0.487375
6421,0.478549,0.455390
6422,0.522666,0.502985
6423,0.485211,0.536913
6424,0.519270,0.502537
6425,0.548093,0.473286
6426,0.590383,0.523358
6427,0.540914,0.477287
6428,0.577061,0.519859
6429,0.608121,0.481086
6430,0.633861,0.448289
6431,0.592306,0.483921
6432,0.614553,0.456002
6433,0.633098,0.432480
6434,0.648560,0.412719
6435,0.613892,0.442511
6436,0.554979,0.394728
6437,0.597280,0.451074
6438,0.546784,0.410146
6439,0.503049,0.376288
6440,0.465810,0.348415
6441,0.428093,0.394463
6442,0.397372,0.363367
6443,0.371871,0.337794
6444,0.421698,0.315040
6445,0.390414,0.360736
6446,0.364504,0.401709
6447,0.336544,0.365724
6448,0.384027,0.416150
6449,0.354989,0.458095
6450,0.331111,0.494246
6451,0.379127,0.539216
6452,0.421936,0.576974
6453,0.459298,0.608393
6454,0.433495,0.565572
6455,0.392052,0.601943
6456,0.443378,0.555826
6457,0.488022,0.515821
6458,0.526149,0.481637
6459,0.558337,0.452702
6460,0.585326,0.428349
6461,0.549649,0.459763
6462,0.498244,0.412632
6463,0.542240,0.465778
6464,0.504824,0.499968
6465,0.535928,0.470899
6466,0.578447,0.521117
6467,0.530553,0.475256
6468,0.566833,0.517953
6469,0.599651,0.479288
6470,0.556902,0.515261
6471,0.585018,0.482392
6472,0.535191,0.438292
6473,0.492238,0.401533
6474,0.529926,0.447474
6475,0.567978,0.413162
6476,0.599720,0.384632
6477,0.630081,0.432636
6478,0.585078,0.401446
6479,0.545643,0.375538
6480,0.498027,0.425250
6481,0.538826,0.393589
6482,0.572801,0.439400
6483,0.527550,0.483153
6484,0.563352,0.523219
6485,0.597189,0.482319
6486,0.553930,0.519740
6487,0.516479,0.551391
6488,0.471052,0.503623
6489,0.514009,0.543725
6490,0.475386,0.503079
6491,0.517511,0.462333
6492,0.553852,0.502567
6493,0.584311,0.536759
6494,0.545823,0.502182
6495,0.497355,0.547590
6496,0.538980,0.501854
6497,0.573961,0.462925
6498,0.603138,0.430168
6499,0.634907,0.476550
6500,0.658310,0.441601
6501,0.677619,0.412329
6502,0.626416,0.377666
6503,0.651306,0.354071
6504,0.608102,0.395429
6505,0.557511,0.360223
6506,0.587596,0.340545
6507,0.612672,0.324238
6508,0.633533,0.310703
6509,0.596229,0.348825
6510,0.563601,0.382848
6511,0.582078,0.370382
6512,0.523857,0.330516
6513,0.495403,0.364742
6514,0.445511,0.325968
6515,0.403910,0.294762
6516,0.369581,0.269654
6517,0.418042,0.322673
6518,0.387436,0.366579
6519,0.433818,0.418171
6520,0.474209,0.463528
6521,0.434216,0.504814
6522,0.404255,0.465020
6523,0.379329,0.431522
6524,0.358626,0.403521
6525,0.341430,0.380197
6526,0.378921,0.417707
6527,0.341694,0.471181
6528,0.311496,0.517210
6529,0.352080,0.550306
6530,0.319914,0.588686
6531,0.359672,0.615767
6532,0.415556,0.566538
6533,0.379830,0.598898
6534,0.350439,0.625754
6535,0.395338,0.654922
6536,0.444099,0.610269
6537,0.410672,0.632890
6538,0.455782,0.664001
6539,0.494735,0.689383
6540,0.537247,0.644716
6541,0.498510,0.593307
6542,0.465580,0.547890
6543,0.512486,0.505251
6544,0.552215,0.468923
6545,0.511335,0.429928
6546,0.544428,0.473575
6547,0.509635,0.440330
6548,0.462932,0.486567
6549,0.423707,0.526081
6550,0.391087,0.559433
6551,0.435943,0.595984
6552,0.474944,0.626251
6553,0.508357,0.651234
6554,0.461851,0.676721
6555,0.507103,0.629669
6556,0.467556,0.652020
6557,0.506038,0.610919
6558,0.472412,0.630355
6559,0.518768,0.664520
6560,0.476543,0.611514
6561,0.440890,0.564227
6562,0.406172,0.596833
6563,0.377090,0.551356
6564,0.349136,0.586116
6565,0.395172,0.616620
6566,0.364012,0.644681
6567,0.340340,0.598250
6568,0.383601,0.623958
6569,0.350936,0.654404
6570,0.393060,0.674898
6571,0.444557,0.624478
6572,0.482683,0.650229
6573,0.452820,0.606425
6574,0.485279,0.628793
6575,0.534721,0.576290
6576,0.576255,0.530215
6577,0.529526,0.564987
6578,0.564957,0.525691
6579,0.525105,0.555326
6580,0.480537,0.505917
6581,0.521344,0.547081
6582,0.483454,0.505029
6583,0.443397,0.544053
6584,0.411861,0.502435
6585,0.458636,0.462612
6586,0.424590,0.427582
6587,0.469696,0.394758
6588,0.435766,0.438325
6589,0.481305,0.484192
6590,0.445518,0.522293
6591,0.415522,0.554493
6592,0.390500,0.581519
6593,0.441856,0.619167
6594,0.486555,0.650098
6595,0.525331,0.606567
6596,0.488571,0.628678
6597,0.521536,0.590968
6598,0.474606,0.536825
6599,0.509661,0.503193
6600,0.464539,0.456468
6601,0.426608,0.417314
6602,0.468471,0.389745
6603,0.504431,0.366846
6604,0.460118,0.336010
6605,0.422914,0.310844
6606,0.465273,0.293394
6607,0.508949,0.343143
6608,0.470469,0.321451
6609,0.438016,0.303595
6610,0.410831,0.288867
6611,0.374763,0.340526
6612,0.352869,0.319298
6613,0.404470,0.296961
6614,0.377486,0.280204
6615,0.355125,0.266423
6616,0.326250,0.316083
6617,0.302691,0.361936
6618,0.285688,0.333402
6619,0.271696,0.310063
6620,0.260146,0.290952
6621,0.242664,0.338931
6622,0.285547,0.387662
6623,0.325360,0.430975
6624,0.361338,0.468669
6625,0.420710,0.426545
6626,0.381278,0.473359
6627,0.360803,0.438866
6628,0.398550,0.477349
6629,0.453609,0.435651
6630,0.413435,0.480743
6631,0.380150,0.519349
6632,0.423805,0.558356
6633,0.461900,0.590974
6634,0.420337,0.622299
6635,0.385853,0.648157
6636,0.357401,0.669479
6637,0.403655,0.694089
6638,0.444401,0.714177
6639,0.417822,0.667391
6640,0.469074,0.617369
6641,0.504509,0.644072
6642,0.459750,0.669657
6643,0.496544,0.690855
6644,0.527863,0.708267
6645,0.554323,0.722604
6646,0.597446,0.672008
6647,0.619029,0.692784
6648,0.653760,0.644437
6649,0.682061,0.600837
6650,0.639170,0.551188
6651,0.600846,0.508128
6652,0.546366,0.546243
6653,0.511908,0.503885
6654,0.464584,0.542664
6655,0.424821,0.575243
6656,0.396369,0.528879
6657,0.445078,0.489447
6658,0.413250,0.449745
6659,0.459832,0.416809
6660,0.426055,0.457243
6661,0.392488,0.417834
6662,0.437019,0.463632
6663,0.408218,0.429983
6664,0.373957,0.475598
6665,0.416385,0.515087
6666,0.380688,0.554030
6667,0.357327,0.512517
6668,0.398041,0.545975
6669,0.450429,0.499654
6670,0.487105,0.535112
6671,0.443654,0.574155
6672,0.481288,0.603382
6673,0.452050,0.563161
6674,0.410076,0.601869
6675,0.447884,0.626188
6676,0.480520,0.646375
6677,0.508404,0.663136
6678,0.558169,0.608339
6679,0.599609,0.559447
6680,0.561788,0.518563
6681,0.584982,0.550596
6682,0.552594,0.515781
6683,0.524698,0.486053
6684,0.500857,0.460854
6685,0.520998,0.488144
6686,0.463207,0.541562
6687,0.488953,0.564558
6688,0.510889,0.583894
6689,0.490610,0.554960
6690,0.548219,0.496990
6691,0.566619,0.522512
6692,0.614070,0.469272
6693,0.652803,0.424514
6694,0.616158,0.400206
6695,0.583918,0.379918
6696,0.525548,0.434775
6697,0.571517,0.397375
6698,0.609675,0.366484
6699,0.569585,0.342100
6700,0.519753,0.390650
6701,0.484539,0.362019
6702,0.516792,0.406635
6703,0.469263,0.454719
6704,0.503785,0.494698
6705,0.533114,0.528754
6706,0.557872,0.557505
6707,0.528158,0.524448
6708,0.549253,0.548939
6709,0.597688,0.495030
6710,0.637447,0.449250
6711,0.669846,0.410971
6712,0.629297,0.383871
6713,0.593307,0.361384
6714,0.561891,0.342731
6715,0.505252,0.396359
6716,0.456944,0.444048
6717,0.416474,0.485448
6718,0.390133,0.446042
6719,0.357398,0.487162
6720,0.330571,0.522274
6721,0.308595,0.551960
6722,0.290568,0.576914
6723,0.275746,0.597826
6724,0.325689,0.637285
6725,0.372662,0.600059
6726,0.350103,0.617526
6727,0.400907,0.655850
6728,0.443789,0.619111
6729,0.407022,0.561715
6730,0.449125,0.528198
6731,0.485520,0.499494
6732,0.456715,0.523975
6733,0.487691,0.499570
6734,0.439408,0.445610
6735,0.415358,0.474367
6736,0.448426,0.453718
6737,0.476910,0.436288
6738,0.426777,0.387505
6739,0.458294,0.373365
6740,0.437636,0.403925
6741,0.391233,0.358985
6742,0.374456,0.391310
6743,0.337197,0.348749
6744,0.374239,0.337258
6745,0.337021,0.303463
6746,0.374082,0.294380
6747,0.360059,0.330432
6748,0.348323,0.362749
6749,0.312417,0.322547
6750,0.283553,0.290299
6751,0.322075,0.282767
6752,0.356864,0.276459
6753,0.346918,0.311920
6754,0.338567,0.343922
6755,0.302014,0.305262
6756,0.295414,0.337962
6757,0.289869,0.367046
6758,0.285206,0.392562
6759,0.318296,0.386233
6760,0.382024,0.453683
6761,0.414020,0.437815
6762,0.472821,0.498842
6763,0.426715,0.447067
6764,0.388471,0.403900
6765,0.356990,0.368316
6766,0.331158,0.339142
6767,0.309986,0.383281
6768,0.292591,0.422410
6769,0.272861,0.383540
6770,0.256759,0.351613
6771,0.243571,0.325468
6772,0.288342,0.372814
6773,0.267339,0.420812
6774,0.316926,0.391231
6775,0.296559,0.360885
6776,0.278333,0.405764
6777,0.263395,0.445224
6778,0.311588,0.493931
6779,0.360282,0.460600
6780,0.334399,0.420521
6781,0.380361,0.466491
6782,0.357759,0.432283
6783,0.409115,0.397929
6784,0.454434,0.369484
6785,0.422509,0.412901
6786,0.395862,0.450931
6787,0.373682,0.483732
6788,0.426508,0.533108
6789,0.472821,0.574611
6790,0.512591,0.609103
6791,0.546290,0.637602
6792,0.574616,0.661096
6793,0.612501,0.612044
6794,0.635435,0.640027
6795,0.596081,0.595687
6796,0.633598,0.547150
6797,0.594459,0.507349
6798,0.632269,0.465253
6799,0.580559,0.506246
6800,0.613173,0.470452
6801,0.640131,0.440249
6802,0.596661,0.474876
6803,0.558447,0.504513
6804,0.508208,0.454847
6805,0.540191,0.429313
6806,0.492538,0.388424
6807,0.526931,0.367733
6808,0.493657,0.404717
6809,0.522898,0.386829
6810,0.494608,0.418734
6811,0.470582,0.446410
6812,0.421082,0.396680
6813,0.474987,0.454400
6814,0.446538,0.485899
6815,0.496995,0.536069
6816,0.539972,0.578187
6817,0.497445,0.530674
6818,0.536162,0.492009
6819,0.568750,0.459201
6820,0.604241,0.506146
6821,0.633583,0.545997
6822,0.588966,0.505224
6823,0.614312,0.539128
6824,0.575845,0.504441
6825,0.597643,0.533278
6826,0.636424,0.482887
6827,0.668070,0.440287
6828,0.626708,0.411394
6829,0.660152,0.376602
6830,0.687391,0.347982
6831,0.709576,0.324481
6832,0.727683,0.305172
6833,0.681145,0.284293
6834,0.704486,0.269065
6835,0.723524,0.256535
6836,0.677276,0.240587
6837,0.701335,0.230685
6838,0.656827,0.218054
6839,0.673842,0.264291
6840,0.620242,0.313138
6841,0.578537,0.292569
6842,0.529214,0.339445
6843,0.566910,0.320713
6844,0.524840,0.362182
6845,0.482224,0.329820
6846,0.446339,0.370369
6847,0.484889,0.353737
6848,0.443072,0.320595
6849,0.408128,0.293765
6850,0.378858,0.335285
6851,0.425879,0.390409
6852,0.466966,0.439639
6853,0.502269,0.482481
6854,0.546743,0.444366
6855,0.509799,0.411059
6856,0.464906,0.456288
6857,0.501639,0.498588
6858,0.544999,0.459725
6859,0.575804,0.501530
6860,0.538278,0.465746
6861,0.489936,0.510228
6862,0.457701,0.473112
6863,0.430567,0.441780
6864,0.390750,0.489680
6865,0.357992,0.530580
6866,0.406721,0.491228
6867,0.378369,0.526002
6868,0.354899,0.555376
6869,0.396037,0.522107
6870,0.360598,0.472292
6871,0.341031,0.504884
6872,0.380635,0.476442
6873,0.435389,0.527206
6874,0.397995,0.479971
6875,0.444995,0.523132
6876,0.485769,0.559573
6877,0.520599,0.590067
6878,0.562571,0.542480
6879,0.597579,0.501377
6880,0.625711,0.541258
6881,0.653867,0.500331
6882,0.608251,0.460233
6883,0.559879,0.500995
6884,0.518485,0.460794
6885,0.557810,0.426385
6886,0.515714,0.466656
6887,0.554503,0.511967
6888,0.512869,0.546481
6889,0.471544,0.501065
6890,0.436290,0.537279
6891,0.480715,0.575328
6892,0.445764,0.531703
6893,0.416459,0.494210
6894,0.381042,0.537235
6895,0.422929,0.569623
6896,0.386382,0.605117
6897,0.362589,0.562515
6898,0.402956,0.589720
6899,0.366368,0.625666
6900,0.406297,0.647573
6901,0.441262,0.665722
6902,0.471462,0.680774
6903,0.524821,0.626095
6904,0.550543,0.647927
6905,0.497711,0.676596
6906,0.452796,0.699973
6907,0.489360,0.716557
6908,0.520545,0.730209
6909,0.472103,0.748067
6910,0.505864,0.758840
6911,0.534531,0.767747
6912,0.504985,0.725992
6913,0.529365,0.734248
6914,0.578580,0.679594
6915,0.619258,0.628825
6916,0.566947,0.654554
6917,0.601913,0.610188
6918,0.629249,0.642387
6919,0.657331,0.599344
6920,0.680374,0.561481
6921,0.632729,0.510579
6922,0.655243,0.552332
6923,0.604835,0.583212
6924,0.633170,0.544528
6925,0.586132,0.496395
6926,0.540900,0.530343
6927,0.576283,0.571443
6928,0.608109,0.532212
6929,0.636778,0.573004
6930,0.592296,0.527391
6931,0.544183,0.562888
6932,0.576974,0.597058
6933,0.530851,0.625968
6934,0.491195,0.649863
6935,0.457554,0.669603
6936,0.503771,0.695439
6937,0.543036,0.716478
6938,0.503206,0.668591
6939,0.544144,0.619635
6940,0.502725,0.644866
6941,0.537549,0.602238
6942,0.492282,0.551582
6943,0.528711,0.513142
6944,0.568015,0.555092
6945,0.600781,0.590166
6946,0.627953,0.619288
6947,0.585990,0.576874
6948,0.621940,0.528357
6949,0.644581,0.561341
6950,0.673294,0.514921
6951,0.629895,0.477419
6952,0.649001,0.512684
6953,0.611115,0.480802
6954,0.648795,0.436134
6955,0.610932,0.409676
6956,0.648646,0.373242
6957,0.664530,0.413768
6958,0.677746,0.449182
6959,0.641301,0.426499
6960,0.608964,0.407455
6961,0.580692,0.391481
6962,0.556228,0.378082
6963,0.535213,0.366836
6964,0.547850,0.395789
6965,0.603465,0.350080
6966,0.540707,0.411060
6967,0.514230,0.391896
6968,0.491655,0.375862
6969,0.472490,0.362443
6970,0.492907,0.393869
6971,0.435643,0.455106
6972,0.388225,0.508325
6973,0.372844,0.478678
6974,0.431557,0.432492
6975,0.409110,0.407928
6976,0.441722,0.442521
6977,0.469855,0.472383
6978,0.493927,0.497931
6979,0.549186,0.444896
6980,0.569387,0.474423
6981,0.512254,0.527941
6982,0.484367,0.498505
6983,0.435774,0.548309
6984,0.395383,0.589932
6985,0.433843,0.614144
6986,0.467192,0.634294
6987,0.495783,0.651062
6988,0.472102,0.614929
6989,0.452067,0.583168
6990,0.435156,0.555606
6991,0.459222,0.570875
6992,0.479834,0.583750
6993,0.540175,0.520747
6994,0.557592,0.541444
6995,0.607518,0.484208
6996,0.577266,0.460392
6997,0.517832,0.514994
6998,0.491207,0.486488
6999,0.515159,0.512746
7000,0.460608,0.563173
7001,0.489087,0.585003
7002,0.466498,0.553776
7003,0.490724,0.572447
7004,0.511354,0.588159
7005,0.454025,0.633687
7006,0.406178,0.670626
7007,0.366828,0.700468
7008,0.334700,0.724572
7009,0.375901,0.735381
7010,0.342096,0.754391
7011,0.382511,0.762925
7012,0.418216,0.770016
7013,0.473258,0.719520
7014,0.504854,0.734136
7015,0.456839,0.750404
7016,0.490829,0.761941
7017,0.463288,0.718221
7018,0.514753,0.665711
7019,0.543627,0.685479
7020,0.567950,0.701772
7021,0.610333,0.650430
7022,0.630059,0.672901
7023,0.575337,0.695888
7024,0.611257,0.648655
7025,0.569349,0.599558
7026,0.532902,0.556146
7027,0.576035,0.510768
7028,0.538678,0.472953
7029,0.506564,0.441036
7030,0.479213,0.414273
7031,0.456056,0.391911
7032,0.436516,0.373249
7033,0.389409,0.429113
7034,0.350894,0.478124
7035,0.335742,0.445385
7036,0.372188,0.481402
7037,0.404372,0.512185
7038,0.432403,0.538286
7039,0.492703,0.485614
7040,0.442445,0.532561
7041,0.419504,0.497555
7042,0.378350,0.542657
7043,0.359833,0.506185
7044,0.396020,0.536283
7045,0.427719,0.561668
7046,0.411259,0.530855
7047,0.366447,0.578807
7048,0.330062,0.618463
7049,0.300639,0.650994
7050,0.276846,0.677593
7051,0.257563,0.699340
7052,0.241878,0.717150
7053,0.229066,0.731775
7054,0.274066,0.748535
7055,0.324854,0.703684
7056,0.370989,0.725693
7057,0.412185,0.743580
7058,0.448222,0.758170
7059,0.405443,0.769406
7060,0.370151,0.778665
7061,0.411445,0.789883
7062,0.462114,0.746604
7063,0.498926,0.763776
7064,0.542631,0.721611
7065,0.499087,0.730561
7066,0.536920,0.752054
7067,0.499224,0.700116
7068,0.531398,0.719737
7069,0.573798,0.673524
7070,0.609028,0.631354
7071,0.634775,0.663696
7072,0.656077,0.690044
7073,0.683487,0.646288
7074,0.700353,0.675865
7075,0.721993,0.633461
7076,0.677859,0.580447
7077,0.637630,0.533822
7078,0.653023,0.568545
7079,0.685751,0.523801
7080,0.712202,0.485436
7081,0.671066,0.445464
7082,0.633877,0.412013
7083,0.670264,0.380798
7084,0.633160,0.353817
7085,0.600309,0.331586
7086,0.643035,0.307474
7087,0.608998,0.289900
7088,0.579193,0.275441
7089,0.553388,0.263508
7090,0.531219,0.253629
7091,0.470587,0.305095
7092,0.451722,0.287946
7093,0.401284,0.337316
7094,0.359955,0.382325
7095,0.395396,0.431929
7096,0.355158,0.473092
7097,0.322472,0.508393
7098,0.362039,0.551918
7099,0.397233,0.588325
7100,0.356654,0.617077
7101,0.392483,0.646454
7102,0.352787,0.669425
7103,0.320549,0.688340
7104,0.360310,0.710898
7105,0.395709,0.729289
7106,0.426700,0.744331
7107,0.485037,0.697315
7108,0.512240,0.718210
7109,0.460454,0.732896
7110,0.510405,0.688959
7111,0.552739,0.648686
7112,0.508844,0.662838
7113,0.546236,0.694508
7114,0.503263,0.705697
7115,0.539332,0.667763
7116,0.577152,0.700163
7117,0.608621,0.726226
7118,0.637477,0.686525
7119,0.591194,0.629303
7120,0.617692,0.660682
7121,0.568074,0.679144
7122,0.598470,0.703993
7123,0.630159,0.660483
7124,0.585800,0.607407
7125,0.611343,0.637754
7126,0.644428,0.592776
7127,0.664858,0.625697
7128,0.691137,0.582099
7129,0.707291,0.616887
7130,0.720626,0.645558
7131,0.740761,0.599720
7132,0.757116,0.559300
7133,0.770455,0.524291
7134,0.780124,0.568889
7135,0.790717,0.532551
7136,0.745818,0.558659
7137,0.696326,0.506314
7138,0.714016,0.549924
7139,0.728555,0.586425
7140,0.746063,0.543818
7141,0.698299,0.573666
7142,0.718387,0.610488
7143,0.671136,0.562743
7144,0.628002,0.521187
7145,0.659806,0.478627
7146,0.617841,0.443265
7147,0.565390,0.487767
7148,0.600688,0.451718
7149,0.555670,0.489601
7150,0.590635,0.533780
7151,0.547374,0.491161
7152,0.584196,0.453888
7153,0.541773,0.418227
7154,0.571756,0.460774
7155,0.535530,0.430319
7156,0.504425,0.404832
7157,0.477950,0.383558
7158,0.429240,0.437773
7159,0.462037,0.474198
7160,0.415990,0.521817
7161,0.377940,0.562018
7162,0.428403,0.518548
7163,0.469150,0.556104
7164,0.504133,0.587547
7165,0.473768,0.547744
7166,0.448101,0.513404
7167,0.403893,0.558823
7168,0.382939,0.522916
7169,0.365460,0.492194
7170,0.350874,0.466117
7171,0.408751,0.419082
7172,0.372170,0.471187
7173,0.422196,0.431052
7174,0.390674,0.475501
7175,0.364568,0.513620
7176,0.413374,0.553949
7177,0.456284,0.587699
7178,0.419020,0.618725
7179,0.461189,0.645952
7180,0.505556,0.598897
7181,0.541846,0.629602
7182,0.572362,0.654913
7183,0.524145,0.679382
7184,0.561628,0.632882
7185,0.519045,0.583776
7186,0.482607,0.540644
7187,0.516191,0.571396
7188,0.485214,0.534568
7189,0.533819,0.486108
7190,0.562106,0.519853
7191,0.585843,0.548406
7192,0.532289,0.590863
7193,0.573167,0.541181
7194,0.533803,0.503101
7195,0.487645,0.545527
7196,0.453907,0.506823
7197,0.489497,0.538728
7198,0.519847,0.565610
7199,0.545538,0.588166
7200,0.492602,0.628169
7201,0.538737,0.575159
7202,0.568282,0.602217
7203,0.593026,0.624742
7204,0.630326,0.572115
7205,0.650222,0.599680
7206,0.611489,0.561416
7207,0.628786,0.585043
7208,0.664974,0.531364
7209,0.694297,0.485108
7210,0.641690,0.526669
7211,0.667576,0.487341
7212,0.621188,0.447880
7213,0.643974,0.489239
7214,0.592909,0.530499
7215,0.550764,0.490642
7216,0.588398,0.451113
7217,0.546836,0.417798
7218,0.500936,0.463287
7219,0.536737,0.504488
7220,0.492292,0.543626
7221,0.529422,0.578169
7222,0.568023,0.533580
7223,0.525016,0.566595
7224,0.483187,0.520339
7225,0.522587,0.481952
7226,0.560407,0.524279
7227,0.592029,0.560009
7228,0.623960,0.515895
7229,0.579402,0.476273
7230,0.613526,0.438824
7231,0.641694,0.407515
7232,0.595127,0.375417
7233,0.548674,0.419793
7234,0.582710,0.466876
7235,0.614441,0.432810
7236,0.640678,0.404332
7237,0.592366,0.370555
7238,0.549806,0.342794
7239,0.587126,0.320743
7240,0.545245,0.298754
7241,0.499820,0.345092
7242,0.461183,0.386983
7243,0.428685,0.423983
7244,0.401527,0.456136
7245,0.367226,0.409761
7246,0.409167,0.389475
7247,0.445915,0.372524
7248,0.422554,0.405622
7249,0.453978,0.390980
7250,0.407073,0.348695
7251,0.460850,0.406920
7252,0.432751,0.442490
7253,0.409196,0.473211
7254,0.442742,0.451057
7255,0.496951,0.506955
7256,0.451272,0.458361
7257,0.497408,0.505912
7258,0.461830,0.539443
7259,0.497797,0.505025
7260,0.467538,0.533546
7261,0.516727,0.578614
7262,0.472396,0.528526
7263,0.439521,0.560156
7264,0.402767,0.512554
7265,0.372347,0.471879
7266,0.417060,0.510672
7267,0.464102,0.468715
7268,0.430093,0.434452
7269,0.395976,0.479672
7270,0.439810,0.518953
7271,0.404042,0.557457
7272,0.374405,0.589669
7273,0.420829,0.621571
7274,0.392609,0.576448
7275,0.441321,0.530409
7276,0.482281,0.565454
7277,0.450059,0.525857
7278,0.484937,0.555725
7279,0.440007,0.595799
7280,0.476301,0.620167
7281,0.448938,0.581709
7282,0.500364,0.529146
7283,0.456555,0.569626
7284,0.494115,0.598498
7285,0.537906,0.549899
7286,0.500263,0.509831
7287,0.457385,0.550461
7288,0.421405,0.584496
7289,0.391449,0.612818
7290,0.438610,0.643381
7291,0.407324,0.596355
7292,0.454120,0.550220
7293,0.495304,0.584465
7294,0.460971,0.542727
7295,0.506641,0.497490
7296,0.466807,0.536342
7297,0.431087,0.494486
7298,0.474970,0.456059
7299,0.516043,0.498187
7300,0.553501,0.459183
7301,0.587724,0.500861
7302,0.616174,0.536301
7303,0.645972,0.491544
7304,0.601139,0.456024
7305,0.561616,0.426166
7306,0.512168,0.474898
7307,0.544754,0.511777
7308,0.584525,0.468188
7309,0.544626,0.435375
7310,0.584418,0.399318
7311,0.611146,0.441665
7312,0.633357,0.478365
7313,0.651805,0.509761
7314,0.614117,0.481607
7315,0.557972,0.532614
7316,0.597474,0.484364
7317,0.557905,0.452901
7318,0.523663,0.426441
7319,0.494368,0.404270
7320,0.469489,0.385723
7321,0.420883,0.442430
7322,0.380703,0.491905
7323,0.360942,0.459265
7324,0.328809,0.506354
7325,0.302687,0.546324
7326,0.281437,0.579855
7327,0.326351,0.612529
7328,0.378306,0.567918
7329,0.421644,0.602636
7330,0.395982,0.557830
7331,0.433245,0.587585
7332,0.485280,0.539264
7333,0.517910,0.572060
7334,0.562161,0.525779
7335,0.599039,0.486057
7336,0.629544,0.452412
7337,0.655034,0.498549
7338,0.610811,0.459516
7339,0.571697,0.426706
7340,0.610906,0.392230
7341,0.571781,0.365630
7342,0.520852,0.414083
7343,0.551972,0.458010
7344,0.578117,0.495896
7345,0.526349,0.539144
7346,0.556600,0.571028
7347,0.581996,0.597684
7348,0.620876,0.547143
7349,0.582056,0.509111
7350,0.620926,0.465247
7351,0.652807,0.428354
7352,0.603353,0.470447
7353,0.631042,0.438985
7354,0.583300,0.401169
7355,0.538967,0.442107
7356,0.575190,0.489874
7357,0.606532,0.455811
7358,0.560454,0.417163
7359,0.516955,0.458082
7360,0.479751,0.493337
7361,0.439712,0.448570
7362,0.482786,0.494337
7363,0.448686,0.456241
7364,0.420063,0.424241
7365,0.396141,0.397520
7366,0.360282,0.447775
7367,0.330965,0.491390
7368,0.374244,0.530409
7369,0.412716,0.563303
7370,0.465817,0.516857
7371,0.500041,0.551911
7372,0.529143,0.581321
7373,0.478953,0.617072
7374,0.524779,0.569293
7375,0.488781,0.526367
7376,0.446288,0.564188
7377,0.410751,0.595775
7378,0.454064,0.627019
7379,0.417230,0.652423
7380,0.459697,0.677331
7381,0.496285,0.697745
7382,0.465722,0.652558
7383,0.514639,0.601350
7384,0.545690,0.628262
7385,0.586566,0.579663
7386,0.538867,0.609700
7387,0.497719,0.634603
7388,0.458201,0.584697
7389,0.425001,0.540820
7390,0.464448,0.572185
7391,0.510764,0.524688
7392,0.469767,0.561476
7393,0.509150,0.520989
7394,0.474293,0.552328
7395,0.444847,0.578653
7396,0.404324,0.527058
7397,0.453067,0.567009
7398,0.492661,0.526671
7399,0.526408,0.492086
7400,0.554916,0.462735
7401,0.504539,0.418993
7402,0.536464,0.394858
7403,0.488723,0.359422
7404,0.456163,0.399831
7405,0.490414,0.379613
7406,0.519611,0.362747
7407,0.491852,0.397112
7408,0.543138,0.455383
7409,0.567656,0.431396
7410,0.588243,0.411253
7411,0.557605,0.441585
7412,0.531205,0.467723
7413,0.582850,0.525098
7414,0.526533,0.472554
7415,0.552857,0.446556
7416,0.575008,0.424680
7417,0.593605,0.406311
7418,0.535933,0.363998
7419,0.486080,0.329589
7420,0.455712,0.368365
7421,0.488167,0.353535
7422,0.462328,0.387377
7423,0.440517,0.417038
7424,0.422153,0.442740
7425,0.449373,0.429301
7426,0.433681,0.451270
7427,0.494763,0.514497
7428,0.518286,0.493379
7429,0.495549,0.512323
7430,0.476233,0.528400
7431,0.534725,0.584654
7432,0.479793,0.524147
7433,0.529529,0.572148
7434,0.557559,0.538793
7435,0.581106,0.510153
7436,0.527213,0.458139
7437,0.494555,0.488745
7438,0.541674,0.539253
7439,0.569910,0.507336
7440,0.535446,0.533384
7441,0.580172,0.580529
7442,0.617209,0.619511
7443,0.568310,0.568615
7444,0.600143,0.602131
7445,0.558164,0.558425
7446,0.595613,0.513047
7447,0.626610,0.474275
7448,0.652294,0.516269
7449,0.608270,0.478129
7450,0.630594,0.513830
7451,0.662407,0.469234
7452,0.620676,0.437094
7453,0.567813,0.484193
7454,0.595408,0.521232
7455,0.545571,0.561250
7456,0.581373,0.518050
7457,0.611915,0.555848
7458,0.569338,0.515345
7459,0.532296,0.480736
7460,0.574943,0.438362
7461,0.601078,0.476786
7462,0.563834,0.447534
7463,0.512114,0.497325
7464,0.554342,0.455358
7465,0.589652,0.420155
7466,0.546163,0.388841
7467,0.502037,0.434693
7468,0.539336,0.478923
7469,0.501731,0.444401
7470,0.469735,0.415460
7471,0.517463,0.379935
7472,0.474266,0.427949
7473,0.514845,0.397391
7474,0.474387,0.366633
7475,0.440239,0.341306
7476,0.404401,0.388969
7477,0.447176,0.435645
7478,0.418463,0.405186
7479,0.394475,0.379849
7480,0.446933,0.348346
7481,0.483941,0.391259
7482,0.515554,0.429137
7483,0.542337,0.462017
7484,0.587320,0.416041
7485,0.536010,0.467697
7486,0.499991,0.437532
7487,0.544206,0.398916
7488,0.507003,0.374372
7489,0.475302,0.354000
7490,0.448503,0.337088
7491,0.405153,0.391771
7492,0.383265,0.368440
7493,0.348319,0.419921
7494,0.319831,0.465143
7495,0.303123,0.429540
7496,0.344938,0.470358
7497,0.330130,0.439998
7498,0.317801,0.414532
7499,0.307517,0.393233
7500,0.365301,0.355838
7501,0.417753,0.325360
7502,0.384719,0.376495
7503,0.358426,0.351289
7504,0.332005,0.399880
7505,0.378746,0.372532
7506,0.426961,0.420806
7507,0.395622,0.464270
7508,0.369632,0.501673
7509,0.348112,0.533467
7510,0.330292,0.560290
7511,0.369760,0.528459
7512,0.425354,0.575624
7513,0.474202,0.614692
7514,0.516152,0.646796
7515,0.552854,0.604012
7516,0.509411,0.553356
7517,0.472346,0.509365
7518,0.433398,0.546665
7519,0.400909,0.577980
7520,0.446380,0.612807
7521,0.411712,0.638143
7522,0.455806,0.666024
7523,0.493867,0.688852
7524,0.462408,0.642612
7525,0.494787,0.662743
7526,0.468030,0.622156
7527,0.445424,0.586230
7528,0.399189,0.627297
7529,0.361222,0.660840
7530,0.413984,0.608865
7531,0.453992,0.634535
7532,0.426684,0.592947
7533,0.460862,0.615138
7534,0.490218,0.633635
7535,0.541568,0.578079
7536,0.510393,0.541322
7537,0.558546,0.491915
7538,0.524953,0.460288
7539,0.570730,0.418851
7540,0.595057,0.457465
7541,0.560232,0.430854
7542,0.530144,0.408539
7543,0.578726,0.368976
7544,0.599315,0.406555
7545,0.567072,0.387906
7546,0.612330,0.349442
7547,0.557106,0.404270
7548,0.595934,0.370921
7549,0.621287,0.413929
7550,0.642333,0.451576
7551,0.603665,0.426637
7552,0.569725,0.405723
7553,0.588471,0.437517
7554,0.559373,0.419598
7555,0.575420,0.446812
7556,0.588937,0.470203
7557,0.526677,0.529584
7558,0.575820,0.474665
7559,0.543549,0.450340
7560,0.489949,0.504378
7561,0.519283,0.532603
7562,0.469275,0.578078
7563,0.516393,0.527723
7564,0.481496,0.491914
7565,0.439241,0.536386
7566,0.484269,0.493127
7567,0.448284,0.530944
7568,0.486628,0.494158
7569,0.530844,0.537783
7570,0.488633,0.495034
7571,0.527688,0.457282
7572,0.490337,0.495779
7573,0.523541,0.463665
7574,0.476815,0.422053
7575,0.445246,0.460633
7576,0.406395,0.419526
7577,0.380621,0.458445
7578,0.420175,0.431432
7579,0.454645,0.408781
7580,0.410280,0.369442
7581,0.446070,0.351226
7582,0.423508,0.388311
7583,0.454110,0.372477
7584,0.480406,0.359228
7585,0.428346,0.322269
7586,0.458281,0.311759
7587,0.513668,0.369777
7588,0.539375,0.351319
7589,0.511619,0.388601
7590,0.562630,0.444910
7591,0.531557,0.478709
7592,0.579268,0.527953
7593,0.526834,0.481899
7594,0.567536,0.523767
7595,0.601451,0.559117
7596,0.557503,0.520206
7597,0.593300,0.475505
7598,0.622982,0.437788
7599,0.576431,0.405320
7600,0.605131,0.447044
7601,0.565107,0.419252
7602,0.603887,0.382080
7603,0.635872,0.351516
7604,0.658909,0.395492
7605,0.616299,0.372730
7606,0.649534,0.340596
7607,0.668806,0.382313
7608,0.616737,0.434984
7609,0.570210,0.480990
7610,0.529628,0.520381
7611,0.569351,0.558563
7612,0.528885,0.591298
7613,0.484336,0.545681
7614,0.521418,0.503483
7615,0.486684,0.538859
7616,0.457248,0.568637
7617,0.432451,0.593572
7618,0.390380,0.541366
7619,0.370265,0.570740
7620,0.336516,0.521498
7621,0.389024,0.560241
7622,0.363989,0.592217
7623,0.405234,0.551274
7624,0.456515,0.589911
7625,0.500887,0.621921
7626,0.538619,0.648330
7627,0.570364,0.670092
7628,0.596910,0.688038
7629,0.632007,0.636677
7630,0.660794,0.590366
7631,0.681291,0.622296
7632,0.704081,0.577633
7633,0.658775,0.531063
7634,0.685727,0.491527
7635,0.636259,0.526413
7636,0.659975,0.492797
7637,0.611020,0.447664
7638,0.567524,0.409939
7639,0.520953,0.451352
7640,0.555804,0.497604
7641,0.517813,0.458613
7642,0.560045,0.423567
7643,0.589183,0.467786
7644,0.551106,0.434890
7645,0.576031,0.472607
7646,0.596922,0.504932
7647,0.636574,0.457534
7648,0.668900,0.417808
7649,0.684914,0.457837
7650,0.631509,0.504497
7651,0.589036,0.469283
7652,0.539391,0.514275
7653,0.575904,0.473881
7654,0.532918,0.437466
7655,0.495965,0.407019
7656,0.527991,0.446769
7657,0.496570,0.420711
7658,0.523800,0.454706
7659,0.571589,0.409939
7660,0.538038,0.388310
7661,0.509233,0.370261
7662,0.532350,0.404618
7663,0.507849,0.389020
7664,0.561670,0.347891
7665,0.532954,0.335432
7666,0.582601,0.302785
7667,0.623562,0.276503
7668,0.570390,0.329828
7669,0.532203,0.311314
7670,0.485235,0.362101
7671,0.445485,0.407892
7672,0.412216,0.448149
7673,0.380815,0.408953
7674,0.354874,0.376502
7675,0.328897,0.420645
7676,0.307603,0.459222
7677,0.352926,0.432390
7678,0.393691,0.409884
7679,0.446389,0.464328
7680,0.417949,0.497556
7681,0.394188,0.525828
7682,0.374374,0.549736
7683,0.429303,0.595775
7684,0.392581,0.542315
7685,0.362279,0.496043
7686,0.337345,0.456734
7687,0.314177,0.498121
7688,0.294448,0.458488
7689,0.276165,0.499622
7690,0.261189,0.534613
7691,0.309042,0.574129
7692,0.292385,0.529434
7693,0.335389,0.563138
7694,0.307044,0.598733
7695,0.292904,0.555898
7696,0.333615,0.584230
7697,0.321012,0.547568
7698,0.291502,0.589993
7699,0.345980,0.540467
7700,0.326707,0.502337
7701,0.301273,0.544730
7702,0.344873,0.576383
7703,0.384143,0.602815
7704,0.348011,0.636858
7705,0.386934,0.658052
7706,0.421216,0.675588
7707,0.378314,0.701915
7708,0.413674,0.715761
7709,0.444462,0.727221
7710,0.426418,0.686757
7711,0.485286,0.630295
7712,0.511996,0.650148
7713,0.534652,0.666627
7714,0.510197,0.628722
7715,0.489368,0.595185
7716,0.508668,0.610099
7717,0.565581,0.550000
7718,0.539577,0.520131
7719,0.517297,0.494621
7720,0.533660,0.517114
7721,0.547513,0.536183
7722,0.528623,0.514548
7723,0.465563,0.570638
7724,0.449528,0.544075
7725,0.397170,0.595131
7726,0.354398,0.637010
7727,0.319759,0.671069
7728,0.375241,0.617287
7729,0.415409,0.640681
7730,0.450483,0.660058
7731,0.427906,0.620477
7732,0.457872,0.637382
7733,0.483594,0.651491
7734,0.505532,0.663279
7735,0.449359,0.696727
7736,0.476306,0.706045
7737,0.531764,0.648868
7738,0.578346,0.596575
7739,0.616906,0.550276
7740,0.577572,0.508132
7741,0.543325,0.472195
7742,0.491474,0.516588
7743,0.461993,0.479370
7744,0.511796,0.439404
7745,0.467676,0.482462
7746,0.430541,0.519292
7747,0.399563,0.550449
7748,0.373839,0.576635
7749,0.423602,0.615884
7750,0.467199,0.648119
7751,0.504682,0.674509
7752,0.536517,0.696109
7753,0.563355,0.713817
7754,0.585886,0.728373
7755,0.531295,0.745906
7756,0.484244,0.760211
7757,0.451786,0.714886
7758,0.412512,0.734937
7759,0.379964,0.751255
7760,0.353110,0.764587
7761,0.400415,0.775481
7762,0.374119,0.731313
7763,0.423405,0.679961
7764,0.392361,0.700798
7765,0.434752,0.654879
7766,0.397998,0.604305
7767,0.439685,0.560815
7768,0.402088,0.514975
7769,0.443257,0.476966
7770,0.490687,0.519615
7771,0.526535,0.480907
7772,0.566683,0.522964
7773,0.596356,0.483756
7774,0.548343,0.444760
7775,0.581054,0.412110
7776,0.608320,0.384942
7777,0.630984,0.362393
7778,0.578884,0.332183
7779,0.538914,0.374803
7780,0.492617,0.342313
7781,0.458242,0.383873
7782,0.429320,0.420613
7783,0.391191,0.379822
7784,0.367738,0.417062
7785,0.419065,0.470843
7786,0.386833,0.429322
7787,0.431037,0.475209
7788,0.396026,0.514514
7789,0.367067,0.547802
7790,0.413583,0.586463
7791,0.454410,0.618526
7792,0.489623,0.645001
7793,0.536077,0.597222
7794,0.565795,0.627418
7795,0.590696,0.652335
7796,0.628318,0.603784
7797,0.648355,0.632837
7798,0.678362,0.586395
7799,0.694246,0.618470
7800,0.653468,0.573641
7801,0.616909,0.534528
7802,0.584740,0.500926
7803,0.556804,0.472346
7804,0.532766,0.448187
7805,0.512208,0.427838
7806,0.453030,0.484766
7807,0.510378,0.438544
7808,0.484249,0.412943
7809,0.536962,0.375190
7810,0.581172,0.344233
7811,0.544913,0.324425
7812,0.494613,0.375385
7813,0.463345,0.350122
7814,0.495421,0.393457
7815,0.447930,0.443806
7816,0.496108,0.409052
7817,0.462291,0.379453
7818,0.433805,0.354972
7819,0.483935,0.327814
7820,0.452016,0.308388
7821,0.425182,0.292389
7822,0.402708,0.279181
7823,0.364403,0.331027
7824,0.346363,0.311031
7825,0.331367,0.294568
7826,0.301576,0.345338
7827,0.355097,0.322501
7828,0.397993,0.370609
7829,0.435759,0.413670
7830,0.412956,0.389322
7831,0.372938,0.441195
7832,0.410397,0.479352
7833,0.391339,0.449951
7834,0.423609,0.482446
7835,0.407228,0.457419
7836,0.363136,0.510959
7837,0.327355,0.556319
7838,0.364750,0.583526
7839,0.328661,0.620649
7840,0.384241,0.571182
7841,0.434055,0.527945
7842,0.474809,0.565455
7843,0.509738,0.596777
7844,0.539366,0.622804
7845,0.564341,0.644389
7846,0.606858,0.592308
7847,0.554774,0.623703
7848,0.591218,0.578712
7849,0.548763,0.532330
7850,0.586216,0.492467
7851,0.614513,0.533494
7852,0.644762,0.493460
7853,0.669604,0.459477
7854,0.624028,0.494441
7855,0.654057,0.540392
7856,0.606035,0.495275
7857,0.560054,0.531807
7858,0.516513,0.487942
7859,0.554054,0.452219
7860,0.514037,0.489750
7861,0.479860,0.521759
7862,0.450945,0.548837
7863,0.426617,0.571635
7864,0.406209,0.590781
7865,0.462309,0.633032
7866,0.510814,0.667432
7867,0.477124,0.682104
7868,0.509193,0.643848
7869,0.480552,0.656772
7870,0.507814,0.623232
7871,0.530957,0.593748
7872,0.580924,0.639743
7873,0.622169,0.676952
7874,0.585437,0.687426
7875,0.625871,0.716838
7876,0.572819,0.661479
7877,0.607631,0.687725
7878,0.633987,0.643634
7879,0.655782,0.604103
7880,0.682862,0.640906
7881,0.704953,0.670953
7882,0.721499,0.628484
7883,0.735107,0.590723
7884,0.746334,0.557743
7885,0.755626,0.529291
7886,0.704971,0.474324
7887,0.659152,0.502531
7888,0.677088,0.478170
7889,0.624617,0.427663
7890,0.581603,0.458891
7891,0.533154,0.411634
7892,0.494989,0.445034
7893,0.453358,0.400168
7894,0.418456,0.363275
7895,0.387213,0.402725
7896,0.361356,0.437299
7897,0.339986,0.467188
7898,0.322316,0.492789
7899,0.307684,0.514585
7900,0.282585,0.458217
7901,0.271045,0.485125
7902,0.323370,0.539320
7903,0.371689,0.584716
7904,0.418830,0.549595
7905,0.390257,0.572201
7906,0.438540,0.615190
7907,0.480186,0.579512
7908,0.522479,0.621195
7909,0.557889,0.584773
7910,0.593024,0.625511
7911,0.621920,0.588561
7912,0.645828,0.556331
7913,0.665598,0.528546
7914,0.624956,0.547938
7915,0.642238,0.524272
7916,0.675692,0.578413
7917,0.689402,0.550451
7918,0.651113,0.566804
7919,0.593325,0.506300
7920,0.557333,0.529496
7921,0.505267,0.474299
7922,0.548793,0.525080
7923,0.585238,0.567880
7924,0.614537,0.529987
7925,0.643976,0.571982
7926,0.667403,0.533528
7927,0.623344,0.561302
7928,0.643822,0.528511
7929,0.660828,0.500432
7930,0.674965,0.476555
7931,0.618907,0.425916
7932,0.640139,0.406182
7933,0.670881,0.462863
7934,0.629005,0.494299
7935,0.661808,0.543267
7936,0.688531,0.584278
7937,0.710307,0.618265
7938,0.728089,0.646284
7939,0.681862,0.601055
7940,0.639485,0.561169
7941,0.601639,0.526612
7942,0.546654,0.571530
7943,0.573414,0.596419
7944,0.612798,0.544301
7945,0.562527,0.582242
7946,0.596337,0.537683
7947,0.624385,0.499300
7948,0.652873,0.541518
7949,0.607462,0.573861
7950,0.631100,0.535313
7951,0.579855,0.488246
7952,0.608171,0.455186
7953,0.631689,0.427381
7954,0.580379,0.388701
7955,0.539554,0.428255
7956,0.568487,0.404955
7957,0.533640,0.438900
7958,0.503747,0.468223
7959,0.453770,0.419047
7960,0.503185,0.472979
7961,0.470335,0.505579
7962,0.502707,0.477026
7963,0.474777,0.504742
7964,0.502301,0.480468
7965,0.450874,0.429504
7966,0.427471,0.460401
7967,0.407827,0.486915
7968,0.438230,0.466321
7969,0.495747,0.523707
7970,0.447421,0.471361
7971,0.480992,0.445385
7972,0.435046,0.401918
7973,0.470351,0.380734
7974,0.444702,0.416330
7975,0.497510,0.471663
7976,0.542487,0.519305
7977,0.497884,0.475906
7978,0.461279,0.513971
7979,0.423799,0.471380
7980,0.465954,0.437212
7981,0.435089,0.475665
7982,0.409235,0.508598
7983,0.460771,0.554087
7984,0.496985,0.518137
7985,0.452975,0.471186
7986,0.497438,0.515418
7987,0.460432,0.550310
7988,0.423429,0.505280
7989,0.392978,0.541763
7990,0.362991,0.497953
7991,0.338588,0.535571
7992,0.386820,0.572740
7993,0.358210,0.603758
7994,0.403334,0.561951
7995,0.370802,0.514490
7996,0.417546,0.552733
7997,0.462704,0.510600
7998,0.501605,0.474643
7999,0.468282,0.509010
8000,0.426892,0.463308
8001,0.465824,0.433064
8002,0.424840,0.395326
8003,0.397384,0.436040
8004,0.435980,0.410662
8005,0.469428,0.389452
8006,0.520271,0.444050
8007,0.488544,0.479469
8008,0.536497,0.527216
8009,0.490262,0.482546
8010,0.531038,0.523140
8011,0.490773,0.559869
8012,0.456622,0.590597
8013,0.502392,0.623525
8014,0.463103,0.577244
8015,0.504583,0.532169
8016,0.468622,0.565804
8017,0.429371,0.520054
8018,0.473319,0.556023
8019,0.439854,0.517049
8020,0.477315,0.547675
8021,0.509376,0.573436
8022,0.536577,0.595029
8023,0.484823,0.634484
8024,0.515763,0.651826
8025,0.541976,0.666259
8026,0.513400,0.630186
8027,0.563684,0.571413
8028,0.585543,0.593639
8029,0.626611,0.539103
8030,0.644221,0.566547
8031,0.608271,0.533256
8032,0.550991,0.579044
8033,0.518502,0.544044
8034,0.543384,0.567344
8035,0.489730,0.610672
8036,0.519019,0.629569
8037,0.543820,0.645328
8038,0.590177,0.588200
8039,0.628390,0.537629
8040,0.647939,0.568549
8041,0.609811,0.532002
8042,0.576291,0.500648
8043,0.547223,0.473984
8044,0.596057,0.426096
8045,0.564323,0.404070
8046,0.507675,0.458679
8047,0.479990,0.431381
8048,0.431949,0.482459
8049,0.465393,0.516298
8050,0.494079,0.544956
8051,0.545411,0.494536
8052,0.514272,0.463382
8053,0.463770,0.511777
8054,0.512132,0.468859
8055,0.469189,0.510011
8056,0.510313,0.473521
8057,0.470339,0.433900
8058,0.511294,0.403690
8059,0.471170,0.371435
8060,0.434972,0.415416
8061,0.401762,0.381109
8062,0.444639,0.427911
8063,0.407829,0.472000
8064,0.449931,0.513292
8065,0.421406,0.476193
8066,0.471119,0.436643
8067,0.433041,0.479760
8068,0.401268,0.516673
8069,0.374887,0.547923
8070,0.415771,0.514174
8071,0.393025,0.540770
8072,0.374046,0.563201
8073,0.338627,0.507818
8074,0.323515,0.535396
8075,0.361466,0.506646
8076,0.418967,0.556910
8077,0.381389,0.505649
8078,0.359402,0.536800
8079,0.411414,0.579131
8080,0.384319,0.604762
8081,0.361832,0.626110
8082,0.401176,0.589414
8083,0.454548,0.629629
8084,0.489881,0.592509
8085,0.520006,0.560086
8086,0.566010,0.605539
8087,0.590990,0.571414
8088,0.538712,0.516072
8089,0.503212,0.543512
8090,0.547825,0.587748
8091,0.577110,0.551766
8092,0.601592,0.520733
8093,0.622013,0.494220
8094,0.639041,0.471703
8095,0.653247,0.452651
8096,0.595357,0.402199
8097,0.631426,0.459719
8098,0.660987,0.509534
8099,0.680830,0.476970
8100,0.697200,0.449432
8101,0.645415,0.406523
8102,0.668000,0.384020
8103,0.618769,0.349417
8104,0.574865,0.321186
8105,0.609810,0.303991
8106,0.566991,0.281693
8107,0.519874,0.325714
8108,0.557038,0.310953
8109,0.516895,0.350125
8110,0.482582,0.385116
8111,0.528366,0.443810
8112,0.566940,0.495033
8113,0.524118,0.452182
8114,0.556994,0.495778
8115,0.584563,0.532911
8116,0.534249,0.570930
8117,0.572070,0.527986
8118,0.530072,0.485703
8119,0.494011,0.449900
8120,0.525569,0.487847
8121,0.477451,0.532227
8122,0.511501,0.564310
8123,0.465516,0.601022
8124,0.509777,0.554747
8125,0.472475,0.512064
8126,0.433704,0.550428
8127,0.401356,0.582590
8128,0.374509,0.609397
8129,0.352274,0.631681
8130,0.392698,0.593405
8131,0.445789,0.632020
8132,0.417715,0.650526
8133,0.467682,0.681301
8134,0.504416,0.640470
8135,0.547349,0.673136
8136,0.503753,0.620293
8137,0.540280,0.648862
8138,0.571007,0.672344
8139,0.596710,0.691652
8140,0.618154,0.707556
8141,0.653171,0.656532
8142,0.613395,0.610880
8143,0.649289,0.562348
8144,0.678541,0.520097
8145,0.702360,0.483931
8146,0.718091,0.528142
8147,0.731058,0.565403
8148,0.749277,0.522732
8149,0.764104,0.486174
8150,0.776221,0.455199
8151,0.730865,0.488247
8152,0.680748,0.441702
8153,0.700919,0.415817
8154,0.717476,0.394169
8155,0.673471,0.428255
8156,0.620620,0.384793
8157,0.573267,0.349216
8158,0.531896,0.320224
8159,0.570878,0.303832
8160,0.527122,0.345285
8161,0.560359,0.330760
8162,0.523060,0.367291
8163,0.476574,0.330241
8164,0.437346,0.300304
8165,0.480084,0.354108
8166,0.521450,0.333380
8167,0.481653,0.307704
8168,0.447987,0.286769
8169,0.494030,0.271061
8170,0.458422,0.254556
8171,0.420603,0.300086
8172,0.391338,0.278191
8173,0.360717,0.322122
8174,0.405347,0.375091
8175,0.372253,0.417649
8176,0.345021,0.454842
8177,0.322641,0.486874
8178,0.367061,0.461587
8179,0.336808,0.414683
8180,0.379810,0.393920
8181,0.347231,0.355960
8182,0.328098,0.393957
8183,0.368991,0.376601
8184,0.405323,0.362091
8185,0.461062,0.420858
8186,0.493542,0.399089
8187,0.466885,0.432572
8188,0.444368,0.461538
8189,0.398251,0.412287
8190,0.360392,0.371723
8191,0.398807,0.354037
8192,0.360847,0.321670
8193,0.343244,0.361431
8194,0.397840,0.417221
8195,0.437444,0.393060
8196,0.398182,0.357998
8197,0.374301,0.398620
8198,0.354468,0.434307
8199,0.337992,0.465201
8200,0.375302,0.444071
8201,0.338222,0.396874
8202,0.324513,0.429650
8203,0.380906,0.486071
8204,0.431578,0.534367
8205,0.475852,0.574954
8206,0.441740,0.529225
8207,0.413159,0.489935
8208,0.462516,0.450037
8209,0.505094,0.416602
8210,0.468122,0.457492
8211,0.436952,0.492728
8212,0.472893,0.463844
8213,0.429161,0.419524
8214,0.392812,0.382819
8215,0.367610,0.423714
8216,0.417410,0.473534
8217,0.459809,0.441614
8218,0.429620,0.477498
8219,0.404355,0.508199
8220,0.383267,0.534255
8221,0.347681,0.481510
8222,0.330849,0.511614
8223,0.316872,0.537144
8224,0.305245,0.558698
8225,0.278290,0.502463
8226,0.332016,0.549957
8227,0.307887,0.502094
8228,0.290240,0.536205
8229,0.334364,0.501780
8230,0.318628,0.530789
8231,0.305568,0.555292
8232,0.360629,0.599844
8233,0.410575,0.636486
8234,0.453451,0.596806
8235,0.423762,0.616832
8236,0.472560,0.653248
8237,0.439791,0.669230
8238,0.402902,0.614284
8239,0.444712,0.574198
8240,0.491406,0.612443
8241,0.531246,0.643915
8242,0.492695,0.596031
8243,0.459976,0.553797
8244,0.432423,0.517252
8245,0.392606,0.560723
8246,0.359827,0.596980
8247,0.408319,0.551685
8248,0.378364,0.508490
8249,0.350856,0.546483
8250,0.328221,0.578374
8251,0.309585,0.604987
8252,0.360082,0.638460
8253,0.335870,0.589608
8254,0.380187,0.618547
8255,0.348711,0.647483
8256,0.322945,0.671265
8257,0.370283,0.626398
8258,0.342285,0.576110
8259,0.320527,0.605480
8260,0.302622,0.629868
8261,0.281173,0.579191
8262,0.267055,0.608041
8263,0.255414,0.631992
8264,0.238999,0.581080
8265,0.287112,0.612933
8266,0.269328,0.640636
8267,0.254770,0.663476
8268,0.240794,0.614062
8269,0.229289,0.641567
8270,0.219817,0.664244
8271,0.211990,0.682946
8272,0.205498,0.698394
8273,0.252431,0.721566
8274,0.238834,0.733746
8275,0.284658,0.752018
8276,0.335097,0.709044
8277,0.381484,0.732018
8278,0.422730,0.750617
8279,0.458681,0.765733
8280,0.434174,0.718416
8281,0.464857,0.732377
8282,0.518713,0.682719
8283,0.564199,0.636901
8284,0.602061,0.595859
8285,0.633328,0.559859
8286,0.657450,0.602308
8287,0.608632,0.623517
8288,0.635100,0.587303
8289,0.662696,0.628060
8290,0.685320,0.661351
8291,0.705584,0.620794
8292,0.658222,0.566828
8293,0.608956,0.593516
8294,0.636994,0.629153
8295,0.660124,0.658392
8296,0.685247,0.614094
8297,0.705788,0.574861
8298,0.658695,0.523700
8299,0.677818,0.563765
8300,0.636189,0.520149
8301,0.668564,0.479508
8302,0.627874,0.442393
8303,0.591774,0.411327
8304,0.536097,0.458483
8305,0.487996,0.499193
8306,0.455851,0.458970
8307,0.489796,0.499314
8308,0.443981,0.539961
8309,0.491327,0.499417
8310,0.456877,0.459131
8311,0.492627,0.499504
8312,0.523089,0.533848
8313,0.548856,0.562802
8314,0.593526,0.512983
8315,0.558158,0.478678
8316,0.601221,0.436385
8317,0.622139,0.474827
8318,0.656778,0.433160
8319,0.604402,0.478598
8320,0.562576,0.442789
8321,0.526286,0.412798
8322,0.569746,0.378629
8323,0.522349,0.425668
8324,0.559391,0.396262
8325,0.592917,0.444145
8326,0.623138,0.411649
8327,0.577059,0.379728
8328,0.536774,0.353379
8329,0.491027,0.401142
8330,0.456425,0.371048
8331,0.492373,0.415663
8332,0.537795,0.381886
8333,0.493517,0.428123
8334,0.457292,0.395015
8335,0.501307,0.366773
8336,0.463673,0.410393
8337,0.431990,0.448643
8338,0.405479,0.481659
8339,0.383365,0.509860
8340,0.364936,0.533789
8341,0.420453,0.582618
8342,0.469342,0.622922
8343,0.511404,0.655916
8344,0.547054,0.682838
8345,0.583894,0.638830
8346,0.614505,0.599460
8347,0.639840,0.564932
8348,0.667377,0.608377
8349,0.689925,0.644028
8350,0.709281,0.604064
8351,0.727069,0.640500
8352,0.680943,0.588814
8353,0.638687,0.543233
8354,0.600967,0.503880
8355,0.545925,0.545214
8356,0.586150,0.503298
8357,0.539067,0.538461
8358,0.572932,0.577181
8359,0.606613,0.536116
8360,0.634479,0.500799
8361,0.591008,0.530714
8362,0.542090,0.481222
8363,0.577596,0.526116
8364,0.607173,0.563975
8365,0.637834,0.521773
8366,0.661532,0.560332
8367,0.618003,0.518510
8368,0.579419,0.482733
8369,0.618645,0.441017
8370,0.567665,0.485322
8371,0.596904,0.524610
8372,0.621235,0.557786
8373,0.653326,0.511447
8374,0.603620,0.549179
8375,0.631496,0.509730
8376,0.654526,0.476083
8377,0.673553,0.447642
8378,0.621708,0.405794
8379,0.646442,0.382565
8380,0.666872,0.363229
8381,0.615647,0.330290
8382,0.569938,0.303530
8383,0.525090,0.346226
8384,0.559555,0.330491
8385,0.521332,0.368114
8386,0.488626,0.401428
8387,0.460892,0.430493
8388,0.437500,0.455589
8389,0.417829,0.477105
8390,0.374346,0.421128
8391,0.358487,0.447526
8392,0.392557,0.432803
8393,0.451491,0.494697
8394,0.502747,0.547510
8395,0.533587,0.517661
8396,0.502335,0.540418
8397,0.453724,0.484923
8398,0.427500,0.512666
8399,0.387511,0.461334
8400,0.366270,0.492557
8401,0.334229,0.444392
8402,0.317342,0.478040
8403,0.303355,0.506810
8404,0.342739,0.481330
8405,0.399712,0.534601
8406,0.436976,0.504991
8407,0.469237,0.479787
8408,0.446350,0.504243
8409,0.501546,0.557553
8410,0.454349,0.503606
8411,0.414834,0.457635
8412,0.461167,0.503065
8413,0.501117,0.541670
8414,0.460225,0.576988
8415,0.500312,0.608738
8416,0.459545,0.637345
8417,0.499730,0.662780
8418,0.459054,0.685525
8419,0.499771,0.639767
8420,0.534403,0.598727
8421,0.488943,0.546911
8422,0.529255,0.584224
8423,0.563244,0.615215
8424,0.517728,0.643163
8425,0.553837,0.598422
8426,0.584104,0.559024
8427,0.618635,0.598631
8428,0.647086,0.631334
8429,0.670484,0.658226
8430,0.693241,0.611882
8431,0.646530,0.635778
8432,0.604452,0.655582
8433,0.639050,0.684283
8434,0.659359,0.641965
8435,0.686876,0.673207
8436,0.702948,0.631982
8437,0.724665,0.665083
8438,0.737336,0.624697
8439,0.754464,0.659150
8440,0.764470,0.619398
8441,0.772750,0.584276
8442,0.779625,0.553719
8443,0.730493,0.497325
8444,0.744734,0.470871
8445,0.697047,0.423336
8446,0.717369,0.401516
8447,0.671482,0.362916
8448,0.629675,0.331419
8449,0.592513,0.305772
8450,0.537728,0.349686
8451,0.565008,0.402041
8452,0.532086,0.371134
8453,0.578222,0.345830
8454,0.543488,0.321202
8455,0.492040,0.367616
8456,0.462131,0.339049
8457,0.436913,0.315647
8458,0.467794,0.361836
8459,0.446297,0.341240
8460,0.428177,0.324189
8461,0.412923,0.310052
8462,0.400087,0.298307
8463,0.354547,0.353762
8464,0.386034,0.394827
8465,0.343174,0.447157
8466,0.402656,0.410232
8467,0.382758,0.382172
8468,0.438123,0.352389
8469,0.399829,0.399323
8470,0.368196,0.440765
8471,0.342161,0.476675
8472,0.387231,0.449584
8473,0.364560,0.480170
8474,0.403688,0.457106
8475,0.365993,0.409156
8476,0.404954,0.390265
8477,0.439060,0.374460
8478,0.493216,0.432902
8479,0.464566,0.466013
8480,0.494234,0.442871
8481,0.469867,0.471098
8482,0.420772,0.420914
8483,0.400694,0.452193
8484,0.383883,0.479090
8485,0.369807,0.502054
8486,0.358013,0.521571
8487,0.418896,0.576149
8488,0.472746,0.621174
8489,0.430892,0.564867
8490,0.476828,0.603568
8491,0.516216,0.635494
8492,0.549556,0.661735
8493,0.587866,0.615133
8494,0.619632,0.573747
8495,0.645861,0.537713
8496,0.602235,0.562812
8497,0.563800,0.583901
8498,0.603994,0.625907
8499,0.626705,0.590057
8500,0.645584,0.558796
8501,0.661284,0.531843
8502,0.605387,0.475229
8503,0.566766,0.502033
8504,0.515936,0.450002
8505,0.482100,0.480475
8506,0.453455,0.506501
8507,0.410745,0.453764
8508,0.375445,0.409695
8509,0.346431,0.373315
8510,0.393508,0.423006
8511,0.440397,0.393171
8512,0.407221,0.362651
8513,0.376691,0.407510
8514,0.422494,0.455296
8515,0.468025,0.422244
8516,0.432594,0.388790
8517,0.472811,0.433759
8518,0.507296,0.472891
8519,0.551681,0.431863
8520,0.514747,0.403173
8521,0.557942,0.369790
8522,0.512536,0.417408
8523,0.473748,0.459170
8524,0.441007,0.495149
8525,0.403876,0.450966
8526,0.377185,0.488120
8527,0.355062,0.519821
8528,0.326010,0.471818
8529,0.375819,0.516850
8530,0.421323,0.480175
8531,0.393832,0.514324
8532,0.432970,0.483147
8533,0.466930,0.456739
8534,0.421700,0.411608
8535,0.398288,0.446804
8536,0.433293,0.424647
8537,0.390341,0.381886
8538,0.355096,0.346897
8539,0.406369,0.399075
8540,0.378966,0.440828
8541,0.427602,0.488022
8542,0.470074,0.453504
8543,0.513023,0.498916
8544,0.549371,0.462700
8545,0.511071,0.499078
8546,0.542003,0.468279
8547,0.509410,0.499217
8548,0.535726,0.473027
8549,0.483212,0.424906
8550,0.530381,0.477067
8551,0.560428,0.447059
8552,0.599510,0.496197
8553,0.551434,0.454953
8554,0.583960,0.422400
8555,0.537864,0.388511
8556,0.497048,0.432140
8557,0.457350,0.396578
8558,0.423106,0.439211
8559,0.467993,0.485809
8560,0.432012,0.523056
8561,0.399158,0.479760
8562,0.371917,0.443172
8563,0.343524,0.486627
8564,0.320231,0.523751
8565,0.367715,0.563289
8566,0.415857,0.522498
8567,0.459905,0.562239
8568,0.497873,0.595422
8569,0.540755,0.550371
8570,0.502373,0.507115
8571,0.544553,0.468005
8572,0.576414,0.509679
8573,0.603015,0.545019
8574,0.625164,0.574719
8575,0.658212,0.525881
8576,0.675857,0.558660
8577,0.702041,0.512003
8578,0.723310,0.472146
8579,0.736621,0.513210
8580,0.753395,0.473170
8581,0.767076,0.439385
8582,0.778282,0.411091
8583,0.733625,0.448407
8584,0.691446,0.480606
8585,0.636713,0.433511
8586,0.595285,0.467799
8587,0.544125,0.422820
8588,0.499849,0.385541
8589,0.462190,0.354858
8590,0.505045,0.332659
8591,0.541438,0.314353
8592,0.572044,0.299231
8593,0.535245,0.340095
8594,0.578003,0.395723
8595,0.603491,0.372923
8596,0.552226,0.340780
8597,0.581968,0.322623
8598,0.617327,0.374871
8599,0.641350,0.350790
8600,0.591166,0.324171
8601,0.546915,0.302397
8602,0.503367,0.349335
8603,0.466285,0.391716
8604,0.502862,0.370828
8605,0.471331,0.407553
8606,0.519461,0.462727
8607,0.475624,0.421169
8608,0.438629,0.386679
8609,0.481633,0.361172
8610,0.447762,0.403212
8611,0.419335,0.440127
8612,0.469059,0.491679
8613,0.511854,0.535682
8614,0.548514,0.498198
8615,0.504956,0.455500
8616,0.541273,0.498468
8617,0.571816,0.535034
8618,0.597364,0.565837
8619,0.618677,0.591635
8620,0.583053,0.556052
8621,0.601410,0.578135
8622,0.642222,0.522882
8623,0.675385,0.475418
8624,0.636019,0.444690
8625,0.650843,0.479100
8626,0.616426,0.452933
8627,0.586209,0.430889
8628,0.632077,0.386867
8629,0.644756,0.421789
8630,0.584860,0.477159
8631,0.531818,0.524725
8632,0.497836,0.490208
8633,0.468955,0.460929
8634,0.423760,0.510894
8635,0.459360,0.541625
8636,0.509685,0.492925
8637,0.540292,0.526422
8638,0.582473,0.479951
8639,0.534269,0.522465
8640,0.570280,0.482956
8641,0.526685,0.444339
8642,0.559848,0.485511
8643,0.513545,0.527464
8644,0.548792,0.562355
8645,0.504038,0.597118
8646,0.540773,0.625537
8647,0.577795,0.578060
8648,0.534679,0.607341
8649,0.497592,0.631646
8650,0.529490,0.591634
8651,0.572440,0.628889
8652,0.598780,0.589203
8653,0.548019,0.537016
8654,0.510080,0.566565
8655,0.552514,0.604938
8656,0.588015,0.636588
8657,0.617561,0.592645
8658,0.646205,0.626466
8659,0.669763,0.654286
8660,0.625285,0.608145
8661,0.574699,0.638964
8662,0.607123,0.592327
8663,0.562003,0.546178
8664,0.522795,0.506285
8665,0.489227,0.472292
8666,0.535617,0.430790
8667,0.490843,0.476442
8668,0.455445,0.440872
8669,0.417964,0.485143
8670,0.388911,0.448187
8671,0.358595,0.491435
8672,0.403330,0.530762
8673,0.378894,0.492719
8674,0.417543,0.526157
8675,0.451232,0.554407
8676,0.480237,0.578153
8677,0.533366,0.524330
8678,0.483199,0.566581
8679,0.528373,0.520685
8680,0.491833,0.481940
8681,0.524124,0.517585
8682,0.567640,0.472929
8683,0.594376,0.509915
8684,0.629808,0.466429
8685,0.651303,0.504371
8686,0.679546,0.461740
8687,0.702569,0.425914
8688,0.718884,0.469547
8689,0.674943,0.436898
8690,0.701315,0.400432
8691,0.658826,0.373859
8692,0.688238,0.344542
8693,0.636304,0.392136
8694,0.592210,0.362557
8695,0.543751,0.408219
8696,0.578628,0.382337
8697,0.534340,0.350776
8698,0.566988,0.399465
8699,0.529202,0.372084
8700,0.482291,0.420300
8701,0.517368,0.463865
8702,0.472231,0.506672
8703,0.514765,0.469270
8704,0.475969,0.431113
8705,0.517946,0.400204
8706,0.553452,0.374533
8707,0.509004,0.344361
8708,0.545921,0.323902
8709,0.581910,0.374239
8710,0.539064,0.348529
8711,0.502159,0.327342
8712,0.458369,0.377365
8713,0.427353,0.351106
8714,0.401422,0.329465
8715,0.452544,0.305327
8716,0.415903,0.353426
8717,0.385458,0.396833
8718,0.356940,0.363283
8719,0.402158,0.411958
8720,0.369790,0.455872
8721,0.416537,0.424948
8722,0.384542,0.389260
8723,0.428872,0.436072
8724,0.394084,0.479296
8725,0.365322,0.516309
8726,0.339471,0.472817
8727,0.316590,0.510793
8728,0.364068,0.551686
8729,0.406664,0.585926
8730,0.371732,0.616889
8731,0.413441,0.644529
8732,0.377310,0.669275
8733,0.426219,0.623825
8734,0.468999,0.583361
8735,0.511822,0.620752
8736,0.473286,0.642469
8737,0.435414,0.590359
8738,0.477588,0.549384
8739,0.439022,0.502658
8740,0.406792,0.462873
8741,0.375577,0.503928
8742,0.420516,0.468426
8743,0.393623,0.503339
8744,0.360647,0.458149
8745,0.403250,0.428335
8746,0.380677,0.464404
8747,0.417474,0.438968
8748,0.449509,0.417592
8749,0.403300,0.375534
8750,0.457042,0.429776
8751,0.429057,0.466982
8752,0.390213,0.424497
8753,0.439585,0.471923
8754,0.482555,0.512673
8755,0.444547,0.550932
8756,0.411120,0.508778
8757,0.456248,0.468485
8758,0.498641,0.509157
8759,0.459856,0.548028
8760,0.501729,0.582036
8761,0.537325,0.610355
8762,0.567300,0.633862
8763,0.605191,0.582692
8764,0.564636,0.541528
8765,0.602986,0.495940
8766,0.627381,0.532064
8767,0.658189,0.487853
8768,0.608937,0.527264
8769,0.563886,0.485820
8770,0.519096,0.525540
8771,0.554386,0.487946
8772,0.583971,0.456082
8773,0.535361,0.415569
8774,0.493470,0.381987
8775,0.455228,0.425499
8776,0.494450,0.399163
8777,0.453029,0.364658
8778,0.495282,0.413961
8779,0.531274,0.457314
8780,0.495990,0.426665
8781,0.466016,0.401040
8782,0.496591,0.437540
8783,0.522610,0.469123
8784,0.497103,0.446832
8785,0.475428,0.428048
8786,0.497537,0.454760
8787,0.553887,0.403874
8788,0.600774,0.362148
8789,0.545853,0.418011
8790,0.585984,0.381981
8791,0.546448,0.358633
8792,0.573288,0.399158
8793,0.539512,0.378926
8794,0.510501,0.362051
8795,0.560478,0.327395
8796,0.508927,0.381898
8797,0.464915,0.430752
8798,0.427903,0.473407
8799,0.470164,0.441034
8800,0.438599,0.477390
8801,0.486226,0.524625
8802,0.447736,0.480778
8803,0.488292,0.520936
8804,0.455531,0.483659
8805,0.502468,0.443054
8806,0.537033,0.483092
8807,0.566149,0.517317
8808,0.604952,0.471457
8809,0.628604,0.507412
8810,0.577205,0.550539
8811,0.609997,0.506301
8812,0.565346,0.468148
8813,0.520040,0.510637
8814,0.555632,0.472916
8815,0.591017,0.515797
8816,0.547651,0.551770
8817,0.577604,0.513429
8818,0.529079,0.469202
8819,0.566112,0.511415
8820,0.598442,0.472362
8821,0.628574,0.514109
8822,0.653432,0.549462
8823,0.673929,0.579139
8824,0.698262,0.530430
8825,0.714452,0.563187
8826,0.671104,0.525874
8827,0.631776,0.493913
8828,0.596886,0.466775
8829,0.612745,0.494826
8830,0.553611,0.546581
8831,0.596292,0.495602
8832,0.618452,0.527128
8833,0.636912,0.553765
8834,0.601216,0.523065
8835,0.617202,0.545749
8836,0.630594,0.564887
8837,0.570351,0.612061
8838,0.611721,0.555240
8839,0.631997,0.580022
8840,0.595408,0.547007
8841,0.563434,0.518604
8842,0.581373,0.539989
8843,0.553999,0.515815
8844,0.603964,0.459155
8845,0.644832,0.411754
8846,0.609362,0.391935
8847,0.578258,0.375362
8848,0.551312,0.361500
8849,0.528163,0.349894
8850,0.508386,0.340167
8851,0.523945,0.371315
8852,0.462276,0.434585
8853,0.410677,0.490184
8854,0.440373,0.519068
8855,0.392608,0.566263
8856,0.424686,0.590217
8857,0.482280,0.537023
8858,0.435847,0.576918
8859,0.470761,0.604945
8860,0.520157,0.555938
8861,0.561873,0.513368
8862,0.596680,0.477007
8863,0.625533,0.446275
8864,0.578430,0.406553
8865,0.537201,0.373705
8866,0.492221,0.417326
8867,0.454059,0.455479
8868,0.422022,0.488345
8869,0.395287,0.516371
8870,0.445417,0.564726
8871,0.410628,0.513916
8872,0.381730,0.470459
8873,0.429247,0.437166
8874,0.472558,0.483285
8875,0.439748,0.446513
8876,0.412256,0.415695
8877,0.448717,0.454487
8878,0.406275,0.502649
8879,0.443520,0.536144
8880,0.475704,0.564372
8881,0.526761,0.513972
8882,0.569765,0.470868
8883,0.605534,0.434542
8884,0.559408,0.475230
8885,0.516067,0.435460
8886,0.550563,0.478940
8887,0.587744,0.441453
8888,0.545770,0.408144
8889,0.500363,0.453245
8890,0.538935,0.421676
8891,0.500308,0.460226
8892,0.533113,0.433272
8893,0.500262,0.466172
8894,0.528158,0.443187
8895,0.574660,0.498238
8896,0.597687,0.470276
8897,0.616931,0.446647
8898,0.633008,0.426746
8899,0.575286,0.381758
8900,0.524484,0.345020
8901,0.564128,0.398965
8902,0.520816,0.367059
8903,0.483726,0.340815
8904,0.517696,0.386245
8905,0.486166,0.363382
8906,0.459442,0.344418
8907,0.414099,0.397911
8908,0.376640,0.445440
8909,0.355491,0.412581
8910,0.337944,0.385239
8911,0.323370,0.362548
8912,0.294921,0.414175
8913,0.271925,0.459642
8914,0.314068,0.501319
8915,0.352512,0.536753
8916,0.386789,0.566596
8917,0.346213,0.604723
8918,0.333653,0.564344
8919,0.368102,0.589381
8920,0.428506,0.537085
8921,0.387149,0.576201
8922,0.424343,0.604995
8923,0.456664,0.628918
8924,0.484438,0.648772
8925,0.433525,0.678839
8926,0.391285,0.703291
8927,0.443404,0.653888
8928,0.481102,0.677730
8929,0.526661,0.630524
8930,0.565069,0.588291
8931,0.523364,0.538498
8932,0.480634,0.570055
8933,0.519863,0.532741
8934,0.553036,0.500716
8935,0.506594,0.453009
8936,0.541850,0.426153
8937,0.505605,0.460025
8938,0.460737,0.414955
8939,0.423065,0.377704
8940,0.391716,0.347120
8941,0.362698,0.390723
8942,0.407553,0.368894
8943,0.374504,0.336789
8944,0.347291,0.310624
8945,0.323879,0.354609
8946,0.371619,0.406700
8947,0.419311,0.379990
8948,0.390196,0.420437
8949,0.359678,0.382804
8950,0.334591,0.351867
8951,0.312116,0.395550
8952,0.292273,0.362330
8953,0.274540,0.404848
8954,0.260004,0.442176
8955,0.244909,0.400756
8956,0.291305,0.450788
8957,0.271368,0.489510
8958,0.255111,0.522540
8959,0.241806,0.550474
8960,0.230875,0.573976
8961,0.277907,0.615904
8962,0.322210,0.650261
8963,0.374810,0.609682
8964,0.347037,0.628820
8965,0.324214,0.644778
8966,0.372502,0.678761
8967,0.419628,0.640427
8968,0.460909,0.606347
8969,0.496448,0.576527
8970,0.541608,0.623304
8971,0.571487,0.591315
8972,0.596490,0.563490
8973,0.544471,0.503498
8974,0.508057,0.527185
8975,0.477022,0.547228
8976,0.525589,0.596890
8977,0.566530,0.637634
8978,0.600651,0.670801
8979,0.628918,0.697729
8980,0.656323,0.655318
8981,0.610263,0.601335
8982,0.562154,0.625810
8983,0.520278,0.574943
8984,0.484434,0.530375
8985,0.442501,0.566678
8986,0.481398,0.599505
8987,0.525886,0.554342
8988,0.484187,0.584893
8989,0.448892,0.610367
8990,0.493565,0.643699
8991,0.456516,0.594241
8992,0.494530,0.623103
8993,0.537873,0.575853
8994,0.569890,0.607865
8995,0.532209,0.564613
8996,0.484803,0.600663
8997,0.527388,0.555006
8998,0.487081,0.585889
8999,0.527763,0.619584
9000,0.562077,0.647359
9001,0.523606,0.602194
9002,0.552841,0.626290
9003,0.577414,0.646295
9004,0.598010,0.662909
9005,0.615251,0.676723
9006,0.654211,0.620542
9007,0.685797,0.570032
9008,0.711368,0.525876
9009,0.732102,0.487994
9010,0.748964,0.455886
9011,0.762731,0.428868
9012,0.717305,0.389270
9013,0.666535,0.428076
9014,0.688146,0.405446
9015,0.705897,0.386518
9016,0.725666,0.442937
9017,0.677915,0.403073
9018,0.700557,0.378748
9019,0.654715,0.346655
9020,0.673148,0.396365
9021,0.632709,0.368488
9022,0.666422,0.341292
9023,0.613554,0.387483
9024,0.566350,0.428442
9025,0.523217,0.390794
9026,0.560946,0.367030
9027,0.592488,0.347321
9028,0.545902,0.317945
9029,0.505629,0.294055
9030,0.464189,0.338177
9031,0.430243,0.310509
9032,0.401883,0.288003
9033,0.368483,0.332620
9034,0.341038,0.373103
9035,0.386838,0.427537
9036,0.363577,0.391481
9037,0.333693,0.433424
9038,0.376733,0.481277
9039,0.344443,0.518064
9040,0.325651,0.474378
9041,0.377628,0.440642
9042,0.420985,0.486470
9043,0.395396,0.449480
9044,0.374082,0.418456
9045,0.356338,0.392574
9046,0.341557,0.371033
9047,0.376930,0.408292
9048,0.435878,0.368703
9049,0.394793,0.421803
9050,0.432633,0.460801
9051,0.484223,0.420043
9052,0.453550,0.393279
9053,0.486588,0.431874
9054,0.535344,0.392034
9055,0.488599,0.441993
9056,0.448991,0.485444
9057,0.490309,0.450632
9058,0.456600,0.487627
9059,0.502746,0.532853
9060,0.467111,0.564125
9061,0.511731,0.601534
9062,0.472033,0.554590
9063,0.435337,0.587951
9064,0.404677,0.615698
9065,0.379179,0.638712
9066,0.429474,0.668327
9067,0.470266,0.625240
9068,0.505276,0.586954
9069,0.474718,0.607084
9070,0.504485,0.574120
9071,0.454928,0.517446
9072,0.413458,0.468859
9073,0.461660,0.514830
9074,0.500691,0.478961
9075,0.459024,0.437931
9076,0.424029,0.403690
9077,0.391829,0.447794
9078,0.365168,0.485970
9079,0.343132,0.518566
9080,0.316468,0.471323
9081,0.365409,0.515783
9082,0.412281,0.478623
9083,0.457809,0.521995
9084,0.422725,0.556576
9085,0.466883,0.592626
9086,0.430314,0.620856
9087,0.473453,0.649902
9088,0.515374,0.604731
9089,0.550861,0.564842
9090,0.587172,0.603749
9091,0.617324,0.635838
9092,0.642271,0.662207
9093,0.662892,0.683861
9094,0.679950,0.701665
9095,0.626977,0.722288
9096,0.654868,0.674136
9097,0.608588,0.692634
9098,0.560806,0.642250
9099,0.593156,0.596425
9100,0.620044,0.556069
9101,0.570903,0.508000
9102,0.527962,0.466990
9103,0.565725,0.432221
9104,0.597251,0.403169
9105,0.623442,0.378991
9106,0.573908,0.346732
9107,0.605529,0.396575
9108,0.562950,0.368555
9109,0.599659,0.341460
9110,0.557817,0.319155
9111,0.510857,0.367400
9112,0.545597,0.414836
9113,0.583442,0.383544
9114,0.541862,0.356083
9115,0.506031,0.333455
9116,0.550321,0.309268
9117,0.513280,0.291376
9118,0.481663,0.276659
9119,0.454895,0.264516
9120,0.432338,0.254467
9121,0.461632,0.295414
9122,0.442390,0.286246
9123,0.467369,0.323256
9124,0.414580,0.383047
9125,0.472253,0.347959
9126,0.501674,0.387769
9127,0.451856,0.441810
9128,0.410218,0.488909
9129,0.459042,0.450477
9130,0.426740,0.416365
9131,0.465164,0.457867
9132,0.498171,0.493633
9133,0.451429,0.539022
9134,0.486417,0.569142
9135,0.533534,0.520489
9136,0.488454,0.558875
9137,0.525068,0.591387
9138,0.564817,0.545583
9139,0.597980,0.506002
9140,0.625493,0.472279
9141,0.648266,0.443800
9142,0.597520,0.402671
9143,0.625112,0.379448
9144,0.653820,0.431728
9145,0.608677,0.470507
9146,0.640320,0.516598
9147,0.592785,0.474923
9148,0.547417,0.514451
9149,0.504792,0.473101
9150,0.465481,0.512899
9151,0.506965,0.551926
9152,0.470646,0.510965
9153,0.505920,0.544181
9154,0.535871,0.572121
9155,0.561136,0.595520
9156,0.604003,0.542077
9157,0.552037,0.581469
9158,0.581183,0.609069
9159,0.617174,0.559912
9160,0.575669,0.519213
9161,0.539505,0.484396
9162,0.564456,0.516334
9163,0.533599,0.486735
9164,0.480105,0.536501
9165,0.528571,0.488724
9166,0.494834,0.456194
9167,0.449485,0.503336
9168,0.411558,0.543394
9169,0.457021,0.502836
9170,0.424605,0.536910
9171,0.397540,0.565617
9172,0.447500,0.604852
9173,0.490859,0.637192
9174,0.527848,0.663749
9175,0.484348,0.685403
9176,0.522324,0.706416
9177,0.486694,0.659689
9178,0.444221,0.685292
9179,0.482697,0.703208
9180,0.515582,0.717964
9181,0.485291,0.675513
9182,0.513246,0.688738
9183,0.562170,0.633224
9184,0.585416,0.653655
9185,0.552921,0.614001
9186,0.524928,0.579039
9187,0.501004,0.548669
9188,0.480660,0.522557
9189,0.426392,0.574696
9190,0.483559,0.519177
9191,0.457699,0.488972
9192,0.411948,0.538212
9193,0.374190,0.579524
9194,0.413651,0.605915
9195,0.465768,0.555551
9196,0.510710,0.511781
9197,0.545729,0.549225
9198,0.575157,0.580636
9199,0.526100,0.614888
9200,0.483963,0.643148
9201,0.448302,0.666418
9202,0.486367,0.622623
9203,0.456013,0.642957
9204,0.505003,0.673837
9205,0.471772,0.689972
9206,0.443710,0.703335
9207,0.420129,0.714426
9208,0.452097,0.675626
9209,0.479595,0.640605
9210,0.534104,0.678220
9211,0.505545,0.688109
9212,0.555989,0.717838
9213,0.579045,0.680237
9214,0.620380,0.711524
9215,0.567344,0.655122
9216,0.529338,0.672529
9217,0.557339,0.633065
9218,0.580864,0.598032
9219,0.600579,0.567429
9220,0.617087,0.540997
9221,0.558759,0.482673
9222,0.582055,0.460011
9223,0.527981,0.411217
9224,0.569922,0.465989
9225,0.531360,0.498726
9226,0.484831,0.451748
9227,0.451840,0.486541
9228,0.498526,0.533806
9229,0.459029,0.488559
9230,0.498747,0.528747
9231,0.532539,0.562637
9232,0.573401,0.517022
9233,0.607384,0.477994
9234,0.562516,0.514470
9235,0.597287,0.556046
9236,0.626106,0.590801
9237,0.579011,0.620427
9238,0.607833,0.577419
9239,0.559662,0.529380
9240,0.591731,0.491341
9241,0.545565,0.450168
9242,0.503865,0.489866
9243,0.538760,0.457604
9244,0.493565,0.417156
9245,0.532964,0.463939
9246,0.569085,0.429713
9247,0.525548,0.395842
9248,0.562870,0.368055
9249,0.521721,0.411106
9250,0.486489,0.448830
9251,0.518466,0.424217
9252,0.488515,0.456463
9253,0.515698,0.435446
9254,0.564868,0.492006
9255,0.605719,0.540301
9256,0.555224,0.493205
9257,0.516232,0.528069
9258,0.557649,0.568785
9259,0.592256,0.602699
9260,0.548280,0.630733
9261,0.504326,0.583268
9262,0.466218,0.614654
9263,0.503677,0.570961
9264,0.546110,0.606303
9265,0.581682,0.635508
9266,0.538099,0.660838
9267,0.569603,0.615983
9268,0.532402,0.638065
9269,0.574910,0.668554
9270,0.610216,0.693414
9271,0.639358,0.713702
9272,0.663959,0.667332
9273,0.684198,0.625145
9274,0.700873,0.587697
9275,0.649771,0.533631
9276,0.672524,0.500321
9277,0.623862,0.453762
9278,0.651212,0.425825
9279,0.604681,0.387542
9280,0.563542,0.356039
9281,0.515310,0.399561
9282,0.479316,0.365914
9283,0.438333,0.408322
9284,0.482416,0.385251
9285,0.445361,0.350858
9286,0.414319,0.322779
9287,0.388448,0.299869
9288,0.355667,0.345522
9289,0.334976,0.318426
9290,0.376346,0.367498
9291,0.342650,0.414143
9292,0.315190,0.455078
9293,0.292814,0.490379
9294,0.274546,0.520474
9295,0.320931,0.491822
9296,0.371467,0.542354
9297,0.345909,0.493048
9298,0.393758,0.461166
9299,0.439914,0.508920
9300,0.406131,0.541826
9301,0.378085,0.569524
9302,0.426112,0.608865
9303,0.468100,0.641248
9304,0.504173,0.667808
9305,0.547703,0.622028
9306,0.584163,0.581288
9307,0.613651,0.618568
9308,0.566371,0.640803
9309,0.523304,0.589022
9310,0.556508,0.620583
9311,0.593702,0.575496
9312,0.551995,0.529521
9313,0.505599,0.564647
9314,0.540911,0.598805
9315,0.570620,0.627116
9316,0.521660,0.654847
9317,0.560138,0.608708
9318,0.518366,0.560786
9319,0.551186,0.592812
9320,0.504409,0.624267
9321,0.539414,0.650051
9322,0.568879,0.671304
9323,0.519660,0.695587
9324,0.552276,0.712381
9325,0.590704,0.662731
9326,0.617368,0.685405
9327,0.577336,0.639724
9328,0.615451,0.589504
9329,0.565882,0.619645
9330,0.596436,0.647400
9331,0.621841,0.670242
9332,0.642927,0.689050
9333,0.673215,0.638561
9334,0.622431,0.662919
9335,0.577946,0.614781
9336,0.539083,0.571974
9337,0.491800,0.608020
9338,0.533239,0.561296
9339,0.567613,0.594533
9340,0.596340,0.622130
9341,0.629786,0.573730
9342,0.652875,0.604870
9343,0.671956,0.630696
9344,0.697822,0.581321
9345,0.718870,0.537988
9346,0.670711,0.569293
9347,0.689554,0.532307
9348,0.639148,0.484286
9349,0.593470,0.518412
9350,0.619145,0.486642
9351,0.640462,0.459712
9352,0.587855,0.414491
9353,0.541449,0.377126
9354,0.500460,0.417109
9355,0.465592,0.451997
9356,0.425940,0.408091
9357,0.397194,0.444175
9358,0.365013,0.401613
9359,0.412268,0.452494
9360,0.380982,0.490267
9361,0.425214,0.459586
9362,0.398295,0.491726
9363,0.448417,0.540484
9364,0.491904,0.581363
9365,0.456111,0.534432
9366,0.418842,0.568587
9367,0.387859,0.597126
9368,0.430846,0.558401
9369,0.468251,0.524896
9370,0.441115,0.549704
9371,0.418315,0.570602
9372,0.472830,0.615278
9373,0.519735,0.651811
9374,0.551697,0.613215
9375,0.516777,0.630173
9376,0.561634,0.666350
9377,0.599015,0.695650
9378,0.624954,0.655065
9379,0.646458,0.618663
9380,0.675690,0.657011
9381,0.692744,0.620391
9382,0.715842,0.658414
9383,0.729292,0.621638
9384,0.747503,0.659426
9385,0.758116,0.622538
9386,0.766895,0.590006
9387,0.717495,0.531280
9388,0.733430,0.502348
9389,0.746517,0.477736
9390,0.757302,0.456895
9391,0.708289,0.407153
9392,0.662368,0.366279
9393,0.611596,0.402560
9394,0.567777,0.362526
9395,0.529648,0.329912
9396,0.482973,0.370255
9397,0.525209,0.353819
9398,0.560851,0.340113
9399,0.516683,0.307475
9400,0.476997,0.345532
9401,0.514182,0.333998
9402,0.480444,0.367507
9403,0.437388,0.327882
9404,0.401494,0.296003
9405,0.446703,0.352034
9406,0.411796,0.392589
9407,0.382793,0.428292
9408,0.353643,0.386192
9409,0.399004,0.366909
9410,0.366982,0.333178
9411,0.340645,0.305776
9412,0.319000,0.283509
9413,0.297056,0.327785
9414,0.343238,0.380353
9415,0.324722,0.351948
9416,0.309401,0.328592
9417,0.284483,0.376831
9418,0.272399,0.349051
9419,0.324402,0.325729
9420,0.302565,0.370580
9421,0.349467,0.421058
9422,0.391809,0.465348
9423,0.370942,0.432743
9424,0.353574,0.405468
9425,0.409198,0.370501
9426,0.385420,0.348572
9427,0.351560,0.399803
9428,0.323894,0.445194
9429,0.301300,0.484541
9430,0.348522,0.453363
9431,0.328506,0.486859
9432,0.370118,0.460327
9433,0.352583,0.488829
9434,0.407985,0.541114
9435,0.446073,0.510727
9436,0.478972,0.484828
9437,0.528951,0.537731
9438,0.571019,0.582086
9439,0.598337,0.545983
9440,0.621094,0.514895
9441,0.583889,0.539116
9442,0.551478,0.559565
9443,0.571493,0.533268
9444,0.616719,0.584934
9445,0.560885,0.528289
9446,0.599720,0.572388
9447,0.551824,0.524053
9448,0.585078,0.561650
9449,0.612759,0.593077
9450,0.572512,0.552477
9451,0.610713,0.505049
9452,0.561756,0.544651
9453,0.520679,0.503533
9454,0.560223,0.463122
9455,0.519358,0.428497
9456,0.551258,0.468638
9457,0.590456,0.428592
9458,0.543612,0.473332
9459,0.502743,0.437068
9460,0.542806,0.403535
9461,0.502053,0.373996
9462,0.536409,0.417719
9463,0.576148,0.383050
9464,0.530963,0.429885
9465,0.492123,0.470742
9466,0.534021,0.515002
9467,0.493304,0.475122
9468,0.533599,0.438075
9469,0.568868,0.481020
9470,0.528571,0.447289
9471,0.568567,0.409856
9472,0.528311,0.382279
9473,0.558384,0.423145
9474,0.524072,0.399415
9475,0.474875,0.452339
9476,0.520465,0.414179
9477,0.478639,0.459454
9478,0.443297,0.498502
9479,0.481840,0.465515
9480,0.526569,0.512372
9481,0.489644,0.545515
9482,0.458331,0.573384
9483,0.431961,0.596719
9484,0.409840,0.616219
9485,0.369869,0.560451
9486,0.352074,0.585899
9487,0.337263,0.607180
9488,0.306094,0.552467
9489,0.360271,0.591496
9490,0.409369,0.623806
9491,0.380351,0.578015
9492,0.351697,0.611160
9493,0.328146,0.638559
9494,0.376171,0.664712
9495,0.348261,0.686488
9496,0.394137,0.641460
9497,0.369890,0.660649
9498,0.349779,0.676557
9499,0.333092,0.689767
9500,0.371215,0.651876
9501,0.335176,0.593674
9502,0.321267,0.614976
9503,0.377169,0.650741
9504,0.427474,0.679880
9505,0.471491,0.703601
9506,0.512912,0.659057
9507,0.473177,0.607026
9508,0.439648,0.560749
9509,0.477195,0.591363
9510,0.448632,0.551707
9511,0.480612,0.577901
9512,0.507931,0.599832
9513,0.483518,0.566366
9514,0.432162,0.610632
9515,0.389586,0.646905
9516,0.354649,0.676478
9517,0.326108,0.700562
9518,0.369599,0.716463
9519,0.408343,0.729571
9520,0.461614,0.678762
9521,0.507644,0.631902
9522,0.471866,0.583188
9523,0.431924,0.613499
9524,0.472240,0.642331
9525,0.442035,0.596941
9526,0.402639,0.629225
9527,0.442303,0.653356
9528,0.476627,0.673272
9529,0.525715,0.622185
9530,0.554897,0.647547
9531,0.521863,0.604442
9532,0.471881,0.638159
9533,0.518587,0.589139
9534,0.550896,0.618805
9535,0.515801,0.575993
9536,0.560531,0.527923
9537,0.513432,0.564733
9538,0.476722,0.521660
9539,0.436761,0.559479
9540,0.403407,0.591108
9541,0.448258,0.623209
9542,0.412977,0.648685
9543,0.383066,0.600328
9544,0.354590,0.629800
9545,0.400094,0.585600
9546,0.447919,0.619655
9547,0.414763,0.572959
9548,0.455686,0.602255
9549,0.416753,0.634100
9550,0.457414,0.657605
9551,0.492451,0.677000
9552,0.522304,0.693023
9553,0.568156,0.640473
9554,0.606262,0.592927
9555,0.637685,0.551056
9556,0.663511,0.514864
9557,0.684727,0.483962
9558,0.635918,0.437959
9559,0.588857,0.473293
9560,0.620239,0.521978
9561,0.574976,0.552088
9562,0.529211,0.503019
9563,0.564526,0.469474
9564,0.520174,0.428069
9565,0.482195,0.393628
9566,0.517151,0.438741
9567,0.546745,0.477932
9568,0.588637,0.436820
9569,0.539765,0.481238
9570,0.575563,0.446217
9571,0.531955,0.410035
9572,0.494473,0.380013
9573,0.462646,0.355187
9574,0.420970,0.404412
9575,0.459458,0.448467
9576,0.492576,0.486589
9577,0.465518,0.456153
9578,0.493690,0.488600
9579,0.517674,0.516265
9580,0.538001,0.539710
9581,0.515025,0.513827
9582,0.457466,0.566368
9583,0.483354,0.585896
9584,0.430879,0.628781
9585,0.460540,0.644505
9586,0.485981,0.657631
9587,0.433073,0.691198
9588,0.413946,0.653792
9589,0.397887,0.620406
9590,0.426652,0.631903
9591,0.451506,0.641559
9592,0.472830,0.649677
9593,0.458745,0.621240
9594,0.521607,0.556009
9595,0.539769,0.573371
9596,0.480360,0.620397
9597,0.504773,0.634431
9598,0.450693,0.672067
9599,0.429529,0.636193
9600,0.411737,0.604442
9601,0.470322,0.543650
9602,0.520837,0.490858
9603,0.549581,0.520876
9604,0.499305,0.566826
9605,0.542182,0.517747
9606,0.503813,0.482152
9607,0.545984,0.440377
9608,0.507070,0.410788
9609,0.464258,0.459185
9610,0.428254,0.500975
9611,0.398221,0.536508
9612,0.373273,0.566437
9613,0.342775,0.517545
9614,0.386088,0.481815
9615,0.424409,0.451576
9616,0.402702,0.484541
9617,0.363780,0.438002
9618,0.417003,0.486859
9619,0.463872,0.528623
9620,0.429721,0.563483
9621,0.401196,0.592642
9622,0.368061,0.544023
9623,0.340831,0.501988
9624,0.318476,0.466213
9625,0.297203,0.510707
9626,0.279782,0.548422
9627,0.262783,0.505759
9628,0.309232,0.541194
9629,0.352049,0.571004
9630,0.390449,0.595952
9631,0.424214,0.616780
9632,0.453494,0.634156
9633,0.510080,0.577652
9634,0.535297,0.601505
9635,0.582800,0.548732
9636,0.549389,0.512492
9637,0.594486,0.466604
9638,0.631633,0.428008
9639,0.651391,0.469351
9640,0.680994,0.430306
9641,0.705068,0.397767
9642,0.661005,0.368534
9643,0.608454,0.414914
9644,0.561660,0.455596
9645,0.594820,0.501967
9646,0.549722,0.537089
9647,0.580868,0.501672
9648,0.615292,0.546375
9649,0.640466,0.509620
9650,0.661278,0.478279
9651,0.609892,0.433573
9652,0.564156,0.396376
9653,0.593832,0.443444
9654,0.545709,0.485629
9655,0.578431,0.526695
9656,0.612028,0.486656
9657,0.566820,0.522697
9658,0.601081,0.563313
9659,0.556891,0.519296
9660,0.512117,0.556369
9661,0.548698,0.590405
9662,0.579398,0.618683
9663,0.614460,0.570658
9664,0.572002,0.527813
9665,0.535033,0.491045
9666,0.577653,0.448845
9667,0.539919,0.418131
9668,0.507463,0.392504
9669,0.459095,0.443445
9670,0.418544,0.487745
9671,0.391887,0.450763
9672,0.430591,0.489583
9673,0.390912,0.532964
9674,0.429739,0.565761
9675,0.480770,0.519297
9676,0.449697,0.481231
9677,0.497978,0.441677
9678,0.464222,0.410030
9679,0.498281,0.450363
9680,0.544419,0.411138
9681,0.508854,0.384776
9682,0.537784,0.424245
9683,0.562184,0.458591
9684,0.582695,0.488112
9685,0.625399,0.438593
9686,0.590106,0.415706
9687,0.631464,0.375231
9688,0.647882,0.412450
9689,0.591532,0.466708
9690,0.554355,0.438819
9691,0.522252,0.415406
9692,0.546252,0.447924
9693,0.566489,0.475929
9694,0.509310,0.530536
9695,0.481861,0.502038
9696,0.433314,0.552586
9697,0.392997,0.594755
9698,0.431394,0.617620
9699,0.391412,0.651606
9700,0.358515,0.679344
9701,0.337339,0.635692
9702,0.311194,0.666362
9703,0.360338,0.616143
9704,0.334846,0.571509
9705,0.312638,0.606015
9706,0.358151,0.560898
9707,0.338577,0.590493
9708,0.391038,0.624358
9709,0.437759,0.652231
9710,0.480883,0.606235
9711,0.521806,0.637325
9712,0.558474,0.592954
9713,0.589163,0.553975
9714,0.614724,0.520294
9715,0.635970,0.491506
9716,0.582978,0.442514
9717,0.536321,0.401697
9718,0.496123,0.368020
9719,0.456041,0.410549
9720,0.496705,0.387077
9721,0.462608,0.423740
9722,0.433886,0.455594
9723,0.409809,0.482969
9724,0.389674,0.506326
9725,0.423105,0.485522
9726,0.452099,0.467876
9727,0.434495,0.487693
9728,0.386188,0.430033
9729,0.371916,0.455288
9730,0.359958,0.476943
9731,0.349927,0.495422
9732,0.411783,0.555162
9733,0.466736,0.604784
9734,0.439446,0.619710
9735,0.471714,0.589433
9736,0.499339,0.563143
9737,0.522831,0.540509
9738,0.573893,0.594978
9739,0.593313,0.567939
9740,0.634852,0.617507
9741,0.650452,0.587511
9742,0.663465,0.561483
9743,0.605362,0.500158
9744,0.568800,0.522750
9745,0.515914,0.467030
9746,0.545472,0.444580
9747,0.587618,0.500114
9748,0.611835,0.472540
9749,0.631999,0.449227
9750,0.595507,0.476653
9751,0.612939,0.456802
9752,0.555187,0.406262
9753,0.522667,0.436662
9754,0.569410,0.494370
9755,0.519270,0.446082
9756,0.551107,0.420884
9757,0.590384,0.473430
9758,0.543483,0.432595
9759,0.577061,0.477409
9760,0.531612,0.517348
9761,0.492532,0.551142
9762,0.459368,0.579512
9763,0.419362,0.529699
9764,0.465441,0.567745
9765,0.431292,0.525252
9766,0.402757,0.488819
9767,0.451704,0.446686
9768,0.491277,0.485502
9769,0.525021,0.518653
9770,0.567176,0.471880
9771,0.521273,0.515857
9772,0.557196,0.476091
9773,0.518085,0.513480
9774,0.548676,0.479673
9775,0.515374,0.511459
9776,0.486948,0.538414
9777,0.462845,0.561156
9778,0.414745,0.505992
9779,0.468402,0.552055
9780,0.427336,0.505093
9781,0.399494,0.539930
9782,0.448881,0.578670
9783,0.414246,0.533960
9784,0.456506,0.567024
9785,0.418680,0.602440
9786,0.460356,0.629311
9787,0.421891,0.657753
9788,0.392916,0.612712
9789,0.361753,0.644132
9790,0.405994,0.665949
9791,0.444870,0.683955
9792,0.419831,0.642546
9793,0.380316,0.674518
9794,0.418670,0.689646
9795,0.452083,0.702196
9796,0.480840,0.712629
9797,0.459236,0.674610
9798,0.515708,0.615848
9799,0.563451,0.563009
9800,0.529630,0.525270
9801,0.500655,0.492946
9802,0.476014,0.465506
9803,0.426102,0.517074
9804,0.479608,0.470667
9805,0.511721,0.506153
9806,0.557403,0.461421
9807,0.509963,0.505230
9808,0.469464,0.542430
9809,0.433860,0.499240
9810,0.404109,0.462511
9811,0.452076,0.424926
9812,0.492472,0.467028
9813,0.452079,0.510699
9814,0.493601,0.471962
9815,0.528986,0.439281
9816,0.484129,0.402411
9817,0.449835,0.444215
9818,0.412418,0.406507
9819,0.384347,0.447786
9820,0.432730,0.494585
9821,0.401224,0.530418
9822,0.442724,0.495397
9823,0.478664,0.465652
9824,0.434777,0.421736
9825,0.407916,0.458351
9826,0.444473,0.433324
9827,0.476042,0.412310
9828,0.452748,0.443232
9829,0.507701,0.499685
9830,0.554317,0.547734
9831,0.580831,0.513841
9832,0.603012,0.484920
9833,0.621543,0.460408
9834,0.565241,0.413070
9835,0.515961,0.374025
9836,0.473790,0.342059
9837,0.438879,0.384047
9838,0.409660,0.421178
9839,0.375462,0.380685
9840,0.418042,0.361179
9841,0.382374,0.328794
9842,0.358658,0.369227
9843,0.339024,0.405129
9844,0.311307,0.364600
9845,0.295775,0.401055
9846,0.282932,0.432946
9847,0.272286,0.460507
9848,0.263436,0.484133
9849,0.317227,0.541267
9850,0.300661,0.561200
9851,0.286976,0.577991
9852,0.265509,0.518182
9853,0.254719,0.541715
9854,0.305497,0.589487
9855,0.352796,0.628842
9856,0.326413,0.647386
9857,0.373846,0.610202
9858,0.345617,0.553898
9859,0.323356,0.579193
9860,0.305039,0.600377
9861,0.289937,0.618097
9862,0.341386,0.656105
9863,0.319876,0.670237
9864,0.368892,0.700375
9865,0.412846,0.724709
9866,0.387834,0.672986
9867,0.367023,0.625378
9868,0.349712,0.582865
9869,0.386213,0.607203
9870,0.371156,0.570616
9871,0.333195,0.612026
9872,0.302525,0.646019
9873,0.277758,0.673812
9874,0.329597,0.625123
9875,0.374662,0.652340
9876,0.414793,0.674725
9877,0.449840,0.693149
9878,0.501860,0.642756
9879,0.457324,0.666556
9880,0.427105,0.618258
9881,0.475558,0.571691
9882,0.512592,0.604525
9883,0.543978,0.631724
9884,0.570393,0.654209
9885,0.610618,0.603692
9886,0.632031,0.631034
9887,0.664280,0.582994
9888,0.681310,0.613899
9889,0.641081,0.570726
9890,0.656070,0.597286
9891,0.668571,0.619429
9892,0.700348,0.566144
9893,0.662419,0.528483
9894,0.628424,0.496197
9895,0.667994,0.449411
9896,0.633379,0.422400
9897,0.671993,0.384002
9898,0.636942,0.362163
9899,0.605941,0.344032
9900,0.617228,0.381994
9901,0.590429,0.366196
9902,0.567213,0.352989
9903,0.619995,0.317283
9904,0.592837,0.306818
9905,0.569292,0.298076
9906,0.549024,0.290759
9907,0.531665,0.284623
9908,0.466854,0.343645
9909,0.526925,0.313588
9910,0.471814,0.365858
9911,0.499892,0.409535
9912,0.550840,0.375342
9913,0.499908,0.422870
9914,0.531425,0.466809
9915,0.574366,0.430055
9916,0.610030,0.399394
9917,0.635233,0.446357
9918,0.593951,0.414161
9919,0.542776,0.460464
9920,0.580122,0.426836
9921,0.537992,0.393004
9922,0.493696,0.436927
9923,0.530942,0.482633
9924,0.487677,0.521088
9925,0.526310,0.485236
9926,0.484200,0.443182
9927,0.522369,0.487450
9928,0.554626,0.525260
9929,0.581698,0.557190
9930,0.546484,0.521476
9931,0.495071,0.565551
9932,0.451410,0.602243
9933,0.489015,0.628121
9934,0.521094,0.649560
9935,0.473411,0.678206
9936,0.433225,0.701554
9937,0.399724,0.720613
9938,0.371954,0.736213
9939,0.414444,0.691123
9940,0.451617,0.649656
9941,0.501555,0.680888
9942,0.544017,0.706228
9943,0.501322,0.655697
9944,0.539849,0.609584
9945,0.572245,0.568747
9946,0.525629,0.519672
9947,0.561527,0.558538
9948,0.595612,0.517057
9949,0.623889,0.481591
9950,0.576184,0.439798
9951,0.605915,0.484350
9952,0.558422,0.523561
9953,0.516406,0.481936
9954,0.555249,0.445262
9955,0.588023,0.488691
9956,0.615293,0.525766
9957,0.575036,0.490387
9958,0.613091,0.447119
9959,0.644404,0.410936
9960,0.596589,0.455005
9961,0.551158,0.418780
9962,0.582388,0.461725
9963,0.616460,0.424294
9964,0.573274,0.394034
9965,0.525819,0.441069
9966,0.559785,0.483548
9967,0.521951,0.449844
9968,0.476080,0.495887
9969,0.437375,0.535110
9970,0.478891,0.571021
9971,0.439733,0.603381
9972,0.482055,0.560481
9973,0.523505,0.597035
9974,0.559457,0.554936
9975,0.589548,0.518496
9976,0.623191,0.562028
9977,0.650896,0.598319
9978,0.605312,0.552799
9979,0.557133,0.587461
9980,0.515870,0.543328
9981,0.555365,0.500114
9982,0.588415,0.463356
9983,0.615905,0.432406
9984,0.575372,0.468837
9985,0.599017,0.442447
9986,0.618764,0.420263
9987,0.563357,0.378352
9988,0.601485,0.432063
9989,0.560943,0.469521
9990,0.599486,0.516887
9991,0.624394,0.482201
9992,0.645066,0.452838
9993,0.662225,0.428127
9994,0.607701,0.386789
9995,0.631214,0.366776
9996,0.650726,0.350116
9997,0.666926,0.336236
9998,0.611966,0.304545
9999,0.572037,0.343094
10000,0.537321,0.377598
10001,0.507511,0.407951
10002,0.482123,0.434325
10003,0.460610,0.457045
10004,0.410764,0.402741
10005,0.369750,0.358335
10006,0.352815,0.391060
10007,0.338704,0.419681
10008,0.326930,0.444450
10009,0.317090,0.465728
10010,0.351196,0.452729
10011,0.412873,0.516457
10012,0.444796,0.495757
10013,0.425732,0.513990
10014,0.380256,0.454619
10015,0.364846,0.478932
10016,0.328453,0.425246
10017,0.316212,0.453712
10018,0.373117,0.510978
10019,0.424492,0.559486
10020,0.391493,0.509331
10021,0.363847,0.541366
10022,0.341027,0.568340
10023,0.390851,0.608489
10024,0.435118,0.641521
10025,0.406808,0.592624
10026,0.372420,0.622165
10027,0.349645,0.575440
10028,0.330807,0.534599
10029,0.315207,0.499493
10030,0.302266,0.469643
10031,0.276978,0.519192
10032,0.256540,0.561052
10033,0.298830,0.590319
10034,0.274204,0.624482
10035,0.315218,0.648053
10036,0.352535,0.667541
10037,0.385758,0.683670
10038,0.414874,0.697043
10039,0.440107,0.708154
10040,0.427447,0.670018
10041,0.490978,0.611464
10042,0.545292,0.558947
10043,0.566927,0.587296
10044,0.585121,0.610954
10045,0.629232,0.558497
10046,0.643883,0.586920
10047,0.610541,0.549786
10048,0.623262,0.574091
10049,0.664218,0.520614
10050,0.697214,0.474735
10051,0.659979,0.442784
10052,0.626671,0.415982
10053,0.637313,0.451307
10054,0.677054,0.407797
10055,0.643442,0.385544
10056,0.613699,0.366994
10057,0.658038,0.332662
10058,0.693702,0.304799
10059,0.722314,0.282181
10060,0.745296,0.263778
10061,0.705522,0.250937
10062,0.731801,0.236411
10063,0.693029,0.226255
10064,0.657748,0.217869
10065,0.626303,0.210919
10066,0.598697,0.205141
10067,0.574721,0.200322
10068,0.510007,0.247940
10069,0.488994,0.235742
10070,0.433896,0.282371
10071,0.490644,0.268992
10072,0.443720,0.311564
10073,0.404577,0.350479
10074,0.372215,0.385224
10075,0.345567,0.415723
10076,0.322061,0.369971
10077,0.300947,0.402388
10078,0.346905,0.388769
10079,0.328192,0.416734
10080,0.302005,0.368804
10081,0.287221,0.399313
10082,0.338632,0.460893
10083,0.385611,0.514270
10084,0.427332,0.559434
10085,0.476036,0.523325
10086,0.517833,0.492425
10087,0.554399,0.541051
10088,0.589200,0.507555
10089,0.618108,0.479017
10090,0.642048,0.454861
10091,0.600919,0.482162
10092,0.636586,0.536462
10093,0.586109,0.484836
10094,0.544008,0.515884
10095,0.573395,0.487109
10096,0.610643,0.537570
10097,0.569833,0.563693
10098,0.520617,0.511478
10099,0.484753,0.541707
10100,0.454378,0.567171
10101,0.487039,0.535474
10102,0.461191,0.557191
10103,0.488983,0.530167
10104,0.512666,0.507050
10105,0.457903,0.450832
10106,0.486171,0.431428
10107,0.539053,0.489266
10108,0.562907,0.463859
10109,0.508734,0.416660
10110,0.537335,0.395776
10111,0.507424,0.428977
10112,0.456901,0.384731
10113,0.414603,0.348535
10114,0.463341,0.401531
10115,0.501694,0.375978
10116,0.459439,0.345422
10117,0.501440,0.393970
10118,0.462288,0.439463
10119,0.503876,0.483492
10120,0.542779,0.446366
10121,0.577661,0.489432
10122,0.609641,0.451366
10123,0.564277,0.416797
10124,0.519723,0.461178
10125,0.481576,0.499421
10126,0.524108,0.541837
10127,0.560012,0.577443
10128,0.594363,0.533737
10129,0.622866,0.496147
10130,0.651293,0.539072
10131,0.605031,0.496725
10132,0.629721,0.533230
10133,0.659822,0.489352
10134,0.684442,0.452158
10135,0.638592,0.416731
10136,0.667079,0.386236
10137,0.686513,0.432644
10138,0.643538,0.402830
10139,0.590562,0.450683
10140,0.616683,0.491342
10141,0.577214,0.458043
10142,0.542849,0.430019
10143,0.587399,0.391029
10144,0.609699,0.430448
10145,0.574501,0.406961
10146,0.519775,0.460437
10147,0.547656,0.494985
10148,0.571129,0.524401
10149,0.590837,0.549281
10150,0.607365,0.570241
10151,0.648468,0.513782
10152,0.661685,0.540314
10153,0.603612,0.585859
10154,0.624291,0.607631
10155,0.588424,0.573181
10156,0.629404,0.517932
10157,0.662854,0.470570
10158,0.690072,0.430691
10159,0.639831,0.474976
10160,0.593967,0.438278
10161,0.626043,0.404885
10162,0.650975,0.449770
10163,0.607780,0.418878
10164,0.629443,0.457264
10165,0.662016,0.416114
10166,0.620903,0.390394
10167,0.584508,0.368995
10168,0.529808,0.422194
10169,0.557428,0.461066
10170,0.506345,0.508322
10171,0.474053,0.473583
10172,0.505393,0.507074
10173,0.532009,0.535503
10174,0.479724,0.580312
10175,0.527218,0.530192
10176,0.492647,0.493862
10177,0.448343,0.537876
10178,0.419458,0.500424
10179,0.383135,0.543417
10180,0.424376,0.574795
10181,0.387194,0.610162
10182,0.356574,0.639354
10183,0.400895,0.663916
10184,0.377135,0.619323
10185,0.415451,0.640762
10186,0.448863,0.658557
10187,0.427941,0.620548
10188,0.456491,0.636069
10189,0.480993,0.649044
10190,0.427413,0.684513
10191,0.409833,0.648027
10192,0.468527,0.588653
10193,0.519177,0.535993
10194,0.548064,0.565169
10195,0.516303,0.530609
10196,0.540889,0.555481
10197,0.561637,0.576412
10198,0.504777,0.619969
10199,0.552465,0.565091
10200,0.578408,0.591077
10201,0.526477,0.627749
10202,0.492202,0.587491
10203,0.447719,0.624802
10204,0.484558,0.645785
10205,0.530360,0.593284
10206,0.561556,0.619637
10207,0.587705,0.641501
10208,0.624891,0.589448
10209,0.645957,0.616451
10210,0.675640,0.567195
10211,0.633305,0.525811
10212,0.595596,0.490330
10213,0.562610,0.460234
10214,0.581534,0.491780
10215,0.553296,0.466179
10216,0.494929,0.519314
10217,0.470509,0.489541
10218,0.421348,0.539143
10219,0.380715,0.580742
10220,0.418145,0.606676
10221,0.471646,0.555957
10222,0.517690,0.511865
10223,0.550699,0.549032
10224,0.589082,0.505915
10225,0.620895,0.469170
10226,0.576043,0.430481
10227,0.536876,0.398231
10228,0.490143,0.443777
10229,0.450524,0.483280
10230,0.417385,0.442307
10231,0.389781,0.408065
10232,0.366852,0.379632
10233,0.336038,0.427422
10234,0.310889,0.469175
10235,0.355789,0.512867
10236,0.337027,0.473790
10237,0.309035,0.515522
10238,0.351264,0.552507
10239,0.389120,0.583509
10240,0.422405,0.609361
10241,0.451275,0.630868
10242,0.508506,0.577755
10243,0.482293,0.538810
10244,0.534941,0.491633
10245,0.579133,0.451616
10246,0.603242,0.492323
10247,0.639070,0.452198
10248,0.658394,0.492821
10249,0.619077,0.459334
10250,0.654911,0.419602
10251,0.601756,0.465412
10252,0.554548,0.504847
10253,0.512714,0.463479
10254,0.551789,0.429591
10255,0.510808,0.468942
10256,0.544065,0.440042
10257,0.509187,0.473591
10258,0.537482,0.448968
10259,0.561351,0.428228
10260,0.605319,0.484832
10261,0.624725,0.458457
10262,0.589894,0.487106
10263,0.533252,0.436873
10264,0.502249,0.468592
10265,0.475874,0.495764
10266,0.528390,0.548118
10267,0.572585,0.591841
10268,0.536017,0.613989
10269,0.487139,0.560393
10270,0.455784,0.587735
10271,0.489068,0.551404
10272,0.462389,0.574789
10273,0.416496,0.520546
10274,0.451241,0.489053
10275,0.428837,0.517467
10276,0.484030,0.565318
10277,0.439397,0.514848
10278,0.475928,0.480849
10279,0.523216,0.526902
10280,0.488460,0.558445
10281,0.458991,0.584901
10282,0.490190,0.549742
10283,0.516779,0.519446
10284,0.464453,0.467467
10285,0.514264,0.516531
10286,0.469771,0.472336
10287,0.437457,0.509711
10288,0.400615,0.466556
10289,0.446761,0.508255
10290,0.486754,0.543631
10291,0.454699,0.507017
10292,0.427735,0.475820
10293,0.388304,0.524248
10294,0.427198,0.554217
10295,0.387862,0.594478
10296,0.437996,0.546134
10297,0.404232,0.580574
10298,0.447222,0.539245
10299,0.410394,0.494091
10300,0.382224,0.530602
10301,0.430397,0.569523
10302,0.473001,0.528383
10303,0.434924,0.484485
10304,0.477045,0.524132
10305,0.519360,0.482878
10306,0.555248,0.522768
10307,0.585320,0.556467
10308,0.610400,0.584720
10309,0.644043,0.534999
10310,0.664106,0.566740
10311,0.623402,0.529763
10312,0.640929,0.556823
10313,0.674456,0.505251
10314,0.620693,0.548358
10315,0.643814,0.578801
10316,0.603152,0.541140
10317,0.550617,0.582963
10318,0.513952,0.544746
10319,0.482653,0.511823
10320,0.511860,0.538062
10321,0.485254,0.510050
10322,0.435445,0.560876
10323,0.413345,0.529604
10324,0.445044,0.551816
10325,0.398745,0.598873
10326,0.453235,0.544087
10327,0.487729,0.571125
10328,0.535075,0.519897
10329,0.574861,0.475978
10330,0.603352,0.513601
10331,0.563765,0.479577
10332,0.602983,0.436902
10333,0.563442,0.408667
10334,0.529165,0.385126
10335,0.574246,0.351135
10336,0.611647,0.323369
10337,0.563239,0.372397
10338,0.521083,0.416291
10339,0.553833,0.390870
10340,0.591876,0.441902
10341,0.623387,0.486312
10342,0.578341,0.450555
10343,0.532045,0.494865
10344,0.492223,0.532619
10345,0.527249,0.495635
10346,0.482079,0.452906
10347,0.448369,0.491328
10348,0.410728,0.449279
10349,0.379517,0.414076
10350,0.423893,0.456846
10351,0.462633,0.493734
10352,0.421592,0.538154
10353,0.387517,0.575467
10354,0.361513,0.533146
10355,0.403935,0.564283
10356,0.454257,0.516364
10357,0.418063,0.554724
10358,0.461089,0.513911
10359,0.498148,0.479051
10360,0.541761,0.524375
10361,0.498426,0.482190
10362,0.535520,0.520723
10363,0.498662,0.484860
10364,0.542182,0.442875
10365,0.498863,0.487130
10366,0.462029,0.524933
10367,0.431028,0.556860
10368,0.394282,0.509436
10369,0.435785,0.473565
10370,0.471809,0.443274
10371,0.445334,0.477525
10372,0.497449,0.526550
10373,0.453482,0.480893
10374,0.490862,0.447780
10375,0.447936,0.409750
10376,0.412026,0.378235
10377,0.455701,0.423054
10378,0.493397,0.462205
10379,0.462319,0.434452
10380,0.510768,0.394425
10381,0.467954,0.444195
10382,0.434533,0.413322
10383,0.406573,0.387596
10384,0.383267,0.366205
10385,0.420328,0.404003
10386,0.452570,0.437072
10387,0.406409,0.492378
10388,0.440512,0.521213
10389,0.396445,0.568095
10390,0.431843,0.591983
10391,0.485690,0.538807
10392,0.516698,0.567439
10393,0.487836,0.533005
10394,0.514194,0.557420
10395,0.564300,0.503603
10396,0.512066,0.548867
10397,0.554739,0.503063
10398,0.590412,0.464058
10399,0.546580,0.502603
10400,0.502704,0.460502
10401,0.465350,0.425130
10402,0.502299,0.466407
10403,0.458845,0.510877
10404,0.427469,0.473747
10405,0.401241,0.442397
10406,0.438228,0.477679
10407,0.396707,0.525796
10408,0.434275,0.555781
10409,0.411849,0.521932
10410,0.393067,0.492988
10411,0.449960,0.443891
10412,0.408717,0.494040
10413,0.374620,0.536801
10414,0.422168,0.494934
10415,0.392795,0.531296
10416,0.368415,0.561960
10417,0.418984,0.600259
10418,0.463394,0.631896
10419,0.430967,0.585542
10420,0.477654,0.539742
10421,0.442937,0.498432
10422,0.487981,0.458945
10423,0.451438,0.498668
10424,0.415598,0.457613
10425,0.458686,0.498867
10426,0.502565,0.459112
10427,0.464861,0.499037
10428,0.433109,0.533003
10429,0.406535,0.561648
10430,0.457337,0.601657
10431,0.426801,0.624965
10432,0.401268,0.644335
10433,0.437656,0.606846
10434,0.469140,0.573939
10435,0.521717,0.618274
10436,0.548582,0.583916
10437,0.571202,0.554043
10438,0.590202,0.528330
10439,0.606146,0.506351
10440,0.647959,0.562317
10441,0.590605,0.505398
10442,0.612871,0.478260
10443,0.559316,0.430050
10444,0.596400,0.481518
10445,0.623077,0.450802
10446,0.645187,0.424976
10447,0.593625,0.385133
10448,0.548061,0.352416
10449,0.508656,0.325641
10450,0.475057,0.303737
10451,0.507358,0.350061
10452,0.459918,0.400081
10453,0.420124,0.444348
10454,0.460180,0.488912
10455,0.431944,0.452641
10456,0.392772,0.496550
10457,0.360508,0.533940
10458,0.334027,0.565442
10459,0.312306,0.591818
10460,0.294465,0.613836
10461,0.279778,0.632196
10462,0.330358,0.666844
10463,0.309294,0.681441
10464,0.357612,0.708860
10465,0.331652,0.720379
10466,0.377905,0.741997
10467,0.355348,0.690913
10468,0.395636,0.710522
10469,0.448614,0.663163
10470,0.494632,0.620105
10471,0.458995,0.568518
10472,0.421102,0.597184
10473,0.389591,0.621047
10474,0.363502,0.640885
10475,0.412247,0.672584
10476,0.455121,0.698356
10477,0.499630,0.655009
10478,0.537494,0.615983
10479,0.494810,0.560936
10480,0.458563,0.512879
10481,0.421249,0.546641
10482,0.463456,0.585113
10483,0.425335,0.612786
10484,0.466995,0.643876
10485,0.428293,0.666008
10486,0.471935,0.623256
10487,0.509397,0.585313
10488,0.476138,0.605368
10489,0.433387,0.549502
10490,0.405839,0.575375
10491,0.455773,0.615114
10492,0.419698,0.564204
10493,0.389179,0.593685
10494,0.363894,0.618232
10495,0.413364,0.650750
10496,0.383926,0.670344
10497,0.359547,0.686550
10498,0.339374,0.699977
10499,0.391378,0.724408
10500,0.433847,0.683042
10501,0.481185,0.710732
10502,0.521724,0.733103
10503,0.555979,0.751230
10504,0.592403,0.708008
10505,0.622600,0.668008
10506,0.649723,0.698599
10507,0.673819,0.659454
10508,0.626456,0.602176
10509,0.584154,0.551112
10510,0.534816,0.581077
10511,0.492296,0.606094
10512,0.529607,0.569085
10513,0.568026,0.610219
10514,0.600070,0.644014
10515,0.557922,0.594113
10516,0.521403,0.550067
10517,0.549295,0.580262
10518,0.572769,0.605472
10519,0.541939,0.568386
10520,0.515468,0.536231
10521,0.535671,0.558229
10522,0.587250,0.502365
10523,0.629678,0.454779
10524,0.664259,0.414936
10525,0.692344,0.381903
10526,0.641063,0.427500
10527,0.664526,0.472713
10528,0.683855,0.511528
10529,0.707029,0.469586
10530,0.725923,0.434247
10531,0.678928,0.474139
10532,0.635860,0.508330
10533,0.653967,0.478013
10534,0.616289,0.507081
10535,0.632055,0.481308
10536,0.645240,0.459473
10537,0.585828,0.410092
10538,0.624444,0.465531
10539,0.573155,0.423348
10540,0.528238,0.388326
10541,0.487633,0.430976
10542,0.524009,0.404632
10543,0.489488,0.441226
10544,0.535068,0.492933
10545,0.573386,0.537046
10546,0.603346,0.499669
10547,0.634443,0.542736
10548,0.589873,0.574168
10549,0.615059,0.536350
10550,0.564154,0.488513
10551,0.593640,0.456066
10552,0.554614,0.490236
10553,0.594737,0.537489
10554,0.555569,0.566306
10555,0.580797,0.531882
10556,0.620040,0.576757
10557,0.581477,0.600740
10558,0.602588,0.565386
10559,0.640955,0.608111
10560,0.587544,0.555667
10561,0.613484,0.518360
10562,0.635045,0.486471
10563,0.596929,0.515608
10564,0.615581,0.488500
10565,0.653347,0.540361
10566,0.668234,0.509607
10567,0.612224,0.459471
10568,0.562093,0.417452
10569,0.592354,0.392194
10570,0.552855,0.429656
10571,0.504412,0.388972
10572,0.470131,0.426839
10573,0.441199,0.459733
10574,0.416909,0.487984
10575,0.396571,0.512065
10576,0.357748,0.457641
10577,0.326133,0.412113
10578,0.310586,0.446995
10579,0.350494,0.425081
10580,0.406664,0.480582
10581,0.456474,0.528193
10582,0.494723,0.493727
10583,0.462977,0.523971
10584,0.495515,0.494668
10585,0.468515,0.520380
10586,0.520476,0.570004
10587,0.548053,0.537959
10588,0.571271,0.510460
10589,0.516777,0.457430
10590,0.485999,0.487165
10591,0.459912,0.512520
10592,0.512579,0.563740
10593,0.465905,0.510643
10594,0.426664,0.465273
10595,0.467416,0.434428
10596,0.502421,0.408593
10597,0.472292,0.444174
10598,0.502058,0.422061
10599,0.452527,0.379752
10600,0.485164,0.361890
10601,0.513017,0.347000
10602,0.461775,0.313869
10603,0.436413,0.352182
10604,0.394074,0.318056
10605,0.445870,0.373310
10606,0.490887,0.423099
10607,0.529298,0.466729
10608,0.492254,0.434490
10609,0.460817,0.407506
10610,0.419132,0.457998
10611,0.393292,0.427169
10612,0.359534,0.475105
10613,0.401385,0.512648
10614,0.438153,0.544464
10615,0.490066,0.496723
10616,0.522145,0.531004
10617,0.566164,0.485220
10618,0.592749,0.521249
10619,0.628616,0.476918
10620,0.579091,0.518065
10621,0.536769,0.478082
10622,0.492797,0.519055
10623,0.531269,0.481367
10624,0.568444,0.524288
10625,0.526589,0.484160
10626,0.565315,0.445874
10627,0.522606,0.486534
10628,0.555606,0.453943
10629,0.583286,0.426537
10630,0.547319,0.460821
10631,0.496459,0.416071
10632,0.465397,0.451768
10633,0.496990,0.428472
10634,0.470575,0.458968
10635,0.497442,0.439086
10636,0.520296,0.422336
10637,0.464802,0.375629
10638,0.442517,0.407611
10639,0.396547,0.363616
10640,0.378408,0.397073
10641,0.411712,0.383257
10642,0.368563,0.341858
10643,0.353576,0.375800
10644,0.341058,0.405659
10645,0.330588,0.431609
10646,0.363594,0.419543
10647,0.323896,0.369585
10648,0.383238,0.431447
10649,0.436656,0.485850
10650,0.409309,0.516354
10651,0.386490,0.542196
10652,0.439531,0.587981
10653,0.485779,0.625766
10654,0.523331,0.586326
10655,0.480295,0.534192
10656,0.443918,0.489236
10657,0.409259,0.525952
10658,0.452275,0.490851
10659,0.415258,0.447276
10660,0.459399,0.492223
10661,0.423071,0.529981
10662,0.465468,0.493389
10663,0.434466,0.525493
10664,0.482466,0.568939
10665,0.523558,0.605077
10666,0.485095,0.558701
10667,0.445260,0.592362
10668,0.486000,0.622579
10669,0.528253,0.576462
10670,0.563877,0.536151
10671,0.524023,0.565134
10672,0.554378,0.530744
10673,0.520424,0.555451
10674,0.546272,0.526141
10675,0.493479,0.472357
10676,0.464504,0.501567
10677,0.440054,0.526396
10678,0.493787,0.575745
10679,0.448978,0.522442
10680,0.411503,0.476681
10681,0.383651,0.512736
10682,0.432181,0.554941
10683,0.400832,0.584995
10684,0.447274,0.619531
10685,0.487522,0.647979
10686,0.529980,0.602138
10687,0.564038,0.633664
10688,0.525492,0.587157
10689,0.554515,0.614383
10690,0.504568,0.645517
10691,0.471553,0.601799
10692,0.429359,0.635181
10693,0.475813,0.586866
10694,0.440946,0.542729
10695,0.485816,0.499592
10696,0.524549,0.537766
10697,0.562610,0.495347
10698,0.594409,0.459319
10699,0.625743,0.503529
10700,0.580786,0.540257
10701,0.607519,0.503000
10702,0.640400,0.546125
10703,0.667362,0.582270
10704,0.687947,0.539197
10705,0.709269,0.576488
10706,0.726699,0.607530
10707,0.740991,0.633260
10708,0.756069,0.583977
10709,0.710816,0.540981
10710,0.731498,0.497063
10711,0.687765,0.459998
10712,0.712801,0.423118
10713,0.733111,0.392414
10714,0.689265,0.362741
10715,0.714017,0.338139
10716,0.663110,0.382497
10717,0.685190,0.361039
10718,0.640055,0.399603
10719,0.599601,0.433413
10720,0.619933,0.414340
10721,0.655484,0.471918
10722,0.671698,0.446733
10723,0.685167,0.425533
10724,0.696377,0.407723
10725,0.723318,0.466132
10726,0.669426,0.421315
10727,0.687511,0.397635
10728,0.636219,0.361289
10729,0.661556,0.412648
10730,0.614150,0.454053
10731,0.567019,0.415593
10732,0.599618,0.387778
10733,0.554265,0.356690
10734,0.510821,0.400618
10735,0.471339,0.367245
10736,0.512717,0.344691
10737,0.547774,0.326051
10738,0.502841,0.300254
10739,0.465786,0.343423
10740,0.434568,0.382306
10741,0.397352,0.345991
10742,0.366610,0.316456
10743,0.342081,0.358129
10744,0.321870,0.395351
10745,0.372227,0.451164
10746,0.346710,0.484719
10747,0.390723,0.458452
10748,0.368536,0.487010
10749,0.406698,0.464662
10750,0.440067,0.445773
10751,0.395402,0.396433
10752,0.430242,0.381049
10753,0.484765,0.440253
10754,0.531448,0.492022
10755,0.487049,0.449148
10756,0.524250,0.418940
10757,0.488991,0.456734
10758,0.520617,0.430930
10759,0.490642,0.463199
10760,0.442786,0.416666
10761,0.417797,0.450878
10762,0.396879,0.480340
10763,0.379387,0.505500
10764,0.364759,0.526868
10765,0.352517,0.544958
10766,0.384249,0.522844
10767,0.412030,0.503974
10768,0.401115,0.519421
10769,0.465238,0.577742
10770,0.520748,0.625727
10771,0.493002,0.637951
10772,0.544291,0.676304
10773,0.568616,0.641445
10774,0.514995,0.580862
10775,0.543941,0.548446
10776,0.586859,0.594419
10777,0.622356,0.632267
10778,0.645278,0.593316
10779,0.594432,0.540079
10780,0.622152,0.505259
10781,0.573858,0.459231
10782,0.605083,0.429934
10783,0.562907,0.465325
10784,0.599962,0.515045
10785,0.553550,0.470513
10786,0.511126,0.507593
10787,0.549728,0.549742
10788,0.583664,0.510872
10789,0.611912,0.477710
10790,0.563468,0.434619
10791,0.595573,0.481050
10792,0.626437,0.446030
10793,0.651896,0.416665
10794,0.603781,0.381257
10795,0.558056,0.423165
10796,0.514510,0.386622
10797,0.474593,0.427878
10798,0.437663,0.390516
10799,0.478399,0.438578
10800,0.521723,0.406499
10801,0.481636,0.447718
10802,0.443716,0.409359
10803,0.410363,0.450208
10804,0.452102,0.422718
10805,0.423580,0.457638
10806,0.473369,0.508779
10807,0.509528,0.477352
10808,0.540200,0.450771
10809,0.491432,0.406838
10810,0.534191,0.458117
10811,0.495635,0.494876
10812,0.529075,0.464377
10813,0.557306,0.438651
10814,0.581022,0.417035
10815,0.527272,0.375277
10816,0.481031,0.341161
10817,0.523188,0.393363
10818,0.558598,0.367721
10819,0.519713,0.408972
10820,0.475059,0.372736
10821,0.437386,0.343004
10822,0.479782,0.322475
10823,0.446701,0.365298
10824,0.418937,0.403486
10825,0.381802,0.365006
10826,0.351270,0.333581
10827,0.326231,0.307973
10828,0.372515,0.357042
10829,0.413824,0.401300
10830,0.449942,0.440262
10831,0.407159,0.489991
10832,0.371844,0.532456
10833,0.342850,0.568209
10834,0.387465,0.601209
10835,0.426967,0.628566
10836,0.461315,0.651196
10837,0.490814,0.669914
10838,0.441226,0.696493
10839,0.473597,0.711283
10840,0.524790,0.659698
10841,0.567940,0.612593
10842,0.594923,0.642231
10843,0.544538,0.665854
10844,0.500938,0.685305
10845,0.537885,0.642463
10846,0.568981,0.604131
10847,0.521158,0.549378
10848,0.484016,0.576224
10849,0.517987,0.542009
10850,0.561102,0.586716
10851,0.515291,0.535731
10852,0.476118,0.491755
10853,0.512999,0.530386
10854,0.469406,0.567575
10855,0.432691,0.598615
10856,0.475773,0.629756
10857,0.438028,0.654695
10858,0.406482,0.675250
10859,0.453019,0.699261
10860,0.494563,0.654476
10861,0.455115,0.602816
10862,0.422002,0.556974
10863,0.461819,0.587740
10864,0.508155,0.540290
10865,0.542381,0.573797
10866,0.581207,0.528178
10867,0.540377,0.488191
10868,0.505217,0.454301
10869,0.475277,0.425811
10870,0.524770,0.387980
10871,0.491894,0.364910
10872,0.463994,0.345772
10873,0.418834,0.399223
10874,0.454289,0.439787
10875,0.505393,0.401228
10876,0.535974,0.441537
10877,0.504584,0.415737
10878,0.477864,0.394159
10879,0.455245,0.376133
10880,0.510808,0.339531
10881,0.461930,0.394103
10882,0.420916,0.442727
10883,0.467623,0.409609
10884,0.432622,0.451259
10885,0.403377,0.487230
10886,0.451743,0.533388
10887,0.417583,0.489145
10888,0.385898,0.526468
10889,0.359695,0.557978
10890,0.332944,0.510224
10891,0.312129,0.544296
10892,0.295010,0.572948
10893,0.338126,0.537679
10894,0.391622,0.581650
10895,0.367254,0.605480
10896,0.347056,0.625354
10897,0.399680,0.660181
10898,0.446365,0.688497
10899,0.486839,0.711515
10900,0.454361,0.662429
10901,0.427047,0.617704
10902,0.461177,0.639459
10903,0.437867,0.600570
10904,0.492523,0.546630
10905,0.464315,0.511664
10906,0.440509,0.481839
10907,0.469653,0.509915
10908,0.494598,0.533737
10909,0.515826,0.553870
10910,0.569946,0.496327
10911,0.614718,0.447433
10912,0.559562,0.496878
10913,0.585587,0.530115
10914,0.533989,0.571846
10915,0.572948,0.525607
10916,0.528903,0.561186
10917,0.562129,0.521771
10918,0.515935,0.477286
10919,0.552885,0.518509
10920,0.513546,0.480689
10921,0.470157,0.523501
10922,0.436856,0.484935
10923,0.400931,0.527104
10924,0.443469,0.561872
10925,0.406422,0.596823
10926,0.448259,0.625146
10927,0.420198,0.582589
10928,0.470266,0.533632
10929,0.438654,0.495849
10930,0.412160,0.463755
10931,0.390028,0.436698
10932,0.425121,0.469176
10933,0.406099,0.446113
10934,0.463391,0.400128
10935,0.512924,0.362346
10936,0.543715,0.400971
10937,0.495092,0.455018
10938,0.462324,0.427376
10939,0.509339,0.388564
10940,0.542810,0.427998
10941,0.496454,0.478675
10942,0.536413,0.438680
10943,0.496986,0.481871
10944,0.530966,0.447805
10945,0.559638,0.419217
10946,0.599989,0.468799
10947,0.623338,0.436815
10948,0.571338,0.399818
10949,0.599491,0.373792
10950,0.622924,0.352223
10951,0.570971,0.323313
10952,0.605081,0.373346
10953,0.633304,0.418168
10954,0.589689,0.391692
10955,0.623985,0.358759
10956,0.647547,0.401260
10957,0.667031,0.438620
10958,0.626454,0.415764
10959,0.643496,0.447754
10960,0.676882,0.401582
10961,0.637852,0.382657
10962,0.603158,0.366843
10963,0.644132,0.330363
10964,0.677397,0.300864
10965,0.704341,0.277011
10966,0.662699,0.265669
10967,0.607746,0.317458
10968,0.558722,0.365417
10969,0.591984,0.342842
10970,0.619620,0.324192
10971,0.578433,0.365155
10972,0.528655,0.332085
10973,0.492224,0.372239
10974,0.461307,0.407840
10975,0.419107,0.366878
10976,0.467093,0.421415
10977,0.431073,0.386087
10978,0.398422,0.428349
10979,0.443633,0.476462
10980,0.413324,0.438980
10981,0.388060,0.407642
10982,0.354869,0.454408
10983,0.327702,0.494835
10984,0.372535,0.536076
10985,0.422918,0.496247
10986,0.393687,0.455833
10987,0.362579,0.496268
10988,0.409251,0.462431
10989,0.455231,0.508537
10990,0.494956,0.547644
10991,0.536777,0.506153
10992,0.497449,0.465675
10993,0.456428,0.506168
10994,0.423439,0.465688
10995,0.395913,0.431611
10996,0.445394,0.397272
10997,0.488363,0.368846
10998,0.525048,0.345370
10999,0.481279,0.319386
11000,0.521296,0.367366
11001,0.484085,0.344545
11002,0.527408,0.318211
11003,0.489290,0.300138
11004,0.531819,0.279347
11005,0.490896,0.327471
11006,0.452229,0.304535
11007,0.419792,0.285769
11008,0.386294,0.333429
11009,0.360065,0.309404
11010,0.338402,0.289757
11011,0.380171,0.335710
11012,0.346500,0.386492
11013,0.387401,0.430429
11014,0.440461,0.395222
11015,0.412613,0.368633
11016,0.449326,0.410572
11017,0.480988,0.447298
11018,0.433430,0.498160
11019,0.409829,0.466608
11020,0.443322,0.498436
11021,0.398611,0.546441
11022,0.433573,0.573142
11023,0.463835,0.595514
11024,0.443445,0.562294
11025,0.395757,0.606972
11026,0.379160,0.572267
11027,0.365270,0.542183
11028,0.353636,0.516358
11029,0.384692,0.535879
11030,0.341577,0.587984
11031,0.374050,0.604009
11032,0.332989,0.646181
11033,0.323518,0.611916
11034,0.356521,0.625263
11035,0.418970,0.564646
11036,0.474264,0.511477
11037,0.521821,0.466030
11038,0.561968,0.427809
11039,0.592482,0.469465
11040,0.552748,0.438519
11041,0.592351,0.400364
11042,0.617751,0.440975
11043,0.567188,0.489162
11044,0.596813,0.524574
11045,0.621459,0.554494
11046,0.653254,0.505311
11047,0.603815,0.546371
11048,0.632090,0.578851
11049,0.658851,0.532527
11050,0.681357,0.567263
11051,0.633341,0.601267
11052,0.656112,0.557270
11053,0.674922,0.519122
11054,0.623017,0.473917
11055,0.576504,0.435798
11056,0.535837,0.403965
11057,0.575292,0.372969
11058,0.603975,0.418132
11059,0.635979,0.384675
11060,0.662280,0.357056
11061,0.683879,0.334297
11062,0.635322,0.310039
11063,0.588050,0.355627
11064,0.615821,0.336273
11065,0.567191,0.308906
11066,0.525247,0.351664
11067,0.482467,0.321420
11068,0.446281,0.296828
11069,0.490145,0.281878
11070,0.452746,0.262487
11071,0.495696,0.250698
11072,0.459801,0.293568
11073,0.421984,0.270150
11074,0.392462,0.311687
11075,0.440049,0.367076
11076,0.482151,0.346504
11077,0.518161,0.329455
11078,0.484826,0.368356
11079,0.440724,0.333232
11080,0.403932,0.304749
11081,0.445872,0.291200
11082,0.408208,0.268731
11083,0.377003,0.250519
11084,0.350767,0.293923
11085,0.329147,0.334059
11086,0.372076,0.321923
11087,0.353146,0.357461
11088,0.407365,0.417461
11089,0.446592,0.396999
11090,0.406586,0.358191
11091,0.381713,0.395637
11092,0.349467,0.357080
11093,0.323088,0.325681
11094,0.370942,0.377576
11095,0.343339,0.421012
11096,0.320672,0.458950
11097,0.299185,0.417358
11098,0.281586,0.382883
11099,0.264345,0.425686
11100,0.250233,0.462993
11101,0.236859,0.420724
11102,0.225698,0.458701
11103,0.271677,0.507042
11104,0.315077,0.548064
11105,0.368604,0.508208
11106,0.340736,0.540890
11107,0.387584,0.506977
11108,0.429150,0.478088
11109,0.477800,0.528475
11110,0.514365,0.496373
11111,0.481127,0.524211
11112,0.437542,0.472935
11113,0.483956,0.520584
11114,0.521618,0.486133
11115,0.561052,0.531791
11116,0.518379,0.488212
11117,0.556618,0.452205
11118,0.588620,0.421972
11119,0.620891,0.470245
11120,0.646691,0.437094
11121,0.667974,0.409338
11122,0.685545,0.386185
11123,0.644324,0.422701
11124,0.589638,0.381599
11125,0.551085,0.418684
11126,0.591762,0.472440
11127,0.616400,0.443937
11128,0.636888,0.419988
11129,0.599445,0.452290
11130,0.544284,0.406192
11131,0.570988,0.386344
11132,0.610868,0.441953
11133,0.643658,0.490454
11134,0.594673,0.450599
11135,0.623997,0.417642
11136,0.648237,0.390184
11137,0.598768,0.358336
11138,0.555030,0.332203
11139,0.510070,0.378355
11140,0.546828,0.355832
11141,0.508560,0.396025
11142,0.475934,0.431355
11143,0.448353,0.461959
11144,0.405672,0.414069
11145,0.383143,0.447032
11146,0.348735,0.401709
11147,0.400161,0.454930
11148,0.373330,0.490352
11149,0.351114,0.520551
11150,0.391678,0.491799
11151,0.444721,0.542247
11152,0.407521,0.493029
11153,0.449277,0.461075
11154,0.421141,0.494074
11155,0.397615,0.522176
11156,0.377979,0.545959
11157,0.412631,0.518853
11158,0.469185,0.570251
11159,0.499966,0.539713
11160,0.451318,0.485115
11161,0.425529,0.513624
11162,0.403918,0.537795
11163,0.436569,0.511581
11164,0.418048,0.532143
11165,0.402482,0.549537
11166,0.389403,0.564229
11167,0.378409,0.576631
11168,0.405561,0.554679
11169,0.396071,0.565279
11170,0.388066,0.574242
11171,0.454130,0.627901
11172,0.404408,0.563235
11173,0.387841,0.580718
11174,0.446389,0.626249
11175,0.404214,0.568777
11176,0.441592,0.534628
11177,0.492564,0.579647
11178,0.536054,0.616927
11179,0.568250,0.576505
11180,0.595182,0.541300
11181,0.558113,0.565172
11182,0.581179,0.535127
11183,0.600513,0.509378
11184,0.616707,0.487448
11185,0.558083,0.433371
11186,0.526040,0.461746
11187,0.474617,0.411991
11188,0.522140,0.467467
11189,0.487582,0.499405
11190,0.458289,0.526567
11191,0.433606,0.549538
11192,0.486981,0.596382
11193,0.532634,0.634896
11194,0.563586,0.596696
11195,0.601355,0.635154
11196,0.626532,0.596923
11197,0.647412,0.563454
11198,0.664732,0.534531
11199,0.626336,0.554017
11200,0.641478,0.529364
11201,0.583522,0.471126
11202,0.532304,0.422174
11203,0.488182,0.381696
11204,0.527469,0.433698
11205,0.564590,0.405274
11206,0.597122,0.454431
11207,0.551594,0.493498
11208,0.508615,0.451962
11209,0.546791,0.420162
11210,0.507323,0.459133
11211,0.539805,0.431977
11212,0.580518,0.483193
11213,0.541267,0.516813
11214,0.581736,0.560412
11215,0.615312,0.596778
11216,0.641164,0.554507
11217,0.668020,0.591873
11218,0.620897,0.546382
11219,0.578923,0.507065
11220,0.615289,0.464598
11221,0.573993,0.431440
11222,0.538036,0.403720
11223,0.581412,0.369449
11224,0.544454,0.347173
11225,0.586749,0.319865
11226,0.611006,0.363811
11227,0.645190,0.333442
11228,0.594792,0.383426
11229,0.551880,0.356624
11230,0.506560,0.404244
11231,0.544142,0.377178
11232,0.579886,0.425995
11233,0.610752,0.395230
11234,0.564493,0.365058
11235,0.524236,0.340209
11236,0.554904,0.384508
11237,0.520605,0.362851
11238,0.471887,0.415402
11239,0.430858,0.461688
11240,0.470218,0.502393
11241,0.429462,0.542270
11242,0.400981,0.501352
11243,0.439932,0.535953
11244,0.473652,0.565107
11245,0.523677,0.515518
11246,0.565866,0.473087
11247,0.520129,0.513192
11248,0.481322,0.472337
11249,0.442376,0.512553
11250,0.410104,0.471795
11251,0.383258,0.437423
11252,0.352286,0.482630
11253,0.326892,0.521309
11254,0.373190,0.559940
11255,0.414499,0.592232
11256,0.377962,0.623582
11257,0.427126,0.578647
11258,0.469170,0.612491
11259,0.430727,0.638679
11260,0.472283,0.665772
11261,0.507934,0.687980
11262,0.476434,0.642391
11263,0.506744,0.661970
11264,0.554734,0.609561
11265,0.580038,0.634795
11266,0.546576,0.593547
11267,0.517785,0.557392
11268,0.464763,0.599823
11269,0.515119,0.548843
11270,0.544878,0.578977
11271,0.586962,0.530653
11272,0.621785,0.489083
11273,0.645361,0.528682
11274,0.673171,0.487403
11275,0.695898,0.452429
11276,0.648893,0.489292
11277,0.599568,0.445958
11278,0.628252,0.416681
11279,0.581183,0.381198
11280,0.613037,0.357565
11281,0.567754,0.329202
11282,0.522755,0.373141
11283,0.558903,0.424329
11284,0.589161,0.469202
11285,0.550132,0.435543
11286,0.516446,0.407380
11287,0.562353,0.372763
11288,0.526947,0.350103
11289,0.478291,0.400818
11290,0.448115,0.373317
11291,0.497130,0.344851
11292,0.530700,0.390091
11293,0.497560,0.366912
11294,0.451283,0.418420
11295,0.423531,0.390438
11296,0.400308,0.367199
11297,0.380911,0.347916
11298,0.436603,0.318079
11299,0.411239,0.302804
11300,0.446032,0.343390
11301,0.402296,0.399180
11302,0.366278,0.448818
11303,0.406686,0.488114
11304,0.369881,0.531302
11305,0.339726,0.567671
11306,0.315067,0.598036
11307,0.360832,0.629833
11308,0.340727,0.583631
11309,0.392906,0.537871
11310,0.435106,0.572912
11311,0.471757,0.602146
11312,0.503168,0.626443
11313,0.475987,0.587164
11314,0.428192,0.625329
11315,0.479584,0.574300
11316,0.438846,0.607161
11317,0.478673,0.635180
11318,0.512760,0.658304
11319,0.541653,0.677389
11320,0.585014,0.625966
11321,0.548182,0.581888
11322,0.516437,0.543335
11323,0.563984,0.495238
11324,0.588049,0.529229
11325,0.608182,0.557922
11326,0.575058,0.524852
11327,0.592359,0.549295
11328,0.635791,0.495351
11329,0.601817,0.467085
11330,0.643494,0.421698
11331,0.677313,0.384103
11332,0.704685,0.353183
11333,0.663454,0.331515
11334,0.608080,0.381504
11335,0.568790,0.354865
11336,0.592271,0.398746
11337,0.558574,0.375647
11338,0.529489,0.356445
11339,0.475039,0.410674
11340,0.429168,0.458601
11341,0.464369,0.498250
11342,0.514381,0.457137
11343,0.481958,0.424103
11344,0.454507,0.396537
11345,0.484663,0.435349
11346,0.461301,0.411703
11347,0.412858,0.465239
11348,0.393687,0.436775
11349,0.377643,0.412897
11350,0.364212,0.392914
11351,0.326374,0.448756
11352,0.295878,0.497319
11353,0.334473,0.531248
11354,0.302402,0.572213
11355,0.276563,0.606293
11356,0.316824,0.633498
11357,0.353380,0.655979
11358,0.385883,0.674558
11359,0.446807,0.622413
11360,0.499957,0.575687
11361,0.529579,0.608161
11362,0.479833,0.636297
11363,0.437823,0.659509
11364,0.482856,0.616668
11365,0.446600,0.565113
11366,0.411368,0.593988
11367,0.382104,0.618038
11368,0.424442,0.580154
11369,0.399264,0.600859
11370,0.450933,0.639892
11371,0.488189,0.602493
11372,0.519977,0.569715
11373,0.489960,0.587462
11374,0.442249,0.528808
11375,0.491466,0.574556
11376,0.450850,0.524495
11377,0.491034,0.488850
11378,0.533039,0.533482
11379,0.568402,0.571030
11380,0.601687,0.528766
11381,0.558243,0.560489
11382,0.586769,0.524458
11383,0.610573,0.493616
11384,0.630406,0.467429
11385,0.646927,0.445305
11386,0.660701,0.426665
11387,0.672199,0.410980
11388,0.613517,0.365597
11389,0.648038,0.424109
11390,0.666590,0.401917
11391,0.626882,0.435354
11392,0.661730,0.490535
11393,0.608505,0.444966
11394,0.638847,0.491955
11395,0.662595,0.457190
11396,0.618883,0.493161
11397,0.650957,0.538446
11398,0.670862,0.502079
11399,0.687316,0.471134
11400,0.700942,0.444995
11401,0.712251,0.423008
11402,0.657623,0.380417
11403,0.683606,0.434412
11404,0.701575,0.407683
11405,0.722086,0.458401
11406,0.674056,0.421280
11407,0.625184,0.463652
11408,0.652234,0.507527
11409,0.675872,0.469912
11410,0.695288,0.438189
11411,0.646009,0.400730
11412,0.601479,0.369760
11413,0.562228,0.344242
11414,0.512469,0.391988
11415,0.544783,0.438370
11416,0.497470,0.481728
11417,0.532107,0.522332
11418,0.497849,0.484467
11419,0.543582,0.444228
11420,0.498172,0.486796
11421,0.537071,0.452539
11422,0.569802,0.423758
11423,0.604983,0.473332
11424,0.559439,0.435054
11425,0.515578,0.476872
11426,0.478079,0.512699
11427,0.513242,0.480338
11428,0.468192,0.436147
11429,0.511257,0.483285
11430,0.547780,0.448818
11431,0.509569,0.485790
11432,0.476983,0.517356
11433,0.524235,0.562589
11434,0.489450,0.588806
11435,0.459949,0.610708
11436,0.509715,0.646840
11437,0.551903,0.676303
11438,0.582497,0.633844
11439,0.608022,0.596009
11440,0.629268,0.562907
11441,0.592221,0.581889
11442,0.559866,0.597838
11443,0.578637,0.569780
11444,0.594418,0.545566
11445,0.638672,0.598522
11446,0.580523,0.538761
11447,0.529202,0.487000
11448,0.568610,0.532965
11449,0.598543,0.497126
11450,0.630592,0.541526
11451,0.656967,0.578782
11452,0.610069,0.608620
11453,0.640084,0.638788
11454,0.663842,0.593731
11455,0.687696,0.626521
11456,0.640698,0.579933
11457,0.667980,0.534874
11458,0.622843,0.493532
11459,0.582688,0.458438
11460,0.531555,0.503431
11461,0.487521,0.541660
11462,0.450217,0.573790
11463,0.489392,0.535433
11464,0.448017,0.488185
11465,0.416764,0.522954
11466,0.463975,0.564593
11467,0.504653,0.599306
11468,0.539202,0.628062
11469,0.568288,0.651821
11470,0.606723,0.602219
11471,0.558146,0.630181
11472,0.591103,0.587226
11473,0.549486,0.611363
11474,0.587624,0.645573
11475,0.615101,0.604496
11476,0.637900,0.568356
11477,0.667851,0.610264
11478,0.692296,0.644673
11479,0.709655,0.603697
11480,0.660186,0.551405
11481,0.681279,0.588498
11482,0.703601,0.546481
11483,0.720251,0.584399
11484,0.737851,0.542917
11485,0.752238,0.507160
11486,0.764043,0.476695
11487,0.717016,0.431520
11488,0.672877,0.393968
11489,0.632748,0.362987
11490,0.577628,0.407474
11491,0.613588,0.382711
11492,0.643225,0.362125
11493,0.597018,0.399788
11494,0.628590,0.454816
11495,0.582756,0.414499
11496,0.615581,0.388399
11497,0.571276,0.355812
11498,0.532666,0.329113
11499,0.573971,0.309053
11500,0.534995,0.287949
11501,0.488342,0.333797
11502,0.454917,0.308124
11503,0.426810,0.287190
11504,0.388482,0.333097
11505,0.365715,0.307554
11506,0.335003,0.351753
11507,0.309942,0.391469
11508,0.292598,0.355151
11509,0.272826,0.394484
11510,0.317943,0.448434
11511,0.302951,0.409937
11512,0.343270,0.456125
11513,0.379445,0.496021
11514,0.411303,0.529992
11515,0.366966,0.571132
11516,0.400368,0.599191
11517,0.459224,0.549927
11518,0.510230,0.507228
11519,0.553460,0.470827
11520,0.508696,0.506144
11521,0.545349,0.550007
11522,0.576137,0.586714
11523,0.611735,0.544295
11524,0.569579,0.499460
11525,0.521591,0.536188
11526,0.555214,0.573993
11527,0.592294,0.532043
11528,0.550427,0.488362
11529,0.588313,0.452419
11530,0.546962,0.415912
11531,0.500862,0.458608
11532,0.465093,0.421074
11533,0.500732,0.464794
11534,0.470316,0.432757
11535,0.444625,0.405950
11536,0.474760,0.442747
11537,0.426075,0.494095
11538,0.458795,0.526097
11539,0.412798,0.569527
11540,0.374832,0.605645
11541,0.425668,0.559204
11542,0.470197,0.518863
11543,0.508452,0.484358
11544,0.466053,0.441313
11545,0.432598,0.479239
11546,0.404624,0.511682
11547,0.454139,0.557093
11548,0.492926,0.521140
11549,0.451160,0.473765
11550,0.419688,0.508441
11551,0.393431,0.537864
11552,0.371581,0.562677
11553,0.424558,0.605632
11554,0.463409,0.569398
11555,0.496805,0.537988
11556,0.543730,0.585202
11557,0.508823,0.605732
11558,0.553848,0.643948
11559,0.517500,0.660382
11560,0.545820,0.623319
11561,0.569669,0.590619
11562,0.538977,0.605423
11563,0.586762,0.648293
11564,0.626167,0.682972
11565,0.588129,0.694197
11566,0.627289,0.721587
11567,0.575127,0.667487
11568,0.608858,0.692002
11569,0.564948,0.709368
11570,0.600418,0.728706
11571,0.627633,0.683404
11572,0.650154,0.641905
11573,0.668788,0.604846
11574,0.684224,0.572350
11575,0.710395,0.617117
11576,0.658646,0.561617
11577,0.613656,0.587240
11578,0.645046,0.624940
11579,0.670791,0.655853
11580,0.691903,0.681142
11581,0.711976,0.635540
11582,0.665204,0.585446
11583,0.615206,0.614417
11584,0.641892,0.572827
11585,0.663911,0.536622
11586,0.682087,0.505526
11587,0.697115,0.479051
11588,0.709567,0.456634
11589,0.732738,0.512385
11590,0.681200,0.463113
11591,0.633535,0.421754
11592,0.590810,0.387419
11593,0.553355,0.359075
11594,0.503055,0.405546
11595,0.470559,0.374027
11596,0.502597,0.419446
11597,0.549781,0.386131
11598,0.576599,0.430116
11599,0.615340,0.394966
11600,0.576069,0.368381
11601,0.598530,0.410352
11602,0.564798,0.387391
11603,0.509859,0.440358
11604,0.462920,0.486525
11605,0.508381,0.449237
11606,0.472110,0.414395
11607,0.441496,0.385424
11608,0.415809,0.361413
11609,0.377581,0.411810
11610,0.416858,0.454166
11611,0.468827,0.416512
11612,0.438894,0.387870
11613,0.413788,0.364112
11614,0.375474,0.414921
11615,0.426516,0.383687
11616,0.397651,0.356151
11617,0.365478,0.403101
11618,0.339032,0.444493
11619,0.317310,0.480316
11620,0.365880,0.527595
11621,0.409475,0.567430
11622,0.385222,0.523463
11623,0.351782,0.560474
11624,0.401955,0.519947
11625,0.372961,0.551472
11626,0.345760,0.503598
11627,0.322654,0.537678
11628,0.370541,0.577430
11629,0.413395,0.610469
11630,0.450911,0.637788
11631,0.483262,0.660337
11632,0.436232,0.685876
11633,0.470651,0.703720
11634,0.425695,0.723877
11635,0.475045,0.675970
11636,0.511367,0.698702
11637,0.542162,0.717291
11638,0.568096,0.732533
11639,0.535862,0.688133
11640,0.582454,0.635615
11641,0.620965,0.588221
11642,0.570264,0.616076
11643,0.599605,0.646371
11644,0.631926,0.601997
11645,0.588232,0.552965
11646,0.612876,0.587036
11647,0.646379,0.542381
11648,0.673783,0.503852
11649,0.629297,0.461189
11650,0.589640,0.425343
11651,0.554968,0.395464
11652,0.598761,0.364532
11653,0.562894,0.340573
11654,0.510064,0.389364
11655,0.464933,0.432699
11656,0.433944,0.396857
11657,0.470179,0.442698
11658,0.501244,0.482478
11659,0.474644,0.451234
11660,0.426592,0.499395
11661,0.459864,0.533367
11662,0.437478,0.499485
11663,0.392514,0.545518
11664,0.355648,0.584073
11665,0.325585,0.616073
11666,0.308923,0.571090
11667,0.350012,0.599162
11668,0.318485,0.632593
11669,0.304462,0.589894
11670,0.358535,0.540375
11671,0.337607,0.502250
11672,0.320301,0.469805
11673,0.294655,0.517153
11674,0.337312,0.549144
11675,0.308455,0.588639
11676,0.285039,0.621355
11677,0.328493,0.646706
11678,0.313962,0.603724
11679,0.287459,0.637600
11680,0.328508,0.658779
11681,0.365621,0.676299
11682,0.398495,0.690815
11683,0.458002,0.636680
11684,0.487508,0.658018
11685,0.512666,0.675670
11686,0.564026,0.622810
11687,0.584937,0.646550
11688,0.554505,0.604982
11689,0.572391,0.625585
11690,0.587448,0.642749
11691,0.633641,0.586669
11692,0.671097,0.537100
11693,0.634979,0.499420
11694,0.603017,0.467380
11695,0.646297,0.425076
11696,0.587913,0.472262
11697,0.609450,0.510829
11698,0.646123,0.468680
11699,0.593451,0.509205
11700,0.625213,0.473368
11701,0.650563,0.517851
11702,0.607061,0.477357
11703,0.556825,0.517894
11704,0.591393,0.480750
11705,0.620096,0.449328
11706,0.572521,0.409633
11707,0.604442,0.383935
11708,0.558750,0.351908
11709,0.515097,0.394658
11710,0.477783,0.432337
11711,0.512834,0.410086
11712,0.542541,0.391455
11713,0.492981,0.352272
11714,0.461325,0.388944
11715,0.419734,0.350229
11716,0.393706,0.387134
11717,0.444365,0.443905
11718,0.414251,0.477398
11719,0.462339,0.527091
11720,0.503809,0.568950
11721,0.464182,0.596812
11722,0.505384,0.630866
11723,0.465513,0.653253
11724,0.504576,0.611956
11725,0.470673,0.631432
11726,0.503890,0.595611
11727,0.549877,0.636159
11728,0.588338,0.669190
11729,0.615419,0.629121
11730,0.637896,0.593579
11731,0.598598,0.610444
11732,0.618056,0.579803
11733,0.654682,0.625704
11734,0.684451,0.663050
11735,0.699250,0.626105
11736,0.646284,0.568413
11737,0.667723,0.534498
11738,0.685420,0.505404
11739,0.644103,0.529336
11740,0.676007,0.578928
11741,0.623454,0.524943
11742,0.651391,0.567244
11743,0.605383,0.595049
11744,0.636525,0.629489
11745,0.662135,0.657776
11746,0.616866,0.610763
11747,0.639202,0.635385
11748,0.669257,0.585290
11749,0.686997,0.614270
11750,0.710765,0.566589
11751,0.730102,0.525029
11752,0.745883,0.489406
11753,0.758809,0.459196
11754,0.714075,0.490995
11755,0.672384,0.518091
11756,0.634637,0.541046
11757,0.577164,0.485726
11758,0.600194,0.460053
11759,0.565735,0.487866
11760,0.511331,0.436913
11761,0.555964,0.489685
11762,0.583834,0.459913
11763,0.607116,0.434821
11764,0.571446,0.465906
11765,0.540515,0.492547
11766,0.513967,0.515232
11767,0.491333,0.534468
11768,0.511873,0.512948
11769,0.492633,0.529311
11770,0.551097,0.585170
11771,0.568308,0.558898
11772,0.543474,0.572591
11773,0.595998,0.622738
11774,0.639023,0.663433
11775,0.604939,0.673929
11776,0.646298,0.706166
11777,0.589567,0.649560
11778,0.625365,0.678156
11779,0.584206,0.695200
11780,0.607193,0.653286
11781,0.553957,0.598894
11782,0.591507,0.631461
11783,0.622623,0.658242
11784,0.648310,0.680247
11785,0.604820,0.635793
11786,0.627119,0.655131
11787,0.645660,0.671177
11788,0.661086,0.684511
11789,0.692113,0.628663
11790,0.717199,0.578253
11791,0.675489,0.536811
11792,0.703756,0.492067
11793,0.715683,0.528943
11794,0.662033,0.567835
11795,0.618851,0.526619
11796,0.651387,0.483024
11797,0.677987,0.446145
11798,0.699732,0.415241
11799,0.653007,0.381350
11800,0.672413,0.427762
11801,0.697926,0.394823
11802,0.718698,0.367545
11803,0.670804,0.410229
11804,0.621828,0.375137
11805,0.578100,0.346292
11806,0.530640,0.391326
11807,0.489825,0.431152
11808,0.451233,0.392396
11809,0.491351,0.441376
11810,0.458511,0.408139
11811,0.418384,0.453302
11812,0.385084,0.492336
11813,0.429022,0.535133
11814,0.475565,0.496618
11815,0.439555,0.529877
11816,0.479225,0.497125
11817,0.448552,0.525404
11818,0.497152,0.572051
11819,0.531074,0.537547
11820,0.559696,0.507919
11821,0.509518,0.457081
11822,0.476003,0.488674
11823,0.508090,0.463494
11824,0.460465,0.416170
11825,0.494829,0.395478
11826,0.466375,0.428558
11827,0.421265,0.384232
11828,0.397835,0.418745
11829,0.450940,0.474801
11830,0.486923,0.448214
11831,0.442887,0.404741
11832,0.406124,0.368902
11833,0.378708,0.409646
11834,0.355992,0.445305
11835,0.337176,0.476081
11836,0.309196,0.427899
11837,0.294315,0.461102
11838,0.346477,0.513281
11839,0.325064,0.541772
11840,0.374672,0.585444
11841,0.419065,0.621565
11842,0.466203,0.580439
11843,0.506786,0.544555
11844,0.471261,0.568538
11845,0.505768,0.537900
11846,0.550373,0.585767
11847,0.579230,0.552779
11848,0.615822,0.598088
11849,0.639148,0.563472
11850,0.658477,0.533540
11851,0.605547,0.479256
11852,0.558465,0.433447
11853,0.590090,0.482365
11854,0.622387,0.449443
11855,0.647870,0.496144
11856,0.604617,0.456985
11857,0.554343,0.498503
11858,0.515252,0.458977
11859,0.471406,0.500208
11860,0.434454,0.535274
11861,0.475688,0.500177
11862,0.444197,0.529997
11863,0.479330,0.500150
11864,0.434744,0.450689
11865,0.397631,0.409362
11866,0.372118,0.447689
11867,0.421951,0.497097
11868,0.465641,0.539176
11869,0.428713,0.572028
11870,0.397234,0.525794
11871,0.371119,0.486112
11872,0.412303,0.521930
11873,0.448327,0.552214
11874,0.479396,0.577662
11875,0.530881,0.525282
11876,0.557224,0.555036
11877,0.526258,0.521495
11878,0.574215,0.472000
11879,0.613944,0.430321
11880,0.563212,0.476193
11881,0.523566,0.440818
11882,0.489611,0.411201
11883,0.520035,0.449630
11884,0.545788,0.482793
11885,0.517032,0.457145
11886,0.538950,0.485373
11887,0.514479,0.463549
11888,0.533126,0.487566
11889,0.548906,0.508030
11890,0.601758,0.450590
11891,0.614629,0.476484
11892,0.657208,0.424188
11893,0.624180,0.406123
11894,0.595154,0.390964
11895,0.532760,0.450903
11896,0.581155,0.406906
11897,0.621133,0.370619
11898,0.569151,0.420613
11899,0.523685,0.464473
11900,0.484163,0.427728
11901,0.450704,0.397094
11902,0.422599,0.371665
11903,0.399090,0.350590
11904,0.362323,0.402728
11905,0.343470,0.376337
11906,0.314212,0.425683
11907,0.290442,0.468867
11908,0.271096,0.505970
11909,0.257452,0.462612
11910,0.246213,0.426172
11911,0.288975,0.468204
11912,0.328583,0.504313
11913,0.385727,0.460128
11914,0.423747,0.497414
11915,0.383860,0.540945
11916,0.363247,0.503116
11917,0.331321,0.545756
11918,0.305340,0.581503
11919,0.355057,0.538923
11920,0.332101,0.569449
11921,0.308455,0.521153
11922,0.289111,0.479752
11923,0.336661,0.443237
11924,0.317616,0.482787
11925,0.293908,0.441865
11926,0.342981,0.485367
11927,0.319175,0.525339
11928,0.365277,0.487561
11929,0.344359,0.521543
11930,0.396130,0.564071
11931,0.442098,0.599517
11932,0.411353,0.554543
11933,0.385744,0.515569
11934,0.353288,0.557017
11935,0.395777,0.587334
11936,0.433204,0.612601
11937,0.465645,0.633618
11938,0.493461,0.651094
11939,0.442407,0.682569
11940,0.473561,0.696413
11941,0.425767,0.721269
11942,0.459232,0.732184
11943,0.487981,0.741247
11944,0.512488,0.748791
11945,0.458422,0.767561
11946,0.510616,0.716740
11947,0.480075,0.671594
11948,0.454224,0.630508
11949,0.432437,0.594004
11950,0.488260,0.538483
11951,0.461138,0.505865
11952,0.512938,0.457875
11953,0.466949,0.504985
11954,0.502766,0.539030
11955,0.533203,0.567696
11956,0.484171,0.606583
11957,0.517435,0.629853
11958,0.561232,0.578206
11959,0.524006,0.537890
11960,0.552120,0.566627
11961,0.501352,0.605652
11962,0.458136,0.637816
11963,0.501149,0.590180
11964,0.537722,0.548275
11965,0.575397,0.586216
11966,0.532080,0.541069
11967,0.489582,0.576520
11968,0.528387,0.608247
11969,0.491144,0.565184
11970,0.524136,0.592415
11971,0.477230,0.627824
11972,0.445746,0.586494
11973,0.480642,0.609321
11974,0.510466,0.628359
11975,0.535767,0.644237
11976,0.557134,0.657489
11977,0.575134,0.668564
11978,0.621309,0.609173
11979,0.588688,0.573573
11980,0.632386,0.519306
11981,0.667921,0.472766
11982,0.613274,0.516412
11983,0.572970,0.478558
11984,0.537909,0.446558
11985,0.582048,0.407829
11986,0.618587,0.375768
11987,0.641414,0.420197
11988,0.670627,0.385986
11989,0.621115,0.432006
11990,0.576898,0.472102
11991,0.603517,0.442106
11992,0.553226,0.402526
11993,0.509561,0.369834
11994,0.472305,0.342941
11995,0.433524,0.389384
11996,0.474873,0.437164
11997,0.518151,0.404911
11998,0.478637,0.446511
11999,0.440715,0.408528
12000,0.409000,0.377061
12001,0.455501,0.351023
12002,0.421339,0.325912
12003,0.392869,0.305319
12004,0.432984,0.350299
12005,0.408546,0.332083
12006,0.388119,0.316982
12007,0.371057,0.304441
12008,0.356801,0.294004
12009,0.321141,0.350162
12010,0.358036,0.390642
12011,0.390797,0.426301
12012,0.348642,0.480529
12013,0.314555,0.527038
12014,0.287057,0.566236
12015,0.327192,0.596769
12016,0.297251,0.628674
12017,0.273089,0.654950
12018,0.253543,0.676571
12019,0.237673,0.694378
12020,0.224731,0.709073
12021,0.268901,0.730580
12022,0.320264,0.687455
12023,0.301101,0.633656
12024,0.280966,0.655581
12025,0.328330,0.614376
12026,0.371587,0.577985
12027,0.352427,0.597698
12028,0.406389,0.638147
12029,0.445930,0.601823
12030,0.406221,0.545432
12031,0.445784,0.512774
12032,0.406099,0.463788
12033,0.373285,0.422656
12034,0.419921,0.469205
12035,0.464951,0.434608
12036,0.506342,0.479548
12037,0.545037,0.443291
12038,0.503154,0.408644
12039,0.542348,0.379036
12040,0.575275,0.354550
12041,0.529209,0.327482
12042,0.489475,0.372380
12043,0.524836,0.351681
12044,0.491054,0.390856
12045,0.537251,0.445243
12046,0.576052,0.492582
12047,0.608330,0.532959
12048,0.635052,0.566964
12049,0.657137,0.595392
12050,0.683707,0.546269
12051,0.701191,0.578109
12052,0.722166,0.531213
12053,0.673714,0.566544
12054,0.696219,0.600191
12055,0.714282,0.555763
12056,0.732032,0.591229
12057,0.685429,0.547454
12058,0.708194,0.503423
12059,0.663350,0.465512
12060,0.690219,0.428405
12061,0.646935,0.397128
12062,0.676860,0.367000
12063,0.634853,0.341902
12064,0.667023,0.317921
12065,0.626016,0.298049
12066,0.659824,0.279118
12067,0.676534,0.325801
12068,0.703315,0.301770
12069,0.651855,0.350201
12070,0.675609,0.328925
12071,0.695117,0.311373
12072,0.645901,0.287800
12073,0.601435,0.268624
12074,0.562244,0.252974
12075,0.512431,0.299049
12076,0.478197,0.277781
12077,0.449246,0.260454
12078,0.424897,0.246288
12079,0.404479,0.234662
12080,0.364173,0.281652
12081,0.400787,0.330739
12082,0.383740,0.310916
12083,0.415358,0.354546
12084,0.400676,0.337051
12085,0.388335,0.322521
12086,0.344738,0.377989
12087,0.309599,0.427859
12088,0.281350,0.471476
12089,0.320127,0.513246
12090,0.355193,0.548628
12091,0.318011,0.585416
12092,0.375933,0.541370
12093,0.343330,0.572801
12094,0.384880,0.608493
12095,0.421597,0.637959
12096,0.475382,0.592238
12097,0.521603,0.552042
12098,0.479070,0.578652
12099,0.517875,0.617178
12100,0.482207,0.567008
12101,0.452016,0.523211
12102,0.501087,0.482309
12103,0.459179,0.519734
12104,0.426461,0.476587
12105,0.399137,0.440160
12106,0.437366,0.480095
12107,0.470475,0.514261
12108,0.521467,0.468361
12109,0.474896,0.512123
12110,0.435620,0.549201
12111,0.402840,0.580310
12112,0.445193,0.541859
12113,0.417122,0.568428
12114,0.453362,0.535603
12115,0.410543,0.483537
12116,0.460325,0.530277
12117,0.503313,0.569624
12118,0.541113,0.528848
12119,0.572891,0.493861
12120,0.599448,0.464156
12121,0.562080,0.494782
12122,0.603264,0.544363
12123,0.625314,0.511722
12124,0.643661,0.483887
12125,0.588687,0.435330
12126,0.540090,0.394974
12127,0.501190,0.433443
12128,0.459241,0.393415
12129,0.501011,0.443333
12130,0.461669,0.482998
12131,0.503089,0.526600
12132,0.463425,0.560249
12133,0.430051,0.588433
12134,0.468896,0.551281
12135,0.502232,0.519227
12136,0.530563,0.491846
12137,0.554498,0.468605
12138,0.574650,0.448952
12139,0.546374,0.473304
12140,0.563585,0.456567
12141,0.503740,0.403512
12142,0.452719,0.360077
12143,0.428669,0.393748
12144,0.386693,0.352138
12145,0.367213,0.386746
12146,0.421967,0.445664
12147,0.386378,0.403270
12148,0.428434,0.380960
12149,0.402952,0.417491
12150,0.439053,0.398276
12151,0.417219,0.429689
12152,0.472523,0.487314
12153,0.445354,0.514833
12154,0.476638,0.489216
12155,0.453499,0.512609
12156,0.433984,0.532454
12157,0.417553,0.549243
12158,0.371503,0.488774
12159,0.358265,0.512233
12160,0.347179,0.532135
12161,0.337884,0.548975
12162,0.368945,0.527326
12163,0.327140,0.466811
12164,0.387880,0.523233
12165,0.351381,0.471778
12166,0.321648,0.428465
12167,0.305545,0.465815
12168,0.282058,0.423488
12169,0.269359,0.461512
12170,0.258854,0.494206
12171,0.240819,0.447257
12172,0.232519,0.481995
12173,0.282276,0.529965
12174,0.329289,0.570344
12175,0.379135,0.530466
12176,0.353271,0.559903
12177,0.401447,0.599580
12178,0.371689,0.623552
12179,0.415925,0.584957
12180,0.463508,0.623842
12181,0.502851,0.585212
12182,0.536285,0.551511
12183,0.576811,0.596274
12184,0.610485,0.633131
12185,0.566616,0.652823
12186,0.520475,0.599744
12187,0.555706,0.558913
12188,0.517407,0.585098
12189,0.559386,0.622750
12190,0.514797,0.572529
12191,0.551482,0.531471
12192,0.512579,0.561771
12193,0.543803,0.526760
12194,0.495550,0.477789
12195,0.462400,0.511113
12196,0.509089,0.555874
12197,0.548683,0.593249
12198,0.507726,0.547548
12199,0.547637,0.505200
12200,0.506829,0.465593
12201,0.465669,0.506825
12202,0.431244,0.466969
12203,0.476235,0.431240
12204,0.440106,0.398320
12205,0.483882,0.369288
12206,0.449022,0.413237
12207,0.486299,0.388177
12208,0.443373,0.354799
12209,0.414208,0.396616
12210,0.451809,0.375590
12211,0.501348,0.429541
12212,0.468625,0.467032
12213,0.441010,0.499213
12214,0.417815,0.526582
12215,0.377187,0.474913
12216,0.358475,0.505933
12217,0.342899,0.532275
12218,0.399259,0.579367
12219,0.376840,0.601061
12220,0.358186,0.619197
12221,0.413026,0.656651
12222,0.461462,0.687042
12223,0.425863,0.634401
12224,0.393818,0.657289
12225,0.367269,0.676190
12226,0.409364,0.634959
12227,0.459499,0.667789
12228,0.497098,0.627417
12229,0.540410,0.661651
12230,0.572029,0.621929
12231,0.534370,0.638778
12232,0.576427,0.673285
12233,0.538172,0.686661
12234,0.490477,0.631068
12235,0.532464,0.660802
12236,0.493239,0.680546
12237,0.527605,0.638034
12238,0.556625,0.600084
12239,0.523471,0.618176
12240,0.495115,0.633303
12241,0.445186,0.574766
12242,0.421502,0.597004
12243,0.380573,0.542627
12244,0.417742,0.508511
12245,0.377483,0.461398
12246,0.344522,0.421854
12247,0.395271,0.467170
12248,0.366624,0.433424
12249,0.413378,0.398485
12250,0.381588,0.371051
12251,0.355330,0.348362
12252,0.333669,0.329598
12253,0.383861,0.303157
12254,0.428613,0.281654
12255,0.400780,0.330160
12256,0.450238,0.378521
12257,0.418830,0.425229
12258,0.465985,0.469674
12259,0.432010,0.510963
12260,0.397515,0.471126
12261,0.369909,0.512201
12262,0.417786,0.550259
12263,0.461895,0.507921
12264,0.499891,0.471820
12265,0.457354,0.432155
12266,0.421657,0.399090
12267,0.391930,0.371679
12268,0.367268,0.349004
12269,0.407738,0.390248
12270,0.386426,0.370538
12271,0.368644,0.354114
12272,0.333365,0.410613
12273,0.387618,0.374994
12274,0.428235,0.416330
12275,0.463560,0.452440
12276,0.419595,0.503205
12277,0.383175,0.546344
12278,0.424335,0.577104
12279,0.400188,0.539424
12280,0.363721,0.581292
12281,0.403564,0.606905
12282,0.438484,0.628228
12283,0.491990,0.574780
12284,0.522430,0.601477
12285,0.548183,0.623712
12286,0.519069,0.586589
12287,0.540991,0.605762
12288,0.590218,0.549150
12289,0.534864,0.590275
12290,0.502534,0.551761
12291,0.454806,0.592443
12292,0.489010,0.616950
12293,0.536416,0.565567
12294,0.565282,0.594567
12295,0.604448,0.545897
12296,0.636736,0.503787
12297,0.593352,0.464184
12298,0.627606,0.428708
12299,0.655762,0.399105
12300,0.678872,0.374501
12301,0.697855,0.354080
12302,0.718353,0.407063
12303,0.670741,0.374964
12304,0.627261,0.348507
12305,0.646755,0.393092
12306,0.608834,0.370104
12307,0.625764,0.408739
12308,0.639918,0.442509
12309,0.607537,0.422186
12310,0.650137,0.378402
12311,0.661823,0.413022
12312,0.695656,0.370898
12313,0.658963,0.354626
12314,0.626179,0.341053
12315,0.597356,0.329717
12316,0.572309,0.320234
12317,0.550717,0.312287
12318,0.532210,0.305619
12319,0.516406,0.300014
12320,0.502946,0.295296
12321,0.566111,0.264999
12322,0.502504,0.323150
12323,0.556285,0.295853
12324,0.527415,0.283243
12325,0.473072,0.336141
12326,0.523309,0.312348
12327,0.551902,0.358588
12328,0.593707,0.330709
12329,0.555920,0.311252
12330,0.523266,0.295218
12331,0.472759,0.346448
12332,0.445014,0.324203
12333,0.496041,0.301643
12334,0.528043,0.347805
12335,0.480309,0.398058
12336,0.514687,0.441668
12337,0.483260,0.413012
12338,0.437811,0.462299
12339,0.485770,0.425851
12340,0.526777,0.395476
12341,0.486686,0.364942
12342,0.452724,0.339805
12343,0.424185,0.319120
12344,0.400311,0.302077
12345,0.363600,0.353179
12346,0.333580,0.399485
12347,0.376493,0.446622
12348,0.414590,0.487492
12349,0.447816,0.522386
12350,0.476441,0.551888
12351,0.500902,0.576689
12352,0.479971,0.544149
12353,0.462231,0.516179
12354,0.522014,0.462694
12355,0.572404,0.417850
12356,0.541079,0.394825
12357,0.486982,0.448131
12358,0.460082,0.420139
12359,0.437391,0.396736
12360,0.418305,0.377204
12361,0.374258,0.432556
12362,0.408394,0.468487
12363,0.438135,0.499303
12364,0.421890,0.473204
12365,0.447340,0.499407
12366,0.508058,0.446903
12367,0.484841,0.425065
12368,0.432269,0.480631
12369,0.388706,0.528298
12370,0.442330,0.483534
12371,0.404960,0.524060
12372,0.446456,0.560698
12373,0.418943,0.520456
12374,0.381602,0.560714
12375,0.350910,0.594336
12376,0.394726,0.624209
12377,0.372201,0.580453
12378,0.424632,0.532786
12379,0.397082,0.493985
12380,0.435801,0.527879
12381,0.486255,0.481751
12382,0.445347,0.523704
12383,0.488316,0.484487
12384,0.453494,0.520153
12385,0.498647,0.561497
12386,0.460438,0.517132
12387,0.502807,0.477553
12388,0.541208,0.518868
12389,0.573487,0.553806
12390,0.608361,0.508882
12391,0.637172,0.470555
12392,0.592513,0.507550
12393,0.553278,0.538947
12394,0.519379,0.565404
12395,0.565039,0.606516
12396,0.603031,0.640336
12397,0.634393,0.668040
12398,0.658225,0.623274
12399,0.683184,0.654071
12400,0.703608,0.679281
12401,0.720354,0.699924
12402,0.675870,0.654279
12403,0.623466,0.681402
12404,0.651271,0.632328
12405,0.674507,0.658566
12406,0.629701,0.613224
12407,0.650070,0.636076
12408,0.666966,0.655034
12409,0.612628,0.684519
12410,0.572075,0.642903
12411,0.610039,0.588659
12412,0.641311,0.540734
12413,0.597391,0.501165
12414,0.621025,0.534645
12415,0.569130,0.575411
12416,0.603439,0.529461
12417,0.559739,0.489594
12418,0.521823,0.455790
12419,0.564022,0.416930
12420,0.525512,0.389192
12421,0.479731,0.438136
12422,0.446905,0.406838
12423,0.493641,0.374860
12424,0.529664,0.419303
12425,0.560056,0.458168
12426,0.598922,0.417392
12427,0.551116,0.464420
12428,0.584392,0.429604
12429,0.543491,0.469743
12430,0.497426,0.429662
12431,0.536993,0.474273
12432,0.497812,0.440102
12433,0.539369,0.404307
12434,0.499844,0.376452
12435,0.458628,0.424542
12436,0.499867,0.394380
12437,0.539670,0.441518
12438,0.573128,0.482467
12439,0.607105,0.442741
12440,0.635206,0.409522
12441,0.658396,0.381908
12442,0.677533,0.359014
12443,0.635927,0.399094
12444,0.582025,0.362531
12445,0.543408,0.402208
12446,0.495357,0.365082
12447,0.454546,0.334721
12448,0.420309,0.309937
12449,0.391786,0.289690
12450,0.360480,0.336507
12451,0.337637,0.311395
12452,0.312751,0.356382
12453,0.292408,0.396761
12454,0.275041,0.360621
12455,0.320569,0.411896
12456,0.296123,0.453442
12457,0.276218,0.489298
12458,0.259965,0.519877
12459,0.306017,0.490903
12460,0.356812,0.541171
12461,0.402734,0.583289
12462,0.443192,0.618182
12463,0.404385,0.642412
12464,0.444632,0.670305
12465,0.405579,0.689540
12466,0.445672,0.711592
12467,0.493768,0.666526
12468,0.459918,0.614830
12469,0.505986,0.571662
12470,0.545095,0.534064
12471,0.505088,0.561029
12472,0.545849,0.602525
12473,0.580041,0.636696
12474,0.612142,0.594923
12475,0.568197,0.617015
12476,0.595772,0.580956
12477,0.558068,0.599975
12478,0.525466,0.615910
12479,0.474603,0.557015
12480,0.521652,0.599022
12481,0.478408,0.548521
12482,0.518407,0.584478
12483,0.556394,0.541329
12484,0.588190,0.504132
12485,0.547992,0.535152
12486,0.575179,0.503512
12487,0.524206,0.455050
12488,0.480436,0.414481
12489,0.443440,0.380865
12490,0.412463,0.353149
12491,0.379156,0.399711
12492,0.354178,0.368677
12493,0.327578,0.413518
12494,0.375049,0.387647
12495,0.422801,0.438114
12496,0.466544,0.408134
12497,0.429633,0.374843
12498,0.397973,0.418159
12499,0.440078,0.392988
12500,0.402819,0.358752
12501,0.376432,0.400136
12502,0.425788,0.451734
12503,0.395502,0.488961
12504,0.436790,0.458938
12505,0.398994,0.416408
12506,0.446192,0.465076
12507,0.413816,0.428761
12508,0.386860,0.398470
12509,0.355264,0.445705
12510,0.329354,0.486677
12511,0.375995,0.453799
12512,0.346891,0.414521
12513,0.325064,0.454802
12514,0.301993,0.415355
12515,0.284753,0.455527
12516,0.266559,0.415959
12517,0.252966,0.456050
12518,0.238608,0.416395
12519,0.227861,0.456429
12520,0.274580,0.503262
12521,0.257322,0.537798
12522,0.302570,0.577151
12523,0.344349,0.609868
12524,0.313991,0.637476
12525,0.354699,0.663682
12526,0.391068,0.685198
12527,0.422980,0.702887
12528,0.406995,0.659507
12529,0.466954,0.606332
12530,0.518752,0.559003
12531,0.546733,0.591829
12532,0.589957,0.546314
12533,0.612862,0.581249
12534,0.631950,0.610331
12535,0.576798,0.640772
12536,0.601887,0.664050
12537,0.622805,0.683234
12538,0.657311,0.632478
12539,0.673982,0.657217
12540,0.701329,0.608918
12541,0.723504,0.566071
12542,0.741531,0.528830
12543,0.753547,0.571413
12544,0.710096,0.524513
12545,0.732500,0.486123
12546,0.690427,0.446064
12547,0.701875,0.488203
12548,0.727465,0.449371
12549,0.674324,0.489972
12550,0.697312,0.456925
12551,0.716109,0.429118
12552,0.731520,0.405822
12553,0.687070,0.439637
12554,0.700986,0.419683
12555,0.647417,0.376076
12556,0.598702,0.340498
12557,0.555658,0.311591
12558,0.518375,0.288114
12559,0.486506,0.269010
12560,0.534351,0.255617
12561,0.488530,0.299495
12562,0.529211,0.287297
12563,0.488855,0.264590
12564,0.450025,0.305998
12565,0.417473,0.343881
12566,0.384502,0.310213
12567,0.429674,0.366064
12568,0.401334,0.336427
12569,0.368024,0.379928
12570,0.345264,0.347768
12571,0.318733,0.390069
12572,0.297063,0.427403
12573,0.279759,0.386731
12574,0.262673,0.424482
12575,0.308825,0.477038
12576,0.286368,0.510314
12577,0.268070,0.538538
12578,0.253111,0.562343
12579,0.299834,0.606181
12580,0.343173,0.642174
12581,0.314294,0.660740
12582,0.356310,0.689351
12583,0.410209,0.647486
12584,0.449497,0.678588
12585,0.483415,0.703846
12586,0.531882,0.660677
12587,0.560598,0.689300
12588,0.510522,0.703989
12589,0.551579,0.663140
12590,0.508944,0.676210
12591,0.547407,0.705935
12592,0.581860,0.666887
12593,0.613410,0.698421
12594,0.569755,0.643369
12595,0.531746,0.593320
12596,0.573590,0.550209
12597,0.608371,0.512934
12598,0.565332,0.467866
12599,0.601528,0.436344
12600,0.555620,0.472676
12601,0.512513,0.429280
12602,0.475699,0.393204
12603,0.444598,0.363413
12604,0.418490,0.338880
12605,0.396645,0.318681
12606,0.359018,0.368733
12607,0.328325,0.413673
12608,0.379261,0.387696
12609,0.352423,0.426418
12610,0.330313,0.460076
12611,0.379805,0.511995
12612,0.352871,0.540901
12613,0.328094,0.490639
12614,0.375043,0.459930
12615,0.346290,0.417795
12616,0.393161,0.465920
12617,0.362876,0.504486
12618,0.338735,0.462384
12619,0.382614,0.503813
12620,0.350563,0.542860
12621,0.399704,0.503241
12622,0.371898,0.536456
12623,0.343961,0.489810
12624,0.390438,0.531003
12625,0.431611,0.565710
12626,0.467391,0.594725
12627,0.516497,0.546076
12628,0.558024,0.503981
12629,0.514024,0.539195
12630,0.474566,0.494276
12631,0.441256,0.456139
12632,0.478376,0.495135
12633,0.510133,0.528346
12634,0.481616,0.495864
12635,0.457463,0.468272
12636,0.511747,0.422124
12637,0.463820,0.473021
12638,0.497962,0.508261
12639,0.544078,0.463305
12640,0.508488,0.432438
12641,0.462634,0.480498
12642,0.498527,0.517212
12643,0.529064,0.548289
12644,0.498748,0.514632
12645,0.449901,0.560604
12646,0.409090,0.598908
12647,0.384401,0.558390
12648,0.363867,0.523304
12649,0.401246,0.549694
12650,0.433967,0.571914
12651,0.462252,0.590579
12652,0.518534,0.532840
12653,0.467897,0.577228
12654,0.499767,0.601523
12655,0.526868,0.621793
12656,0.549786,0.638697
12657,0.569106,0.652802
12658,0.615345,0.594788
12659,0.653107,0.543229
12660,0.615662,0.506556
12661,0.559175,0.550124
12662,0.509863,0.586587
12663,0.542609,0.615619
12664,0.508384,0.573805
12665,0.461383,0.610600
12666,0.507126,0.562862
12667,0.467157,0.594442
12668,0.508095,0.625947
12669,0.542829,0.651922
12670,0.506881,0.607696
12671,0.536429,0.630270
12672,0.505849,0.591940
12673,0.554583,0.538267
12674,0.521398,0.504048
12675,0.567612,0.457692
12676,0.518191,0.503441
12677,0.482831,0.467460
12678,0.527727,0.428420
12679,0.565568,0.395904
12680,0.597159,0.368959
12681,0.555822,0.411159
12682,0.508648,0.375593
12683,0.472674,0.417013
12684,0.442304,0.453191
12685,0.491035,0.503802
12686,0.532628,0.546801
12687,0.567651,0.582834
12688,0.523138,0.612917
12689,0.559690,0.642046
12690,0.516270,0.666112
12691,0.550804,0.621664
12692,0.505479,0.571275
12693,0.468375,0.600830
12694,0.430117,0.552930
12695,0.471812,0.511895
12696,0.507588,0.476866
12697,0.463092,0.435474
12698,0.431877,0.474658
12699,0.395150,0.433625
12700,0.441995,0.478454
12701,0.408706,0.518238
12702,0.381042,0.551894
12703,0.351166,0.505841
12704,0.329078,0.541441
12705,0.305375,0.496878
12706,0.287921,0.533866
12707,0.269225,0.490403
12708,0.316549,0.528798
12709,0.294187,0.566447
12710,0.339669,0.598213
12711,0.380846,0.624591
12712,0.417274,0.646452
12713,0.398177,0.606523
12714,0.429504,0.625500
12715,0.487226,0.569831
12716,0.461762,0.533951
12717,0.489142,0.559464
12718,0.437799,0.602433
12719,0.416557,0.566048
12720,0.447053,0.587410
12721,0.503404,0.531874
12722,0.551290,0.483982
12723,0.577269,0.518219
12724,0.525330,0.561074
12725,0.555462,0.589518
12726,0.521536,0.551984
12727,0.547197,0.576318
12728,0.494259,0.617131
12729,0.465293,0.579725
12730,0.440847,0.547174
12731,0.494601,0.493350
12732,0.449655,0.540131
12733,0.495411,0.494347
12734,0.534395,0.455475
12735,0.567222,0.422836
12736,0.529248,0.462126
12737,0.482494,0.421569
12738,0.442961,0.387887
12739,0.483908,0.361494
12740,0.518905,0.339692
12741,0.486320,0.381413
12742,0.533558,0.434143
12743,0.488371,0.398667
12744,0.528537,0.443931
12745,0.490115,0.413536
12746,0.449456,0.461354
12747,0.489577,0.500759
12748,0.449003,0.541986
12749,0.491140,0.500645
12750,0.456611,0.535712
12751,0.502059,0.574979
12752,0.463093,0.530369
12753,0.501750,0.563866
12754,0.468614,0.525823
12755,0.515366,0.479595
12756,0.480160,0.447167
12757,0.450376,0.419941
12758,0.425328,0.397170
12759,0.404329,0.378154
12760,0.386748,0.362278
12761,0.418401,0.395851
12762,0.477053,0.354005
12763,0.505015,0.388559
12764,0.555255,0.348082
12765,0.523361,0.335065
12766,0.472188,0.393036
12767,0.429104,0.444877
12768,0.476353,0.408690
12769,0.516884,0.378675
12770,0.554666,0.425044
12771,0.588418,0.392221
12772,0.619307,0.436965
12773,0.646528,0.402113
12774,0.599513,0.373913
12775,0.558017,0.350590
12776,0.510729,0.400765
12777,0.470349,0.445163
12778,0.509120,0.415339
12779,0.542008,0.390459
12780,0.507752,0.427846
12781,0.460871,0.387195
12782,0.432013,0.424990
12783,0.481777,0.477452
12784,0.516845,0.447694
12785,0.471702,0.406920
12786,0.508268,0.382608
12787,0.550745,0.434134
12788,0.512173,0.473346
12789,0.543175,0.443923
12790,0.510347,0.477338
12791,0.557105,0.527107
12792,0.522296,0.555494
12793,0.567115,0.596825
12794,0.518955,0.547224
12795,0.482401,0.578614
12796,0.526286,0.613261
12797,0.485040,0.566976
12798,0.447557,0.600305
12799,0.416142,0.627934
12800,0.382497,0.579933
12801,0.357132,0.611058
12802,0.406036,0.639714
12803,0.377621,0.594837
12804,0.354103,0.555369
12805,0.395390,0.580882
12806,0.360125,0.619878
12807,0.400732,0.640478
12808,0.436379,0.657592
12809,0.489488,0.602635
12810,0.445841,0.635224
12811,0.416843,0.591990
12812,0.381104,0.626464
12813,0.357695,0.584245
12814,0.398400,0.608143
12815,0.434165,0.628062
12816,0.391811,0.662306
12817,0.428418,0.678160
12818,0.481571,0.623940
12819,0.452302,0.582617
12820,0.410309,0.619321
12821,0.448112,0.641872
12822,0.423534,0.601967
12823,0.382947,0.638604
12824,0.349664,0.668544
12825,0.391156,0.686523
12826,0.356381,0.710202
12827,0.407071,0.660680
12828,0.376968,0.681769
12829,0.423154,0.703991
12830,0.394826,0.656475
12831,0.443561,0.607406
12832,0.485897,0.563874
12833,0.522067,0.526052
12834,0.562678,0.568221
12835,0.596570,0.603327
12836,0.624683,0.632367
12837,0.576888,0.658462
12838,0.606602,0.613258
12839,0.637265,0.644494
12840,0.662488,0.670121
12841,0.685461,0.623745
12842,0.704305,0.582417
12843,0.723549,0.619127
12844,0.738406,0.578353
12845,0.693773,0.601799
12846,0.641538,0.548689
12847,0.597520,0.576989
12848,0.548531,0.527027
12849,0.580394,0.490966
12850,0.606971,0.460373
12851,0.556822,0.418066
12852,0.587320,0.392930
12853,0.539624,0.358677
12854,0.498467,0.330640
12855,0.533700,0.378965
12856,0.573168,0.351079
12857,0.532605,0.327425
12858,0.572253,0.305307
12859,0.531814,0.286616
12860,0.486851,0.334447
12861,0.452225,0.310462
12862,0.488823,0.357802
12863,0.459356,0.336648
12864,0.416293,0.387552
12865,0.380642,0.432892
12866,0.428663,0.403964
12867,0.470604,0.379882
12868,0.439249,0.418088
12869,0.401298,0.378688
12870,0.448291,0.430200
12871,0.414845,0.469824
12872,0.383092,0.429303
12873,0.428238,0.400658
12874,0.400117,0.439795
12875,0.449295,0.489423
12876,0.491931,0.531810
12877,0.528288,0.567505
12878,0.493141,0.527048
12879,0.524052,0.557476
12880,0.475381,0.596777
12881,0.520449,0.548915
12882,0.558525,0.507471
12883,0.517384,0.541614
12884,0.482206,0.570345
12885,0.452429,0.594407
12886,0.501858,0.631992
12887,0.534388,0.592798
12888,0.501579,0.612932
12889,0.473671,0.629751
12890,0.450070,0.643805
12891,0.477614,0.610990
12892,0.501141,0.582270
12893,0.521139,0.557404
12894,0.538087,0.536033
12895,0.477633,0.474033
12896,0.532391,0.530643
12897,0.504032,0.552711
12898,0.479899,0.571311
12899,0.428912,0.512856
12900,0.482912,0.560729
12901,0.454339,0.585094
12902,0.485473,0.551690
12903,0.536017,0.596696
12904,0.504098,0.616892
12905,0.551728,0.653160
12906,0.577845,0.614450
12907,0.599713,0.580344
12908,0.617997,0.550724
12909,0.655573,0.598951
12910,0.600823,0.543157
12911,0.624660,0.510232
12912,0.586026,0.536709
12913,0.533193,0.484340
12914,0.487643,0.440051
12915,0.523862,0.412592
12916,0.489496,0.448976
12917,0.520287,0.425491
12918,0.546347,0.405786
12919,0.568306,0.389270
12920,0.539426,0.419652
12921,0.483431,0.373567
12922,0.510753,0.359952
12923,0.560612,0.419360
12924,0.528514,0.452832
12925,0.501033,0.481635
12926,0.449437,0.431652
12927,0.426416,0.463443
12928,0.481010,0.516532
12929,0.511994,0.486728
12930,0.463408,0.439358
12931,0.510196,0.488718
12932,0.475044,0.523182
12933,0.434054,0.477524
12934,0.478782,0.519709
12935,0.517100,0.555370
12936,0.556709,0.511093
12937,0.515819,0.472286
12938,0.480874,0.439544
12939,0.438760,0.486191
12940,0.477415,0.523343
12941,0.510504,0.554736
12942,0.480799,0.519846
12943,0.455648,0.490022
12944,0.434441,0.464719
12945,0.490813,0.417285
12946,0.464111,0.396480
12947,0.417939,0.451789
12948,0.395983,0.425376
12949,0.430073,0.458986
12950,0.485280,0.413731
12951,0.457692,0.391797
12952,0.509057,0.355196
12953,0.464014,0.407623
12954,0.433103,0.381145
12955,0.481144,0.350298
12956,0.447499,0.329160
12957,0.483970,0.371668
12958,0.455329,0.353157
12959,0.431206,0.337760
12960,0.462001,0.374160
12961,0.414270,0.432343
12962,0.394259,0.409386
12963,0.377521,0.390175
12964,0.339611,0.446545
12965,0.308907,0.495627
12966,0.284061,0.537450
12967,0.326139,0.570804
12968,0.298007,0.605293
12969,0.338891,0.632362
12970,0.308325,0.660032
12971,0.283589,0.682730
12972,0.325705,0.703479
12973,0.363899,0.720483
12974,0.397793,0.734457
12975,0.356079,0.751164
12976,0.322235,0.764801
12977,0.376704,0.718919
12978,0.347059,0.731511
12979,0.391465,0.749930
12980,0.440978,0.706777
12981,0.484050,0.666877
12982,0.524577,0.697677
12983,0.561130,0.658609
12984,0.517745,0.601285
12985,0.480630,0.550201
12986,0.449233,0.505886
12987,0.483533,0.542711
12988,0.531657,0.499204
12989,0.560697,0.537067
12990,0.600555,0.494377
12991,0.624195,0.532984
12992,0.585795,0.495220
12993,0.624793,0.453214
12994,0.573126,0.495937
12995,0.601469,0.535058
12996,0.634234,0.493417
12997,0.661153,0.458072
12998,0.683249,0.428343
12999,0.701406,0.403465
13000,0.716360,0.382697
13001,0.665539,0.346969
13002,0.619031,0.317882
13003,0.570739,0.360087
13004,0.528564,0.397778
13005,0.492367,0.430818
13006,0.449479,0.386338
13007,0.413580,0.349937
13008,0.384058,0.388788
13009,0.426338,0.371353
13010,0.400950,0.405030
13011,0.365334,0.362632
13012,0.415498,0.419003
13013,0.386529,0.455278
13014,0.362512,0.486506
13015,0.412984,0.536818
13016,0.455170,0.504710
13017,0.417330,0.456463
13018,0.461866,0.504003
13019,0.425787,0.537827
13020,0.469200,0.577767
13021,0.511447,0.537759
13022,0.548633,0.577710
13023,0.579835,0.610907
13024,0.532455,0.637926
13025,0.566288,0.664510
13026,0.601208,0.618451
13027,0.630116,0.577513
13028,0.583363,0.527605
13029,0.611306,0.566034
13030,0.562567,0.597234
13031,0.594006,0.628511
13032,0.620146,0.654286
13033,0.641837,0.675511
13034,0.589656,0.698938
13035,0.548805,0.653603
13036,0.587623,0.602503
13037,0.619801,0.557186
13038,0.575195,0.513377
13039,0.536261,0.475950
13040,0.489406,0.519091
13041,0.524503,0.554327
13042,0.565613,0.509666
13043,0.594687,0.546390
13044,0.618896,0.577229
13045,0.580754,0.539463
13046,0.601600,0.565790
13047,0.640374,0.513805
13048,0.671971,0.469337
13049,0.630933,0.437073
13050,0.594466,0.410050
13051,0.612014,0.446433
13052,0.580564,0.423312
13053,0.521841,0.477720
13054,0.471381,0.524439
13055,0.503420,0.555816
13056,0.530641,0.582151
13057,0.553643,0.604178
13058,0.599723,0.549960
13059,0.565836,0.514863
13060,0.609776,0.467654
13061,0.628351,0.502438
13062,0.663608,0.457148
13063,0.692224,0.419173
13064,0.640492,0.463551
13065,0.593734,0.501761
13066,0.620313,0.469003
13067,0.650789,0.516080
13068,0.675769,0.555904
13069,0.696171,0.515180
13070,0.651181,0.547574
13071,0.610657,0.574806
13072,0.629623,0.540472
13073,0.645438,0.510969
13074,0.658637,0.485824
13075,0.600292,0.434700
13076,0.564303,0.465609
13077,0.606545,0.519167
13078,0.627112,0.489756
13079,0.644243,0.464805
13080,0.608705,0.491292
13081,0.623576,0.470070
13082,0.564195,0.418336
13083,0.532215,0.448213
13084,0.554649,0.430413
13085,0.601012,0.489601
13086,0.546503,0.440744
13087,0.586189,0.491161
13088,0.619083,0.534198
13089,0.575047,0.567079
13090,0.528173,0.520724
13091,0.562570,0.482370
13092,0.517385,0.442876
13093,0.478478,0.483854
13094,0.445593,0.518879
13095,0.417999,0.548518
13096,0.394934,0.573452
13097,0.358623,0.520494
13098,0.328967,0.475067
13099,0.378918,0.517423
13100,0.423546,0.553253
13101,0.462519,0.583294
13102,0.421679,0.618161
13103,0.460902,0.642416
13104,0.420330,0.670288
13105,0.466747,0.621986
13106,0.432121,0.646357
13107,0.471724,0.604269
13108,0.431130,0.552952
13109,0.470868,0.514944
13110,0.430414,0.470214
13111,0.396723,0.432538
13112,0.368621,0.474799
13113,0.345408,0.511031
13114,0.387599,0.478574
13115,0.439450,0.525936
13116,0.484637,0.565863
13117,0.523262,0.525472
13118,0.561622,0.565474
13119,0.519777,0.521656
13120,0.483965,0.484120
13121,0.528476,0.443660
13122,0.486369,0.486501
13123,0.524211,0.452054
13124,0.488413,0.488525
13125,0.445810,0.444872
13126,0.484208,0.416047
13127,0.453888,0.453088
13128,0.486576,0.428452
13129,0.439760,0.386993
13130,0.414437,0.424091
13131,0.466639,0.477272
13132,0.501549,0.448137
13133,0.546466,0.498039
13134,0.509894,0.530718
13135,0.478708,0.558301
13136,0.508410,0.526120
13137,0.481899,0.549619
13138,0.507149,0.522207
13139,0.453751,0.467361
13140,0.409138,0.421304
13141,0.372331,0.383172
13142,0.351512,0.422875
13143,0.403948,0.473852
13144,0.377731,0.508915
13145,0.355990,0.538664
13146,0.337961,0.563744
13147,0.309194,0.510639
13148,0.294935,0.540121
13149,0.272236,0.490340
13150,0.260995,0.522934
13151,0.251679,0.550497
13152,0.303388,0.593398
13153,0.286687,0.615923
13154,0.272933,0.634690
13155,0.323482,0.668506
13156,0.370019,0.695959
13157,0.348158,0.644791
13158,0.388810,0.669054
13159,0.353495,0.691425
13160,0.324668,0.709764
13161,0.367773,0.728252
13162,0.349204,0.681376
13163,0.386863,0.698024
13164,0.419994,0.711779
13165,0.403371,0.670891
13166,0.431833,0.683182
13167,0.456392,0.693432
13168,0.441958,0.657724
13169,0.504296,0.597193
13170,0.450602,0.635339
13171,0.479674,0.653558
13172,0.429966,0.683935
13173,0.482721,0.631698
13174,0.453082,0.588102
13175,0.428139,0.549897
13176,0.481138,0.500677
13177,0.438801,0.542451
13178,0.477267,0.575005
13179,0.510195,0.602184
13180,0.538126,0.624808
13181,0.487006,0.657549
13182,0.443725,0.684259
13183,0.407570,0.706051
13184,0.452110,0.658676
13185,0.495521,0.683813
13186,0.534115,0.638350
13187,0.570715,0.667198
13188,0.602567,0.623344
13189,0.632290,0.654926
13190,0.656798,0.680747
13191,0.613191,0.632893
13192,0.634529,0.655573
13193,0.666331,0.605338
13194,0.683292,0.632805
13195,0.708454,0.584993
13196,0.657822,0.613638
13197,0.611758,0.565633
13198,0.635425,0.597061
13199,0.595440,0.555877
13200,0.560403,0.520233
13201,0.507131,0.564397
13202,0.461674,0.601177
13203,0.506061,0.554822
13204,0.468896,0.512201
13205,0.512228,0.471817
13206,0.474122,0.435731
13207,0.510394,0.476037
13208,0.477998,0.445287
13209,0.434220,0.493759
13210,0.397772,0.535088
13211,0.367643,0.569865
13212,0.413190,0.603362
13213,0.453145,0.631105
13214,0.426004,0.588210
13215,0.477055,0.539025
13216,0.436975,0.575197
13217,0.406593,0.531895
13218,0.381310,0.494680
13219,0.431918,0.452293
13220,0.476128,0.416776
13221,0.516762,0.460348
13222,0.551149,0.497895
13223,0.514249,0.466276
13224,0.543519,0.498210
13225,0.568172,0.525376
13226,0.588870,0.548355
13227,0.606222,0.567731
13228,0.646891,0.509845
13229,0.611412,0.482934
13230,0.553443,0.534989
13231,0.521303,0.504347
13232,0.470634,0.553053
13233,0.427996,0.593703
13234,0.392552,0.627295
13235,0.438679,0.579909
13236,0.482230,0.611567
13237,0.522598,0.566032
13238,0.559604,0.600054
13239,0.593121,0.555940
13240,0.620957,0.517707
13241,0.644015,0.485027
13242,0.593190,0.440343
13243,0.623377,0.487272
13244,0.579469,0.449224
13245,0.532036,0.491562
13246,0.491223,0.527668
13247,0.456603,0.558147
13248,0.501974,0.597286
13249,0.537946,0.557399
13250,0.576082,0.596665
13251,0.607818,0.629114
13252,0.564809,0.582453
13253,0.601058,0.537220
13254,0.627521,0.572734
13255,0.656649,0.528792
13256,0.677730,0.565677
13257,0.634399,0.524481
13258,0.595740,0.489178
13259,0.561897,0.459241
13260,0.532657,0.434015
13261,0.477898,0.486937
13262,0.452938,0.457349
13263,0.506475,0.414735
13264,0.534822,0.452193
13265,0.505504,0.427328
13266,0.555309,0.386264
13267,0.579011,0.423656
13268,0.547066,0.402854
13269,0.519594,0.385440
13270,0.465181,0.443119
13271,0.493818,0.475883
13272,0.518199,0.503908
13273,0.569296,0.452886
13274,0.515471,0.503322
13275,0.559007,0.459920
13276,0.513151,0.502824
13277,0.475411,0.464426
13278,0.511179,0.502400
13279,0.553872,0.459817
13280,0.515543,0.427554
13281,0.545841,0.465824
13282,0.513213,0.438300
13283,0.485379,0.415194
13284,0.536644,0.374993
13285,0.562244,0.412431
13286,0.604635,0.372728
13287,0.639495,0.340257
13288,0.598514,0.322468
13289,0.562538,0.307739
13290,0.604877,0.282705
13291,0.553234,0.334233
13292,0.515484,0.313584
13293,0.557971,0.291990
13294,0.519555,0.275697
13295,0.561386,0.258673
13296,0.596292,0.244752
13297,0.552754,0.232376
13298,0.589113,0.221356
13299,0.546496,0.211534
13300,0.509702,0.203439
13301,0.478329,0.196742
13302,0.433642,0.241888
13303,0.396460,0.285449
13304,0.365753,0.325954
13305,0.341369,0.296473
13306,0.321276,0.272670
13307,0.304699,0.253404
13308,0.346213,0.302811
13309,0.383474,0.348793
13310,0.345684,0.399186
13311,0.400447,0.370355
13312,0.367640,0.413982
13313,0.410889,0.462299
13314,0.448795,0.503970
13315,0.481508,0.539370
13316,0.531282,0.494611
13317,0.558999,0.531454
13318,0.600248,0.487850
13319,0.562296,0.451920
13320,0.529435,0.421754
13321,0.501289,0.396555
13322,0.525028,0.433339
13323,0.501096,0.411719
13324,0.446497,0.467000
13325,0.500931,0.424743
13326,0.547234,0.389645
13327,0.585990,0.360671
13328,0.540182,0.405769
13329,0.498825,0.373049
13330,0.459319,0.416737
13331,0.499001,0.391435
13332,0.532761,0.370372
13333,0.499151,0.407311
13334,0.527858,0.389116
13335,0.477328,0.350048
13336,0.434699,0.318330
13337,0.406817,0.358313
13338,0.444406,0.343612
13339,0.420537,0.378648
13340,0.474211,0.437786
13341,0.432298,0.396278
13342,0.478074,0.447042
13343,0.517091,0.416898
13344,0.481360,0.454939
13345,0.439826,0.413584
13346,0.410135,0.452063
13347,0.376228,0.411194
13348,0.348317,0.377371
13349,0.394324,0.353160
13350,0.369939,0.395174
13351,0.349716,0.432175
13352,0.332938,0.464249
13353,0.387373,0.516984
13354,0.364173,0.544442
13355,0.344934,0.567577
13356,0.383740,0.537803
13357,0.417955,0.512274
13358,0.375188,0.457299
13359,0.340281,0.411323
13360,0.393286,0.463679
13361,0.362914,0.424403
13362,0.338835,0.465049
13363,0.387370,0.510245
13364,0.358981,0.545120
13365,0.335596,0.574433
13366,0.379230,0.538381
13367,0.417953,0.507402
13368,0.396781,0.532642
13369,0.379080,0.553970
13370,0.364281,0.571946
13371,0.422944,0.618742
13372,0.456782,0.586489
13373,0.434357,0.601467
13374,0.463239,0.573721
13375,0.413857,0.512459
13376,0.395270,0.534874
13377,0.452442,0.584766
13378,0.502109,0.625888
13379,0.544332,0.659492
13380,0.579750,0.686860
13381,0.609238,0.709151
13382,0.639567,0.664001
13383,0.663179,0.690531
13384,0.619509,0.640837
13385,0.640116,0.664233
13386,0.671360,0.615371
13387,0.619986,0.641040
13388,0.645281,0.668067
13389,0.666168,0.690208
13390,0.624480,0.644405
13391,0.642738,0.663946
13392,0.606427,0.623717
13393,0.622266,0.640788
13394,0.563655,0.674707
13395,0.512327,0.702180
13396,0.554189,0.650246
13397,0.584657,0.672205
13398,0.610065,0.690300
13399,0.559073,0.713092
13400,0.588736,0.727365
13401,0.613461,0.739141
13402,0.562067,0.756595
13403,0.591235,0.765897
13404,0.552832,0.723919
13405,0.593562,0.669847
13406,0.617819,0.687718
13407,0.637991,0.702484
13408,0.600670,0.661739
13409,0.639598,0.605941
13410,0.671323,0.556169
13411,0.687311,0.587024
13412,0.700560,0.612732
13413,0.646342,0.645410
13414,0.597023,0.672170
13415,0.625894,0.691914
13416,0.649757,0.708166
13417,0.607650,0.665460
13418,0.641986,0.611475
13419,0.591900,0.642117
13420,0.621612,0.595197
13421,0.578362,0.621726
13422,0.530447,0.572378
13423,0.566760,0.604045
13424,0.597088,0.630303
13425,0.622305,0.652038
13426,0.643237,0.670032
13427,0.590498,0.697160
13428,0.622700,0.646132
13429,0.577158,0.670122
13430,0.604887,0.625221
13431,0.637482,0.655735
13432,0.659707,0.612311
13433,0.685633,0.645158
13434,0.703223,0.602883
13435,0.723685,0.637426
13436,0.737553,0.596023
13437,0.748982,0.559695
13438,0.764641,0.601873
13439,0.773680,0.564791
13440,0.781168,0.532672
13441,0.732878,0.480393
13442,0.686874,0.436247
13443,0.702218,0.483332
13444,0.714914,0.523622
13445,0.725446,0.557648
13446,0.685996,0.520083
13447,0.695486,0.549062
13448,0.723971,0.498977
13449,0.746844,0.456383
13450,0.765273,0.420648
13451,0.780190,0.390899
13452,0.738656,0.360753
13453,0.684981,0.405795
13454,0.701376,0.453563
13455,0.723171,0.420565
13456,0.679326,0.387380
13457,0.705274,0.360686
13458,0.654318,0.403816
13459,0.608655,0.369535
13460,0.568248,0.341382
13461,0.592766,0.388391
13462,0.558112,0.363878
13463,0.601778,0.334931
13464,0.549457,0.383484
13465,0.512734,0.355425
13466,0.467223,0.401865
13467,0.428934,0.442812
13468,0.397026,0.478263
13469,0.370566,0.508583
13470,0.412124,0.481520
13471,0.375949,0.432707
13472,0.416871,0.410267
13473,0.379857,0.370472
13474,0.429158,0.423498
13475,0.470875,0.396533
13476,0.439672,0.434831
13477,0.487633,0.485768
13478,0.523453,0.454500
13479,0.478946,0.413770
13480,0.519939,0.461295
13481,0.554595,0.502288
13482,0.583654,0.537130
13483,0.534581,0.576343
13484,0.571291,0.531577
13485,0.601905,0.493092
13486,0.554966,0.452024
13487,0.512847,0.491844
13488,0.471940,0.450973
13489,0.437442,0.416724
13490,0.408574,0.388218
13491,0.374299,0.436447
13492,0.346111,0.478448
13493,0.391697,0.520675
13494,0.432026,0.556360
13495,0.481469,0.512125
13496,0.442123,0.547962
13497,0.409221,0.578053
13498,0.454718,0.613862
13499,0.419725,0.638201
13500,0.463855,0.666865
13501,0.506171,0.622821
13502,0.544108,0.654282
13503,0.575974,0.680014
13504,0.610724,0.634685
13505,0.564717,0.654926
13506,0.598400,0.683416
13507,0.627447,0.640826
13508,0.580636,0.587608
13509,0.608994,0.620603
13510,0.640279,0.576746
13511,0.593058,0.603075
13512,0.624024,0.637150
13513,0.649581,0.665083
13514,0.674951,0.620246
13515,0.695216,0.651234
13516,0.715259,0.607845
13517,0.668862,0.557445
13518,0.618434,0.587697
13519,0.644692,0.621561
13520,0.601200,0.574756
13521,0.623967,0.603902
13522,0.586350,0.563675
13523,0.625979,0.514618
13524,0.644870,0.547488
13525,0.676505,0.500690
13526,0.624122,0.540399
13527,0.651830,0.500586
13528,0.605660,0.459503
13529,0.564836,0.424988
13530,0.602949,0.392219
13531,0.634408,0.365098
13532,0.590147,0.337983
13533,0.542026,0.383804
13534,0.502472,0.353337
13535,0.535745,0.400731
13536,0.502101,0.374317
13537,0.473477,0.352432
13538,0.449275,0.334300
13539,0.428887,0.319262
13540,0.383893,0.373957
13541,0.417821,0.414938
13542,0.400808,0.392221
13543,0.386530,0.373268
13544,0.374545,0.357456
13545,0.333448,0.414743
13546,0.323912,0.392059
13547,0.291370,0.445517
13548,0.327682,0.481792
13549,0.294392,0.528474
13550,0.330419,0.559236
13551,0.296586,0.597947
13552,0.332404,0.623012
13553,0.393155,0.572480
13554,0.427335,0.601844
13555,0.482767,0.553829
13556,0.530275,0.512174
13557,0.485351,0.545804
13558,0.525743,0.510349
13559,0.487547,0.538964
13560,0.447099,0.488434
13561,0.415239,0.520401
13562,0.382125,0.472624
13563,0.356406,0.506952
13564,0.404949,0.551523
13565,0.447768,0.588797
13566,0.484810,0.619714
13567,0.530403,0.574020
13568,0.568791,0.534127
13569,0.599528,0.574297
13570,0.630737,0.534366
13571,0.586007,0.488625
13572,0.538691,0.524675
13573,0.572370,0.564960
13574,0.600491,0.598562
13575,0.561634,0.555303
13576,0.527981,0.517835
13577,0.573623,0.472229
13578,0.611486,0.433796
13579,0.642663,0.401725
13580,0.595206,0.443635
13581,0.625821,0.490366
13582,0.651968,0.455408
13583,0.673502,0.426023
13584,0.691252,0.401441
13585,0.640055,0.365080
13586,0.663690,0.345349
13587,0.683161,0.328984
13588,0.699224,0.315391
13589,0.721735,0.370995
13590,0.734401,0.350253
13591,0.683834,0.321092
13592,0.703219,0.304653
13593,0.722266,0.356578
13594,0.675523,0.331490
13595,0.632785,0.310887
13596,0.580124,0.359779
13597,0.540550,0.334118
13598,0.506484,0.313046
13599,0.552262,0.291900
13600,0.590518,0.274603
13601,0.549576,0.258602
13602,0.588285,0.244958
13603,0.620369,0.233750
13604,0.646848,0.224507
13605,0.602872,0.267143
13606,0.625845,0.258524
13607,0.587789,0.297801
13608,0.534263,0.270653
13609,0.500402,0.308999
13610,0.454297,0.279636
13611,0.415685,0.256066
13612,0.387977,0.295519
13613,0.428142,0.287708
13614,0.478151,0.345545
13615,0.446267,0.384484
13616,0.481425,0.367518
13617,0.454278,0.401318
13618,0.484209,0.386643
13619,0.435118,0.345251
13620,0.467759,0.333537
13621,0.495734,0.323739
13622,0.472585,0.357003
13623,0.496374,0.348385
13624,0.441881,0.309996
13625,0.396588,0.279282
13626,0.430958,0.272869
13627,0.387590,0.248650
13628,0.352051,0.229228
13629,0.323063,0.213577
13630,0.306076,0.253374
13631,0.292037,0.290838
13632,0.269778,0.263017
13633,0.320237,0.319163
13634,0.366775,0.371496
13635,0.338394,0.414844
13636,0.383153,0.463332
13637,0.422857,0.505138
13638,0.384452,0.543665
13639,0.362531,0.501619
13640,0.344333,0.465838
13641,0.398493,0.426904
13642,0.374188,0.397395
13643,0.342993,0.445248
13644,0.385724,0.486533
13645,0.365288,0.453409
13646,0.348287,0.425563
13647,0.403825,0.387254
13648,0.369913,0.436598
13649,0.342050,0.479592
13650,0.387575,0.520804
13651,0.356552,0.557390
13652,0.334280,0.513943
13653,0.377117,0.548841
13654,0.344617,0.585992
13655,0.386365,0.614576
13656,0.423243,0.638275
13657,0.382417,0.667434
13658,0.419785,0.686262
13659,0.473174,0.635501
13660,0.519092,0.589790
13661,0.551987,0.622277
13662,0.590237,0.578088
13663,0.549277,0.531045
13664,0.513905,0.490585
13665,0.483714,0.456271
13666,0.532991,0.417751
13667,0.560849,0.458802
13668,0.510047,0.504447
13669,0.476996,0.468367
13670,0.508541,0.503780
13671,0.460452,0.547928
13672,0.432672,0.510726
13673,0.483374,0.465917
13674,0.526783,0.428230
13675,0.485866,0.471017
13676,0.526034,0.513568
13677,0.562652,0.474791
13678,0.595945,0.516782
13679,0.553332,0.478568
13680,0.581834,0.514267
13681,0.605646,0.544511
13682,0.641243,0.495434
13683,0.590175,0.537862
13684,0.620965,0.496119
13685,0.647938,0.535515
13686,0.603388,0.496701
13687,0.564088,0.463722
13688,0.514161,0.510570
13689,0.546296,0.543995
13690,0.573321,0.572110
13691,0.595959,0.595654
13692,0.634391,0.542342
13693,0.652570,0.570724
13694,0.598141,0.609286
13695,0.549831,0.641042
13696,0.582224,0.663217
13697,0.609223,0.681521
13698,0.641556,0.629813
13699,0.668075,0.583330
13700,0.622284,0.537853
13701,0.581528,0.498664
13702,0.545964,0.465348
13703,0.569471,0.498865
13704,0.539100,0.470533
13705,0.484440,0.521374
13706,0.438218,0.564285
13707,0.399725,0.600042
13708,0.440017,0.627098
13709,0.488597,0.578547
13710,0.523750,0.609278
13711,0.564937,0.562824
13712,0.520191,0.593303
13713,0.555283,0.553478
13714,0.591142,0.592973
13715,0.620893,0.625643
13716,0.574270,0.650179
13717,0.603325,0.607433
13718,0.635156,0.641237
13719,0.661324,0.668921
13720,0.683789,0.624218
13721,0.635983,0.573907
13722,0.663001,0.532795
13723,0.684445,0.571970
13724,0.705825,0.531119
13725,0.659478,0.486605
13726,0.617483,0.448907
13727,0.565084,0.491537
13728,0.593228,0.531378
13729,0.616685,0.564951
13730,0.579501,0.526681
13731,0.599691,0.555295
13732,0.567735,0.522685
13733,0.585053,0.547054
13734,0.599611,0.567597
13735,0.572490,0.540029
13736,0.621746,0.482818
13737,0.661766,0.434482
13738,0.626972,0.411337
13739,0.638878,0.444221
13740,0.608583,0.424415
13741,0.618909,0.452533
13742,0.592704,0.435616
13743,0.528017,0.495693
13744,0.579052,0.445189
13745,0.523821,0.496339
13746,0.492763,0.465062
13747,0.541254,0.422518
13748,0.581900,0.387213
13749,0.608398,0.429559
13750,0.641296,0.393037
13751,0.668264,0.362890
13752,0.622880,0.338636
13753,0.653174,0.314661
13754,0.609346,0.295468
13755,0.570619,0.279701
13756,0.519460,0.329295
13757,0.485434,0.307467
13758,0.441814,0.354914
13759,0.479263,0.403672
13760,0.436639,0.448216
13761,0.408409,0.412675
13762,0.373650,0.456063
13763,0.421903,0.425562
13764,0.391955,0.462627
13765,0.433467,0.436597
13766,0.396027,0.394770
13767,0.443354,0.446027
13768,0.410415,0.484203
13769,0.451793,0.454073
13770,0.413400,0.412478
13771,0.385939,0.450709
13772,0.434939,0.499833
13773,0.403852,0.532918
13774,0.378011,0.560827
13775,0.427936,0.601588
13776,0.469214,0.563288
13777,0.438627,0.586684
13778,0.487090,0.626291
13779,0.447760,0.573888
13780,0.414861,0.601547
13781,0.382662,0.552054
13782,0.427436,0.586649
13783,0.393108,0.617187
13784,0.364724,0.642447
13785,0.411571,0.669513
13786,0.384219,0.622012
13787,0.424616,0.645676
13788,0.386701,0.673352
13789,0.426794,0.692125
13790,0.461669,0.707600
13791,0.437651,0.665647
13792,0.417458,0.627766
13793,0.446926,0.642281
13794,0.398674,0.677924
13795,0.430648,0.689436
13796,0.487666,0.632449
13797,0.515663,0.651627
13798,0.539390,0.667554
13799,0.587411,0.612409
13800,0.554618,0.572626
13801,0.574511,0.596001
13802,0.619269,0.542559
13803,0.655812,0.496299
13804,0.617556,0.461340
13805,0.654418,0.422484
13806,0.616317,0.393719
13807,0.632450,0.433964
13808,0.574739,0.483269
13809,0.597706,0.518531
13810,0.635534,0.473550
13811,0.596795,0.441034
13812,0.616005,0.477511
13813,0.559972,0.524625
13814,0.511051,0.564362
13815,0.544109,0.594787
13816,0.509393,0.554792
13817,0.479801,0.520207
13818,0.433384,0.565268
13819,0.468245,0.591155
13820,0.498136,0.612774
13821,0.523562,0.630811
13822,0.470242,0.665998
13823,0.445263,0.627479
13824,0.401001,0.663292
13825,0.436459,0.677696
13826,0.415542,0.640216
13827,0.471574,0.582178
13828,0.428019,0.620072
13829,0.402093,0.580364
13830,0.438698,0.602616
13831,0.470363,0.621206
13832,0.423093,0.657893
13833,0.401100,0.619938
13834,0.434485,0.635488
13835,0.463349,0.648488
13836,0.444223,0.615965
13837,0.468832,0.627274
13838,0.489873,0.636778
13839,0.548321,0.573500
13840,0.523266,0.544184
13841,0.576272,0.487934
13842,0.547280,0.462724
13843,0.522375,0.441439
13844,0.575530,0.394849
13845,0.546641,0.377535
13846,0.489697,0.434843
13847,0.539677,0.395316
13848,0.565857,0.434506
13849,0.513747,0.484688
13850,0.544019,0.518999
13851,0.494958,0.561665
13852,0.528129,0.590160
13853,0.570246,0.540866
13854,0.597664,0.572767
13855,0.620505,0.599426
13856,0.583311,0.561974
13857,0.529451,0.603092
13858,0.570998,0.552753
13859,0.532133,0.513899
13860,0.560461,0.544887
13861,0.584242,0.570964
13862,0.530664,0.611359
13863,0.571795,0.560433
13864,0.532602,0.521255
13865,0.573414,0.476637
13866,0.534001,0.443323
13867,0.487859,0.489568
13868,0.454075,0.454211
13869,0.489679,0.491133
13870,0.445270,0.535908
13871,0.482124,0.567056
13872,0.528262,0.519221
13873,0.567134,0.478247
13874,0.597773,0.518377
13875,0.623238,0.552323
13876,0.573066,0.589648
13877,0.602709,0.617406
13878,0.634185,0.568856
13879,0.660079,0.526482
13880,0.681367,0.490136
13881,0.637401,0.522515
13882,0.656121,0.491615
13883,0.602457,0.444382
13884,0.561966,0.478819
13885,0.526865,0.508264
13886,0.477958,0.458400
13887,0.522841,0.507024
13888,0.556016,0.473463
13889,0.593321,0.519879
13890,0.547669,0.477438
13891,0.508191,0.441593
13892,0.474535,0.411582
13893,0.520874,0.377660
13894,0.560013,0.349725
13895,0.518799,0.326387
13896,0.558271,0.304235
13897,0.591272,0.286088
13898,0.549593,0.331119
13899,0.587673,0.382892
13900,0.542192,0.354879
13901,0.574736,0.399945
13902,0.535887,0.375660
13903,0.502500,0.355493
13904,0.455673,0.408806
13905,0.502125,0.376194
13906,0.462295,0.422244
13907,0.428794,0.462514
13908,0.394499,0.422776
13909,0.439360,0.468120
13910,0.478319,0.507111
13911,0.448386,0.472892
13912,0.407633,0.518747
13913,0.456085,0.476952
13914,0.423575,0.441215
13915,0.469957,0.406508
13916,0.435194,0.377354
13917,0.406126,0.353243
13918,0.444829,0.395159
13919,0.404457,0.446680
13920,0.443376,0.484549
13921,0.403252,0.529471
13922,0.442327,0.561548
13923,0.476131,0.588426
13924,0.450917,0.552390
13925,0.504207,0.500961
13926,0.474660,0.469732
13927,0.503576,0.500817
13928,0.553240,0.452414
13929,0.594673,0.411933
13930,0.628884,0.378415
13931,0.586600,0.353753
13932,0.610239,0.396077
13933,0.573817,0.374679
13934,0.520256,0.428249
13935,0.549130,0.466210
13936,0.573422,0.498805
13937,0.541798,0.471266
13938,0.514639,0.447988
13939,0.491480,0.428376
13940,0.512444,0.455746
13941,0.455388,0.513694
13942,0.481677,0.537216
13943,0.536912,0.482342
13944,0.508992,0.456800
13945,0.531391,0.484989
13946,0.475525,0.538114
13947,0.502968,0.561917
13948,0.451465,0.605836
13949,0.408447,0.641896
13950,0.372928,0.671350
13951,0.343762,0.695379
13952,0.388307,0.712417
13953,0.365960,0.668538
13954,0.404616,0.683754
13955,0.366457,0.710198
13956,0.405054,0.722203
13957,0.438832,0.732164
13958,0.394571,0.752521
13959,0.447935,0.701570
13960,0.484026,0.718304
13961,0.530546,0.669329
13962,0.561111,0.691870
13963,0.599645,0.644979
13964,0.559357,0.595692
13965,0.585013,0.624217
13966,0.533076,0.652356
13967,0.572456,0.606199
13968,0.605242,0.565379
13969,0.561708,0.590651
13970,0.597661,0.627981
13971,0.627432,0.658572
13972,0.652009,0.683587
13973,0.608982,0.636082
13974,0.642427,0.587771
13975,0.662975,0.618141
13976,0.689552,0.571883
13977,0.645944,0.527327
13978,0.663364,0.561218
13979,0.692337,0.515569
13980,0.715837,0.476531
13981,0.728971,0.518304
13982,0.686825,0.480047
13983,0.648361,0.447694
13984,0.682305,0.409054
13985,0.694250,0.449652
13986,0.656949,0.422457
13987,0.623620,0.399699
13988,0.664157,0.362209
13989,0.696834,0.331590
13990,0.640973,0.382034
13991,0.600470,0.355751
13992,0.620731,0.399204
13993,0.637631,0.437461
13994,0.603185,0.413997
13995,0.644366,0.374314
13996,0.588058,0.426696
13997,0.623683,0.392530
13998,0.582267,0.365622
13999,0.618912,0.338231
14000,0.649047,0.315764
14001,0.604747,0.295149
14002,0.637412,0.277417
14003,0.664227,0.262872
14004,0.617636,0.307100
14005,0.647317,0.359755
14006,0.600512,0.333665
14007,0.626253,0.379902
14008,0.585759,0.357115
14009,0.550378,0.338237
14010,0.519884,0.322583
14011,0.493837,0.309582
14012,0.442170,0.365122
14013,0.399173,0.415406
14014,0.450783,0.384564
14015,0.413971,0.427903
14016,0.385118,0.392320
14017,0.355388,0.434710
14018,0.330956,0.471535
14019,0.310876,0.503098
14020,0.289403,0.455074
14021,0.337016,0.502633
14022,0.386146,0.468205
14023,0.429860,0.439164
14024,0.476515,0.488957
14025,0.516529,0.531494
14026,0.480033,0.490613
14027,0.439355,0.530788
14028,0.479244,0.566622
14029,0.448381,0.526179
14030,0.482355,0.556722
14031,0.511374,0.582360
14032,0.559709,0.530307
14033,0.509668,0.570183
14034,0.550820,0.525770
14035,0.508218,0.559765
14036,0.546722,0.595728
14037,0.581259,0.553064
14038,0.539746,0.581647
14039,0.569240,0.545151
14040,0.593939,0.513728
14041,0.631100,0.561604
14042,0.580111,0.511669
14043,0.539020,0.543848
14044,0.568258,0.509919
14045,0.592749,0.480996
14046,0.540126,0.433823
14047,0.579090,0.483844
14048,0.607477,0.451833
14049,0.558912,0.412183
14050,0.517796,0.452053
14051,0.482634,0.486454
14052,0.452867,0.515810
14053,0.427819,0.540685
14054,0.480719,0.587532
14055,0.513212,0.553752
14056,0.558336,0.598352
14057,0.585388,0.563149
14058,0.549648,0.583902
14059,0.572777,0.553756
14060,0.518252,0.496998
14061,0.471510,0.448757
14062,0.515516,0.497448
14063,0.550583,0.464052
14064,0.587290,0.510548
14065,0.615993,0.475146
14066,0.574408,0.508966
14067,0.611364,0.553649
14068,0.641817,0.590988
14069,0.664874,0.549285
14070,0.615773,0.503211
14071,0.570117,0.538833
14072,0.598904,0.502729
14073,0.559708,0.533027
14074,0.510190,0.483874
14075,0.476014,0.517036
14076,0.434049,0.470276
14077,0.399084,0.430905
14078,0.370138,0.398093
14079,0.343465,0.443151
14080,0.390142,0.487152
14081,0.365701,0.451620
14082,0.406197,0.489078
14083,0.441677,0.521031
14084,0.420005,0.490716
14085,0.401821,0.464993
14086,0.431842,0.492108
14087,0.384776,0.545073
14088,0.417009,0.567870
14089,0.444988,0.587028
14090,0.469056,0.603110
14091,0.489631,0.616609
14092,0.548510,0.555620
14093,0.491186,0.599625
14094,0.541270,0.547331
14095,0.509015,0.510827
14096,0.556281,0.465408
14097,0.507663,0.509204
14098,0.473069,0.471510
14099,0.518606,0.433225
14100,0.551899,0.474988
14101,0.589836,0.436139
14102,0.617061,0.477502
14103,0.639646,0.512928
14104,0.669412,0.468101
14105,0.693700,0.430371
14106,0.648541,0.399247
14107,0.607905,0.373406
14108,0.554961,0.423041
14109,0.518176,0.393154
14110,0.546769,0.434440
14111,0.515452,0.408791
14112,0.488726,0.387368
14113,0.466054,0.369491
14114,0.416213,0.425800
14115,0.375116,0.475288
14116,0.341521,0.517778
14117,0.314150,0.553717
14118,0.291851,0.583845
14119,0.339916,0.545708
14120,0.388541,0.586957
14121,0.431738,0.621106
14122,0.395827,0.645357
14123,0.441876,0.603509
14124,0.411093,0.624545
14125,0.450533,0.588336
14126,0.498617,0.629032
14127,0.539544,0.662263
14128,0.573293,0.621737
14129,0.601465,0.585872
14130,0.562423,0.604054
14131,0.602171,0.644486
14132,0.634950,0.677327
14133,0.657538,0.637873
14134,0.683626,0.671964
14135,0.704934,0.699597
14136,0.722102,0.658008
14137,0.736201,0.620606
14138,0.687190,0.563718
14139,0.639310,0.588020
14140,0.661270,0.554242
14141,0.619285,0.575033
14142,0.652815,0.618964
14143,0.601936,0.563912
14144,0.629092,0.528065
14145,0.651558,0.497351
14146,0.678977,0.546088
14147,0.701360,0.586866
14148,0.654010,0.539205
14149,0.611164,0.498086
14150,0.560011,0.537993
14151,0.594928,0.498373
14152,0.551336,0.457459
14153,0.506680,0.497492
14154,0.543458,0.538675
14155,0.579985,0.498825
14156,0.537153,0.458039
14157,0.568150,0.499001
14158,0.605050,0.458995
14159,0.563644,0.424727
14160,0.601319,0.391805
14161,0.554179,0.435883
14162,0.586452,0.407630
14163,0.618912,0.457038
14164,0.574493,0.495574
14165,0.535736,0.528389
14166,0.502431,0.556100
14167,0.530390,0.524137
14168,0.576462,0.571312
14169,0.599517,0.537232
14170,0.618778,0.507974
14171,0.584904,0.531663
14172,0.627784,0.581057
14173,0.572362,0.526924
14174,0.609286,0.569068
14175,0.633618,0.530651
14176,0.653783,0.497691
14177,0.682570,0.544523
14178,0.631895,0.498037
14179,0.586803,0.533374
14180,0.547262,0.563162
14181,0.499538,0.514064
14182,0.465349,0.546911
14183,0.436529,0.574525
14184,0.470533,0.539907
14185,0.499666,0.510163
14186,0.449629,0.459085
14187,0.481789,0.434026
14188,0.531995,0.487092
14189,0.484519,0.443832
14190,0.527206,0.489027
14191,0.486840,0.452201
14192,0.527472,0.416462
14193,0.488813,0.459336
14194,0.530887,0.503321
14195,0.490491,0.465415
14196,0.451441,0.508091
14197,0.418693,0.544299
14198,0.464700,0.581154
14199,0.429783,0.610880
14200,0.396464,0.563649
14201,0.440206,0.594683
14202,0.404340,0.626583
14203,0.374622,0.652870
14204,0.418410,0.608247
14205,0.466158,0.640372
14206,0.507273,0.666734
14207,0.542165,0.688358
14208,0.497009,0.708773
14209,0.535864,0.662306
14210,0.568570,0.620134
14211,0.603997,0.653434
14212,0.630559,0.612210
14213,0.581812,0.559477
14214,0.612178,0.522015
14215,0.569714,0.550622
14216,0.521987,0.500248
14217,0.484650,0.532237
14218,0.453032,0.559232
14219,0.500903,0.601030
14220,0.541616,0.635461
14221,0.500768,0.586204
14222,0.466018,0.542891
14223,0.436724,0.505531
14224,0.412159,0.473710
14225,0.391612,0.446819
14226,0.446898,0.403845
14227,0.407464,0.454748
14228,0.454816,0.417985
14229,0.421092,0.461507
14230,0.392982,0.498994
14231,0.441809,0.542116
14232,0.484256,0.578305
14233,0.520540,0.608432
14234,0.561304,0.561414
14235,0.591429,0.594391
14236,0.624686,0.549118
14237,0.652071,0.509955
14238,0.675477,0.551352
14239,0.630400,0.508462
14240,0.660308,0.468844
14241,0.611552,0.507193
14242,0.565857,0.464883
14243,0.595263,0.506114
14244,0.546972,0.544979
14245,0.581248,0.505197
14246,0.613056,0.546147
14247,0.567734,0.578757
14248,0.596559,0.539256
14249,0.629884,0.579586
14250,0.653051,0.539975
14251,0.603034,0.493229
14252,0.630863,0.459143
14253,0.658227,0.505001
14254,0.680694,0.543945
14255,0.702053,0.502257
14256,0.719544,0.466775
14257,0.736631,0.511522
14258,0.750423,0.474625
14259,0.705629,0.509794
14260,0.718239,0.478426
14261,0.739450,0.526711
14262,0.756646,0.567400
14263,0.766141,0.527698
14264,0.717293,0.482647
14265,0.670102,0.519308
14266,0.620439,0.475512
14267,0.576094,0.438554
14268,0.610593,0.405325
14269,0.639085,0.377735
14270,0.664260,0.426134
14271,0.619090,0.395489
14272,0.649885,0.365169
14273,0.606222,0.340593
14274,0.639326,0.316469
14275,0.666473,0.296706
14276,0.621080,0.277973
14277,0.571613,0.324685
14278,0.528366,0.367389
14279,0.565857,0.420073
14280,0.523393,0.459608
14281,0.556069,0.431900
14282,0.519888,0.465646
14283,0.547714,0.442015
14284,0.590893,0.496490
14285,0.613660,0.468060
14286,0.560584,0.422643
14287,0.514300,0.385011
14288,0.476767,0.425246
14289,0.445052,0.460266
14290,0.418432,0.490358
14291,0.453242,0.466206
14292,0.430495,0.491804
14293,0.485443,0.546100
14294,0.532480,0.591454
14295,0.562298,0.556576
14296,0.527619,0.577979
14297,0.478243,0.522138
14298,0.511223,0.491828
14299,0.556256,0.540960
14300,0.519964,0.567636
14301,0.563587,0.608158
14302,0.599934,0.641489
14303,0.626533,0.599349
14304,0.585261,0.621180
14305,0.534885,0.567730
14306,0.491455,0.520969
14307,0.454616,0.480898
14308,0.492737,0.517826
14309,0.450409,0.558486
14310,0.493826,0.515154
14311,0.457809,0.549776
14312,0.502009,0.586991
14313,0.464722,0.615337
14314,0.507920,0.645384
14315,0.544843,0.600720
14316,0.506732,0.624569
14317,0.463286,0.573081
14318,0.501234,0.533111
14319,0.533495,0.498779
14320,0.560710,0.469593
14321,0.509355,0.424543
14322,0.476875,0.460292
14323,0.449410,0.491018
14324,0.480340,0.466228
14325,0.456958,0.492365
14326,0.483287,0.471282
14327,0.463389,0.493510
14328,0.485792,0.475582
14329,0.468865,0.494484
14330,0.529372,0.554017
14331,0.580201,0.603494
14332,0.524974,0.545964
14333,0.552284,0.514256
14334,0.595074,0.561882
14335,0.617374,0.527921
14336,0.564105,0.477885
14337,0.591543,0.448937
14338,0.541399,0.407275
14339,0.503698,0.445228
14340,0.546438,0.495262
14341,0.503144,0.453392
14342,0.464645,0.492552
14343,0.502672,0.460351
14344,0.460130,0.419379
14345,0.424396,0.385383
14346,0.466090,0.431306
14347,0.435600,0.402094
14348,0.410052,0.377791
14349,0.461885,0.345872
14350,0.423313,0.395538
14351,0.464521,0.439880
14352,0.425514,0.484885
14353,0.466427,0.523632
14354,0.501584,0.556363
14355,0.546287,0.509613
14356,0.501346,0.547965
14357,0.463101,0.580140
14358,0.501144,0.540805
14359,0.533488,0.506946
14360,0.486077,0.459848
14361,0.445940,0.420339
14362,0.414025,0.460645
14363,0.460564,0.506706
14364,0.501188,0.470961
14365,0.466460,0.505700
14366,0.426545,0.460341
14367,0.393334,0.422266
14368,0.437438,0.466270
14369,0.402015,0.508385
14370,0.445033,0.546154
14371,0.408325,0.581397
14372,0.377892,0.610728
14373,0.421832,0.569359
14374,0.387104,0.520693
14375,0.361705,0.553758
14376,0.333905,0.507238
14377,0.381597,0.545743
14378,0.424056,0.578065
14379,0.472438,0.531579
14380,0.439316,0.491903
14381,0.476566,0.526852
14382,0.448348,0.493118
14383,0.406191,0.539339
14384,0.443675,0.568712
14385,0.420000,0.533458
14386,0.473821,0.483783
14387,0.445334,0.453615
14388,0.403937,0.502730
14389,0.369770,0.544473
14390,0.341706,0.579493
14391,0.387027,0.611022
14392,0.427189,0.637121
14393,0.462120,0.658693
14394,0.417871,0.685347
14395,0.394356,0.641364
14396,0.374741,0.601974
14397,0.429868,0.548372
14398,0.478194,0.501859
14399,0.444866,0.466296
14400,0.407529,0.510972
14401,0.449169,0.546177
14402,0.495485,0.501343
14403,0.460088,0.464422
14404,0.496162,0.501141
14405,0.452045,0.544589
14406,0.422371,0.506739
14407,0.397572,0.474488
14408,0.433867,0.505728
14409,0.412594,0.478310
14410,0.371409,0.529943
14411,0.337789,0.573375
14412,0.321421,0.536186
14413,0.360732,0.562494
14414,0.346341,0.530773
14415,0.380751,0.553197
14416,0.410989,0.572092
14417,0.365315,0.618115
14418,0.397478,0.633401
14419,0.425543,0.646187
14420,0.486606,0.586492
14421,0.538900,0.533592
14422,0.508497,0.499265
14423,0.482596,0.470080
14424,0.460648,0.445424
14425,0.516840,0.400868
14426,0.541386,0.436071
14427,0.487423,0.489608
14428,0.441734,0.535352
14429,0.415136,0.499345
14430,0.450412,0.530063
14431,0.480807,0.556005
14432,0.532664,0.503461
14433,0.501837,0.472831
14434,0.475613,0.446947
14435,0.453423,0.425164
14436,0.434702,0.406871
14437,0.493211,0.364389
14438,0.444409,0.420584
14439,0.419924,0.396568
14440,0.379942,0.449106
14441,0.347171,0.494723
14442,0.320397,0.533598
14443,0.368938,0.495515
14444,0.342116,0.453734
14445,0.388549,0.421834
14446,0.364521,0.460642
14447,0.344609,0.494029
14448,0.384042,0.466527
14449,0.366701,0.494924
14450,0.423293,0.546372
14451,0.399460,0.570218
14452,0.379566,0.590239
14453,0.414217,0.559795
14454,0.470613,0.606924
14455,0.519206,0.645510
14456,0.560261,0.676903
14457,0.590330,0.636165
14458,0.615378,0.599904
14459,0.636203,0.568178
14460,0.582860,0.511074
14461,0.543659,0.537107
14462,0.496087,0.484365
14463,0.455672,0.439761
14464,0.496103,0.412613
14465,0.455686,0.376176
14466,0.422322,0.416890
14467,0.394497,0.452436
14468,0.371365,0.483052
14469,0.339801,0.434563
14470,0.381940,0.411529
14471,0.362495,0.444290
14472,0.346310,0.472534
14473,0.332826,0.496688
14474,0.321575,0.517235
14475,0.379896,0.571687
14476,0.360794,0.588707
14477,0.328166,0.529472
14478,0.313000,0.553177
14479,0.366949,0.598765
14480,0.345101,0.618099
14481,0.327028,0.634247
14482,0.379770,0.670239
14483,0.422282,0.632796
14484,0.470797,0.669064
14485,0.433791,0.613630
14486,0.476658,0.574042
14487,0.513393,0.539607
14488,0.554923,0.584214
14489,0.585538,0.548407
14490,0.537870,0.497271
14491,0.572906,0.541182
14492,0.532206,0.497680
14493,0.571751,0.460168
14494,0.604678,0.428618
14495,0.561106,0.466123
14496,0.523285,0.498324
14497,0.477216,0.450897
14498,0.513012,0.424165
14499,0.543348,0.401780
14500,0.568892,0.383066
14501,0.536871,0.416211
14502,0.558662,0.400094
14503,0.577010,0.386561
14504,0.592444,0.375193
14505,0.531983,0.333472
14506,0.504491,0.366406
14507,0.527196,0.356946
14508,0.503818,0.385678
14509,0.448324,0.340547
14510,0.475831,0.332769
14511,0.456032,0.363148
14512,0.439309,0.389869
14513,0.462601,0.382850
14514,0.448342,0.405962
14515,0.436288,0.425945
14516,0.426100,0.443126
14517,0.491728,0.511585
14518,0.511719,0.494989
14519,0.528685,0.480890
14520,0.509962,0.495741
14521,0.568588,0.558480
14522,0.544109,0.570899
14523,0.558402,0.549771
14524,0.610725,0.605119
14525,0.622336,0.579292
14526,0.594550,0.589721
14527,0.531099,0.524809
14528,0.551081,0.502098
14529,0.567941,0.482783
14530,0.543461,0.501783
14531,0.483115,0.443186
14532,0.536968,0.501516
14533,0.560347,0.476324
14534,0.531439,0.501288
14535,0.551364,0.479871
14536,0.600376,0.536580
14537,0.616627,0.509913
14538,0.558049,0.456261
14539,0.525969,0.485453
14540,0.474587,0.435712
14541,0.431290,0.394387
14542,0.395270,0.360387
14543,0.441494,0.409853
14544,0.481632,0.453428
14545,0.441235,0.497528
14546,0.481409,0.535241
14547,0.515768,0.566999
14548,0.558916,0.519683
14549,0.521083,0.482301
14550,0.563372,0.442002
14551,0.524920,0.410911
14552,0.491984,0.385022
14553,0.446406,0.435324
14554,0.408332,0.479199
14555,0.449379,0.519706
14556,0.421837,0.482316
14557,0.383977,0.525491
14558,0.361710,0.487239
14559,0.343235,0.454825
14560,0.313726,0.502046
14561,0.289765,0.542189
14562,0.339540,0.501739
14563,0.386500,0.542171
14564,0.428188,0.576127
14565,0.464469,0.604448
14566,0.495621,0.627989
14567,0.544628,0.576454
14568,0.496278,0.609464
14569,0.463102,0.564972
14570,0.435146,0.526281
14571,0.485765,0.480550
14572,0.529064,0.441903
14573,0.565552,0.409579
14574,0.524712,0.450555
14575,0.555808,0.422907
14576,0.521010,0.457934
14577,0.491257,0.488051
14578,0.466007,0.513728
14579,0.418306,0.460643
14580,0.471093,0.511670
14581,0.441796,0.541383
14582,0.491431,0.584114
14583,0.525280,0.546712
14584,0.553882,0.514482
14585,0.503563,0.464879
14586,0.471010,0.497606
14587,0.428522,0.450634
14588,0.475351,0.497965
14589,0.513821,0.463399
14590,0.471575,0.423867
14591,0.437086,0.464277
14592,0.482184,0.509778
14593,0.446445,0.469621
14594,0.490692,0.433705
14595,0.528444,0.403700
14596,0.560297,0.378741
14597,0.524185,0.417861
14598,0.551322,0.396358
14599,0.574156,0.378388
14600,0.543666,0.411550
14601,0.563162,0.396053
14602,0.537142,0.424597
14603,0.478988,0.376690
14604,0.531587,0.435772
14605,0.575796,0.487540
14606,0.526859,0.445323
14607,0.489928,0.484039
14608,0.533462,0.528307
14609,0.566050,0.490997
14610,0.519415,0.449262
14611,0.479474,0.414318
14612,0.441776,0.458282
14613,0.482551,0.426971
14614,0.517414,0.400799
14615,0.472097,0.365844
14616,0.433906,0.337189
14617,0.402521,0.381606
14618,0.376448,0.421017
14619,0.426075,0.472446
14620,0.467806,0.441939
14621,0.429139,0.402808
14622,0.399005,0.442706
14623,0.446402,0.491323
14624,0.487960,0.457960
14625,0.529232,0.504418
14626,0.564024,0.543879
14627,0.519214,0.578111
14628,0.555610,0.610538
14629,0.511965,0.638248
14630,0.472493,0.591032
14631,0.513885,0.545524
14632,0.476612,0.577617
14633,0.445118,0.604401
14634,0.418680,0.626691
14635,0.396564,0.645227
14636,0.378088,0.660650
14637,0.434415,0.691770
14638,0.469283,0.652328
14639,0.444163,0.665332
14640,0.473882,0.630624
14641,0.527313,0.669402
14642,0.477794,0.611747
14643,0.523222,0.645579
14644,0.555878,0.604179
14645,0.583272,0.567748
14646,0.547551,0.588913
14647,0.496446,0.533264
14648,0.465596,0.559952
14649,0.514268,0.601871
14650,0.545583,0.564567
14651,0.571930,0.532256
14652,0.594015,0.504566
14653,0.561258,0.527428
14654,0.580177,0.503881
14655,0.596076,0.483849
14656,0.568314,0.503299
14657,0.507692,0.445060
14658,0.483438,0.470179
14659,0.462879,0.491655
14660,0.485921,0.474644
14661,0.431001,0.418636
14662,0.385566,0.372570
14663,0.441247,0.430670
14664,0.415640,0.464304
14665,0.449996,0.440964
14666,0.479592,0.421324
14667,0.457457,0.449754
14668,0.408680,0.400511
14669,0.463814,0.457251
14670,0.496497,0.431857
14671,0.524312,0.410545
14672,0.473017,0.369786
14673,0.504351,0.352640
14674,0.530967,0.338356
14675,0.578055,0.395482
14676,0.599990,0.374030
14677,0.618329,0.356173
14678,0.561670,0.323502
14679,0.512148,0.297010
14680,0.544671,0.283521
14681,0.510326,0.324682
14682,0.481044,0.361970
14683,0.531095,0.420070
14684,0.483885,0.381827
14685,0.443948,0.350415
14686,0.484574,0.329703
14687,0.519289,0.312599
14688,0.473842,0.288414
14689,0.435520,0.268757
14690,0.477760,0.316991
14691,0.439245,0.365680
14692,0.407172,0.339285
14693,0.375758,0.385844
14694,0.349842,0.427171
14695,0.324876,0.389908
14696,0.304328,0.430736
14697,0.349387,0.405996
14698,0.321376,0.368880
14699,0.370872,0.419832
14700,0.346301,0.387824
14701,0.326036,0.361346
14702,0.368179,0.404199
14703,0.350408,0.381285
14704,0.387216,0.418290
14705,0.348747,0.472158
14706,0.385743,0.504918
14707,0.442538,0.457888
14708,0.402405,0.504180
14709,0.441431,0.539040
14710,0.401488,0.577913
14711,0.440632,0.606591
14712,0.474516,0.630411
14713,0.524279,0.579278
14714,0.478333,0.611562
14715,0.520642,0.567544
14716,0.556396,0.529242
14717,0.517548,0.557510
14718,0.473167,0.506982
14719,0.440210,0.538740
14720,0.486689,0.580236
14721,0.451587,0.606346
14722,0.488685,0.568364
14723,0.445560,0.516789
14724,0.416179,0.547453
14725,0.453675,0.514272
14726,0.428565,0.540368
14727,0.407502,0.562383
14728,0.389859,0.580908
14729,0.350201,0.522688
14730,0.386306,0.494382
14731,0.371583,0.519288
14732,0.333269,0.465531
14733,0.390165,0.516397
14734,0.356767,0.470689
14735,0.406217,0.513939
14736,0.449916,0.475756
14737,0.420022,0.511849
14738,0.457389,0.479388
14739,0.431857,0.510072
14740,0.463756,0.482477
14741,0.491117,0.459099
14742,0.469178,0.485104
14743,0.525436,0.540070
14744,0.498330,0.562014
14745,0.446841,0.506186
14746,0.403913,0.458556
14747,0.381916,0.492894
14748,0.435406,0.539608
14749,0.482141,0.578807
14750,0.522145,0.611382
14751,0.559529,0.566622
14752,0.516812,0.521276
14753,0.480284,0.482424
14754,0.524191,0.443340
14755,0.557971,0.484677
14756,0.520567,0.451782
14757,0.549337,0.486975
14758,0.499079,0.533835
14759,0.531182,0.563580
14760,0.573677,0.514455
14761,0.608985,0.472441
14762,0.566430,0.437617
14763,0.529445,0.408480
14764,0.572226,0.374441
14765,0.607785,0.346440
14766,0.637151,0.323439
14767,0.661341,0.304532
14768,0.612918,0.283470
14769,0.569881,0.266278
14770,0.605843,0.251955
14771,0.563678,0.238385
14772,0.590345,0.283944
14773,0.539489,0.334630
14774,0.570097,0.380781
14775,0.533585,0.357962
14776,0.559692,0.398121
14777,0.507368,0.451011
14778,0.476000,0.422533
14779,0.431693,0.472326
14780,0.394846,0.515128
14781,0.436292,0.551272
14782,0.472260,0.581590
14783,0.428568,0.616553
14784,0.392259,0.645366
14785,0.362291,0.669064
14786,0.407598,0.691880
14787,0.447420,0.710568
14788,0.481828,0.725913
14789,0.436570,0.743344
14790,0.484552,0.695908
14791,0.525598,0.651963
14792,0.561551,0.680812
14793,0.595586,0.638268
14794,0.552392,0.655630
14795,0.589062,0.686257
14796,0.546708,0.700000
14797,0.584329,0.724177
14798,0.542593,0.735012
14799,0.580899,0.754078
14800,0.609489,0.712124
14801,0.633221,0.673306
14802,0.652903,0.638304
14803,0.599821,0.578032
14804,0.631126,0.618411
14805,0.656904,0.651515
14806,0.612182,0.601181
14807,0.634623,0.629914
14808,0.653253,0.653642
14809,0.683366,0.604163
14810,0.707819,0.560314
14811,0.657887,0.588899
14812,0.680834,0.623885
14813,0.699678,0.652654
14814,0.715185,0.676270
14815,0.727979,0.695666
14816,0.746985,0.646410
14817,0.703926,0.599344
14818,0.715084,0.625463
14819,0.738108,0.575997
14820,0.697351,0.533918
14821,0.723820,0.490103
14822,0.684158,0.454005
14823,0.648165,0.423683
14824,0.684238,0.387739
14825,0.648237,0.363196
14826,0.588392,0.413258
14827,0.535300,0.457315
14828,0.575352,0.426062
14829,0.535357,0.390435
14830,0.500979,0.361030
14831,0.471738,0.336820
14832,0.500832,0.381010
14833,0.550776,0.349358
14834,0.575134,0.392225
14835,0.616149,0.358550
14836,0.649782,0.330970
14837,0.668686,0.375752
14838,0.628402,0.354749
14839,0.662626,0.324871
14840,0.690449,0.300539
14841,0.648019,0.284601
14842,0.609984,0.271461
14843,0.554481,0.322377
14844,0.520029,0.302553
14845,0.471524,0.351233
14846,0.505228,0.398938
14847,0.458996,0.444830
14848,0.504444,0.413768
14849,0.465125,0.453053
14850,0.432022,0.486931
14851,0.478163,0.534920
14852,0.442966,0.563544
14853,0.487602,0.603225
14854,0.526285,0.564091
14855,0.564105,0.603678
14856,0.521874,0.626941
14857,0.479802,0.575095
14858,0.518596,0.608556
14859,0.557566,0.564400
14860,0.590160,0.526017
14861,0.617268,0.493129
14862,0.639756,0.465210
14863,0.588119,0.419856
14864,0.619673,0.470415
14865,0.575118,0.431715
14866,0.536231,0.399444
14867,0.577185,0.369671
14868,0.538020,0.343753
14869,0.504336,0.322424
14870,0.550471,0.299512
14871,0.503686,0.347226
14872,0.468090,0.321772
14873,0.428624,0.367520
14874,0.399238,0.338381
14875,0.447287,0.318334
14876,0.488955,0.301803
14877,0.449707,0.279443
14878,0.416403,0.323125
14879,0.388669,0.362891
14880,0.437588,0.418598
14881,0.404928,0.382627
14882,0.377802,0.353015
14883,0.348140,0.397929
14884,0.323810,0.437541
14885,0.303848,0.471871
14886,0.287438,0.501275
14887,0.337411,0.550888
14888,0.316116,0.501084
14889,0.294500,0.533549
14890,0.340677,0.575343
14891,0.391126,0.536828
14892,0.363261,0.564177
14893,0.410453,0.604785
14894,0.455852,0.566517
14895,0.423657,0.589434
14896,0.470310,0.628901
14897,0.434967,0.576246
14898,0.401057,0.603549
14899,0.372946,0.626267
14900,0.415590,0.588371
14901,0.464644,0.627635
14902,0.506925,0.659756
14903,0.542809,0.685962
14904,0.572980,0.707350
14905,0.598213,0.724840
14906,0.634116,0.677377
14907,0.593637,0.627921
14908,0.630360,0.581877
14909,0.579853,0.609405
14910,0.611518,0.569769
14911,0.565987,0.519513
14912,0.600015,0.484698
14913,0.628473,0.530052
14914,0.585331,0.486992
14915,0.547573,0.450518
14916,0.498248,0.494216
14917,0.531159,0.532755
14918,0.484213,0.569628
14919,0.444495,0.600391
14920,0.485318,0.631413
14921,0.527598,0.586568
14922,0.487520,0.612431
14923,0.528394,0.645045
14924,0.489391,0.596020
14925,0.531169,0.551746
14926,0.491757,0.507643
14927,0.451679,0.544877
14928,0.492335,0.580783
14929,0.526993,0.610659
14930,0.568059,0.563546
14931,0.602266,0.522541
14932,0.630146,0.562099
14933,0.657614,0.521294
14934,0.611333,0.552860
14935,0.635243,0.518103
14936,0.584520,0.470135
14937,0.613002,0.440675
14938,0.636627,0.415950
14939,0.585753,0.376916
14940,0.540975,0.344927
14941,0.573090,0.394781
14942,0.526262,0.439005
14943,0.486058,0.477403
14944,0.522328,0.448083
14945,0.552989,0.423433
14946,0.578747,0.402772
14947,0.600314,0.385474
14948,0.567090,0.417063
14949,0.511438,0.372143
14950,0.482379,0.405404
14951,0.457766,0.434389
14952,0.511661,0.493614
14953,0.464077,0.444142
14954,0.424105,0.402906
14955,0.464150,0.379725
14956,0.435351,0.417179
14957,0.469513,0.397209
14958,0.519729,0.453277
14959,0.562140,0.501945
14960,0.516772,0.460253
14961,0.477960,0.425225
14962,0.519927,0.392832
14963,0.480641,0.364437
14964,0.522206,0.338472
14965,0.557319,0.317134
14966,0.512618,0.295339
14967,0.474434,0.277515
14968,0.442194,0.262897
14969,0.404440,0.311313
14970,0.450804,0.293941
14971,0.490930,0.279629
14972,0.525150,0.267805
14973,0.492290,0.309094
14974,0.464401,0.346798
14975,0.440861,0.380457
14976,0.469726,0.368613
14977,0.449667,0.397841
14978,0.400578,0.352214
14979,0.431940,0.342472
14980,0.385992,0.306205
14981,0.419237,0.298500
14982,0.476377,0.357667
14983,0.525497,0.411711
14984,0.554686,0.386373
14985,0.521678,0.424735
14986,0.471700,0.385083
14987,0.443678,0.423605
14988,0.420131,0.457116
14989,0.400393,0.485920
14990,0.456814,0.538383
14991,0.431159,0.562697
14992,0.463266,0.532643
14993,0.416596,0.478588
14994,0.468761,0.527758
14995,0.439000,0.556546
14996,0.399787,0.506440
14997,0.367417,0.463708
14998,0.414498,0.505474
14999,0.382920,0.543984
15000,0.428204,0.578986
15001,0.394272,0.610623
15002,0.438177,0.638953
15003,0.483761,0.592323
15004,0.522165,0.623849
15005,0.479852,0.649659
15006,0.518844,0.605881
15007,0.551826,0.567252
15008,0.579518,0.533741
15009,0.602676,0.505004
15010,0.567750,0.528692
15011,0.513530,0.473909
15012,0.557686,0.524396
15013,0.585650,0.492366
15014,0.609001,0.465180
15015,0.573002,0.493511
15016,0.593065,0.470389
15017,0.609879,0.450832
15018,0.650253,0.508941
15019,0.663691,0.483477
15020,0.605987,0.433006
15021,0.626811,0.411880
15022,0.660585,0.467594
15023,0.677165,0.440933
15024,0.623497,0.398832
15025,0.646459,0.377125
15026,0.595739,0.343263
15027,0.623478,0.325962
15028,0.575285,0.299125
15029,0.606515,0.285462
15030,0.564127,0.326568
15031,0.590923,0.314342
15032,0.554591,0.350877
15033,0.503154,0.315360
15034,0.546454,0.372173
15035,0.577062,0.352407
15036,0.602631,0.335991
15037,0.623938,0.322341
15038,0.641682,0.310971
15039,0.586034,0.282604
15040,0.548664,0.321437
15041,0.516444,0.356536
15042,0.541400,0.346355
15043,0.487787,0.309626
15044,0.442387,0.280170
15045,0.415437,0.317755
15046,0.466282,0.377053
15047,0.510101,0.430614
15048,0.471327,0.394899
15049,0.513308,0.368782
15050,0.548867,0.347165
15051,0.504379,0.319335
15052,0.466719,0.362776
15053,0.434987,0.401584
15054,0.408417,0.435592
15055,0.444652,0.416043
15056,0.402196,0.372803
15057,0.367201,0.337556
15058,0.416569,0.391222
15059,0.459438,0.367036
15060,0.503414,0.417677
15061,0.465923,0.459287
15062,0.502902,0.429849
15063,0.459468,0.392044
15064,0.497385,0.368165
15065,0.454813,0.337843
15066,0.419116,0.313067
15067,0.388397,0.358522
15068,0.359521,0.329963
15069,0.334935,0.373802
15070,0.314714,0.412804
15071,0.358230,0.392087
15072,0.328009,0.354452
15073,0.378576,0.407873
15074,0.352691,0.447791
15075,0.400803,0.495787
15076,0.443301,0.536680
15077,0.415372,0.496419
15078,0.392045,0.462213
15079,0.427874,0.496956
15080,0.458951,0.526524
15081,0.513259,0.476720
15082,0.559226,0.434709
15083,0.585427,0.473345
15084,0.533972,0.519174
15085,0.489616,0.557907
15086,0.454051,0.516299
15087,0.498582,0.474465
15088,0.536479,0.439163
15089,0.498795,0.478290
15090,0.541612,0.523015
15091,0.503184,0.556295
15092,0.460534,0.510012
15093,0.424706,0.470504
15094,0.468298,0.433900
15095,0.435865,0.474920
15096,0.399408,0.435441
15097,0.441418,0.404839
15098,0.404015,0.372681
15099,0.445439,0.348068
15100,0.492388,0.396916
15101,0.453572,0.369722
15102,0.420998,0.347232
15103,0.387386,0.397864
15104,0.431189,0.441138
15105,0.477624,0.404828
15106,0.441408,0.449903
15107,0.411092,0.488905
15108,0.385835,0.522183
15109,0.364833,0.550326
15110,0.347375,0.574005
15111,0.402435,0.615784
15112,0.378634,0.634942
15113,0.430364,0.668396
15114,0.396266,0.615492
15115,0.440702,0.644694
15116,0.405407,0.668163
15117,0.448691,0.691348
15118,0.486131,0.710330
15119,0.443347,0.728191
15120,0.488211,0.681883
15121,0.526523,0.639424
15122,0.558863,0.601503
15123,0.511835,0.546599
15124,0.550098,0.586611
15125,0.584251,0.546999
15126,0.612670,0.512833
15127,0.636247,0.483685
15128,0.655789,0.458989
15129,0.684654,0.512828
15130,0.633648,0.465119
15131,0.659026,0.510904
15132,0.614368,0.470337
15133,0.636479,0.509269
15134,0.667268,0.467439
15135,0.692373,0.432217
15136,0.647783,0.398705
15137,0.665867,0.442286
15138,0.693793,0.406184
15139,0.642474,0.450882
15140,0.667129,0.419994
15141,0.689589,0.467636
15142,0.643581,0.431832
15143,0.663397,0.472480
15144,0.623000,0.441957
15145,0.657587,0.402836
15146,0.605147,0.450602
15147,0.558529,0.491968
15148,0.515723,0.452411
15149,0.549813,0.493173
15150,0.587460,0.453082
15151,0.618692,0.419456
15152,0.573207,0.386987
15153,0.601424,0.431372
15154,0.624897,0.470016
15155,0.644402,0.503167
15156,0.675645,0.456487
15157,0.701036,0.417369
15158,0.657660,0.389760
15159,0.686420,0.358117
15160,0.701605,0.401676
15161,0.724306,0.367912
15162,0.681407,0.345538
15163,0.642313,0.327038
15164,0.676299,0.300923
15165,0.637725,0.286311
15166,0.603457,0.274231
15167,0.644768,0.254195
15168,0.588291,0.304222
15169,0.551492,0.285866
15170,0.593638,0.268316
15171,0.543811,0.314705
15172,0.505542,0.291731
15173,0.462406,0.336383
15174,0.504711,0.319963
15175,0.468029,0.359500
15176,0.429478,0.325724
15177,0.470904,0.311974
15178,0.506458,0.300541
15179,0.550072,0.356527
15180,0.505489,0.327830
15181,0.467497,0.304401
15182,0.504666,0.351988
15183,0.536235,0.394935
15184,0.488189,0.445526
15185,0.447486,0.489478
15186,0.487533,0.528481
15187,0.521720,0.561382
15188,0.550632,0.588940
15189,0.592400,0.538791
15190,0.626905,0.495496
15191,0.584742,0.458137
15192,0.620597,0.421818
15193,0.579184,0.391105
15194,0.543059,0.365651
15195,0.492878,0.415097
15196,0.525111,0.458028
15197,0.552357,0.495043
15198,0.500854,0.539160
15199,0.531869,0.570317
15200,0.575152,0.522586
15201,0.537894,0.485173
15202,0.505872,0.453486
15203,0.478605,0.426835
15204,0.504991,0.460431
15205,0.556560,0.415114
15206,0.504242,0.466347
15207,0.548133,0.427653
15208,0.503606,0.471383
15209,0.466092,0.434312
15210,0.434487,0.403353
15211,0.471166,0.444076
15212,0.502605,0.479313
15213,0.529323,0.509442
15214,0.576607,0.460149
15215,0.542789,0.433425
15216,0.490634,0.485050
15217,0.536396,0.443318
15218,0.566639,0.482403
15219,0.604432,0.441096
15220,0.563753,0.410995
15221,0.515088,0.458963
15222,0.548284,0.498531
15223,0.576178,0.532199
15224,0.614123,0.485902
15225,0.564891,0.527379
15226,0.523726,0.487691
15227,0.563118,0.448479
15228,0.522197,0.415358
15229,0.478950,0.460919
15230,0.517148,0.502355
15231,0.482105,0.466763
15232,0.514578,0.502002
15233,0.542094,0.531953
15234,0.490665,0.576106
15235,0.521850,0.600798
15236,0.492065,0.564829
15237,0.518576,0.586004
15238,0.466178,0.627538
15239,0.515791,0.573306
15240,0.557758,0.525723
15241,0.518895,0.487764
15242,0.474337,0.530439
15243,0.516063,0.489599
15244,0.478181,0.525882
15245,0.520939,0.565775
15246,0.557068,0.599046
15247,0.591757,0.554242
15248,0.548566,0.584499
15249,0.585399,0.618964
15250,0.615990,0.647359
15251,0.572787,0.601658
15252,0.535142,0.561331
15253,0.487315,0.600039
15254,0.521593,0.624709
15255,0.550584,0.645186
15256,0.500535,0.675495
15257,0.543037,0.624397
15258,0.578701,0.578616
15259,0.609852,0.611734
15260,0.638723,0.567460
15261,0.592544,0.521591
15262,0.618775,0.557438
15263,0.640546,0.587460
15264,0.670777,0.539361
15265,0.695418,0.497855
15266,0.715523,0.462577
15267,0.669215,0.423776
15268,0.618694,0.464805
15269,0.573581,0.500082
15270,0.534215,0.530080
15271,0.488003,0.480655
15272,0.448854,0.438902
15273,0.415616,0.477867
15274,0.387943,0.511219
15275,0.436874,0.555939
15276,0.479495,0.593280
15277,0.521043,0.551679
15278,0.556153,0.515716
15279,0.585577,0.485004
15280,0.620514,0.533834
15281,0.578312,0.561930
15282,0.529459,0.511356
15283,0.562121,0.477926
15284,0.515447,0.435024
15285,0.478091,0.472912
15286,0.438448,0.430829
15287,0.407445,0.469293
15288,0.447607,0.441100
15289,0.482313,0.417423
15290,0.530265,0.471152
15291,0.570624,0.517403
15292,0.604226,0.556515
15293,0.632216,0.515198
15294,0.588953,0.548095
15295,0.551036,0.575742
15296,0.575834,0.540916
15297,0.522835,0.489881
15298,0.489961,0.521408
15299,0.462076,0.548082
15300,0.513236,0.592143
15301,0.481798,0.613960
15302,0.530022,0.649515
15303,0.484526,0.597339
15304,0.520803,0.555859
15305,0.561530,0.593838
15306,0.595528,0.625280
15307,0.624869,0.580386
15308,0.581476,0.607118
15309,0.606763,0.568492
15310,0.569426,0.591443
15311,0.517160,0.537437
15312,0.484401,0.565401
15313,0.456650,0.588854
15314,0.486740,0.555679
15315,0.512400,0.527073
15316,0.488728,0.547382
15317,0.468642,0.564524
15318,0.451646,0.578976
15319,0.473336,0.554930
15320,0.458863,0.567286
15321,0.521398,0.619522
15322,0.574105,0.661893
15323,0.617666,0.696002
15324,0.653289,0.723409
15325,0.669894,0.684509
15326,0.631463,0.693646
15327,0.597408,0.701295
15328,0.567688,0.707709
15329,0.615031,0.736033
15330,0.629847,0.699610
15331,0.642252,0.666508
15332,0.652650,0.637002
15333,0.661375,0.611074
15334,0.599249,0.544388
15335,0.616641,0.521001
15336,0.584673,0.537757
15337,0.629171,0.591808
15338,0.643523,0.564281
15339,0.655525,0.540560
15340,0.595857,0.479954
15341,0.633417,0.534497
15342,0.652488,0.505970
15343,0.668326,0.481683
15344,0.681497,0.461103
15345,0.692470,0.443711
15346,0.635310,0.393526
15347,0.583446,0.352525
15348,0.611001,0.339026
15349,0.561912,0.306451
15350,0.520936,0.344451
15351,0.485863,0.378419
15352,0.517799,0.366562
15353,0.469998,0.326991
15354,0.515131,0.385814
15355,0.549307,0.366655
15356,0.512862,0.402465
15357,0.467095,0.362040
15358,0.436284,0.398400
15359,0.398423,0.358722
15360,0.373362,0.395471
15361,0.423668,0.451707
15362,0.465021,0.426103
15363,0.500575,0.404641
15364,0.455960,0.365145
15365,0.426036,0.402513
15366,0.474708,0.457568
15367,0.511664,0.430698
15368,0.468142,0.390641
15369,0.509915,0.440988
15370,0.545336,0.484803
15371,0.500674,0.524585
15372,0.538565,0.487081
15373,0.495914,0.446124
15374,0.459684,0.411855
15375,0.503726,0.381334
15376,0.540567,0.427430
15377,0.577536,0.394239
15378,0.534503,0.438195
15379,0.491443,0.402608
15380,0.529341,0.447391
15381,0.561307,0.486170
15382,0.524948,0.455236
15383,0.568385,0.414102
15384,0.521210,0.461923
15385,0.483500,0.428655
15386,0.443285,0.474555
15387,0.485974,0.439242
15388,0.447653,0.404539
15389,0.488077,0.448285
15390,0.447787,0.492851
15391,0.415677,0.456003
15392,0.382684,0.499472
15393,0.356758,0.461593
15394,0.405148,0.425119
15395,0.377295,0.467336
15396,0.425440,0.510867
15397,0.395109,0.472225
15398,0.364611,0.514321
15399,0.409629,0.551187
15400,0.449157,0.582102
15401,0.497331,0.534560
15402,0.538354,0.493614
15403,0.497732,0.529389
15404,0.532619,0.494572
15405,0.498072,0.524989
15406,0.468709,0.550707
15407,0.518665,0.595086
15408,0.548217,0.559544
15409,0.498607,0.506819
15410,0.541020,0.550679
15411,0.573284,0.513280
15412,0.600238,0.481356
15413,0.550074,0.436633
15414,0.506576,0.399384
15415,0.544343,0.373645
15416,0.576066,0.352309
15417,0.602557,0.334622
15418,0.552108,0.306280
15419,0.513424,0.347907
15420,0.480398,0.385248
15421,0.452448,0.418106
15422,0.483336,0.401977
15423,0.435070,0.358710
15424,0.485834,0.416381
15425,0.454417,0.451695
15426,0.487958,0.428738
15427,0.461224,0.458905
15428,0.438669,0.484795
15429,0.393624,0.432291
15430,0.356679,0.388782
15431,0.395594,0.370136
15432,0.449835,0.425813
15433,0.410892,0.388912
15434,0.378627,0.358499
15435,0.352010,0.333504
15436,0.399434,0.311182
15437,0.445546,0.358590
15438,0.411465,0.407234
15439,0.380865,0.377484
15440,0.355568,0.352892
15441,0.328937,0.402143
15442,0.376259,0.373929
15443,0.424080,0.421547
15444,0.392563,0.465533
15445,0.438444,0.507759
15446,0.482240,0.468740
15447,0.444944,0.432019
15448,0.413707,0.401368
15449,0.380376,0.448435
15450,0.424006,0.490050
15451,0.388889,0.530973
15452,0.359905,0.565455
15453,0.336039,0.594287
15454,0.312296,0.545460
15455,0.292855,0.503219
15456,0.274682,0.542108
15457,0.259798,0.574782
15458,0.304630,0.535815
15459,0.345942,0.502326
15460,0.400941,0.548653
15461,0.377195,0.576374
15462,0.415490,0.541392
15463,0.448884,0.511318
15464,0.427975,0.535205
15465,0.456510,0.509621
15466,0.407081,0.455095
15467,0.463007,0.508178
15468,0.436689,0.536662
15469,0.414590,0.560694
15470,0.373690,0.506621
15471,0.355885,0.535346
15472,0.323233,0.484875
15473,0.309111,0.516909
15474,0.347939,0.487142
15475,0.405250,0.536763
15476,0.369609,0.489070
15477,0.348397,0.523454
15478,0.400242,0.565333
15479,0.442215,0.526585
15480,0.478578,0.493376
15481,0.450822,0.522603
15482,0.501945,0.568928
15483,0.533015,0.534055
15484,0.484518,0.483969
15485,0.443489,0.441609
15486,0.409188,0.406236
15487,0.380698,0.376900
15488,0.422572,0.420038
15489,0.471631,0.384729
15490,0.508651,0.426929
15491,0.540060,0.463681
15492,0.581618,0.420919
15493,0.534071,0.469114
15494,0.569547,0.432625
15495,0.599165,0.402158
15496,0.551237,0.370405
15497,0.510421,0.414747
15498,0.475595,0.453587
15499,0.434242,0.412963
15500,0.473424,0.387399
15501,0.507008,0.366140
15502,0.460658,0.334140
15503,0.505957,0.385448
15504,0.544414,0.431211
15505,0.502319,0.475890
15506,0.541343,0.516150
15507,0.576368,0.475418
15508,0.535164,0.513729
15509,0.574184,0.553879
15510,0.603425,0.513388
15511,0.563186,0.545846
15512,0.514194,0.498672
15513,0.547129,0.464141
15514,0.512066,0.498871
15515,0.540093,0.469505
15516,0.584441,0.519464
15517,0.534099,0.474070
15518,0.490714,0.435791
15519,0.528997,0.477954
15520,0.561289,0.514066
15521,0.524655,0.481258
15522,0.552169,0.511957
15523,0.594812,0.463130
15524,0.617280,0.496501
15525,0.564151,0.543493
15526,0.591709,0.571532
15527,0.554612,0.536995
15528,0.596372,0.486226
15529,0.546472,0.531462
15530,0.582201,0.488291
15531,0.539533,0.526753
15532,0.502778,0.559215
15533,0.533622,0.522746
15534,0.484939,0.475589
15535,0.443745,0.435813
15536,0.487197,0.479246
15537,0.524310,0.516439
15538,0.555662,0.547927
15539,0.581977,0.574402
15540,0.603989,0.596582
15541,0.622378,0.615133
15542,0.658990,0.558477
15543,0.673642,0.583248
15544,0.702656,0.530483
15545,0.662613,0.496425
15546,0.626608,0.467490
15547,0.664635,0.422589
15548,0.608269,0.472356
15549,0.630103,0.508666
15550,0.592433,0.476496
15551,0.631627,0.432777
15552,0.663649,0.396395
15553,0.612616,0.442764
15554,0.568972,0.409030
15555,0.522379,0.453807
15556,0.484008,0.418235
15557,0.444267,0.461814
15558,0.485066,0.504870
15559,0.519925,0.541435
15560,0.549416,0.572184
15561,0.590923,0.524160
15562,0.615044,0.557685
15563,0.577523,0.520540
15564,0.544893,0.488771
15565,0.516839,0.461829
15566,0.492902,0.439096
15567,0.514314,0.467537
15568,0.457624,0.522957
15569,0.512168,0.472396
15570,0.558354,0.429819
15571,0.596865,0.394404
15572,0.549664,0.440237
15573,0.508388,0.406161
15574,0.473191,0.377878
15575,0.432544,0.425687
15576,0.472279,0.469094
15577,0.442566,0.436704
15578,0.402671,0.483581
15579,0.369724,0.523687
15580,0.342630,0.557559
15581,0.388555,0.520138
15582,0.436875,0.562799
15583,0.478950,0.598369
15584,0.446264,0.553458
15585,0.418831,0.514554
15586,0.454276,0.545487
15587,0.505390,0.497011
15588,0.473971,0.463835
15589,0.447415,0.435873
15590,0.404059,0.486506
15591,0.382382,0.454962
15592,0.436177,0.414379
15593,0.409182,0.388518
15594,0.445668,0.427023
15595,0.403380,0.478635
15596,0.368505,0.522910
15597,0.417586,0.481836
15598,0.460671,0.447094
15599,0.429770,0.484559
15600,0.477724,0.529825
15601,0.444089,0.561557
15602,0.490079,0.599054
15603,0.529333,0.630057
15604,0.491566,0.584506
15605,0.459523,0.544583
15606,0.418563,0.584358
15607,0.384586,0.617344
15608,0.356551,0.644569
15609,0.333463,0.667005
15610,0.377116,0.623860
15611,0.356938,0.643473
15612,0.394953,0.605890
15613,0.450073,0.644221
15614,0.410341,0.590385
15615,0.450064,0.550990
15616,0.423561,0.577062
15617,0.401367,0.598897
15618,0.455709,0.637404
15619,0.415857,0.584370
15620,0.389126,0.610846
15621,0.356902,0.560818
15622,0.405322,0.594654
15623,0.450040,0.550127
15624,0.493541,0.585754
15625,0.532346,0.542374
15626,0.569065,0.579287
15627,0.601119,0.536759
15628,0.555375,0.492968
15629,0.586281,0.531261
15630,0.547122,0.494023
15631,0.513352,0.462406
15632,0.559255,0.420597
15633,0.511350,0.468029
15634,0.475624,0.434225
15635,0.520208,0.399188
15636,0.554052,0.442398
15637,0.591155,0.405975
15638,0.545994,0.450978
15639,0.506971,0.489903
15640,0.539125,0.458294
15641,0.505926,0.491417
15642,0.533275,0.464527
15643,0.556373,0.441826
15644,0.601880,0.497091
15645,0.547974,0.450490
15646,0.586935,0.497528
15647,0.540812,0.457878
15648,0.501018,0.424571
15649,0.534712,0.464173
15650,0.500865,0.435750
15651,0.472077,0.411910
15652,0.426277,0.465288
15653,0.388286,0.511343
15654,0.437209,0.470482
15655,0.478428,0.510682
15656,0.446549,0.474901
15657,0.407722,0.519437
15658,0.375582,0.557078
15659,0.421314,0.516524
15660,0.393627,0.548575
15661,0.432962,0.514047
15662,0.409199,0.541325
15663,0.389324,0.564325
15664,0.422581,0.535149
15665,0.479354,0.584338
15666,0.434047,0.529890
15667,0.396355,0.482991
15668,0.371554,0.518076
15669,0.341285,0.472945
15670,0.316524,0.434899
15671,0.362351,0.403217
15672,0.412335,0.449488
15673,0.382158,0.417446
15674,0.425271,0.457024
15675,0.399310,0.429651
15676,0.436348,0.463446
15677,0.414089,0.440093
15678,0.395437,0.420445
15679,0.355483,0.477744
15680,0.410757,0.432219
15681,0.459643,0.394373
15682,0.498322,0.434944
15683,0.540533,0.396628
15684,0.498574,0.444616
15685,0.462901,0.486271
15686,0.498788,0.452870
15687,0.543299,0.499222
15688,0.506334,0.534764
15689,0.549658,0.573795
15690,0.585926,0.606283
15691,0.616053,0.633190
15692,0.644529,0.584919
15693,0.598444,0.540917
15694,0.623825,0.572376
15695,0.654559,0.524964
15696,0.674793,0.558991
15697,0.624133,0.595066
15698,0.579434,0.552468
15699,0.540357,0.515617
15700,0.506726,0.484144
15701,0.459467,0.532333
15702,0.419829,0.572859
15703,0.460008,0.601108
15704,0.494595,0.624610
15705,0.449241,0.656689
15706,0.485370,0.675417
15707,0.516216,0.690908
15708,0.562237,0.637658
15709,0.526924,0.594769
15710,0.571193,0.544986
15711,0.607974,0.501911
15712,0.566620,0.463407
15713,0.530700,0.431001
15714,0.499901,0.403902
15715,0.451283,0.454135
15716,0.425475,0.423235
15717,0.403848,0.397424
15718,0.458791,0.362835
15719,0.492241,0.404218
15720,0.464950,0.382578
15721,0.419121,0.436418
15722,0.470194,0.399673
15723,0.439448,0.373471
15724,0.400961,0.422796
15725,0.369162,0.466012
15726,0.344966,0.428667
15727,0.319637,0.471095
15728,0.298907,0.507514
15729,0.346374,0.550233
15730,0.326374,0.506387
15731,0.301584,0.543861
15732,0.281380,0.575345
15733,0.264869,0.601644
15734,0.311843,0.636022
15735,0.361770,0.594376
15736,0.407867,0.630052
15737,0.454492,0.589099
15738,0.495782,0.625714
15739,0.536148,0.585274
15740,0.496415,0.607495
15741,0.455894,0.553612
15742,0.496953,0.591767
15743,0.462483,0.545619
15744,0.433451,0.505734
15745,0.483105,0.463947
15746,0.518087,0.503311
15747,0.560338,0.461899
15748,0.521777,0.428312
15749,0.488776,0.400262
15750,0.460791,0.376915
15751,0.490459,0.414906
15752,0.541508,0.375518
15753,0.566493,0.413679
15754,0.587473,0.446971
15755,0.556612,0.426423
15756,0.603540,0.382021
15757,0.570557,0.365402
15758,0.588362,0.399192
15759,0.529793,0.457802
15760,0.500905,0.434012
15761,0.551141,0.390832
15762,0.575195,0.426687
15763,0.543512,0.406792
15764,0.516291,0.390116
15765,0.567653,0.349632
15766,0.513849,0.406175
15767,0.467812,0.456343
15768,0.429076,0.499736
15769,0.472629,0.462865
15770,0.514301,0.506398
15771,0.551528,0.468502
15772,0.508506,0.430884
15773,0.543842,0.473217
15774,0.573548,0.509529
15775,0.610508,0.465474
15776,0.634574,0.502924
15777,0.654520,0.534747
15778,0.683328,0.486904
15779,0.706765,0.446391
15780,0.662342,0.414708
15781,0.610108,0.461472
15782,0.567753,0.427314
15783,0.530928,0.398803
15784,0.573801,0.366121
15785,0.536151,0.343240
15786,0.488195,0.393200
15787,0.522359,0.437441
15788,0.551248,0.475875
15789,0.501125,0.521531
15790,0.468755,0.485384
15791,0.516160,0.443555
15792,0.481507,0.413453
15793,0.513737,0.451965
15794,0.558998,0.411127
15795,0.511677,0.459135
15796,0.471256,0.500584
15797,0.511835,0.540101
15798,0.475560,0.500496
15799,0.519678,0.459250
15800,0.482222,0.425970
15801,0.516729,0.465341
15802,0.559597,0.424745
15803,0.595374,0.390998
15804,0.552536,0.364051
15805,0.589503,0.337009
15806,0.620166,0.314826
15807,0.574282,0.294183
15808,0.529146,0.341182
15809,0.488613,0.315728
15810,0.449970,0.360868
15811,0.490320,0.341312
15812,0.449927,0.313058
15813,0.416083,0.290078
15814,0.457398,0.338949
15815,0.418733,0.386806
15816,0.459697,0.433451
15817,0.505304,0.400410
15818,0.544031,0.373008
15819,0.504509,0.415034
15820,0.462594,0.379076
15821,0.429309,0.420380
15822,0.394743,0.383483
15823,0.438129,0.360538
15824,0.402059,0.331021
15825,0.444527,0.312797
15826,0.407372,0.289454
15827,0.380037,0.333510
15828,0.428798,0.386196
15829,0.471402,0.433236
15830,0.439364,0.402796
15831,0.486607,0.370899
15832,0.452160,0.346433
15833,0.414463,0.395276
15834,0.383172,0.438548
15835,0.357305,0.476106
15836,0.400186,0.447692
15837,0.450409,0.498200
15838,0.419654,0.530338
15839,0.384814,0.482731
15840,0.431541,0.525796
15841,0.398670,0.560024
15842,0.441708,0.521932
15843,0.413538,0.551089
15844,0.463263,0.592574
15845,0.431584,0.616404
15846,0.468758,0.578940
15847,0.516473,0.619145
15848,0.556830,0.652102
15849,0.588079,0.610475
15850,0.614103,0.573751
15851,0.575084,0.594334
15852,0.541145,0.611576
15853,0.563956,0.580451
15854,0.608309,0.625909
15855,0.626831,0.592974
15856,0.642290,0.564294
15857,0.655203,0.539565
15858,0.596321,0.479965
15859,0.633135,0.533650
15860,0.582157,0.482968
15861,0.540868,0.514828
15862,0.495472,0.466971
15863,0.459902,0.501200
15864,0.429970,0.530298
15865,0.478757,0.575440
15866,0.515076,0.539768
15867,0.470999,0.489619
15868,0.512816,0.533822
15869,0.548242,0.571009
15870,0.585061,0.528438
15871,0.614090,0.566501
15872,0.566441,0.597917
15873,0.598624,0.628889
15874,0.625337,0.654417
15875,0.654702,0.606570
15876,0.607168,0.632449
15877,0.560652,0.583239
15878,0.517520,0.613116
15879,0.551625,0.570936
15880,0.505948,0.522826
15881,0.467015,0.481560
15882,0.434216,0.446659
15883,0.398358,0.491624
15884,0.440826,0.529452
15885,0.477645,0.561360
15886,0.449637,0.525043
15887,0.500526,0.477436
15888,0.457151,0.521291
15889,0.420761,0.558338
15890,0.390477,0.589342
15891,0.432489,0.549650
15892,0.469005,0.515387
15893,0.500323,0.486137
15894,0.548468,0.536200
15895,0.500275,0.488215
15896,0.541234,0.530785
15897,0.575638,0.566644
15898,0.608381,0.522813
15899,0.563602,0.481994
15900,0.598395,0.444632
15901,0.554858,0.410658
15902,0.517151,0.382422
15903,0.484927,0.359022
15904,0.439876,0.409776
15905,0.487187,0.379265
15906,0.452786,0.352023
15907,0.414942,0.398907
15908,0.383527,0.440309
15909,0.357558,0.476191
15910,0.331056,0.432318
15911,0.309335,0.395816
15912,0.289482,0.437607
15913,0.336625,0.485132
15914,0.317949,0.446889
15915,0.293880,0.489017
15916,0.274282,0.524972
15917,0.319747,0.565288
15918,0.371205,0.525211
15919,0.346750,0.480823
15920,0.395629,0.446651
15921,0.440693,0.492237
15922,0.410922,0.454606
15923,0.386112,0.423005
15924,0.424060,0.461385
15925,0.457054,0.494391
15926,0.485410,0.522496
15927,0.434966,0.569774
15928,0.393083,0.609017
15929,0.358653,0.641319
15930,0.399865,0.663003
15931,0.451644,0.612533
15932,0.414565,0.639962
15933,0.385818,0.592628
15934,0.433703,0.547090
15935,0.475441,0.507720
15936,0.518306,0.548981
15937,0.553898,0.509343
15938,0.509532,0.466817
15939,0.471024,0.505578
15940,0.508102,0.471783
15941,0.539565,0.443246
15942,0.506887,0.476008
15943,0.479054,0.504030
15944,0.431292,0.453004
15945,0.482193,0.503426
15946,0.441496,0.460021
15947,0.410822,0.497968
15948,0.458291,0.540854
15949,0.498379,0.502475
15950,0.532490,0.469813
15951,0.486573,0.427616
15952,0.447690,0.392535
15953,0.489289,0.366364
15954,0.449976,0.338235
15955,0.416679,0.383199
15956,0.462140,0.432786
15957,0.426843,0.473875
15958,0.397402,0.509104
15959,0.365741,0.464133
15960,0.339701,0.426332
15961,0.386605,0.396000
15962,0.428239,0.370823
15963,0.476925,0.420863
15964,0.443939,0.462724
15965,0.490477,0.507162
15966,0.530198,0.544874
15967,0.489031,0.580385
15968,0.528972,0.611348
15969,0.487986,0.640078
15970,0.524634,0.595087
15971,0.480833,0.547195
15972,0.520943,0.581098
15973,0.558432,0.536069
15974,0.591761,0.571796
15975,0.549730,0.530673
15976,0.503890,0.569904
15977,0.464845,0.602593
15978,0.428794,0.557465
15979,0.470104,0.587548
15980,0.505566,0.612624
15981,0.474580,0.574629
15982,0.448386,0.541606
15983,0.426339,0.513235
15984,0.456085,0.535388
15985,0.437261,0.511250
15986,0.462645,0.530094
15987,0.484381,0.546046
15988,0.502905,0.559532
15989,0.518647,0.570928
15990,0.576856,0.506264
15991,0.515852,0.560402
15992,0.490850,0.531924
15993,0.438787,0.581804
15994,0.492222,0.527145
15995,0.447897,0.569707
15996,0.484874,0.596857
15997,0.516452,0.619483
15998,0.543199,0.638320
15999,0.588061,0.583388
16000,0.625105,0.534948
16001,0.575069,0.571063
16002,0.533595,0.527581
16003,0.489296,0.564894
16004,0.528568,0.523451
16005,0.561691,0.487946
16006,0.589432,0.457848
16007,0.612580,0.432495
16008,0.559772,0.390869
16009,0.587828,0.370301
16010,0.611243,0.353177
16011,0.558592,0.320541
16012,0.521152,0.359959
16013,0.489123,0.395043
16014,0.461957,0.425756
16015,0.416541,0.379597
16016,0.451692,0.364865
16017,0.503390,0.423627
16018,0.458903,0.384341
16019,0.502881,0.434942
16020,0.465046,0.401195
16021,0.433182,0.373216
16022,0.396747,0.420991
16023,0.366637,0.462836
16024,0.412131,0.507274
16025,0.379334,0.543244
16026,0.352285,0.573482
16027,0.327719,0.525063
16028,0.374817,0.487918
16029,0.422933,0.531281
16030,0.391738,0.564369
16031,0.437851,0.600247
16032,0.481506,0.557726
16033,0.521885,0.594733
16034,0.558997,0.552914
16035,0.592535,0.590735
16036,0.620393,0.622077
16037,0.643471,0.647949
16038,0.592623,0.673403
16039,0.550302,0.627185
16040,0.578982,0.649097
16041,0.615764,0.597666
16042,0.574850,0.555474
16043,0.612354,0.509096
16044,0.571858,0.472376
16045,0.536640,0.441382
16046,0.506400,0.415381
16047,0.555412,0.377488
16048,0.522479,0.356521
16049,0.568880,0.326251
16050,0.593024,0.368263
16051,0.540114,0.421551
16052,0.568926,0.460402
16053,0.607468,0.419532
16054,0.639226,0.385619
16055,0.591744,0.431437
16056,0.549951,0.471361
16057,0.578228,0.441620
16058,0.528289,0.401918
16059,0.485350,0.369135
16060,0.448997,0.342175
16061,0.418504,0.320027
16062,0.466431,0.298265
16063,0.433101,0.280779
16064,0.405228,0.266417
16065,0.370790,0.315548
16066,0.342503,0.360885
16067,0.387699,0.411405
16068,0.356381,0.453684
16069,0.330683,0.490180
16070,0.309504,0.446517
16071,0.289188,0.484031
16072,0.272481,0.441353
16073,0.317685,0.486425
16074,0.359062,0.524940
16075,0.413439,0.482725
16076,0.461440,0.447012
16077,0.500674,0.491294
16078,0.542059,0.454229
16079,0.502420,0.418337
16080,0.460915,0.461648
16081,0.502057,0.430414
16082,0.466759,0.467383
16083,0.511662,0.515460
16084,0.474897,0.547096
16085,0.518597,0.587243
16086,0.478657,0.540064
16087,0.519667,0.499924
16088,0.556604,0.540641
16089,0.516719,0.499935
16090,0.548171,0.534566
16091,0.574614,0.563755
16092,0.522987,0.602936
16093,0.563554,0.554274
16094,0.597401,0.512038
16095,0.554102,0.546183
16096,0.516614,0.574882
16097,0.484584,0.598892
16098,0.514123,0.563782
16099,0.539162,0.533413
16100,0.485594,0.479524
16101,0.458452,0.508653
16102,0.435567,0.533375
16103,0.490531,0.581619
16104,0.462624,0.601961
16105,0.439079,0.618982
16106,0.419275,0.633225
16107,0.476400,0.670941
16108,0.450690,0.682258
16109,0.479936,0.646932
16110,0.532902,0.683689
16111,0.557678,0.648214
16112,0.601574,0.684721
16113,0.621750,0.649139
16114,0.638577,0.617513
16115,0.673143,0.659977
16116,0.701131,0.694183
16117,0.713832,0.657647
16118,0.735904,0.692309
16119,0.745918,0.655958
16120,0.694514,0.596113
16121,0.714107,0.633795
16122,0.730687,0.594810
16123,0.683175,0.541468
16124,0.639489,0.495317
16125,0.600412,0.456120
16126,0.566138,0.423206
16127,0.585673,0.462676
16128,0.628595,0.422252
16129,0.593698,0.394810
16130,0.536750,0.444306
16131,0.562192,0.484238
16132,0.531253,0.452606
16133,0.504756,0.426006
16134,0.482206,0.403722
16135,0.504043,0.436977
16136,0.522595,0.465708
16137,0.577799,0.416118
16138,0.623294,0.375222
16139,0.590224,0.357112
16140,0.531962,0.412350
16141,0.556429,0.450232
16142,0.502635,0.499720
16143,0.456814,0.541828
16144,0.502240,0.499762
16145,0.538126,0.538845
16146,0.493766,0.574245
16147,0.532424,0.533036
16148,0.564999,0.497628
16149,0.592263,0.467536
16150,0.555336,0.497984
16151,0.578673,0.472395
16152,0.524517,0.423883
16153,0.477974,0.383734
16154,0.446066,0.421756
16155,0.493568,0.474355
16156,0.454107,0.433340
16157,0.420993,0.399160
16158,0.460960,0.443246
16159,0.421020,0.488097
16160,0.387844,0.526400
16161,0.360427,0.558733
16162,0.407800,0.596245
16163,0.449500,0.627287
16164,0.485536,0.652882
16165,0.441574,0.677543
16166,0.404887,0.697762
16167,0.446961,0.717304
16168,0.493157,0.670716
16169,0.529712,0.695228
16170,0.494184,0.646733
16171,0.538876,0.598922
16172,0.576407,0.556705
16173,0.534303,0.510206
16174,0.498102,0.470510
16175,0.467332,0.437040
16176,0.498387,0.474926
16177,0.472221,0.446405
16178,0.498629,0.478682
16179,0.551184,0.431698
16180,0.595019,0.392674
16181,0.559013,0.369657
16182,0.527896,0.350544
16183,0.550226,0.388497
16184,0.494496,0.444196
16185,0.521967,0.478616
16186,0.545220,0.508046
16187,0.518675,0.481820
16188,0.463607,0.534458
16189,0.515876,0.484545
16190,0.485374,0.454463
16191,0.459524,0.429142
16192,0.437716,0.407903
16193,0.392237,0.463356
16194,0.426222,0.495814
16195,0.382787,0.543685
16196,0.365241,0.509581
16197,0.330466,0.555273
16198,0.369012,0.582387
16199,0.403169,0.605055
16200,0.387938,0.570206
16201,0.375161,0.540013
16202,0.404298,0.559785
16203,0.358146,0.607386
16204,0.389390,0.623456
16205,0.451179,0.565120
16206,0.479412,0.588080
16207,0.458465,0.555439
16208,0.482498,0.575085
16209,0.502994,0.591602
16210,0.559829,0.532045
16211,0.576929,0.555387
16212,0.623492,0.500612
16213,0.637297,0.528827
16214,0.577866,0.574951
16215,0.544657,0.540096
16216,0.590112,0.489194
16217,0.555261,0.459245
16218,0.525191,0.434010
16219,0.499478,0.412821
16220,0.446634,0.468516
16221,0.402601,0.516538
16222,0.381748,0.482411
16223,0.416917,0.514059
16224,0.472574,0.466025
16225,0.520480,0.425651
16226,0.560941,0.392075
16227,0.517411,0.436673
16228,0.477075,0.401711
16229,0.517746,0.373677
16230,0.555273,0.421435
16231,0.586700,0.463257
16232,0.619800,0.424815
16233,0.645150,0.466185
16234,0.666081,0.501742
16235,0.615224,0.546082
16236,0.569870,0.583232
16237,0.530341,0.614100
16238,0.559497,0.570930
16239,0.599477,0.606723
16240,0.623224,0.564459
16241,0.655385,0.601362
16242,0.674315,0.559770
16243,0.699806,0.597474
16244,0.649900,0.550872
16245,0.603344,0.584689
16246,0.628506,0.543283
16247,0.578409,0.497686
16248,0.609911,0.536816
16249,0.635997,0.569742
16250,0.663716,0.523502
16251,0.618571,0.484675
16252,0.578480,0.451798
16253,0.616479,0.412868
16254,0.576643,0.385943
16255,0.525835,0.435405
16256,0.482182,0.478526
16257,0.447178,0.440742
16258,0.410813,0.483126
16259,0.453422,0.524373
16260,0.423965,0.485655
16261,0.387264,0.527693
16262,0.363423,0.488483
16263,0.403717,0.523546
16264,0.439043,0.553181
16265,0.417875,0.520018
16266,0.448115,0.545252
16267,0.400458,0.590999
16268,0.382950,0.556434
16269,0.344563,0.600253
16270,0.399994,0.548026
16271,0.366660,0.585536
16272,0.344193,0.543752
16273,0.325624,0.507721
16274,0.299860,0.551813
16275,0.343013,0.580847
16276,0.313988,0.616992
16277,0.355847,0.640449
16278,0.409917,0.589706
16279,0.457713,0.544972
16280,0.498998,0.506338
16281,0.538892,0.548246
16282,0.573610,0.509144
16283,0.606470,0.550608
16284,0.634624,0.511172
16285,0.657859,0.477522
16286,0.677036,0.449066
16287,0.625659,0.406977
16288,0.650462,0.383723
16289,0.601661,0.349780
16290,0.558484,0.322064
16291,0.521048,0.299443
16292,0.474961,0.345302
16293,0.443148,0.318410
16294,0.416459,0.296458
16295,0.378920,0.342565
16296,0.418868,0.393031
16297,0.453704,0.437851
16298,0.505423,0.403022
16299,0.549336,0.374153
16300,0.511958,0.346614
16301,0.480064,0.323980
16302,0.435527,0.372410
16303,0.409068,0.345181
16304,0.386979,0.322802
16305,0.351456,0.371342
16306,0.333805,0.344303
16307,0.387544,0.321367
16308,0.435542,0.302522
16309,0.403958,0.346294
16310,0.372763,0.317471
16311,0.347044,0.294017
16312,0.391187,0.342853
16313,0.358691,0.390654
16314,0.332041,0.433048
16315,0.377729,0.480540
16316,0.418388,0.521222
16317,0.381058,0.558186
16318,0.350379,0.589123
16319,0.398361,0.549520
16320,0.368656,0.501572
16321,0.342887,0.535617
16322,0.321682,0.564309
16323,0.371144,0.603795
16324,0.346571,0.554747
16325,0.395332,0.514523
16326,0.366528,0.471752
16327,0.342764,0.435696
16328,0.391912,0.402239
16329,0.365087,0.445258
16330,0.342920,0.482507
16331,0.316404,0.439638
16332,0.365224,0.485129
16333,0.338986,0.523424
16334,0.316512,0.481019
16335,0.298055,0.445166
16336,0.347444,0.409855
16337,0.394583,0.453323
16338,0.436294,0.490866
16339,0.398883,0.535150
16340,0.367968,0.572388
16341,0.412863,0.603413
16342,0.452231,0.629156
16343,0.500170,0.579606
16344,0.540950,0.536144
16345,0.500783,0.493246
16346,0.541468,0.455891
16347,0.501227,0.419953
16348,0.541842,0.389275
16349,0.575462,0.435696
16350,0.529994,0.479310
16351,0.490920,0.516658
16352,0.532628,0.557153
16353,0.492281,0.514161
16354,0.527745,0.548639
16355,0.557684,0.577595
16356,0.597348,0.528216
16357,0.557912,0.491494
16358,0.583040,0.523991
16359,0.621939,0.476665
16360,0.583202,0.445624
16361,0.530741,0.493854
16362,0.496386,0.460118
16363,0.467198,0.431714
16364,0.442556,0.407912
16365,0.472107,0.441856
16366,0.423006,0.495822
16367,0.382396,0.541819
16368,0.349101,0.580394
16369,0.321900,0.612447
16370,0.303742,0.567299
16371,0.346764,0.596034
16372,0.317240,0.629533
16373,0.301893,0.586685
16374,0.354494,0.537600
16375,0.398299,0.569798
16376,0.375324,0.531976
16377,0.427564,0.484723
16378,0.466792,0.519502
16379,0.512990,0.474110
16380,0.546596,0.510474
16381,0.500410,0.552777
16382,0.535974,0.583125
16383,0.491319,0.617774
16384,0.530592,0.570839
16385,0.567211,0.603402
16386,0.526012,0.560325
16387,0.490690,0.522954
16388,0.522116,0.551346
16389,0.492086,0.519515
16390,0.518802,0.543687
16391,0.466577,0.590585
16392,0.441262,0.556975
16393,0.398000,0.601574
16394,0.434158,0.621180
16395,0.465470,0.637542
16396,0.443944,0.603573
16397,0.425808,0.573878
16398,0.452297,0.588392
16399,0.436807,0.562924
16400,0.459418,0.575352
16401,0.520985,0.511699
16402,0.540341,0.532062
16403,0.517840,0.509945
16404,0.459454,0.565727
16405,0.515166,0.508453
16406,0.487608,0.481202
16407,0.438213,0.532974
16408,0.415290,0.502076
16409,0.374922,0.550598
16410,0.412214,0.576167
16411,0.372400,0.616005
16412,0.339846,0.648706
16413,0.381138,0.668572
16414,0.417669,0.685001
16415,0.449465,0.698613
16416,0.476830,0.709915
16417,0.500207,0.719323
16418,0.520081,0.727171
16419,0.462067,0.750249
16420,0.517071,0.697046
16421,0.563554,0.647165
16422,0.528667,0.600675
16423,0.554102,0.626121
16424,0.575507,0.647220
16425,0.546037,0.607847
16426,0.594581,0.553746
16427,0.634475,0.506682
16428,0.597417,0.470894
16429,0.542086,0.515407
16430,0.568730,0.550063
16431,0.609077,0.504828
16432,0.630688,0.541142
16433,0.577654,0.578451
16434,0.611803,0.534993
16435,0.566154,0.566836
16436,0.526417,0.593486
16437,0.556322,0.556905
16438,0.507165,0.505409
16439,0.547931,0.548427
16440,0.580387,0.510274
16441,0.613836,0.552522
16442,0.568494,0.508733
16443,0.602553,0.469845
16444,0.558321,0.507423
16445,0.519953,0.539315
16446,0.487135,0.566183
16447,0.516962,0.533437
16448,0.563714,0.579679
16449,0.514420,0.528433
16450,0.479465,0.559072
16451,0.437587,0.510600
16452,0.476413,0.475467
16453,0.446872,0.509011
16454,0.479947,0.479142
16455,0.529636,0.528699
16456,0.557688,0.495891
16457,0.506980,0.449593
16458,0.549095,0.496507
16459,0.505933,0.457113
16460,0.541768,0.497031
16461,0.571907,0.531011
16462,0.523353,0.571973
16463,0.481696,0.606053
16464,0.519854,0.561295
16465,0.477331,0.516529
16466,0.516143,0.477380
16467,0.474180,0.439355
16468,0.513723,0.480769
16469,0.478047,0.448381
16470,0.522678,0.409649
16471,0.481337,0.456080
16472,0.444519,0.421836
16473,0.410116,0.466679
16474,0.452787,0.433410
16475,0.489638,0.405583
16476,0.521065,0.382391
16477,0.565807,0.434873
16478,0.591861,0.406805
16479,0.540543,0.372222
16480,0.503978,0.414262
16481,0.459626,0.378363
16482,0.503382,0.426922
16483,0.540560,0.469376
16484,0.502874,0.437760
16485,0.534497,0.473961
16486,0.576830,0.430418
16487,0.538823,0.404051
16488,0.506140,0.382061
16489,0.478307,0.363738
16490,0.529589,0.329889
16491,0.481557,0.383362
16492,0.450344,0.359641
16493,0.498516,0.330925
16494,0.464660,0.312086
16495,0.436125,0.296545
16496,0.486275,0.274517
16497,0.454321,0.262264
16498,0.427443,0.252131
16499,0.461143,0.293365
16500,0.438206,0.284105
16501,0.393558,0.340175
16502,0.356927,0.391719
16503,0.339052,0.365625
16504,0.377443,0.407556
16505,0.341105,0.458005
16506,0.311602,0.501617
16507,0.287662,0.538694
16508,0.330977,0.575786
16509,0.303386,0.606309
16510,0.280989,0.631626
16511,0.324833,0.660842
16512,0.364723,0.684757
16513,0.400182,0.704349
16514,0.431184,0.720433
16515,0.414838,0.676532
16516,0.474788,0.623544
16517,0.451571,0.581077
16518,0.404731,0.616895
16519,0.385759,0.575226
16520,0.418746,0.599872
16521,0.447381,0.620436
16522,0.430764,0.585208
16523,0.382354,0.626929
16524,0.441044,0.572624
16525,0.418076,0.535243
16526,0.449823,0.561851
16527,0.504731,0.510006
16528,0.457310,0.552648
16529,0.504022,0.508506
16530,0.463689,0.544797
16531,0.428903,0.500867
16532,0.469120,0.538106
16533,0.514152,0.494896
16534,0.477484,0.457555
16535,0.512030,0.495662
16536,0.555618,0.453276
16537,0.518085,0.421956
16538,0.547329,0.460252
16539,0.497443,0.508115
16540,0.465406,0.473895
16541,0.513069,0.432316
16542,0.553430,0.397687
16543,0.513111,0.370156
16544,0.470624,0.418116
16545,0.511145,0.388930
16546,0.470654,0.358717
16547,0.509474,0.405152
16548,0.549861,0.373628
16549,0.509495,0.348319
16550,0.549879,0.323184
16551,0.508071,0.369941
16552,0.547253,0.418654
16553,0.505818,0.461924
16554,0.465341,0.424763
16555,0.505832,0.394196
16556,0.465352,0.364065
16557,0.431279,0.339256
16558,0.396998,0.387192
16559,0.440743,0.433737
16560,0.412100,0.403654
16561,0.376971,0.451316
16562,0.353887,0.418317
16563,0.394829,0.458582
16564,0.374795,0.430396
16565,0.410233,0.464772
16566,0.466315,0.419965
16567,0.514722,0.382860
16568,0.546192,0.423418
16569,0.512515,0.399917
16570,0.558512,0.362982
16571,0.510638,0.414610
16572,0.549798,0.382706
16573,0.509043,0.427221
16574,0.467515,0.392682
16575,0.433091,0.435984
16576,0.478136,0.482346
16577,0.517777,0.447238
16578,0.481412,0.484992
16579,0.450642,0.517236
16580,0.499196,0.561920
16581,0.458008,0.514652
16582,0.424889,0.549052
16583,0.470797,0.586577
16584,0.435603,0.614748
16585,0.475169,0.573796
16586,0.519946,0.611327
16587,0.553669,0.570795
16588,0.507708,0.521227
16589,0.468507,0.478723
16590,0.435471,0.442812
16591,0.481764,0.407965
16592,0.521393,0.379042
16593,0.559213,0.426373
16594,0.518187,0.396618
16595,0.475588,0.444221
16596,0.514332,0.485844
16597,0.479245,0.452533
16598,0.449568,0.424538
16599,0.408395,0.474810
16600,0.374357,0.517988
16601,0.421891,0.478583
16602,0.463504,0.445279
16603,0.433456,0.481793
16604,0.395486,0.438318
16605,0.371077,0.475805
16606,0.340591,0.433303
16607,0.383725,0.405566
16608,0.363186,0.443214
16609,0.400663,0.419463
16610,0.455784,0.473201
16611,0.415252,0.431378
16612,0.462389,0.477215
16613,0.427771,0.441569
16614,0.394575,0.485792
16615,0.439125,0.525085
16616,0.477810,0.558261
16617,0.522982,0.511932
16618,0.561114,0.472358
16619,0.519071,0.435505
16620,0.557830,0.402736
16621,0.516243,0.372733
16622,0.474399,0.418732
16623,0.439089,0.459010
16624,0.404411,0.419403
16625,0.375632,0.459592
16626,0.351834,0.494192
16627,0.332163,0.523659
16628,0.305904,0.473763
16629,0.349298,0.445344
16630,0.402168,0.495804
16631,0.449026,0.538802
16632,0.415433,0.570951
16633,0.460594,0.606397
16634,0.499527,0.635685
16635,0.541341,0.589646
16636,0.502057,0.543187
16637,0.460304,0.577437
16638,0.499658,0.609974
16639,0.466238,0.565968
16640,0.512734,0.520020
16641,0.552114,0.480665
16642,0.585099,0.447382
16643,0.612561,0.419445
16644,0.635362,0.396092
16645,0.596133,0.431363
16646,0.615856,0.411320
16647,0.632329,0.394510
16648,0.574910,0.353261
16649,0.540135,0.388262
16650,0.510253,0.418964
16651,0.459279,0.373186
16652,0.416570,0.335953
16653,0.381202,0.305812
16654,0.357475,0.345833
16655,0.407829,0.402080
16656,0.379526,0.439844
16657,0.356088,0.472519
16658,0.336689,0.500491
16659,0.309272,0.449463
16660,0.293930,0.480779
16661,0.281246,0.507526
16662,0.270731,0.530234
16663,0.261989,0.549441
16664,0.241902,0.491036
16665,0.234997,0.516247
16666,0.286462,0.566975
16667,0.335124,0.609058
16668,0.383260,0.572268
16669,0.426102,0.540338
16670,0.473930,0.587032
16671,0.511721,0.553102
16672,0.477835,0.574186
16673,0.523985,0.618038
16674,0.562923,0.653887
16675,0.594261,0.614878
16676,0.547581,0.559897
16677,0.580389,0.598131
16678,0.607738,0.629736
16679,0.640080,0.585277
16680,0.596987,0.537783
16681,0.547198,0.571341
16682,0.508496,0.525689
16683,0.550310,0.486060
16684,0.511166,0.447054
16685,0.542804,0.488151
16686,0.509491,0.454949
16687,0.536408,0.489927
16688,0.582313,0.444984
16689,0.620271,0.407449
16690,0.570143,0.453184
16691,0.602788,0.421080
16692,0.559730,0.460174
16693,0.522384,0.493814
16694,0.565052,0.540984
16695,0.592945,0.506249
16696,0.616200,0.476664
16697,0.579259,0.505312
16698,0.619888,0.554927
16699,0.582492,0.578852
16700,0.528896,0.525205
16701,0.570296,0.567179
16702,0.598292,0.528565
16703,0.548932,0.482457
16704,0.506164,0.443468
16705,0.466775,0.484890
16706,0.430689,0.445513
16707,0.398161,0.486648
16708,0.371191,0.521778
16709,0.348874,0.551483
16710,0.321248,0.502060
16711,0.303562,0.534837
16712,0.354255,0.576153
16713,0.399912,0.537260
16714,0.447611,0.578174
16715,0.488762,0.539008
16716,0.523884,0.505315
16717,0.490448,0.533176
16718,0.520305,0.504518
16719,0.545579,0.480128
16720,0.591236,0.534323
16721,0.538772,0.483106
16722,0.493445,0.439808
16723,0.454972,0.403685
16724,0.420118,0.446185
16725,0.388526,0.408985
16726,0.362379,0.378147
16727,0.340771,0.352678
16728,0.314257,0.401149
16729,0.363344,0.373742
16730,0.410173,0.422044
16731,0.378655,0.465364
16732,0.352636,0.502627
16733,0.400627,0.545387
16734,0.443017,0.581237
16735,0.489395,0.537875
16736,0.526329,0.574965
16737,0.557513,0.605857
16738,0.596187,0.559358
16739,0.548946,0.590357
16740,0.582296,0.623111
16741,0.536840,0.648084
16742,0.495594,0.599240
16743,0.531330,0.626921
16744,0.570776,0.578899
16745,0.530119,0.535236
16746,0.569764,0.492629
16747,0.529244,0.455121
16748,0.484693,0.498016
16749,0.521774,0.536684
16750,0.486988,0.498313
16751,0.457506,0.465696
16752,0.432670,0.438189
16753,0.390591,0.489268
16754,0.442673,0.447386
16755,0.406584,0.490878
16756,0.449245,0.530076
16757,0.486130,0.563124
16758,0.517617,0.590792
16759,0.562873,0.540815
16760,0.514976,0.577411
16761,0.553520,0.534714
16762,0.586844,0.572477
16763,0.614569,0.603942
16764,0.645266,0.557835
16765,0.670461,0.517810
16766,0.623739,0.474403
16767,0.652795,0.440429
16768,0.607869,0.404414
16769,0.568155,0.374575
16770,0.607043,0.347728
16771,0.567432,0.323936
16772,0.533050,0.304398
16773,0.577923,0.283863
16774,0.615108,0.267081
16775,0.638097,0.314112
16776,0.598329,0.297745
16777,0.545387,0.348966
16778,0.499514,0.395491
16779,0.463749,0.364732
16780,0.499587,0.410804
16781,0.469172,0.384226
16782,0.425214,0.433888
16783,0.461912,0.474796
16784,0.419164,0.518466
16785,0.467608,0.478571
16786,0.509308,0.444855
16787,0.547286,0.490792
16788,0.579158,0.529991
16789,0.605750,0.563041
16790,0.639091,0.516721
16791,0.596780,0.478884
16792,0.559619,0.446896
16793,0.508313,0.494345
16794,0.539381,0.529656
16795,0.581338,0.484740
16796,0.533493,0.525216
16797,0.566894,0.561708
16798,0.602058,0.518286
16799,0.631155,0.481132
16800,0.584635,0.440829
16801,0.616753,0.409948
16802,0.643286,0.384236
16803,0.669168,0.434647
16804,0.690233,0.404794
16805,0.641867,0.372039
16806,0.598304,0.345081
16807,0.621508,0.390561
16808,0.583861,0.367112
16809,0.623617,0.336660
16810,0.585713,0.318010
16811,0.605680,0.359743
16812,0.573056,0.343330
16813,0.544804,0.329665
16814,0.594419,0.299178
16815,0.635166,0.274580
16816,0.580524,0.326615
16817,0.605834,0.371501
16818,0.568611,0.350918
16819,0.536332,0.333845
16820,0.483695,0.388099
16821,0.456051,0.364681
16822,0.507347,0.334698
16823,0.476064,0.316082
16824,0.431675,0.367272
16825,0.394761,0.413328
16826,0.369639,0.380938
16827,0.340012,0.425408
16828,0.315767,0.464213
16829,0.361966,0.511119
16830,0.333732,0.544411
16831,0.378201,0.583658
16832,0.357174,0.537777
16833,0.339720,0.498237
16834,0.377658,0.532128
16835,0.411148,0.560716
16836,0.440292,0.584710
16837,0.465399,0.604799
16838,0.412783,0.643553
16839,0.470576,0.589446
16840,0.500099,0.614651
16841,0.474982,0.576257
16842,0.500085,0.597935
16843,0.478730,0.564959
16844,0.425628,0.609708
16845,0.454599,0.627642
16846,0.479477,0.642616
16847,0.426250,0.677826
16848,0.382266,0.706262
16849,0.416951,0.717527
16850,0.447110,0.726894
16851,0.473063,0.734701
16852,0.529839,0.679688
16853,0.551894,0.695511
16854,0.570485,0.708609
16855,0.617057,0.655175
16856,0.632104,0.675268
16857,0.644696,0.691858
16858,0.681368,0.639691
16859,0.623971,0.665410
16860,0.643560,0.687384
16861,0.674909,0.639519
16862,0.690450,0.666152
16863,0.703331,0.687993
16864,0.714033,0.705927
16865,0.722945,0.720688
16866,0.685204,0.677943
16867,0.715789,0.623797
16868,0.678670,0.582412
16869,0.686782,0.605836
16870,0.718193,0.552908
16871,0.743330,0.506906
16872,0.705164,0.470176
16873,0.670263,0.439193
16874,0.704981,0.400947
16875,0.670097,0.375716
16876,0.608369,0.426025
16877,0.646189,0.393743
16878,0.662486,0.439030
16879,0.692532,0.404544
16880,0.652247,0.375584
16881,0.684243,0.347832
16882,0.710145,0.325021
16883,0.658663,0.369516
16884,0.680137,0.420390
16885,0.702397,0.391736
16886,0.656430,0.360546
16887,0.605856,0.404674
16888,0.560959,0.443467
16889,0.516354,0.403232
16890,0.552991,0.379178
16891,0.509496,0.346782
16892,0.547217,0.327595
16893,0.504539,0.301907
16894,0.468187,0.280999
16895,0.503858,0.329047
16896,0.547776,0.305862
16897,0.510375,0.287896
16898,0.465787,0.336530
16899,0.434203,0.313029
16900,0.481701,0.293805
16901,0.443983,0.338924
16902,0.484444,0.321818
16903,0.519018,0.307642
16904,0.486776,0.346691
16905,0.459446,0.381615
16906,0.436400,0.412311
16907,0.491246,0.472454
16908,0.538085,0.524284
16909,0.503035,0.551381
16910,0.532389,0.520646
16911,0.482432,0.468869
16912,0.527542,0.517552
16913,0.565563,0.558708
16914,0.597182,0.519179
16915,0.555818,0.549966
16916,0.508668,0.501436
16917,0.543285,0.467658
16918,0.581632,0.513860
16919,0.540409,0.547329
16920,0.569559,0.511782
16921,0.607708,0.556211
16922,0.631358,0.519406
16923,0.580140,0.473009
16924,0.608463,0.441769
16925,0.568282,0.477051
16926,0.592601,0.450441
16927,0.539822,0.406590
16928,0.504629,0.442655
16929,0.459013,0.400145
16930,0.420742,0.365132
16931,0.391819,0.406317
16932,0.367811,0.442418
16933,0.407642,0.420108
16934,0.370283,0.378328
16935,0.409823,0.360319
16936,0.389039,0.396001
16937,0.371681,0.427245
16938,0.335447,0.381448
16939,0.306084,0.344079
16940,0.346806,0.329401
16941,0.315284,0.299770
16942,0.289751,0.275825
16943,0.277038,0.317647
16944,0.318190,0.305663
16945,0.290168,0.278902
16946,0.343488,0.332388
16947,0.392212,0.381598
16948,0.437671,0.354268
16949,0.407981,0.398827
16950,0.446944,0.375128
16951,0.480603,0.355438
16952,0.434740,0.324375
16953,0.470108,0.308757
16954,0.425971,0.284209
16955,0.474583,0.335136
16956,0.436947,0.313216
16957,0.404562,0.361192
16958,0.373898,0.334589
16959,0.419407,0.313315
16960,0.459231,0.295826
16961,0.505893,0.345822
16962,0.545506,0.391235
16963,0.505009,0.367761
16964,0.538710,0.407139
16965,0.492500,0.459946
16966,0.458068,0.431042
16967,0.419336,0.480738
16968,0.391049,0.448520
16969,0.431269,0.483625
16970,0.406979,0.456199
16971,0.441476,0.486080
16972,0.495001,0.436905
16973,0.465779,0.414027
16974,0.495751,0.446290
16975,0.470900,0.426721
16976,0.422029,0.484287
16977,0.454457,0.512259
16978,0.482340,0.535982
16979,0.461259,0.510421
16980,0.443446,0.488646
16981,0.467052,0.508858
16982,0.451872,0.490348
16983,0.513729,0.432937
16984,0.459056,0.491796
16985,0.487413,0.517643
16986,0.511588,0.539545
16987,0.532098,0.558046
16988,0.509850,0.533633
16989,0.527294,0.549400
16990,0.582609,0.488061
16991,0.596979,0.510779
16992,0.609064,0.530059
16993,0.546439,0.583378
16994,0.593118,0.525559
16995,0.612623,0.550611
16996,0.579407,0.521730
16997,0.623172,0.468210
16998,0.567655,0.518474
16999,0.531852,0.486253
17000,0.482868,0.533801
17001,0.516178,0.562976
17002,0.560140,0.513350
17003,0.596806,0.470921
17004,0.627161,0.435160
17005,0.581456,0.401557
17006,0.614471,0.372454
17007,0.569409,0.416020
17008,0.603660,0.464199
17009,0.559103,0.428429
17010,0.514403,0.472190
17011,0.550303,0.439049
17012,0.586371,0.485344
17013,0.543393,0.522916
17014,0.506320,0.554667
17015,0.474737,0.581319
17016,0.522836,0.619308
17017,0.553305,0.579635
17018,0.519414,0.601956
17019,0.490454,0.620605
17020,0.441776,0.564350
17021,0.474931,0.529540
17022,0.525262,0.574159
17023,0.567684,0.611187
17024,0.521478,0.563165
17025,0.481880,0.521355
17026,0.518260,0.553770
17027,0.474226,0.592099
17028,0.511747,0.618580
17029,0.552875,0.569000
17030,0.513195,0.527721
17031,0.470148,0.566906
17032,0.433878,0.599587
17033,0.400923,0.554304
17034,0.443705,0.584964
17035,0.406856,0.619014
17036,0.376321,0.647078
17037,0.349683,0.600835
17038,0.327749,0.560024
17039,0.304202,0.598383
17040,0.284957,0.630084
17041,0.269189,0.656188
17042,0.317416,0.679765
17043,0.295762,0.700441
17044,0.278047,0.717399
17045,0.325681,0.735360
17046,0.369268,0.750039
17047,0.338095,0.762908
17048,0.388160,0.717886
17049,0.361000,0.729756
17050,0.408637,0.749115
17051,0.450564,0.764828
17052,0.496460,0.721507
17053,0.457942,0.731537
17054,0.496991,0.691930
17055,0.530230,0.655855
17056,0.558286,0.623689
17057,0.507594,0.561720
17058,0.539200,0.532317
17059,0.506455,0.552536
17060,0.533339,0.527480
17061,0.481290,0.469858
17062,0.528350,0.523365
17063,0.493414,0.549188
17064,0.463756,0.570937
17065,0.420093,0.515175
17066,0.456862,0.485710
17067,0.488506,0.460735
17068,0.463308,0.487853
17069,0.416032,0.436315
17070,0.395326,0.466915
17071,0.428439,0.445786
17072,0.410661,0.471866
17073,0.395730,0.494162
17074,0.352733,0.438451
17075,0.317943,0.392234
17076,0.373790,0.447610
17077,0.353012,0.481947
17078,0.323312,0.436626
17079,0.306836,0.472504
17080,0.358965,0.520829
17081,0.333430,0.476622
17082,0.311550,0.514001
17083,0.359387,0.554892
17084,0.407587,0.515053
17085,0.379582,0.546711
17086,0.427737,0.586908
17087,0.469813,0.620209
17088,0.505943,0.647664
17089,0.549151,0.600940
17090,0.511170,0.554153
17091,0.541816,0.586127
17092,0.509495,0.546081
17093,0.460708,0.585693
17094,0.433468,0.545704
17095,0.466582,0.573039
17096,0.420651,0.612024
17097,0.455518,0.634164
17098,0.432395,0.595670
17099,0.462163,0.614816
17100,0.487688,0.630818
17101,0.467821,0.598078
17102,0.525831,0.538764
17103,0.500220,0.509460
17104,0.478445,0.484491
17105,0.425741,0.538183
17106,0.481675,0.486816
17107,0.436750,0.532473
17108,0.399334,0.570889
17109,0.440525,0.601223
17110,0.414109,0.560368
17111,0.449379,0.586370
17112,0.426792,0.551382
17113,0.456932,0.573619
17114,0.437649,0.543718
17115,0.495746,0.488037
17116,0.470440,0.462327
17117,0.523848,0.415644
17118,0.474866,0.467961
17119,0.520275,0.428107
17120,0.553413,0.468382
17121,0.517237,0.438773
17122,0.486329,0.413935
17123,0.460129,0.393157
17124,0.414233,0.448323
17125,0.376327,0.496292
17126,0.345238,0.537155
17127,0.394272,0.496848
17128,0.439293,0.537459
17129,0.404566,0.571821
17130,0.448297,0.605300
17131,0.412057,0.633182
17132,0.383098,0.585754
17133,0.353852,0.617017
17134,0.329816,0.642861
17135,0.377574,0.669377
17136,0.353734,0.622373
17137,0.326320,0.651299
17138,0.370806,0.673638
17139,0.410461,0.692031
17140,0.389493,0.649305
17141,0.444301,0.595846
17142,0.479504,0.621179
17143,0.452601,0.581749
17144,0.482576,0.603573
17145,0.508162,0.621807
17146,0.529882,0.637043
17147,0.548258,0.649781
17148,0.563777,0.660444
17149,0.541055,0.628402
17150,0.595431,0.565984
17151,0.568333,0.536575
17152,0.544967,0.511367
17153,0.524944,0.489890
17154,0.507859,0.471661
17155,0.521207,0.491406
17156,0.506681,0.475905
17157,0.518029,0.492695
17158,0.452831,0.554288
17159,0.398571,0.605434
17160,0.425490,0.619001
17161,0.413453,0.589993
17162,0.477084,0.528099
17163,0.500687,0.549538
17164,0.445975,0.597639
17165,0.426129,0.565360
17166,0.454029,0.583289
17167,0.437082,0.555644
17168,0.387758,0.605308
17169,0.446441,0.547352
17170,0.423205,0.515866
17171,0.477511,0.465425
17172,0.434580,0.513488
17173,0.398820,0.554180
17174,0.369235,0.588228
17175,0.415361,0.618913
17176,0.461284,0.572972
17177,0.502357,0.606275
17178,0.462407,0.634110
17179,0.503317,0.660815
17180,0.468029,0.614770
17181,0.428317,0.645156
17182,0.395253,0.670105
17183,0.367870,0.690589
17184,0.415802,0.711434
17185,0.457876,0.728479
17186,0.494141,0.742460
17187,0.525031,0.753969
17188,0.569566,0.705125
17189,0.606583,0.659477
17190,0.631363,0.686054
17191,0.651900,0.707731
17192,0.680780,0.661871
17193,0.697050,0.688006
17194,0.719857,0.643848
17195,0.676481,0.591988
17196,0.637021,0.546184
17197,0.601938,0.506593
17198,0.642670,0.464429
17199,0.657352,0.503477
17200,0.622207,0.469750
17201,0.563109,0.516008
17202,0.511353,0.555144
17203,0.541978,0.587696
17204,0.493191,0.619696
17205,0.451787,0.646113
17206,0.491317,0.671509
17207,0.458984,0.625204
17208,0.506330,0.576340
17209,0.465114,0.607053
17210,0.505380,0.565030
17211,0.464714,0.517418
17212,0.430036,0.551463
17213,0.469993,0.514807
17214,0.429750,0.468939
17215,0.400797,0.504874
17216,0.449292,0.548412
17217,0.415366,0.504143
17218,0.456857,0.541186
17219,0.418361,0.577882
17220,0.463303,0.535030
17221,0.427522,0.491744
17222,0.397679,0.455022
17223,0.372887,0.424173
17224,0.342342,0.471994
17225,0.385576,0.510045
17226,0.352730,0.550992
17227,0.325853,0.585284
17228,0.373788,0.543385
17229,0.416624,0.507258
17230,0.381262,0.462044
17231,0.428947,0.506169
17232,0.398536,0.467720
17233,0.367437,0.509953
17234,0.413423,0.472551
17235,0.380967,0.433851
17236,0.426204,0.476662
17237,0.398282,0.443682
17238,0.365226,0.490221
17239,0.408092,0.526900
17240,0.457642,0.483133
17241,0.495980,0.520884
17242,0.528623,0.552804
17243,0.571098,0.505290
17244,0.524337,0.544930
17245,0.560547,0.504497
17246,0.520691,0.538219
17247,0.476735,0.492021
17248,0.514328,0.457651
17249,0.554988,0.503249
17250,0.586310,0.467141
17251,0.619568,0.511359
17252,0.573567,0.472059
17253,0.533405,0.438904
17254,0.573368,0.402490
17255,0.528406,0.447996
17256,0.489792,0.487406
17257,0.457048,0.521047
17258,0.417095,0.474688
17259,0.463466,0.517893
17260,0.503874,0.479660
17261,0.543778,0.522120
17262,0.503293,0.482708
17263,0.462378,0.524164
17264,0.502799,0.485300
17265,0.537148,0.452387
17266,0.566083,0.424723
17267,0.531592,0.459495
17268,0.576419,0.510523
17269,0.613585,0.553767
17270,0.565097,0.508945
17271,0.522840,0.470705
17272,0.486638,0.438451
17273,0.519418,0.475091
17274,0.472330,0.522401
17275,0.441779,0.487663
17276,0.402713,0.533070
17277,0.450450,0.489513
17278,0.491793,0.452589
17279,0.527046,0.421592
17280,0.482068,0.386586
17281,0.444035,0.357711
17282,0.486282,0.333492
17283,0.452374,0.378125
17284,0.423885,0.417794
17285,0.473712,0.469317
17286,0.441793,0.504485
17287,0.489193,0.548731
17288,0.529671,0.585771
17289,0.563794,0.616527
17290,0.592343,0.641965
17291,0.626700,0.593056
17292,0.578742,0.621594
17293,0.609975,0.650246
17294,0.638756,0.604764
17295,0.662469,0.564588
17296,0.686643,0.603265
17297,0.706430,0.635173
17298,0.658742,0.658412
17299,0.683595,0.683803
17300,0.702460,0.638561
17301,0.722078,0.667582
17302,0.736951,0.623914
17303,0.692444,0.643980
17304,0.651526,0.660650
17305,0.665931,0.623347
17306,0.677937,0.590426
17307,0.708139,0.633760
17308,0.717615,0.599561
17309,0.741429,0.641207
17310,0.748901,0.606119
17311,0.755140,0.575393
17312,0.701541,0.516588
17313,0.651086,0.466174
17314,0.605303,0.423819
17315,0.557308,0.461830
17316,0.589880,0.435106
17317,0.616971,0.412678
17318,0.576629,0.444754
17319,0.526277,0.398786
17320,0.557746,0.380222
17321,0.522341,0.413637
17322,0.549145,0.397638
17323,0.497211,0.355120
17324,0.453069,0.320668
17325,0.490294,0.308506
17326,0.447248,0.281285
17327,0.411245,0.259334
17328,0.382246,0.300679
17329,0.358230,0.338608
17330,0.399386,0.327953
17331,0.363722,0.295446
17332,0.343707,0.332265
17333,0.315321,0.298907
17334,0.299476,0.335397
17335,0.277067,0.301422
17336,0.264574,0.337670
17337,0.315159,0.397845
17338,0.361473,0.378929
17339,0.340809,0.412828
17340,0.381395,0.396521
17341,0.346609,0.354471
17342,0.386564,0.341417
17343,0.368447,0.375305
17344,0.403113,0.363909
17345,0.361677,0.324515
17346,0.327979,0.292855
17347,0.381572,0.349069
17348,0.429574,0.400479
17349,0.472416,0.373610
17350,0.440028,0.415093
17351,0.486987,0.465245
17352,0.452290,0.502123
17353,0.497530,0.545286
17354,0.461186,0.576206
17355,0.423506,0.528459
17356,0.466990,0.564915
17357,0.434838,0.524197
17358,0.398337,0.563956
17359,0.440257,0.594436
17360,0.402831,0.626832
17361,0.371868,0.653513
17362,0.416986,0.677182
17363,0.463670,0.629772
17364,0.429257,0.652427
17365,0.469104,0.611008
17366,0.439756,0.630710
17367,0.489301,0.664590
17368,0.531620,0.692128
17369,0.565526,0.649631
17370,0.600524,0.679973
17371,0.555786,0.628271
17372,0.590985,0.584337
17373,0.620216,0.618699
17374,0.648587,0.575894
17375,0.671923,0.611724
17376,0.627360,0.564648
17377,0.587664,0.523660
17378,0.552980,0.488545
17379,0.500293,0.533628
17380,0.470238,0.497044
17381,0.425801,0.540813
17382,0.388922,0.577555
17383,0.358527,0.608140
17384,0.333546,0.633496
17385,0.380823,0.662303
17386,0.357010,0.614237
17387,0.398157,0.639349
17388,0.434328,0.660116
17389,0.392308,0.687113
17390,0.429224,0.703546
17391,0.461252,0.717113
17392,0.488740,0.728345
17393,0.541899,0.675658
17394,0.586393,0.627004
17395,0.535637,0.651083
17396,0.566467,0.677319
17397,0.530306,0.629538
17398,0.499302,0.586781
17399,0.525769,0.610805
17400,0.573862,0.558658
17401,0.613705,0.513243
17402,0.575276,0.475111
17403,0.523352,0.517650
17404,0.478771,0.553633
17405,0.441114,0.583796
17406,0.481953,0.545636
17407,0.516878,0.512755
17408,0.559372,0.559420
17409,0.588413,0.524585
17410,0.550532,0.550573
17411,0.591803,0.594755
17412,0.615951,0.559030
17413,0.636042,0.528161
17414,0.652757,0.501741
17415,0.684492,0.554048
17416,0.630999,0.501480
17417,0.653444,0.471153
17418,0.672005,0.445532
17419,0.687372,0.423975
17420,0.712934,0.479747
17421,0.733650,0.527610
17422,0.745210,0.493356
17423,0.754773,0.464276
17424,0.762708,0.439740
17425,0.769313,0.419108
17426,0.718242,0.376158
17427,0.673437,0.411342
17428,0.632645,0.441994
17429,0.578155,0.394956
17430,0.540422,0.427768
17431,0.566583,0.410343
17432,0.588538,0.395705
17433,0.556689,0.423562
17434,0.529236,0.447637
17435,0.473419,0.394850
17436,0.450046,0.422821
17437,0.430347,0.446999
17438,0.413772,0.467754
17439,0.440688,0.454902
17440,0.426502,0.472580
17441,0.488693,0.536497
17442,0.467055,0.551487
17443,0.448756,0.564155
17444,0.398390,0.500426
17445,0.428571,0.479845
17446,0.487415,0.537262
17447,0.439170,0.482866
17448,0.472631,0.456839
17449,0.501280,0.434895
17450,0.450814,0.390048
17451,0.408660,0.353306
17452,0.385143,0.392135
17453,0.422119,0.374290
17454,0.381439,0.337916
17455,0.348100,0.308418
17456,0.329394,0.349278
17457,0.313905,0.385872
17458,0.367659,0.443028
17459,0.409838,0.418621
17460,0.374339,0.378823
17461,0.352073,0.416844
17462,0.403286,0.469945
17463,0.448591,0.515671
17464,0.487814,0.554363
17465,0.446510,0.587417
17466,0.486027,0.619062
17467,0.445007,0.645726
17468,0.488122,0.601743
17469,0.528037,0.634900
17470,0.561705,0.662125
17471,0.597588,0.616409
17472,0.627303,0.575825
17473,0.653874,0.613556
17474,0.606886,0.636409
17475,0.637066,0.666621
17476,0.591243,0.616765
17477,0.544446,0.643664
17478,0.504007,0.665843
17479,0.469573,0.684140
17480,0.440516,0.699259
17481,0.474128,0.658572
17482,0.524179,0.689573
17483,0.552791,0.649794
17484,0.502461,0.593488
17485,0.534458,0.556116
17486,0.486759,0.505411
17487,0.521150,0.472927
17488,0.550239,0.445484
17489,0.574705,0.422409
17490,0.595222,0.403054
17491,0.563631,0.433900
17492,0.506938,0.387417
17493,0.533405,0.371435
17494,0.505898,0.403849
17495,0.557222,0.463278
17496,0.579337,0.439991
17497,0.524153,0.395301
17498,0.476723,0.358615
17499,0.436702,0.328664
17500,0.480210,0.378911
17501,0.442716,0.423823
17502,0.411335,0.463046
17503,0.385207,0.496769
17504,0.424414,0.468573
17505,0.401942,0.497253
17506,0.435615,0.473277
17507,0.391422,0.423276
17508,0.445188,0.477280
17509,0.417728,0.509264
17510,0.380574,0.461543
17511,0.429892,0.507875
17512,0.471520,0.472352
17513,0.432653,0.432116
17514,0.473904,0.402731
17515,0.442658,0.442200
17516,0.416442,0.476353
17517,0.378523,0.431015
17518,0.347400,0.393337
17519,0.321923,0.362261
17520,0.369139,0.408949
17521,0.341137,0.454940
17522,0.319618,0.420362
17523,0.297444,0.464868
17524,0.279313,0.503172
17525,0.262973,0.460860
17526,0.248675,0.499747
17527,0.295349,0.541567
17528,0.275116,0.574232
17529,0.320124,0.608653
17530,0.295270,0.635125
17531,0.338689,0.662713
17532,0.310351,0.683765
17533,0.287325,0.701089
17534,0.336550,0.658239
17535,0.384108,0.687398
17536,0.359646,0.635790
17537,0.409523,0.591407
17538,0.452552,0.624931
17539,0.489720,0.652527
17540,0.459636,0.606817
17541,0.491261,0.630798
17542,0.518208,0.650691
17543,0.567163,0.597618
17544,0.589509,0.623164
17545,0.629423,0.573056
17546,0.662036,0.529208
17547,0.620959,0.487548
17548,0.584597,0.452250
17549,0.603382,0.489415
17550,0.546315,0.534235
17551,0.588227,0.491003
17552,0.550294,0.454273
17553,0.591530,0.418096
17554,0.542790,0.461102
17555,0.575096,0.504749
17556,0.536396,0.466918
17557,0.577505,0.429509
17558,0.538481,0.398279
17559,0.491415,0.444699
17560,0.451496,0.484964
17561,0.492283,0.527773
17562,0.533591,0.489218
17563,0.568016,0.531378
17564,0.602138,0.492293
17565,0.558212,0.451856
17566,0.587157,0.493449
17567,0.622183,0.454059
17568,0.580161,0.420121
17569,0.543478,0.391844
17570,0.511905,0.368358
17571,0.559694,0.337684
17572,0.584309,0.380401
17573,0.623383,0.347528
17574,0.584885,0.328568
17575,0.551306,0.312878
17576,0.522379,0.299868
17577,0.497664,0.289057
17578,0.551461,0.264884
17579,0.498014,0.317567
17580,0.527402,0.361785
17581,0.498312,0.342938
17582,0.448498,0.396412
17583,0.406916,0.443957
17584,0.372566,0.485230
17585,0.344333,0.520494
17586,0.389732,0.562120
17587,0.438455,0.523072
17588,0.479718,0.564279
17589,0.440324,0.593511
17590,0.482758,0.554721
17591,0.524014,0.595040
17592,0.560047,0.556053
17593,0.516193,0.506779
17594,0.476305,0.539612
17595,0.442617,0.567264
17596,0.414380,0.590449
17597,0.451165,0.557270
17598,0.427024,0.577117
17599,0.406769,0.593796
17600,0.437847,0.565695
17601,0.464663,0.541465
17602,0.521881,0.594569
17603,0.495593,0.608570
17604,0.473261,0.620333
17605,0.421899,0.558030
17606,0.379488,0.503512
17607,0.344806,0.457055
17608,0.327841,0.492370
17609,0.381644,0.538331
17610,0.429842,0.576922
17611,0.398330,0.606012
17612,0.440256,0.565528
17613,0.476602,0.530392
17614,0.433111,0.481030
17615,0.396911,0.439324
17616,0.370798,0.478340
17617,0.341729,0.437069
17618,0.317912,0.402639
17619,0.364182,0.446430
17620,0.335803,0.491173
17621,0.312571,0.529345
17622,0.358991,0.492497
17623,0.338517,0.524952
17624,0.311571,0.477592
17625,0.361370,0.521214
17626,0.336358,0.555708
17627,0.315790,0.584625
17628,0.365223,0.620153
17629,0.339526,0.643484
17630,0.386712,0.671873
17631,0.433988,0.628058
17632,0.403240,0.647751
17633,0.443799,0.609523
17634,0.491705,0.647035
17635,0.452173,0.593514
17636,0.493301,0.553575
17637,0.528353,0.519052
17638,0.557943,0.489551
17639,0.508551,0.441472
17640,0.549313,0.491118
17641,0.583468,0.533495
17642,0.614960,0.494608
17643,0.571133,0.528482
17644,0.606351,0.569955
17645,0.632627,0.530996
17646,0.583773,0.484859
17647,0.613925,0.451533
17648,0.571394,0.487129
17649,0.534366,0.517503
17650,0.576959,0.563709
17651,0.529224,0.514880
17652,0.565559,0.554235
17653,0.524848,0.512649
17654,0.481057,0.551936
17655,0.446346,0.510673
17656,0.491466,0.469344
17657,0.455114,0.434453
17658,0.424571,0.405285
17659,0.472667,0.371883
17660,0.439292,0.348425
17661,0.411337,0.329044
17662,0.375796,0.380818
17663,0.417250,0.424180
17664,0.467218,0.388823
17665,0.429483,0.435415
17666,0.398524,0.402228
17667,0.439950,0.445018
17668,0.413413,0.416596
17669,0.448889,0.453213
17670,0.500651,0.410719
17671,0.469839,0.387094
17672,0.443818,0.367418
17673,0.474354,0.403570
17674,0.500471,0.435162
17675,0.478196,0.417749
17676,0.425949,0.476881
17677,0.407531,0.452894
17678,0.436928,0.480345
17679,0.495487,0.429257
17680,0.521089,0.460042
17681,0.570687,0.412371
17682,0.538639,0.392659
17683,0.560196,0.425302
17684,0.578345,0.453582
17685,0.519717,0.511026
17686,0.566746,0.460513
17687,0.516761,0.509372
17688,0.556828,0.466417
17689,0.514249,0.507967
17690,0.477868,0.543221
17691,0.512112,0.506772
17692,0.541143,0.475718
17693,0.490991,0.431196
17694,0.460136,0.467600
17695,0.434138,0.498834
17696,0.486403,0.547280
17697,0.518681,0.513718
17698,0.488442,0.540221
17699,0.441160,0.487910
17700,0.401761,0.443607
17701,0.377309,0.480517
17702,0.428393,0.526836
17703,0.468582,0.491264
17704,0.503087,0.461083
17705,0.532406,0.435644
17706,0.502624,0.466902
17707,0.452725,0.419397
17708,0.411007,0.380126
17709,0.386697,0.418675
17710,0.438459,0.471117
17711,0.483584,0.516246
17712,0.522181,0.554428
17713,0.560740,0.512275
17714,0.592779,0.551087
17715,0.546631,0.584614
17716,0.579116,0.543466
17717,0.606210,0.507995
17718,0.567405,0.536972
17719,0.607104,0.581074
17720,0.629619,0.544719
17721,0.661477,0.587515
17722,0.619703,0.611222
17723,0.566946,0.558824
17724,0.520824,0.513181
17725,0.481308,0.474181
17726,0.522678,0.436551
17727,0.482885,0.404232
17728,0.524016,0.373578
17729,0.485450,0.418318
17730,0.452787,0.457466
17731,0.425328,0.491179
17732,0.459836,0.463821
17733,0.489486,0.440731
17734,0.465840,0.469233
17735,0.520631,0.524364
17736,0.470951,0.473839
17737,0.429133,0.431270
17738,0.401582,0.469335
17739,0.378636,0.501992
17740,0.431107,0.548747
17741,0.396268,0.501693
17742,0.441337,0.541471
17743,0.411472,0.501439
17744,0.377452,0.542229
17745,0.420312,0.575638
17746,0.457740,0.603514
17747,0.432105,0.564429
17748,0.390782,0.604042
17749,0.428207,0.627214
17750,0.406749,0.588794
17751,0.366841,0.627587
17752,0.403979,0.646831
17753,0.436455,0.662824
17754,0.418101,0.625829
17755,0.373501,0.663082
17756,0.358705,0.626058
17757,0.391826,0.640031
17758,0.420798,0.651725
17759,0.445869,0.661523
17760,0.393990,0.696912
17761,0.351651,0.725278
17762,0.385606,0.732578
17763,0.415384,0.738684
17764,0.402286,0.701945
17765,0.391260,0.668498
17766,0.346025,0.704642
17767,0.377091,0.710166
17768,0.404327,0.714813
17769,0.427957,0.718728
17770,0.448309,0.722030
17771,0.465748,0.724818
17772,0.480640,0.727173
17773,0.545712,0.666055
17774,0.526245,0.630248
17775,0.509633,0.598623
17776,0.447523,0.642496
17777,0.508188,0.584135
17778,0.455349,0.622056
17779,0.432377,0.582493
17780,0.487185,0.530846
17781,0.517160,0.561065
17782,0.563756,0.512282
17783,0.514587,0.551977
17784,0.479500,0.511063
17785,0.512400,0.544225
17786,0.465435,0.583612
17787,0.435897,0.543350
17788,0.470607,0.571256
17789,0.445429,0.536873
17790,0.401300,0.581620
17791,0.364980,0.618656
17792,0.415799,0.569550
17793,0.460497,0.526664
17794,0.424607,0.484508
17795,0.394697,0.448825
17796,0.369871,0.418888
17797,0.410120,0.456459
17798,0.388682,0.430886
17799,0.423372,0.462964
17800,0.380688,0.515869
17801,0.416379,0.543352
17802,0.471622,0.491911
17803,0.428737,0.536875
17804,0.402132,0.500219
17805,0.452709,0.456511
17806,0.496524,0.419853
17807,0.458979,0.389780
17808,0.427412,0.364852
17809,0.391792,0.414698
17810,0.362381,0.458532
17811,0.337643,0.421972
17812,0.314257,0.464847
17813,0.361054,0.508129
17814,0.410174,0.470006
17815,0.453839,0.512532
17816,0.491548,0.548560
17817,0.535590,0.504466
17818,0.498139,0.466457
17819,0.466305,0.434436
17820,0.424011,0.481566
17821,0.462081,0.518939
17822,0.509904,0.475748
17823,0.467751,0.516100
17824,0.432257,0.550255
17825,0.476367,0.587771
17826,0.514180,0.618894
17827,0.471375,0.646010
17828,0.509928,0.670871
17829,0.467772,0.692389
17830,0.508439,0.646870
17831,0.472595,0.665882
17832,0.517070,0.693070
17833,0.479920,0.708100
17834,0.514511,0.666486
17835,0.557665,0.695842
17836,0.586460,0.655324
17837,0.621739,0.686807
17838,0.650761,0.712291
17839,0.673135,0.670323
17840,0.629256,0.683641
17841,0.577870,0.627693
17842,0.606183,0.587823
17843,0.557486,0.535933
17844,0.589206,0.500432
17845,0.542632,0.455713
17846,0.501645,0.492486
17847,0.466767,0.523824
17848,0.437361,0.550324
17849,0.486798,0.594130
17850,0.521462,0.558058
17851,0.475972,0.505976
17852,0.512258,0.474595
17853,0.468164,0.430532
17854,0.505602,0.404572
17855,0.537392,0.382912
17856,0.489544,0.347854
17857,0.531800,0.399961
17858,0.565728,0.373742
17859,0.527040,0.414648
17860,0.568446,0.465364
17861,0.529384,0.501734
17862,0.558280,0.470546
17863,0.598693,0.518964
17864,0.632041,0.559877
17865,0.589234,0.590132
17866,0.551725,0.615332
17867,0.593261,0.647903
17868,0.544010,0.598523
17869,0.579530,0.626764
17870,0.610645,0.579214
17871,0.636412,0.537568
17872,0.587383,0.492904
17873,0.543850,0.529843
17874,0.580577,0.568534
17875,0.537299,0.525375
17876,0.568656,0.558356
17877,0.521046,0.595403
17878,0.483734,0.553649
17879,0.452146,0.517529
17880,0.412092,0.561353
17881,0.459289,0.514901
17882,0.425581,0.477429
17883,0.465375,0.512667
17884,0.436613,0.480811
17885,0.397016,0.528682
17886,0.436234,0.558413
17887,0.396702,0.598117
17888,0.364108,0.630903
17889,0.411845,0.583700
17890,0.456624,0.615287
17891,0.495275,0.641402
17892,0.528192,0.662966
17893,0.555990,0.680781
17894,0.523970,0.639930
17895,0.496586,0.603507
17896,0.445606,0.642995
17897,0.422723,0.606215
17898,0.453714,0.622490
17899,0.508783,0.564273
17900,0.460626,0.604705
17901,0.494541,0.627088
17902,0.466513,0.589365
17903,0.517589,0.535386
17904,0.560758,0.488791
17905,0.588999,0.524112
17906,0.624244,0.479184
17907,0.582541,0.445726
17908,0.618923,0.408344
17909,0.570338,0.453817
17910,0.601623,0.421848
17911,0.559897,0.460713
17912,0.597481,0.508021
17913,0.556281,0.541442
17914,0.583154,0.506818
17915,0.532190,0.460390
17916,0.496344,0.495772
17917,0.465889,0.525894
17918,0.440192,0.551359
17919,0.418594,0.572800
17920,0.400474,0.590815
17921,0.458300,0.633971
17922,0.508415,0.669064
17923,0.550921,0.697499
17924,0.586498,0.720543
17925,0.543107,0.733040
17926,0.573729,0.691061
17927,0.609909,0.717242
17928,0.562797,0.664703
17929,0.521804,0.616519
17930,0.561391,0.569957
17931,0.594456,0.529346
17932,0.549261,0.484860
17933,0.584351,0.450139
17934,0.613534,0.420989
17935,0.637723,0.396630
17936,0.657754,0.376315
17937,0.605380,0.341504
17938,0.563482,0.381008
17939,0.589946,0.363985
17940,0.538901,0.329051
17941,0.502296,0.367328
17942,0.471146,0.401257
17943,0.427467,0.359328
17944,0.401742,0.394215
17945,0.366244,0.353595
17946,0.416179,0.409705
17947,0.458568,0.386319
17948,0.420774,0.351966
17949,0.391456,0.392727
17950,0.367129,0.428615
17951,0.346965,0.459738
17952,0.330244,0.486452
17953,0.316359,0.509225
17954,0.371799,0.563142
17955,0.341870,0.507842
17956,0.321730,0.535490
17957,0.372136,0.580948
17958,0.417278,0.545737
17959,0.383855,0.494416
17960,0.358044,0.525662
17961,0.400776,0.495254
17962,0.366363,0.447031
17963,0.415348,0.495966
17964,0.458676,0.462798
17965,0.496030,0.434851
17966,0.464853,0.468362
17967,0.438557,0.497085
17968,0.470111,0.473098
17969,0.422755,0.423137
17970,0.400894,0.454680
17971,0.382613,0.481791
17972,0.439376,0.536308
17973,0.473350,0.507772
17974,0.523198,0.558198
17975,0.565248,0.600176
17976,0.526643,0.622171
17977,0.555548,0.585470
17978,0.596444,0.625929
17979,0.620023,0.588770
17980,0.652959,0.628634
17981,0.671770,0.591149
17982,0.697888,0.630584
17983,0.647660,0.577718
17984,0.601488,0.604750
17985,0.554151,0.554878
17986,0.513090,0.511557
17987,0.552815,0.471864
17988,0.586078,0.438384
17989,0.613760,0.410348
17990,0.573369,0.447552
17991,0.597167,0.423567
17992,0.544141,0.382493
17993,0.582884,0.434890
17994,0.542045,0.473242
17995,0.496107,0.431543
17996,0.531932,0.403461
17997,0.562140,0.380072
17998,0.513375,0.346966
17999,0.478108,0.388388
18000,0.448288,0.424940
18001,0.497609,0.478519
18002,0.539607,0.524502
18003,0.574892,0.563295
18004,0.604309,0.595689
18005,0.563791,0.553881
18006,0.602216,0.507350
18007,0.633933,0.467667
18008,0.657573,0.508851
18009,0.614616,0.472506
18010,0.647685,0.432931
18011,0.605797,0.402857
18012,0.626574,0.442896
18013,0.643877,0.477544
18014,0.608239,0.451403
18015,0.550675,0.503911
18016,0.518473,0.473698
18017,0.543115,0.503324
18018,0.515704,0.477637
18019,0.492325,0.455891
18020,0.438664,0.512204
18021,0.394105,0.559884
18022,0.428968,0.584556
18023,0.459180,0.605203
18024,0.411060,0.643429
18025,0.391956,0.605611
18026,0.353053,0.643761
18027,0.321428,0.674834
18028,0.361803,0.690609
18029,0.328532,0.715167
18030,0.368182,0.727609
18031,0.423699,0.675934
18032,0.398899,0.630682
18033,0.450875,0.580512
18034,0.495962,0.536472
18035,0.458207,0.568601
18036,0.426471,0.595474
18037,0.391162,0.545019
18038,0.437374,0.581430
18039,0.477562,0.611712
18040,0.521474,0.565006
18041,0.555683,0.598073
18042,0.584364,0.625507
18043,0.534996,0.654262
18044,0.497402,0.609196
18045,0.529760,0.632313
18046,0.497792,0.593233
18047,0.470623,0.559038
18048,0.447659,0.529512
18049,0.401313,0.578587
18050,0.363228,0.619150
18051,0.401659,0.638631
18052,0.363511,0.671075
18053,0.401909,0.686545
18054,0.456080,0.632819
18055,0.490529,0.654889
18056,0.445126,0.681936
18057,0.481134,0.699414
18058,0.511910,0.713831
18059,0.558684,0.662216
18060,0.523925,0.617029
18061,0.475133,0.647977
18062,0.445568,0.604292
18063,0.478858,0.626829
18064,0.453682,0.589010
18065,0.482027,0.608459
18066,0.506218,0.624727
18067,0.526762,0.638338
18068,0.544156,0.649736
18069,0.558859,0.659293
18070,0.610764,0.597743
18071,0.622706,0.615764
18072,0.594583,0.583379
18073,0.604893,0.598895
18074,0.613584,0.611932
18075,0.659712,0.550287
18076,0.597014,0.595590
18077,0.565302,0.560853
18078,0.611097,0.507263
18079,0.648570,0.461531
18080,0.610513,0.431606
18081,0.554988,0.480445
18082,0.594367,0.441764
18083,0.546793,0.483376
18084,0.580480,0.450437
18085,0.539806,0.485868
18086,0.568573,0.457833
18087,0.607217,0.508819
18088,0.567408,0.538993
18089,0.532851,0.564427
18090,0.503214,0.585788
18091,0.527934,0.554847
18092,0.502732,0.573120
18093,0.556048,0.619455
18094,0.502322,0.562276
18095,0.472869,0.586398
18096,0.501974,0.553011
18097,0.526710,0.524238
18098,0.472810,0.470264
18099,0.522710,0.520607
18100,0.476882,0.474716
18101,0.519307,0.517518
18102,0.480346,0.478504
18103,0.447398,0.445528
18104,0.483292,0.481725
18105,0.530086,0.437983
18106,0.569481,0.401520
18107,0.599268,0.443627
18108,0.559165,0.415988
18109,0.524437,0.392896
18110,0.550355,0.428401
18111,0.497686,0.482536
18112,0.467991,0.454089
18113,0.498033,0.485154
18114,0.523589,0.511660
18115,0.572807,0.459288
18116,0.540503,0.435278
18117,0.512764,0.415101
18118,0.563766,0.372549
18119,0.532714,0.356296
18120,0.506109,0.342734
18121,0.558191,0.309436
18122,0.505193,0.365061
18123,0.534863,0.405562
18124,0.504414,0.384511
18125,0.478498,0.366949
18126,0.456554,0.352291
18127,0.407780,0.410212
18128,0.439734,0.445805
18129,0.467304,0.476517
18130,0.490904,0.502772
18131,0.511000,0.525082
18132,0.566865,0.469125
18133,0.540008,0.446543
18134,0.590971,0.400085
18135,0.560810,0.381674
18136,0.503196,0.438269
18137,0.551760,0.398892
18138,0.518374,0.374968
18139,0.489855,0.355097
18140,0.465659,0.338588
18141,0.445213,0.324856
18142,0.470797,0.361432
18143,0.418406,0.420234
18144,0.401456,0.398535
18145,0.358950,0.453170
18146,0.324456,0.500569
18147,0.379202,0.460162
18148,0.349017,0.500484
18149,0.327614,0.459916
18150,0.377474,0.425960
18151,0.422835,0.471188
18152,0.389271,0.511598
18153,0.361531,0.545848
18154,0.338648,0.574635
18155,0.313584,0.525014
18156,0.361485,0.563572
18157,0.334789,0.595107
18158,0.380687,0.626521
18159,0.350542,0.651888
18160,0.394800,0.676935
18161,0.362132,0.697041
18162,0.405109,0.716824
18163,0.381968,0.670017
18164,0.348284,0.694413
18165,0.389321,0.711365
18166,0.425507,0.725325
18167,0.479351,0.674737
18168,0.525550,0.628211
18169,0.557187,0.657051
18170,0.521723,0.609656
18171,0.473847,0.639271
18172,0.443716,0.593773
18173,0.418417,0.553757
18174,0.379380,0.593076
18175,0.418082,0.618570
18176,0.470446,0.568136
18177,0.430195,0.601318
18178,0.474871,0.558016
18179,0.440558,0.586452
18180,0.478635,0.549375
18181,0.436560,0.499230
18182,0.407893,0.531427
18183,0.384000,0.558601
18184,0.364119,0.581433
18185,0.331433,0.526938
18186,0.383693,0.569389
18187,0.426424,0.531244
18188,0.474318,0.572988
18189,0.515439,0.607694
18190,0.478165,0.562163
18191,0.438441,0.596382
18192,0.407506,0.552261
18193,0.375107,0.588145
18194,0.421128,0.544467
18195,0.466597,0.581047
18196,0.431157,0.611017
18197,0.398015,0.564004
18198,0.369221,0.596858
18199,0.416026,0.626870
18200,0.384113,0.653290
18201,0.428434,0.608495
18202,0.474695,0.640453
18203,0.439053,0.592629
18204,0.409229,0.550509
18205,0.375602,0.588175
18206,0.422607,0.542973
18207,0.463732,0.503956
18208,0.499102,0.470735
18209,0.469157,0.503362
18210,0.424811,0.456237
18211,0.400112,0.490974
18212,0.435955,0.462775
18213,0.393577,0.418072
18214,0.445479,0.468343
18215,0.483143,0.436965
18216,0.440612,0.399445
18217,0.485670,0.446341
18218,0.449454,0.414204
18219,0.413689,0.460560
18220,0.456995,0.426873
18221,0.420042,0.393082
18222,0.462513,0.365765
18223,0.499071,0.343198
18224,0.468120,0.385122
18225,0.424786,0.351185
18226,0.388814,0.323461
18227,0.364083,0.367403
18228,0.343607,0.406605
18229,0.326645,0.440910
18230,0.380337,0.494671
18231,0.428462,0.540514
18232,0.470500,0.578978
18233,0.513769,0.537759
18234,0.550412,0.502289
18235,0.585848,0.546940
18236,0.615854,0.510148
18237,0.640692,0.478772
18238,0.661233,0.452225
18239,0.609606,0.408005
18240,0.563650,0.371528
18241,0.519692,0.411904
18242,0.554184,0.390118
18243,0.508888,0.353729
18244,0.545084,0.336307
18245,0.575495,0.321838
18246,0.527289,0.293628
18247,0.489667,0.333935
18248,0.448403,0.303399
18249,0.416991,0.342814
18250,0.383184,0.310571
18251,0.357813,0.349299
18252,0.336851,0.383885
18253,0.310638,0.343797
18254,0.359910,0.400801
18255,0.404301,0.451532
18256,0.443338,0.495504
18257,0.477098,0.532962
18258,0.505973,0.564528
18259,0.530493,0.590964
18260,0.579400,0.539936
18261,0.619816,0.495850
18262,0.582236,0.459110
18263,0.549505,0.428211
18264,0.521331,0.402371
18265,0.467264,0.453615
18266,0.496210,0.490936
18267,0.446064,0.535400
18268,0.478065,0.566892
18269,0.430864,0.603618
18270,0.391675,0.633958
18271,0.441130,0.588430
18272,0.481450,0.621162
18273,0.449896,0.575385
18274,0.484230,0.603558
18275,0.438856,0.636054
18276,0.486595,0.588378
18277,0.447955,0.616457
18278,0.488605,0.575341
18279,0.455717,0.599494
18280,0.428053,0.619655
18281,0.462332,0.584883
18282,0.417526,0.528686
18283,0.453231,0.497856
18284,0.409966,0.449582
18285,0.387109,0.483237
18286,0.368060,0.511977
18287,0.423248,0.560449
18288,0.398186,0.584368
18289,0.362845,0.530913
18290,0.403586,0.497405
18291,0.382587,0.526285
18292,0.436984,0.572284
18293,0.399681,0.522348
18294,0.373928,0.554282
18295,0.352580,0.581088
18296,0.334883,0.603509
18297,0.388676,0.640643
18298,0.364804,0.658607
18299,0.345017,0.673529
18300,0.397837,0.702353
18301,0.444742,0.725661
18302,0.485436,0.744555
18303,0.527809,0.701045
18304,0.488885,0.647784
18305,0.523645,0.673584
18306,0.490552,0.626660
18307,0.445332,0.655289
18308,0.407566,0.678777
18309,0.453481,0.633210
18310,0.493173,0.592472
18311,0.535285,0.629050
18312,0.496190,0.649778
18313,0.537836,0.678944
18314,0.571272,0.636488
18315,0.532177,0.653981
18316,0.573086,0.684846
18317,0.607111,0.709868
18318,0.562247,0.659196
18319,0.591437,0.681469
18320,0.552986,0.636627
18321,0.577964,0.656211
18322,0.598892,0.672452
18323,0.638130,0.618035
18324,0.654917,0.640801
18325,0.618260,0.600856
18326,0.632885,0.620582
18327,0.645128,0.637043
18328,0.655387,0.650790
18329,0.624346,0.617316
18330,0.597121,0.587946
18331,0.644766,0.526586
18332,0.683163,0.473715
18333,0.713971,0.429188
18334,0.676818,0.403850
18335,0.617166,0.455594
18336,0.581348,0.425939
18337,0.526452,0.474838
18338,0.569316,0.436920
18339,0.531520,0.404771
18340,0.484306,0.450715
18341,0.526802,0.418781
18342,0.487977,0.385063
18343,0.447992,0.428641
18344,0.489780,0.401818
18345,0.525436,0.379465
18346,0.555555,0.360855
18347,0.506563,0.327823
18348,0.464783,0.301013
18349,0.431022,0.343384
18350,0.470052,0.328250
18351,0.515987,0.383720
18352,0.480082,0.423434
18353,0.438900,0.385005
18354,0.404523,0.353412
18355,0.375479,0.396652
18356,0.422482,0.446835
18357,0.390352,0.485874
18358,0.362229,0.444451
18359,0.336494,0.483824
18360,0.315351,0.517470
18361,0.364231,0.560941
18362,0.408155,0.597196
18363,0.383791,0.551872
18364,0.363525,0.512624
18365,0.346669,0.479122
18366,0.315165,0.525598
18367,0.289648,0.564788
18368,0.340814,0.521764
18369,0.318097,0.555156
18370,0.299440,0.583165
18371,0.284086,0.606564
18372,0.271416,0.626081
18373,0.260929,0.642357
18374,0.312859,0.676586
18375,0.295134,0.689496
18376,0.275126,0.633778
18377,0.323006,0.663315
18378,0.300371,0.682696
18379,0.347739,0.640235
18380,0.327678,0.657295
18381,0.378726,0.687816
18382,0.424391,0.712548
18383,0.464282,0.732624
18384,0.510234,0.688504
18385,0.544470,0.713107
18386,0.582927,0.670467
18387,0.541848,0.616317
18388,0.570669,0.646514
18389,0.608882,0.602068
18390,0.632253,0.634803
18391,0.580854,0.657456
18392,0.613159,0.615371
18393,0.639868,0.578159
18394,0.596648,0.598557
18395,0.619770,0.566587
18396,0.639009,0.538958
18397,0.671568,0.589313
18398,0.686844,0.558570
18399,0.647483,0.576143
18400,0.612348,0.590931
18401,0.553987,0.529851
18402,0.522139,0.551941
18403,0.494915,0.570562
18404,0.444065,0.512104
18405,0.495677,0.560089
18406,0.527229,0.526389
18407,0.570846,0.572037
18408,0.596925,0.536685
18409,0.618676,0.506328
18410,0.636800,0.480479
18411,0.670697,0.533439
18412,0.685093,0.503556
18413,0.630258,0.453600
18414,0.651573,0.428516
18415,0.599818,0.387409
18416,0.553948,0.353663
18417,0.588260,0.334148
18418,0.616779,0.317992
18419,0.575240,0.357539
18420,0.612188,0.413731
18421,0.571210,0.450623
18422,0.608859,0.500930
18423,0.560643,0.457992
18424,0.592627,0.426331
18425,0.551617,0.464270
18426,0.504652,0.422494
18427,0.543918,0.469615
18428,0.503955,0.433972
18429,0.469926,0.404189
18430,0.428848,0.452132
18431,0.394664,0.493631
18432,0.367357,0.454159
18433,0.339934,0.495369
18434,0.318205,0.455624
18435,0.296494,0.496625
18436,0.278732,0.531533
18437,0.264158,0.560977
18438,0.312788,0.600453
18439,0.361053,0.561006
18440,0.408771,0.600477
18441,0.450769,0.633051
18442,0.487053,0.659828
18443,0.532970,0.613522
18444,0.563645,0.643782
18445,0.589351,0.668639
18446,0.626580,0.621455
18447,0.657106,0.579413
18448,0.682079,0.542721
18449,0.634799,0.567660
18450,0.656749,0.536338
18451,0.605975,0.482872
18452,0.562549,0.512357
18453,0.516459,0.462500
18454,0.478460,0.494989
18455,0.521118,0.542959
18456,0.481688,0.495741
18457,0.523130,0.461681
18458,0.483399,0.422021
18459,0.444899,0.462260
18460,0.412668,0.496875
18461,0.385838,0.526334
18462,0.435375,0.571843
18463,0.478564,0.609622
18464,0.444984,0.561184
18465,0.407834,0.592950
18466,0.380408,0.546578
18467,0.429113,0.504937
18468,0.397799,0.539623
18469,0.367571,0.494260
18470,0.413029,0.458844
18471,0.386689,0.495121
18472,0.364802,0.526012
18473,0.403220,0.495853
18474,0.384287,0.522116
18475,0.368462,0.544350
18476,0.401148,0.518802
18477,0.387461,0.537725
18478,0.448504,0.589998
18479,0.427239,0.605517
18480,0.456185,0.576730
18481,0.481033,0.551836
18482,0.537591,0.603964
18483,0.483876,0.544104
18484,0.438461,0.492129
18485,0.486293,0.537516
18486,0.452356,0.567888
18487,0.414204,0.519414
18488,0.386397,0.552675
18489,0.426873,0.516504
18490,0.462088,0.485608
18491,0.437718,0.514030
18492,0.394329,0.463266
18493,0.358688,0.420667
18494,0.398867,0.395292
18495,0.378975,0.432408
18496,0.343292,0.391287
18497,0.314276,0.357484
18498,0.356173,0.337240
18499,0.393636,0.320485
18500,0.449371,0.373770
18501,0.483195,0.350707
18502,0.456925,0.392059
18503,0.434776,0.428496
18504,0.416149,0.460106
18505,0.444472,0.439106
18506,0.395369,0.392712
18507,0.379993,0.425950
18508,0.367109,0.454752
18509,0.427650,0.511589
18510,0.480952,0.559724
18511,0.526651,0.599809
18512,0.565177,0.632882
18513,0.522659,0.585154
18514,0.560927,0.540637
18515,0.518995,0.498093
18516,0.551859,0.534563
18517,0.590157,0.490666
18518,0.617029,0.528274
18519,0.576866,0.492066
18520,0.541887,0.461339
18521,0.490859,0.510078
18522,0.535627,0.467120
18523,0.498792,0.433955
18524,0.467477,0.406211
18525,0.498973,0.443771
18526,0.525761,0.476228
18527,0.473598,0.526976
18528,0.504194,0.554560
18529,0.477552,0.522936
18530,0.503565,0.546427
18531,0.555675,0.491631
18532,0.525375,0.464636
18533,0.499464,0.441847
18534,0.446790,0.497037
18535,0.476660,0.525324
18536,0.502189,0.549247
18537,0.523886,0.569409
18538,0.542261,0.586370
18539,0.520307,0.559103
18540,0.535945,0.573619
18541,0.549183,0.585859
18542,0.560382,0.596181
18543,0.495313,0.644475
18544,0.440043,0.683373
18545,0.394152,0.714557
18546,0.427891,0.721903
18547,0.457119,0.728054
18548,0.408249,0.752284
18549,0.440144,0.757139
18550,0.496118,0.702525
18551,0.543829,0.650968
18552,0.496701,0.674903
18553,0.531504,0.696313
18554,0.571698,0.648911
18555,0.605155,0.606122
18556,0.561060,0.627643
18557,0.515731,0.574328
18558,0.551764,0.535888
18559,0.581986,0.502857
18560,0.616952,0.549564
18561,0.641364,0.514564
18562,0.661559,0.484687
18563,0.678278,0.459369
18564,0.638697,0.486983
18565,0.582729,0.435880
18566,0.618752,0.488934
18567,0.648393,0.534275
18568,0.601476,0.490594
18569,0.632116,0.454307
18570,0.657358,0.423826
18571,0.609507,0.387985
18572,0.567065,0.358430
18573,0.593500,0.404338
18574,0.629344,0.372415
18575,0.588485,0.347668
18576,0.610637,0.390886
18577,0.629118,0.429050
18578,0.573246,0.480747
18579,0.537223,0.450246
18580,0.580571,0.409630
18581,0.616490,0.376029
18582,0.574883,0.351907
18583,0.611794,0.325091
18584,0.570761,0.305961
18585,0.521644,0.355632
18586,0.560259,0.332653
18587,0.518400,0.376315
18588,0.476487,0.344596
18589,0.515817,0.325318
18590,0.554779,0.376833
18591,0.513446,0.349777
18592,0.471780,0.396641
18593,0.436772,0.366092
18594,0.402261,0.411171
18595,0.446070,0.458430
18596,0.484006,0.499232
18597,0.441688,0.539501
18598,0.406347,0.573349
18599,0.450372,0.533595
18600,0.414295,0.487803
18601,0.384784,0.523813
18602,0.355648,0.479469
18603,0.401577,0.520245
18604,0.369863,0.557286
18605,0.343750,0.588294
18606,0.390937,0.621432
18607,0.437914,0.577749
18608,0.478775,0.539608
18609,0.439061,0.491628
18610,0.479763,0.458831
18611,0.439890,0.418614
18612,0.480477,0.391671
18613,0.440490,0.359118
18614,0.480994,0.337546
18615,0.524157,0.388162
18616,0.485892,0.432143
18617,0.445763,0.396883
18618,0.413872,0.439788
18619,0.387310,0.477005
18620,0.426588,0.448751
18621,0.387612,0.406552
18622,0.426852,0.383466
18623,0.477825,0.436103
18624,0.437701,0.400440
18625,0.407226,0.443177
18626,0.381863,0.480204
18627,0.360794,0.511865
18628,0.343293,0.538713
18629,0.312999,0.486678
18630,0.288436,0.442630
18631,0.331298,0.414521
18632,0.370109,0.391051
18633,0.355037,0.427145
18634,0.342446,0.458463
18635,0.401424,0.512626
18636,0.364810,0.464671
18637,0.415906,0.510733
18638,0.387721,0.544799
18639,0.436199,0.583340
18640,0.477923,0.542347
18641,0.520461,0.581296
18642,0.555987,0.540573
18643,0.517394,0.569272
18644,0.547644,0.534508
18645,0.498619,0.484267
18646,0.531781,0.454505
18647,0.498826,0.486626
18648,0.470811,0.514026
18649,0.499002,0.488631
18650,0.549993,0.541940
18651,0.499152,0.490336
18652,0.542534,0.535672
18653,0.499279,0.491785
18654,0.461319,0.529395
18655,0.429384,0.561119
18656,0.393701,0.513621
18657,0.436081,0.477228
18658,0.483253,0.521249
18659,0.523619,0.558436
18660,0.557710,0.589554
18661,0.520081,0.549734
18662,0.562566,0.501951
18663,0.517071,0.542313
18664,0.552933,0.576063
18665,0.583003,0.604216
18666,0.608095,0.627623
18667,0.642182,0.575946
18668,0.600741,0.535870
18669,0.564317,0.501416
18670,0.585955,0.530504
18671,0.627123,0.480309
18672,0.573264,0.525937
18673,0.608714,0.483260
18674,0.566266,0.447263
18675,0.518897,0.491308
18676,0.478330,0.528880
18677,0.516065,0.492612
18678,0.481578,0.524555
18679,0.452388,0.551560
18680,0.410315,0.499838
18681,0.459496,0.543870
18682,0.427484,0.574308
18683,0.392214,0.526087
18684,0.434866,0.488635
18685,0.407982,0.522179
18686,0.372216,0.475739
18687,0.413245,0.444099
18688,0.463984,0.491788
18689,0.426051,0.452429
18690,0.395879,0.493708
18691,0.370832,0.528885
18692,0.420985,0.569205
18693,0.464982,0.602790
18694,0.507269,0.558438
18695,0.543155,0.519962
18696,0.573325,0.487051
18697,0.524842,0.442236
18698,0.483224,0.404840
18699,0.448007,0.373883
18700,0.418464,0.348346
18701,0.455762,0.392156
18702,0.505070,0.359299
18703,0.537230,0.401905
18704,0.489695,0.452235
18705,0.449402,0.495840
18706,0.415648,0.532981
18707,0.387553,0.564281
18708,0.356734,0.516502
18709,0.403966,0.554723
18710,0.449886,0.512610
18711,0.415452,0.471732
18712,0.386806,0.437259
18713,0.363049,0.408414
18714,0.333667,0.457347
18715,0.377138,0.496263
18716,0.357117,0.463721
18717,0.340480,0.436290
18718,0.310087,0.487387
18719,0.296925,0.456222
18720,0.336316,0.489278
18721,0.304732,0.537622
18722,0.343394,0.565506
18723,0.401040,0.514843
18724,0.379629,0.481011
18725,0.361787,0.452378
18726,0.327954,0.502780
18727,0.367067,0.534344
18728,0.423155,0.486277
18729,0.459316,0.520357
18730,0.509159,0.474371
18731,0.476620,0.442568
18732,0.433188,0.490084
18733,0.397034,0.530649
18734,0.443115,0.491571
18735,0.412131,0.526061
18736,0.459390,0.567422
18737,0.425730,0.595966
18738,0.465460,0.557405
18739,0.436741,0.581853
18740,0.470628,0.548854
18741,0.520928,0.594320
18742,0.549839,0.559663
18743,0.591748,0.603254
18744,0.553963,0.623357
18745,0.595168,0.658403
18746,0.556938,0.674421
18747,0.581167,0.635933
18748,0.621150,0.671028
18749,0.653910,0.699445
18750,0.680666,0.722461
18751,0.632006,0.672157
18752,0.655501,0.692790
18753,0.612945,0.648001
18754,0.646490,0.596576
18755,0.596463,0.626849
18756,0.552256,0.651833
18757,0.582279,0.608477
18758,0.544463,0.630192
18759,0.570114,0.592613
18760,0.537821,0.611372
18761,0.584298,0.649891
18762,0.532165,0.595108
18763,0.571843,0.628498
18764,0.604878,0.655958
18765,0.632236,0.678516
18766,0.589514,0.633796
18767,0.552079,0.593843
18768,0.519770,0.558854
18769,0.469466,0.602204
18770,0.516807,0.550090
18771,0.482099,0.513111
18772,0.527549,0.467765
18773,0.565855,0.429606
18774,0.523423,0.472590
18775,0.556067,0.440055
18776,0.583450,0.412788
18777,0.606334,0.390018
18778,0.571117,0.425659
18779,0.516778,0.383651
18780,0.485866,0.420091
18781,0.439564,0.379075
18782,0.413851,0.416080
18783,0.448560,0.396648
18784,0.501035,0.453154
18785,0.531080,0.427724
18786,0.500880,0.460149
18787,0.451604,0.413854
18788,0.410416,0.375635
18789,0.385786,0.414796
18790,0.365295,0.448973
18791,0.348250,0.478421
18792,0.334059,0.503579
18793,0.303068,0.450140
18794,0.291853,0.479421
18795,0.267406,0.429895
18796,0.247679,0.388836
18797,0.289307,0.368202
18798,0.265355,0.335285
18799,0.317791,0.387236
18800,0.366394,0.433563
18801,0.339858,0.477489
18802,0.318059,0.515130
18803,0.362544,0.480862
18804,0.413794,0.526688
18805,0.458925,0.565320
18806,0.426522,0.522691
18807,0.465065,0.555610
18808,0.512086,0.509004
18809,0.545133,0.544080
18810,0.498450,0.581910
18811,0.463533,0.540258
18812,0.508733,0.495256
18813,0.547070,0.457037
18814,0.507423,0.495968
18815,0.540042,0.463456
18816,0.506310,0.496573
18817,0.477580,0.524757
18818,0.505363,0.497087
18819,0.480939,0.521048
18820,0.535104,0.572019
18821,0.580551,0.614216
18822,0.603376,0.577812
18823,0.549806,0.523809
18824,0.503294,0.477414
18825,0.467522,0.512931
18826,0.428297,0.468182
18827,0.398773,0.505063
18828,0.366914,0.461525
18829,0.343216,0.499376
18830,0.386118,0.467278
18831,0.437419,0.514904
18832,0.482149,0.555207
18833,0.445652,0.586784
18834,0.484825,0.546979
18835,0.528590,0.586761
18836,0.565474,0.619727
18837,0.598042,0.575792
18838,0.552588,0.528751
18839,0.583635,0.564561
18840,0.544745,0.524446
18841,0.585391,0.480195
18842,0.546269,0.446007
18843,0.572780,0.483163
18844,0.539360,0.454056
18845,0.510659,0.429552
18846,0.458620,0.482968
18847,0.489212,0.514714
18848,0.515287,0.541615
18849,0.462532,0.586628
18850,0.418295,0.623812
18851,0.381672,0.654328
18852,0.430378,0.605848
18853,0.398891,0.632370
18854,0.440714,0.590349
18855,0.487859,0.625971
18856,0.453302,0.648077
18857,0.498678,0.676498
18858,0.535132,0.633156
18859,0.573343,0.664325
18860,0.605166,0.689750
18861,0.631542,0.710502
18862,0.653366,0.727478
18863,0.680922,0.679897
18864,0.703398,0.636226
18865,0.657737,0.584265
18866,0.684486,0.543680
18867,0.706308,0.508699
18868,0.660408,0.462295
18869,0.618827,0.423327
18870,0.582029,0.390920
18871,0.622616,0.362909
18872,0.585353,0.336947
18873,0.552875,0.315620
18874,0.572748,0.359994
18875,0.544990,0.341216
18876,0.521168,0.325635
18877,0.463411,0.380461
18878,0.415019,0.429657
18879,0.395411,0.399018
18880,0.379002,0.373572
18881,0.437189,0.343412
18882,0.488115,0.318723
18883,0.446533,0.365654
18884,0.415709,0.337719
18885,0.390007,0.314824
18886,0.440750,0.294744
18887,0.484922,0.278276
18888,0.449572,0.322657
18889,0.413072,0.296951
18890,0.455660,0.282854
18891,0.425903,0.324629
18892,0.389087,0.296404
18893,0.364983,0.337022
18894,0.335485,0.306425
18895,0.384444,0.360060
18896,0.430219,0.338590
18897,0.401284,0.380168
18898,0.377210,0.416976
18899,0.357208,0.449025
18900,0.410794,0.503770
18901,0.458127,0.550283
18902,0.424578,0.577573
18903,0.470107,0.615749
18904,0.434611,0.637815
18905,0.478785,0.668368
18906,0.516624,0.693278
18907,0.473833,0.710063
18908,0.514132,0.666671
18909,0.477753,0.681644
18910,0.447000,0.694083
18911,0.481086,0.656365
18912,0.454903,0.667386
18913,0.507426,0.700581
18914,0.551988,0.727245
18915,0.580604,0.688201
18916,0.604515,0.652739
18917,0.568679,0.662167
18918,0.515162,0.600740
18919,0.544194,0.567589
18920,0.568645,0.538914
18921,0.589173,0.514328
18922,0.558451,0.533095
18923,0.576023,0.512180
18924,0.622376,0.568923
18925,0.636567,0.542865
18926,0.673641,0.594389
18927,0.637440,0.609711
18928,0.674345,0.651313
18929,0.685600,0.616975
18930,0.627988,0.557518
18931,0.575900,0.505576
18932,0.603718,0.474131
18933,0.626854,0.447553
18934,0.588516,0.478006
18935,0.608481,0.455374
18936,0.625173,0.436278
18937,0.662575,0.494503
18938,0.675864,0.469328
18939,0.619131,0.420995
18940,0.568134,0.381034
18941,0.597332,0.361032
18942,0.558014,0.398339
18943,0.523990,0.431026
18944,0.494882,0.459303
18945,0.470159,0.483553
18946,0.524061,0.540243
18947,0.569489,0.587681
18948,0.607234,0.626795
18949,0.559172,0.574743
18950,0.591542,0.608430
18951,0.622960,0.564460
18952,0.649033,0.599904
18953,0.670524,0.629245
18954,0.688250,0.653465
18955,0.711765,0.604400
18956,0.668008,0.559506
18957,0.695322,0.515060
18958,0.644353,0.550647
18959,0.668488,0.512802
18960,0.688334,0.480501
18961,0.638689,0.436233
18962,0.592302,0.472995
18963,0.551499,0.504490
18964,0.578707,0.477039
18965,0.527870,0.429294
18966,0.492462,0.462909
18967,0.537271,0.514490
18968,0.493593,0.468457
18969,0.531697,0.512317
18970,0.563814,0.549477
18971,0.590710,0.580650
18972,0.626717,0.533275
18973,0.656272,0.492493
18974,0.608362,0.528295
18975,0.634070,0.493619
18976,0.584824,0.449252
18977,0.614570,0.420262
18978,0.567566,0.383873
18979,0.600245,0.360443
18980,0.554992,0.331332
18981,0.511377,0.374822
18982,0.474140,0.413481
18983,0.517438,0.466339
18984,0.554061,0.511919
18985,0.514824,0.471376
18986,0.556063,0.435494
18987,0.516544,0.401930
18988,0.547709,0.445085
18989,0.573918,0.482457
18990,0.540587,0.453270
18991,0.511955,0.428704
18992,0.534520,0.460247
18993,0.553593,0.487323
18994,0.602898,0.435760
18995,0.571888,0.415054
18996,0.587811,0.445312
18997,0.561222,0.427601
18998,0.538336,0.412689
18999,0.592676,0.366352
19000,0.637198,0.328786
19001,0.579028,0.385631
19002,0.544567,0.364719
19003,0.588969,0.332731
19004,0.537909,0.384214
19005,0.493831,0.430168
19006,0.457389,0.396705
19007,0.420438,0.441136
19008,0.389699,0.479689
19009,0.364234,0.512668
19010,0.335973,0.465769
19011,0.383793,0.510768
19012,0.430675,0.474090
19013,0.397985,0.434533
19014,0.440969,0.477971
19015,0.412949,0.444264
19016,0.389560,0.415999
19017,0.370067,0.392393
19018,0.405696,0.428411
19019,0.364898,0.482089
19020,0.331659,0.528092
19021,0.304654,0.566853
19022,0.282702,0.599188
19023,0.264817,0.626020
19024,0.311861,0.584620
19025,0.289826,0.534421
19026,0.337889,0.572119
19027,0.313732,0.602817
19028,0.359798,0.633423
19029,0.339545,0.587741
19030,0.312211,0.620386
19031,0.296187,0.576215
19032,0.282949,0.537657
19033,0.271982,0.504505
19034,0.251543,0.551087
19035,0.293107,0.578183
19036,0.331416,0.600856
19037,0.365860,0.619798
19038,0.327169,0.656487
19039,0.296011,0.686287
19040,0.334053,0.700678
19041,0.301551,0.724201
19042,0.357456,0.673256
19043,0.397969,0.693571
19044,0.361856,0.713921
19045,0.332323,0.730566
19046,0.381728,0.685104
19047,0.425785,0.643408
19048,0.464215,0.606140
19049,0.436788,0.622849
19050,0.487901,0.660707
19051,0.456740,0.674017
19052,0.430508,0.685115
19053,0.463204,0.649638
19054,0.515542,0.686005
19055,0.543556,0.650437
19056,0.567160,0.618809
19057,0.610274,0.661167
19058,0.629421,0.628293
19059,0.664006,0.668818
19060,0.692097,0.701425
19061,0.706618,0.664332
19062,0.718641,0.631100
19063,0.665442,0.569610
19064,0.621771,0.589545
19065,0.642101,0.559275
19066,0.588750,0.501943
19067,0.541644,0.453110
19068,0.575660,0.501651
19069,0.604033,0.542923
19070,0.627619,0.577568
19071,0.588787,0.536509
19072,0.554865,0.501193
19073,0.525612,0.471151
19074,0.471854,0.520545
19075,0.501086,0.550281
19076,0.451115,0.591433
19077,0.483356,0.615747
19078,0.436231,0.648945
19079,0.485851,0.598881
19080,0.528287,0.554592
19081,0.487972,0.584356
19082,0.449245,0.535915
19083,0.491005,0.497395
19084,0.456817,0.530543
19085,0.428061,0.558519
19086,0.390029,0.507764
19087,0.430209,0.474991
19088,0.406100,0.506600
19089,0.440570,0.478737
19090,0.470341,0.455151
19091,0.449418,0.481924
19092,0.474782,0.461850
19093,0.531815,0.519647
19094,0.505391,0.542407
19095,0.452226,0.486937
19096,0.504582,0.536070
19097,0.474233,0.563549
19098,0.523377,0.604166
19099,0.490201,0.626502
19100,0.462058,0.645077
19101,0.438318,0.660532
19102,0.492617,0.691651
19103,0.538960,0.716813
19104,0.577860,0.737194
19105,0.606526,0.693972
19106,0.630337,0.654295
19107,0.650094,0.618766
19108,0.611498,0.632342
19109,0.648545,0.670769
19110,0.595216,0.613236
19111,0.627324,0.646780
19112,0.581208,0.596715
19113,0.613885,0.553341
19114,0.569354,0.508256
19115,0.604064,0.470547
19116,0.632780,0.438740
19117,0.656477,0.412084
19118,0.607206,0.375349
19119,0.563491,0.345197
19120,0.517554,0.389012
19121,0.479272,0.356399
19122,0.521690,0.335425
19123,0.482788,0.309518
19124,0.518440,0.358660
19125,0.473790,0.405640
19126,0.515676,0.378950
19127,0.476327,0.348710
19128,0.438640,0.392738
19129,0.407136,0.431617
19130,0.375268,0.392032
19131,0.349908,0.431000
19132,0.328993,0.464829
19133,0.311729,0.493853
19134,0.353010,0.470091
19135,0.337771,0.494775
19136,0.393998,0.549386
19137,0.432354,0.521091
19138,0.465626,0.496926
19139,0.419859,0.443184
19140,0.381981,0.398479
19141,0.360118,0.433439
19142,0.412292,0.487493
19143,0.380218,0.443330
19144,0.425234,0.489369
19145,0.397635,0.451773
19146,0.436316,0.490963
19147,0.396325,0.533827
19148,0.445787,0.492318
19149,0.488733,0.457096
19150,0.525393,0.427478
19151,0.556356,0.402696
19152,0.582344,0.382010
19153,0.530591,0.346353
19154,0.486032,0.317328
19155,0.451191,0.359531
19156,0.421934,0.397228
19157,0.397481,0.430280
19158,0.361788,0.385838
19159,0.402151,0.368512
19160,0.454508,0.425239
19161,0.499865,0.475121
19162,0.538450,0.517955
19163,0.570906,0.554183
19164,0.606110,0.510363
19165,0.560383,0.546105
19166,0.594521,0.583034
19167,0.622850,0.613722
19168,0.651419,0.567479
19169,0.674885,0.527191
19170,0.694169,0.492644
19171,0.644649,0.448320
19172,0.667462,0.493747
19173,0.691312,0.457619
19174,0.710818,0.427242
19175,0.726810,0.401837
19176,0.678255,0.366062
19177,0.700135,0.345666
19178,0.717866,0.398003
19179,0.669730,0.439689
19180,0.625760,0.475829
19181,0.574668,0.432185
19182,0.529900,0.395871
19183,0.488947,0.437825
19184,0.525423,0.411130
19185,0.481479,0.374609
19186,0.446830,0.415150
19187,0.417767,0.450562
19188,0.466889,0.502173
19189,0.429926,0.457939
19190,0.471844,0.501847
19191,0.507813,0.539173
19192,0.476060,0.501570
19193,0.506642,0.533316
19194,0.479647,0.501335
19195,0.431087,0.548951
19196,0.482697,0.501134
19197,0.526902,0.460439
19198,0.489532,0.426501
19199,0.532696,0.392984
19200,0.491102,0.437400
19201,0.530667,0.482615
19202,0.492436,0.446712
19203,0.451255,0.490827
19204,0.416747,0.528464
19205,0.458530,0.492202
19206,0.494535,0.461430
19207,0.464728,0.493372
19208,0.421022,0.445801
19209,0.457788,0.420058
19210,0.432712,0.453881
19211,0.390821,0.409000
19212,0.442709,0.460768
19213,0.406782,0.422411
19214,0.378564,0.463771
19215,0.355200,0.499346
19216,0.335865,0.529604
19217,0.319849,0.555163
19218,0.373729,0.598873
19219,0.415495,0.562942
19220,0.452002,0.531856
19221,0.502474,0.579546
19222,0.470536,0.600718
19223,0.427615,0.545591
19224,0.391946,0.497781
19225,0.362492,0.457140
19226,0.408258,0.423714
19227,0.448486,0.395829
19228,0.421774,0.435017
19229,0.473052,0.485143
19230,0.517134,0.528028
19231,0.479649,0.562047
19232,0.522745,0.597581
19233,0.557438,0.554638
19234,0.519337,0.583239
19235,0.561441,0.619285
19236,0.590439,0.577954
19237,0.552298,0.601936
19238,0.593274,0.638122
19239,0.544499,0.586983
19240,0.505222,0.614945
19241,0.462992,0.566429
19242,0.429903,0.597863
19243,0.475994,0.628830
19244,0.515528,0.654355
19245,0.479591,0.610192
19246,0.524001,0.560330
19247,0.486796,0.520214
19248,0.445632,0.560586
19249,0.485251,0.591161
19250,0.453737,0.551569
19251,0.501708,0.503363
19252,0.460645,0.543877
19253,0.500590,0.577235
19254,0.459701,0.610536
19255,0.426048,0.566351
19256,0.465725,0.594387
19257,0.437013,0.556490
19258,0.487034,0.506202
19259,0.529797,0.463318
19260,0.491214,0.430721
19261,0.525336,0.468805
19262,0.479392,0.515726
19263,0.440581,0.555425
19264,0.482480,0.513369
19265,0.449428,0.547165
19266,0.421669,0.575566
19267,0.456973,0.540123
19268,0.487339,0.509660
19269,0.538261,0.558427
19270,0.489238,0.508211
19271,0.457687,0.540214
19272,0.416636,0.492578
19273,0.464010,0.534203
19274,0.503473,0.494683
19275,0.544240,0.535984
19276,0.577327,0.496204
19277,0.537631,0.530601
19278,0.503490,0.559624
19279,0.474432,0.583984
19280,0.502966,0.550747
19281,0.527213,0.522122
19282,0.502521,0.543176
19283,0.523137,0.518807
19284,0.502143,0.536725
19285,0.519671,0.515988
19286,0.576223,0.572795
19287,0.590713,0.546901
19288,0.636729,0.598404
19289,0.648369,0.569027
19290,0.587820,0.509748
19291,0.607443,0.484055
19292,0.574862,0.508286
19293,0.619419,0.561135
19294,0.635633,0.531582
19295,0.649178,0.506279
19296,0.590384,0.452029
19297,0.555548,0.480652
19298,0.577061,0.459190
19299,0.595123,0.441062
19300,0.637403,0.500222
19301,0.671770,0.550568
19302,0.685571,0.518674
19303,0.712748,0.566045
19304,0.723636,0.531978
19305,0.670026,0.481477
19306,0.626723,0.513495
19307,0.646126,0.484253
19308,0.662252,0.459475
19309,0.606815,0.412520
19310,0.557359,0.373791
19311,0.517206,0.412399
19312,0.548815,0.392077
19313,0.514627,0.425326
19314,0.541529,0.407864
19315,0.489572,0.364518
19316,0.460464,0.398586
19317,0.416912,0.356961
19318,0.466375,0.413466
19319,0.503714,0.390177
19320,0.460578,0.354983
19321,0.498761,0.336354
19322,0.456396,0.308396
19323,0.420853,0.285679
19324,0.462911,0.334816
19325,0.424682,0.382490
19326,0.466229,0.429593
19327,0.427455,0.473240
19328,0.468628,0.514750
19329,0.429460,0.552043
19330,0.399678,0.509087
19331,0.439930,0.544281
19332,0.414405,0.507724
19333,0.466432,0.462806
19334,0.501521,0.499498
19335,0.456499,0.543219
19336,0.426822,0.505581
19337,0.389770,0.548346
19338,0.359230,0.584167
19339,0.405877,0.541130
19340,0.452171,0.578381
19341,0.494030,0.536108
19342,0.454858,0.492178
19343,0.494926,0.530706
19344,0.529055,0.563188
19345,0.570219,0.516387
19346,0.531006,0.479011
19347,0.497351,0.447409
19348,0.451541,0.495196
19349,0.423357,0.461060
19350,0.399779,0.432317
19351,0.452851,0.393491
19352,0.414492,0.442371
19353,0.459891,0.409081
19354,0.499041,0.381414
19355,0.457495,0.351467
19356,0.424761,0.395969
19357,0.470991,0.445046
19358,0.510556,0.413536
19359,0.469255,0.380458
19360,0.434355,0.424310
19361,0.405179,0.462575
19362,0.371803,0.421132
19363,0.414847,0.394727
19364,0.452514,0.372750
19365,0.501907,0.425692
19366,0.534460,0.398526
19367,0.561911,0.375910
19368,0.584957,0.357099
19369,0.530775,0.324997
19370,0.558812,0.310072
19371,0.526168,0.349493
19372,0.498233,0.384728
19373,0.474490,0.415675
19374,0.454394,0.442525
19375,0.478311,0.428134
19376,0.461205,0.451086
19377,0.481561,0.438796
19378,0.467006,0.458386
19379,0.410301,0.401429
19380,0.471944,0.464606
19381,0.450284,0.490105
19382,0.506593,0.544744
19383,0.554381,0.590406
19384,0.579914,0.555744
19385,0.601290,0.525833
19386,0.568088,0.547437
19387,0.512302,0.491046
19388,0.539444,0.465498
19389,0.487668,0.418132
19390,0.443821,0.378991
19391,0.415339,0.417581
19392,0.464866,0.470096
19393,0.432963,0.504298
19394,0.480153,0.549390
19395,0.445805,0.578011
19396,0.483128,0.542019
19397,0.440308,0.491856
19398,0.404572,0.449307
19399,0.374958,0.413690
19400,0.347855,0.457056
19401,0.394524,0.500895
19402,0.435803,0.538174
19403,0.409971,0.500761
19404,0.461556,0.457613
19405,0.431540,0.426190
19406,0.467305,0.463947
19407,0.441707,0.437134
19408,0.398595,0.488779
19409,0.434910,0.521267
19410,0.413474,0.490462
19411,0.372252,0.539184
19412,0.426247,0.491892
19413,0.473624,0.451775
19414,0.439607,0.418832
19415,0.403775,0.464678
19416,0.448596,0.430838
19417,0.492177,0.476316
19418,0.454500,0.515828
19419,0.493350,0.479865
19420,0.526454,0.449445
19421,0.568906,0.498277
19422,0.596290,0.464988
19423,0.619110,0.436925
19424,0.638107,0.413378
19425,0.583299,0.373881
19426,0.608290,0.354912
19427,0.570988,0.392155
19428,0.518519,0.353681
19429,0.485754,0.391065
19430,0.441024,0.352793
19431,0.487890,0.406993
19432,0.527926,0.454974
19433,0.489706,0.420688
19434,0.457295,0.392122
19435,0.504554,0.360785
19436,0.544694,0.335040
19437,0.503871,0.380798
19438,0.469110,0.421469
19439,0.439783,0.456922
19440,0.489348,0.507691
19441,0.523549,0.475955
19442,0.477668,0.431963
19443,0.520021,0.479558
19444,0.481014,0.442069
19445,0.448022,0.410697
19446,0.409851,0.457565
19447,0.455774,0.423866
19448,0.421106,0.390639
19449,0.389180,0.434951
19450,0.434526,0.480527
19451,0.405368,0.444622
19452,0.381090,0.414536
19453,0.432555,0.380115
19454,0.398388,0.427158
19455,0.370092,0.468244
19456,0.417385,0.512638
19457,0.388873,0.472998
19458,0.365214,0.439550
19459,0.416187,0.403261
19460,0.461020,0.373210
19461,0.425224,0.346805
19462,0.393457,0.393993
19463,0.436308,0.368619
19464,0.399869,0.339398
19465,0.373382,0.383521
19466,0.351444,0.422629
19467,0.333273,0.456673
19468,0.318205,0.485946
19469,0.372770,0.538006
19470,0.421913,0.581659
19471,0.391667,0.605747
19472,0.366586,0.625831
19473,0.345816,0.642570
19474,0.397838,0.676387
19475,0.439828,0.637676
19476,0.412822,0.651726
19477,0.390266,0.663465
19478,0.443740,0.696913
19479,0.490294,0.723807
19480,0.526949,0.684513
19481,0.566355,0.713835
19482,0.596696,0.675387
19483,0.556494,0.685027
19484,0.595534,0.715603
19485,0.620790,0.678453
19486,0.570285,0.618773
19487,0.529707,0.636768
19488,0.569431,0.670775
19489,0.602527,0.698354
19490,0.559122,0.646785
19491,0.587491,0.671185
19492,0.622920,0.623838
19493,0.645785,0.652340
19494,0.664715,0.675747
19495,0.611974,0.697399
19496,0.564925,0.715142
19497,0.597701,0.732961
19498,0.627615,0.686870
19499,0.653964,0.709917
19500,0.606792,0.724660
19501,0.632053,0.681513
19502,0.661228,0.707819
19503,0.612986,0.656249
19504,0.641601,0.611136
19505,0.596499,0.634050
19506,0.548590,0.582377
19507,0.581379,0.541699
19508,0.614372,0.580941
19509,0.640877,0.540454
19510,0.597695,0.568968
19511,0.547927,0.518939
19512,0.504815,0.476073
19513,0.542939,0.441377
19514,0.574971,0.412315
19515,0.528132,0.377484
19516,0.487892,0.348827
19517,0.449114,0.394230
19518,0.415524,0.362593
19519,0.383761,0.406487
19520,0.357511,0.445041
19521,0.405676,0.494568
19522,0.375615,0.528066
19523,0.419557,0.495382
19524,0.393655,0.523863
19525,0.444418,0.570600
19526,0.488544,0.609392
19527,0.527532,0.569828
19528,0.485729,0.519501
19529,0.450330,0.476369
19530,0.420617,0.439957
19531,0.395797,0.409492
19532,0.432366,0.448895
19533,0.485115,0.408941
19534,0.455417,0.383584
19535,0.504958,0.351354
19536,0.472197,0.331101
19537,0.429683,0.382297
19538,0.394320,0.428023
19539,0.365093,0.467915
19540,0.341000,0.502170
19541,0.321141,0.531283
19542,0.371738,0.576245
19543,0.417129,0.613524
19544,0.390300,0.564949
19545,0.357924,0.596409
19546,0.406333,0.555293
19547,0.376439,0.507986
19548,0.422771,0.472221
19549,0.390047,0.432209
19550,0.434210,0.476381
19551,0.398998,0.517014
19552,0.442051,0.554689
19553,0.405508,0.588525
19554,0.378030,0.543730
19555,0.355267,0.505061
19556,0.406294,0.462337
19557,0.375998,0.504302
19558,0.350978,0.539947
19559,0.399705,0.578014
19560,0.442790,0.609676
19561,0.406240,0.638170
19562,0.451312,0.593645
19563,0.416092,0.545453
19564,0.458579,0.579860
19565,0.428491,0.538665
19566,0.391466,0.577575
19567,0.432581,0.606285
19568,0.481263,0.557936
19569,0.448165,0.516735
19570,0.410056,0.556265
19571,0.382991,0.515298
19572,0.360535,0.480291
19573,0.400029,0.513004
19574,0.380580,0.483245
19575,0.414707,0.511054
19576,0.444386,0.534645
19577,0.501785,0.479809
19578,0.452674,0.529461
19579,0.411606,0.571250
19580,0.386656,0.532598
19581,0.437862,0.485981
19582,0.408535,0.452888
19583,0.374639,0.499502
19584,0.351029,0.464304
19585,0.323987,0.509273
19586,0.301882,0.547407
19587,0.348603,0.507882
19588,0.398289,0.549008
19589,0.442283,0.583468
19590,0.487325,0.539004
19591,0.450880,0.571132
19592,0.489226,0.533173
19593,0.447150,0.485879
19594,0.486025,0.453374
19595,0.455031,0.487996
19596,0.413982,0.442788
19597,0.379983,0.405064
19598,0.351968,0.373840
19599,0.328235,0.418862
19600,0.306010,0.385241
19601,0.287799,0.357487
19602,0.269726,0.404348
19603,0.315952,0.450575
19604,0.358381,0.490584
19605,0.396309,0.524707
19606,0.451394,0.478762
19607,0.411507,0.521006
19608,0.385615,0.481954
19609,0.353412,0.523717
19610,0.402294,0.484659
19611,0.374382,0.520164
19612,0.422290,0.561641
19613,0.465942,0.522455
19614,0.433797,0.552469
19615,0.480806,0.593004
19616,0.443636,0.544644
19617,0.412514,0.502827
19618,0.379315,0.542082
19619,0.354219,0.500633
19620,0.396855,0.535793
19621,0.447578,0.490794
19622,0.411977,0.530439
19623,0.455286,0.566773
19624,0.492665,0.597117
19625,0.524519,0.622347
19626,0.493766,0.582841
19627,0.542505,0.531108
19628,0.583339,0.486558
19629,0.544296,0.451628
19630,0.510656,0.422294
19631,0.556721,0.385805
19632,0.583276,0.427060
19633,0.620974,0.389741
19634,0.651926,0.358987
19635,0.672526,0.403375
19636,0.697071,0.370206
19637,0.652508,0.346897
19638,0.600700,0.396785
19639,0.630781,0.368699
19640,0.585085,0.341628
19641,0.545022,0.319395
19642,0.584661,0.297833
19643,0.544654,0.280280
19644,0.497661,0.328343
19645,0.463124,0.305251
19646,0.434030,0.286360
19647,0.409645,0.270865
19648,0.443835,0.315148
19649,0.497346,0.290245
19650,0.452204,0.340799
19651,0.423353,0.318549
19652,0.399226,0.300262
19653,0.379091,0.285199
19654,0.414016,0.327582
19655,0.444413,0.365998
19656,0.501180,0.330669
19657,0.452697,0.385324
19658,0.412145,0.434238
19659,0.459759,0.402043
19660,0.500853,0.375316
19661,0.465775,0.416438
19662,0.500725,0.393397
19663,0.455595,0.357369
19664,0.426160,0.397118
19665,0.389034,0.360414
19666,0.365191,0.399815
19667,0.345426,0.434379
19668,0.398298,0.488677
19669,0.439467,0.460234
19670,0.401439,0.416173
19671,0.370004,0.379718
19672,0.345348,0.420640
19673,0.320305,0.383401
19674,0.300773,0.423876
19675,0.349513,0.474057
19676,0.393623,0.517167
19677,0.443244,0.478856
19678,0.412288,0.439890
19679,0.386500,0.407323
19680,0.354038,0.453023
19681,0.396581,0.495303
19682,0.434044,0.531318
19683,0.411741,0.496008
19684,0.371552,0.540867
19685,0.338713,0.578512
19686,0.321534,0.536579
19687,0.361541,0.566889
19688,0.397154,0.592273
19689,0.381455,0.556950
19690,0.412234,0.578682
19691,0.398703,0.548466
19692,0.425184,0.567034
19693,0.375525,0.614272
19694,0.436274,0.557074
19695,0.489538,0.507172
19696,0.460190,0.473750
19697,0.510088,0.431530
19698,0.466142,0.477682
19699,0.429170,0.517244
19700,0.397643,0.475917
19701,0.371487,0.441023
19702,0.342314,0.485874
19703,0.318411,0.524205
19704,0.364693,0.487992
19705,0.406146,0.457294
19706,0.384192,0.489792
19707,0.437852,0.538535
19708,0.484689,0.579431
19709,0.449935,0.606179
19710,0.420760,0.628432
19711,0.384428,0.575806
19712,0.354513,0.529628
19713,0.399281,0.489937
19714,0.366728,0.450377
19715,0.343623,0.491450
19716,0.317705,0.451652
19717,0.365838,0.492733
19718,0.409019,0.527751
19719,0.458199,0.482576
19720,0.422427,0.523595
19721,0.464446,0.485188
19722,0.500588,0.452662
19723,0.544609,0.499755
19724,0.581513,0.539821
19725,0.537946,0.499792
19726,0.574858,0.459012
19727,0.532175,0.425385
19728,0.489113,0.470874
19729,0.527359,0.436445
19730,0.565368,0.481578
19731,0.523331,0.520673
19732,0.487314,0.553725
19733,0.531638,0.591538
19734,0.563864,0.550264
19735,0.600540,0.588661
19736,0.554367,0.542764
19737,0.511637,0.577510
19738,0.475158,0.606467
19739,0.435259,0.558338
19740,0.475705,0.516897
19741,0.435717,0.474836
19742,0.402353,0.439339
19743,0.445276,0.478605
19744,0.408476,0.523167
19745,0.450615,0.556560
19746,0.412918,0.593589
19747,0.381642,0.624265
19748,0.354543,0.578649
19749,0.329555,0.611907
19750,0.376459,0.638681
19751,0.418276,0.660788
19752,0.467816,0.610495
19753,0.435827,0.566304
19754,0.472633,0.594352
19755,0.520139,0.544855
19756,0.476732,0.580466
19757,0.440084,0.610105
19758,0.480218,0.568561
19759,0.514554,0.532450
19760,0.543645,0.501470
19761,0.586496,0.549931
19762,0.610347,0.516426
19763,0.573727,0.542481
19764,0.594224,0.513964
19765,0.634718,0.564286
19766,0.651182,0.532672
19767,0.664899,0.505582
19768,0.607550,0.452950
19769,0.628567,0.430204
19770,0.591815,0.459975
19771,0.536725,0.411455
19772,0.503938,0.443780
19773,0.476031,0.471646
19774,0.452421,0.495480
19775,0.432515,0.515758
19776,0.489953,0.570681
19777,0.464186,0.587489
19778,0.491459,0.560191
19779,0.469543,0.574579
19780,0.525822,0.623785
19781,0.573205,0.663732
19782,0.595771,0.629051
19783,0.634297,0.667988
19784,0.652420,0.632836
19785,0.597928,0.573032
19786,0.549565,0.520385
19787,0.507669,0.475230
19788,0.546782,0.442591
19789,0.579599,0.415223
19790,0.539797,0.451143
19791,0.505541,0.482096
19792,0.458992,0.433914
19793,0.494254,0.410742
19794,0.465121,0.443736
19795,0.440536,0.472189
19796,0.494165,0.526946
19797,0.539904,0.573036
19798,0.578290,0.611271
19799,0.533938,0.562204
19800,0.566698,0.595021
19801,0.594105,0.622274
19802,0.556788,0.581040
19803,0.598263,0.531042
19804,0.632467,0.488007
19805,0.590422,0.451572
19806,0.613345,0.489805
19807,0.632446,0.522415
19808,0.666453,0.475183
19809,0.626967,0.444298
19810,0.591993,0.418370
19811,0.535277,0.470201
19812,0.486279,0.514814
19813,0.519565,0.549478
19814,0.547733,0.578583
19815,0.571446,0.602908
19816,0.540608,0.566950
19817,0.588210,0.513736
19818,0.627449,0.468210
19819,0.575197,0.511676
19820,0.529370,0.548510
19821,0.564052,0.509925
19822,0.519148,0.466414
19823,0.555467,0.433828
19824,0.511752,0.397866
19825,0.474426,0.368127
19826,0.509990,0.412847
19827,0.553043,0.379337
19828,0.508492,0.425710
19829,0.545133,0.396873
19830,0.507218,0.436723
19831,0.538392,0.411993
19832,0.564666,0.391310
19833,0.586722,0.374029
19834,0.605204,0.359587
19835,0.620683,0.347507
19836,0.659960,0.407346
19837,0.691723,0.460547
19838,0.652829,0.495324
19839,0.595550,0.450120
19840,0.544656,0.412304
19841,0.507228,0.453741
19842,0.550145,0.499680
19843,0.580440,0.463904
19844,0.605731,0.433770
19845,0.568539,0.469304
19846,0.516242,0.425331
19847,0.546298,0.400232
19848,0.571592,0.379296
19849,0.518886,0.344383
19850,0.473706,0.315956
19851,0.441333,0.358536
19852,0.414191,0.396605
19853,0.377448,0.358506
19854,0.355565,0.396578
19855,0.337423,0.429976
19856,0.391047,0.485808
19857,0.366837,0.515081
19858,0.337048,0.465032
19859,0.386052,0.512820
19860,0.360083,0.470264
19861,0.338629,0.434404
19862,0.312436,0.478263
19863,0.291070,0.515835
19864,0.337061,0.556272
19865,0.311158,0.587553
19866,0.290026,0.613607
19867,0.336100,0.645835
19868,0.318436,0.597035
19869,0.293465,0.626356
19870,0.343705,0.582770
19871,0.390116,0.617527
19872,0.431233,0.646168
19873,0.406175,0.600417
19874,0.441445,0.625252
19875,0.398319,0.656136
19876,0.434609,0.675927
19877,0.487352,0.624984
19878,0.519088,0.650231
19879,0.563896,0.601797
19880,0.527596,0.556519
19881,0.571012,0.512750
19882,0.607100,0.475366
19883,0.565110,0.436190
19884,0.602213,0.405205
19885,0.632870,0.379439
19886,0.658119,0.358054
19887,0.610340,0.327803
19888,0.567949,0.303156
19889,0.520346,0.347656
19890,0.557856,0.330159
19891,0.591269,0.383704
19892,0.546231,0.425229
19893,0.577821,0.400645
19894,0.530700,0.364440
19895,0.566297,0.415236
19896,0.596040,0.459925
19897,0.556444,0.427757
19898,0.581916,0.465916
19899,0.603233,0.498685
19900,0.569803,0.471016
19901,0.588099,0.498882
19902,0.603464,0.522581
19903,0.543429,0.573513
19904,0.514229,0.542681
19905,0.462080,0.590212
19906,0.492617,0.609562
19907,0.467751,0.576914
19908,0.446736,0.548612
19909,0.503536,0.490901
19910,0.477004,0.466502
19911,0.428499,0.520658
19912,0.461447,0.546350
19913,0.439108,0.517562
19914,0.420309,0.492993
19915,0.448171,0.514930
19916,0.472119,0.533534
19917,0.455901,0.512691
19918,0.442188,0.494937
19919,0.505149,0.436141
19920,0.450799,0.495697
19921,0.504376,0.445637
19922,0.458141,0.496342
19923,0.429199,0.464684
19924,0.464397,0.496891
19925,0.420296,0.544811
19926,0.469723,0.497357
19927,0.432091,0.538117
19928,0.400692,0.572388
19929,0.369975,0.527376
19930,0.344751,0.563388
19931,0.392794,0.597046
19932,0.363556,0.626372
19933,0.339463,0.650598
19934,0.383205,0.608064
19935,0.350986,0.556858
19936,0.400214,0.592257
19937,0.444603,0.548957
19938,0.409087,0.504327
19939,0.380099,0.541165
19940,0.356106,0.572143
19941,0.406126,0.608325
19942,0.450277,0.638187
19943,0.494249,0.592823
19944,0.532549,0.625409
19945,0.569656,0.581505
19946,0.600609,0.543113
19947,0.631435,0.584243
19948,0.656830,0.618327
19949,0.612450,0.571796
19950,0.562625,0.604657
19951,0.522230,0.559780
19952,0.553309,0.589324
19953,0.518899,0.550880
19954,0.564139,0.501749
19955,0.590078,0.534780
19956,0.611744,0.562630
19957,0.647860,0.511865
19958,0.608590,0.478530
19959,0.554334,0.525148
19960,0.581391,0.556497
19961,0.619038,0.508573
19962,0.579057,0.473254
19963,0.617116,0.432699
19964,0.577369,0.403471
19965,0.526407,0.451857
19966,0.557349,0.491908
19967,0.522452,0.459043
19968,0.567193,0.418846
19969,0.530927,0.391844
19970,0.499827,0.369396
19971,0.526297,0.407664
19972,0.499853,0.388270
19973,0.447567,0.444380
19974,0.477781,0.478413
19975,0.503600,0.507512
19976,0.525536,0.532214
19977,0.469262,0.580675
19978,0.496338,0.601011
19979,0.473864,0.568740
19980,0.422517,0.613889
19981,0.452869,0.630696
19982,0.508604,0.573463
19983,0.555865,0.523149
19984,0.595290,0.479969
19985,0.620280,0.518224
19986,0.652035,0.475784
19987,0.678016,0.439958
19988,0.632705,0.405548
19989,0.662204,0.376336
19990,0.618464,0.348636
19991,0.579677,0.325862
19992,0.545896,0.307125
19993,0.493308,0.357269
19994,0.448679,0.402555
19995,0.485414,0.450376
19996,0.531183,0.417554
19997,0.495165,0.384787
19998,0.464575,0.357722
19999,0.495890,0.401580
20000,0.447750,0.450791
20001,0.496507,0.416039
20002,0.538039,0.387129
20003,0.498477,0.357049
20004,0.464845,0.332328
20005,0.436496,0.312011
20006,0.396583,0.361275
20007,0.435511,0.408028
20008,0.395769,0.454041
20009,0.363017,0.493811
20010,0.411042,0.460904
20011,0.382736,0.494739
20012,0.353039,0.448748
20013,0.397880,0.421191
20014,0.446492,0.471726
20015,0.414518,0.507448
20016,0.454470,0.475960
20017,0.414757,0.431760
20018,0.388118,0.468456
20019,0.437948,0.516626
20020,0.407426,0.548003
20021,0.454881,0.588205
20022,0.495394,0.548819
20023,0.455057,0.500767
20024,0.421207,0.459876
20025,0.392994,0.425518
20026,0.369554,0.396855
20027,0.338601,0.445407
20028,0.381161,0.486054
20029,0.418861,0.520771
20030,0.472047,0.475326
20031,0.430862,0.517658
20032,0.470092,0.553801
20033,0.441128,0.515011
20034,0.474570,0.545780
20035,0.503187,0.571670
20036,0.553164,0.519477
20037,0.594854,0.474731
20038,0.618088,0.511646
20039,0.651686,0.468089
20040,0.610573,0.435266
20041,0.574319,0.407794
20042,0.542845,0.384881
20043,0.589831,0.350435
20044,0.609696,0.390994
20045,0.576586,0.371787
20046,0.620602,0.337006
20047,0.586117,0.321721
20048,0.529538,0.376437
20049,0.498937,0.354412
20050,0.547750,0.325415
20051,0.573559,0.368445
20052,0.595190,0.406776
20053,0.613295,0.440296
20054,0.556148,0.494822
20055,0.596765,0.449185
20056,0.558111,0.421260
20057,0.524672,0.397906
20058,0.474640,0.451081
20059,0.446197,0.422848
20060,0.496652,0.385360
20061,0.529057,0.425739
20062,0.556420,0.460880
20063,0.598425,0.416852
20064,0.620731,0.453192
20065,0.639301,0.484494
20066,0.603185,0.460181
20067,0.571558,0.439658
20068,0.617098,0.392773
20069,0.560940,0.448640
20070,0.526391,0.422849
20071,0.571320,0.383376
20072,0.596237,0.421950
20073,0.560737,0.400362
20074,0.530050,0.382309
20075,0.476899,0.439253
20076,0.432082,0.489011
20077,0.406465,0.456667
20078,0.458086,0.416449
20079,0.428228,0.389907
20080,0.477026,0.357378
20081,0.438877,0.405995
20082,0.406569,0.376305
20083,0.447973,0.419831
20084,0.420324,0.394252
20085,0.382835,0.445324
20086,0.352011,0.489709
20087,0.326736,0.527591
20088,0.373161,0.491252
20089,0.414591,0.460421
20090,0.391532,0.492564
20091,0.427205,0.466338
20092,0.385138,0.419388
20093,0.366033,0.453348
20094,0.401883,0.431314
20095,0.433220,0.412793
20096,0.387186,0.369347
20097,0.420426,0.354443
20098,0.376692,0.319784
20099,0.432202,0.375280
20100,0.480824,0.425248
20101,0.522477,0.469001
20102,0.558424,0.432021
20103,0.514459,0.399984
20104,0.474910,0.445798
20105,0.437620,0.411449
20106,0.480347,0.381069
20107,0.521686,0.427270
20108,0.483293,0.398370
20109,0.525613,0.366086
20110,0.561322,0.339547
20111,0.517223,0.317196
20112,0.477403,0.365201
20113,0.514641,0.342610
20114,0.546182,0.323947
20115,0.498233,0.298608
20116,0.464427,0.341989
20117,0.424090,0.313271
20118,0.396241,0.355319
20119,0.445462,0.409232
20120,0.411449,0.376043
20121,0.380796,0.419524
20122,0.355458,0.457521
20123,0.334534,0.490230
20124,0.317242,0.518109
20125,0.357877,0.491695
20126,0.413017,0.544120
20127,0.461729,0.587969
20128,0.500305,0.551669
20129,0.533110,0.520359
20130,0.574696,0.568182
20131,0.535983,0.591280
20132,0.502713,0.610606
20133,0.530600,0.577830
20134,0.479387,0.520583
20135,0.451198,0.546270
20136,0.501960,0.591465
20137,0.533337,0.556451
20138,0.576071,0.599890
20139,0.538378,0.620756
20140,0.490167,0.566440
20141,0.457786,0.592845
20142,0.505077,0.628839
20143,0.464095,0.579173
20144,0.504316,0.610200
20145,0.544311,0.564050
20146,0.503523,0.520222
20147,0.462832,0.557433
20148,0.428488,0.514520
20149,0.399815,0.477850
20150,0.375963,0.446852
20151,0.414523,0.481169
20152,0.375640,0.529618
20153,0.414238,0.558714
20154,0.447917,0.583141
20155,0.403160,0.622589
20156,0.455685,0.570852
20157,0.417397,0.604791
20158,0.462305,0.560337
20159,0.426529,0.515408
20160,0.467942,0.551356
20161,0.512092,0.507243
20162,0.472740,0.543695
20163,0.439537,0.574331
20164,0.476823,0.537167
20165,0.508737,0.505233
20166,0.555061,0.552833
20167,0.507427,0.504448
20168,0.466797,0.463219
20169,0.431742,0.503052
20170,0.476212,0.543569
20171,0.514338,0.577582
20172,0.479776,0.537060
20173,0.525352,0.491483
20174,0.482807,0.531517
20175,0.521599,0.567348
20176,0.560088,0.523513
20177,0.518324,0.482603
20178,0.551143,0.519990
20179,0.589605,0.476812
20180,0.543514,0.516994
20181,0.578066,0.555052
20182,0.533483,0.588508
20183,0.569676,0.619621
20184,0.526217,0.646601
20185,0.563588,0.671449
20186,0.522290,0.625629
20187,0.561606,0.576283
20188,0.592869,0.606460
20189,0.546062,0.636778
20190,0.579193,0.590876
20191,0.606816,0.550537
20192,0.629778,0.515697
20193,0.591183,0.542997
20194,0.557448,0.566008
20195,0.503382,0.511191
20196,0.548891,0.556198
20197,0.512860,0.583718
20198,0.482114,0.606715
20199,0.530923,0.642756
20200,0.559507,0.603029
20201,0.583504,0.568133
20202,0.530085,0.513843
20203,0.558802,0.483282
20204,0.525581,0.511767
20205,0.550046,0.485788
20206,0.595572,0.538620
20207,0.633048,0.582901
20208,0.652261,0.546766
20209,0.598716,0.496122
20210,0.551213,0.453097
20211,0.510051,0.417044
20212,0.468725,0.460169
20213,0.433910,0.497327
20214,0.473407,0.466124
20215,0.507263,0.439798
20216,0.552184,0.491924
20217,0.515714,0.523562
20218,0.484567,0.550316
20219,0.533030,0.593914
20220,0.561564,0.557657
20221,0.585508,0.526332
20222,0.605553,0.499531
20223,0.572881,0.522388
20224,0.617471,0.574053
20225,0.583281,0.592949
20226,0.526725,0.535507
20227,0.570972,0.579262
20228,0.596512,0.542546
20229,0.632497,0.585119
20230,0.653013,0.547622
20231,0.600673,0.498063
20232,0.554244,0.455929
20233,0.585897,0.498353
20234,0.539131,0.537372
20235,0.573265,0.573073
20236,0.533280,0.531783
20237,0.498932,0.496318
20238,0.469731,0.466187
20239,0.519832,0.422500
20240,0.562145,0.386269
20241,0.597437,0.356417
20242,0.552899,0.402858
20243,0.508894,0.371498
20244,0.471354,0.345656
20245,0.439681,0.324379
20246,0.401912,0.374040
20247,0.370682,0.418497
20248,0.415490,0.465633
20249,0.454741,0.506221
20250,0.488572,0.540678
20251,0.461500,0.505288
20252,0.416086,0.549963
20253,0.451222,0.578832
20254,0.428486,0.542508
20255,0.385475,0.585414
20256,0.421171,0.609420
20257,0.379465,0.644118
20258,0.345338,0.672480
20259,0.396984,0.623467
20260,0.370580,0.577254
20261,0.348722,0.536846
20262,0.330626,0.502092
20263,0.303441,0.547352
20264,0.281359,0.585246
20265,0.263378,0.616699
20266,0.308824,0.643983
20267,0.350648,0.666469
20268,0.319695,0.690785
20269,0.360473,0.708564
20270,0.396822,0.723193
20271,0.428658,0.735265
20272,0.456202,0.745257
20273,0.513939,0.693737
20274,0.537605,0.710991
20275,0.585988,0.661586
20276,0.605420,0.684604
20277,0.644579,0.637368
20278,0.660132,0.664756
20279,0.623868,0.617598
20280,0.591894,0.575651
20281,0.635927,0.526839
20282,0.602470,0.489803
20283,0.616346,0.522819
20284,0.657777,0.475933
20285,0.668843,0.511030
20286,0.701697,0.465934
20287,0.645087,0.509376
20288,0.605177,0.471379
20289,0.551785,0.514020
20290,0.589771,0.475665
20291,0.548567,0.437253
20292,0.576536,0.479311
20293,0.614354,0.440603
20294,0.645467,0.408241
20295,0.597679,0.449446
20296,0.552134,0.411002
20297,0.512689,0.379139
20298,0.544359,0.424128
20299,0.496492,0.470229
20300,0.537732,0.435370
20301,0.497920,0.400990
20302,0.457238,0.444850
20303,0.498232,0.415533
20304,0.533116,0.391067
20305,0.487861,0.356642
20306,0.449520,0.328487
20307,0.415498,0.372538
20308,0.460295,0.423657
20309,0.424496,0.464276
20310,0.392866,0.424776
20311,0.363850,0.465245
20312,0.410090,0.510569
20313,0.378068,0.545286
20314,0.423346,0.508984
20315,0.462904,0.478037
20316,0.434701,0.507637
20317,0.485097,0.556083
20318,0.519168,0.522685
20319,0.548001,0.494124
20320,0.497775,0.444524
20321,0.465979,0.476957
20322,0.439158,0.504690
20323,0.416631,0.528247
20324,0.397748,0.548176
20325,0.381932,0.564997
20326,0.368680,0.579180
20327,0.329786,0.517158
20328,0.387650,0.567460
20329,0.424878,0.535916
20330,0.457224,0.508865
20331,0.410970,0.455697
20332,0.390361,0.485293
20333,0.373143,0.510540
20334,0.406386,0.487498
20335,0.464822,0.542802
20336,0.440616,0.564018
20337,0.494570,0.609660
20338,0.524265,0.575914
20339,0.495385,0.593632
20340,0.470853,0.608505
20341,0.496077,0.579849
20342,0.475217,0.592637
20343,0.422300,0.529888
20344,0.478930,0.578994
20345,0.527553,0.619577
20346,0.568512,0.652829
20347,0.523427,0.602188
20348,0.483610,0.629535
20349,0.524719,0.657552
20350,0.486067,0.610803
20351,0.521016,0.635189
20352,0.488156,0.594617
20353,0.535152,0.542736
20354,0.489932,0.580694
20355,0.529893,0.536350
20356,0.566053,0.572654
20357,0.525417,0.530913
20358,0.565214,0.487199
20359,0.524694,0.451463
20360,0.564608,0.414951
20361,0.524171,0.385670
20362,0.564170,0.356175
20363,0.520550,0.402342
20364,0.554628,0.376788
20365,0.591437,0.426886
20366,0.546485,0.394670
20367,0.581897,0.365776
20368,0.611361,0.341944
20369,0.569786,0.385131
20370,0.533632,0.423352
20371,0.484713,0.383657
20372,0.528599,0.434706
20373,0.561686,0.405403
20374,0.598049,0.453811
20375,0.555836,0.493612
20376,0.519284,0.527526
20377,0.488036,0.556167
20378,0.461539,0.580230
20379,0.439180,0.600391
20380,0.420364,0.617268
20381,0.448232,0.585655
20382,0.506728,0.630389
20383,0.556367,0.666758
20384,0.580025,0.629316
20385,0.599853,0.596198
20386,0.543523,0.537403
20387,0.585192,0.582052
20388,0.610248,0.546197
20389,0.643940,0.589358
20390,0.594138,0.539298
20391,0.550732,0.570598
20392,0.580283,0.533423
20393,0.604965,0.501512
20394,0.625536,0.474368
20395,0.589589,0.501285
20396,0.607341,0.478208
20397,0.549574,0.426626
20398,0.591634,0.481473
20399,0.615172,0.453664
20400,0.562848,0.410229
20401,0.524665,0.446804
20402,0.478718,0.404541
20403,0.446191,0.441860
20404,0.481907,0.418583
20405,0.529052,0.472697
20406,0.559333,0.444495
20407,0.598421,0.495121
20408,0.623091,0.463414
20409,0.572221,0.421507
20410,0.531778,0.459818
20411,0.561507,0.433128
20412,0.586442,0.410736
20413,0.607299,0.391986
20414,0.624728,0.376293
20415,0.661632,0.434945
20416,0.691545,0.486345
20417,0.704744,0.455462
20418,0.715700,0.429468
20419,0.676885,0.462114
20420,0.618868,0.415937
20421,0.566655,0.377783
20422,0.601576,0.428358
20423,0.630482,0.472603
20424,0.586674,0.438988
20425,0.538459,0.484878
20426,0.499424,0.449311
20427,0.457855,0.493760
20428,0.499510,0.456873
20429,0.534946,0.425872
20430,0.499584,0.463317
20431,0.454875,0.421155
20432,0.499646,0.468804
20433,0.461615,0.432826
20434,0.499699,0.473474
20435,0.532091,0.508325
20436,0.574193,0.463038
20437,0.609176,0.424989
20438,0.566354,0.395106
20439,0.602683,0.364247
20440,0.628769,0.408930
20441,0.587626,0.383805
20442,0.536908,0.434697
20443,0.493145,0.479111
20444,0.456003,0.517153
20445,0.494173,0.482242
20446,0.526689,0.452689
20447,0.495047,0.484904
20448,0.522692,0.459753
20449,0.471250,0.413057
20450,0.444530,0.446988
20451,0.401827,0.402484
20452,0.380041,0.437808
20453,0.433603,0.491037
20454,0.397482,0.447061
20455,0.371195,0.484319
20456,0.412516,0.454955
20457,0.389830,0.486670
20458,0.443168,0.536542
20459,0.405928,0.488669
20460,0.447579,0.456229
20461,0.409594,0.416166
20462,0.455397,0.462768
20463,0.422920,0.428554
20464,0.469308,0.394885
20465,0.434570,0.367120
20466,0.400235,0.414670
20467,0.371977,0.383486
20468,0.344385,0.429142
20469,0.390507,0.400457
20470,0.438503,0.449166
20471,0.480263,0.491389
20472,0.447654,0.456750
20473,0.409232,0.502107
20474,0.455461,0.463212
20475,0.495401,0.430481
20476,0.536973,0.476895
20477,0.571933,0.516695
20478,0.527493,0.555122
20479,0.489344,0.587292
20480,0.448575,0.541024
20481,0.488586,0.499966
20482,0.522732,0.465045
20483,0.490298,0.499971
20484,0.444564,0.454830
20485,0.480279,0.425533
20486,0.452826,0.461577
20487,0.483235,0.436573
20488,0.434567,0.393912
20489,0.411680,0.430371
20490,0.465868,0.483440
20491,0.437947,0.515423
20492,0.470976,0.485923
20493,0.499263,0.460917
20494,0.448517,0.413898
20495,0.406171,0.375097
20496,0.443492,0.355330
20497,0.475743,0.338904
20498,0.451911,0.376052
20499,0.506395,0.433409
20500,0.459090,0.394034
20501,0.493711,0.371039
20502,0.523199,0.351939
20503,0.548146,0.336065
20504,0.519723,0.373098
20505,0.569993,0.430761
20506,0.611656,0.481364
20507,0.574654,0.515761
20508,0.615494,0.558878
20509,0.563588,0.513398
20510,0.524953,0.549351
20511,0.566462,0.585541
20512,0.521215,0.541987
20513,0.557191,0.498432
20514,0.513222,0.460853
20515,0.473850,0.503762
20516,0.436584,0.465359
20517,0.477767,0.503198
20518,0.446016,0.470542
20519,0.493650,0.428218
20520,0.528902,0.466398
20521,0.494602,0.438868
20522,0.465475,0.415753
20523,0.440893,0.396389
20524,0.470641,0.428200
20525,0.421749,0.485640
20526,0.381326,0.534825
20527,0.418971,0.562463
20528,0.472195,0.511512
20529,0.430957,0.553170
20530,0.396620,0.588025
20531,0.440299,0.618094
20532,0.478196,0.642969
20533,0.435980,0.670234
20534,0.481463,0.622467
20535,0.520271,0.650719
20536,0.484242,0.604686
20537,0.517233,0.629220
20538,0.486604,0.589349
20539,0.514650,0.610530
20540,0.563270,0.555908
20541,0.512453,0.594382
20542,0.543861,0.620315
20543,0.510586,0.580492
20544,0.537309,0.602825
20545,0.583218,0.548804
20546,0.605177,0.576309
20547,0.642354,0.525645
20548,0.589772,0.565004
20549,0.549279,0.524105
20550,0.514317,0.489063
20551,0.484475,0.459348
20552,0.459188,0.434307
20553,0.437853,0.413278
20554,0.494198,0.371765
20555,0.542264,0.337883
20556,0.495068,0.390323
20557,0.461089,0.365126
20558,0.432477,0.344268
20559,0.393514,0.396085
20560,0.361409,0.442097
20561,0.339017,0.408087
20562,0.389042,0.378068
20563,0.433514,0.424396
20564,0.472207,0.464883
20565,0.443394,0.435600
20566,0.402612,0.485097
20567,0.379119,0.452610
20568,0.431145,0.413216
20569,0.402878,0.386604
20570,0.369211,0.436372
20571,0.411831,0.476924
20572,0.388110,0.445835
20573,0.368352,0.419729
20574,0.334707,0.471455
20575,0.387365,0.431606
20576,0.429491,0.471991
20577,0.392784,0.516492
20578,0.362491,0.554141
20579,0.337564,0.585678
20580,0.317057,0.611953
20581,0.300164,0.633793
20582,0.286217,0.651938
20583,0.338264,0.682708
20584,0.385879,0.707675
20585,0.432813,0.664701
20586,0.400054,0.610996
20587,0.442795,0.641451
20588,0.479830,0.666480
20589,0.511501,0.687048
20590,0.538359,0.703973
20591,0.486330,0.724800
20592,0.532623,0.676196
20593,0.563040,0.698276
20594,0.527741,0.651558
20595,0.571998,0.601864
20596,0.535465,0.557744
20597,0.578441,0.512810
20598,0.603671,0.549241
20599,0.552192,0.585056
20600,0.581751,0.614902
20601,0.617299,0.568002
20602,0.575424,0.524423
20603,0.600221,0.557901
20604,0.636086,0.511822
20605,0.595714,0.474460
20606,0.616484,0.510049
20607,0.561835,0.553072
20608,0.514117,0.589051
20609,0.548142,0.618014
20610,0.586135,0.570538
20611,0.617659,0.529099
20612,0.644697,0.568109
20613,0.669888,0.527001
20614,0.690567,0.491746
20615,0.707567,0.461830
20616,0.721578,0.436608
20617,0.679409,0.467538
20618,0.691994,0.446036
20619,0.702472,0.427914
20620,0.645951,0.381262
20621,0.674856,0.438608
20622,0.625063,0.398537
20623,0.650377,0.447744
20624,0.606931,0.413424
20625,0.556654,0.457884
20626,0.587049,0.500661
20627,0.548213,0.464178
20628,0.514715,0.433451
20629,0.466161,0.481658
20630,0.425352,0.522941
20631,0.391426,0.557808
20632,0.435183,0.593404
20633,0.407303,0.549198
20634,0.372473,0.585138
20635,0.414317,0.614867
20636,0.450910,0.639488
20637,0.482454,0.659860
20638,0.533090,0.607966
20639,0.575642,0.561796
20640,0.601728,0.595485
20641,0.623463,0.623442
20642,0.641557,0.646584
20643,0.586208,0.674488
20644,0.610536,0.692844
20645,0.573480,0.650053
20646,0.614339,0.596627
20647,0.634519,0.621934
20648,0.651312,0.642940
20649,0.595559,0.673289
20650,0.629737,0.622442
20651,0.652250,0.647993
20652,0.601596,0.673693
20653,0.628975,0.693959
20654,0.651620,0.710618
20655,0.670348,0.724347
20656,0.696829,0.673423
20657,0.718362,0.626598
20658,0.735915,0.584797
20659,0.689988,0.534943
20660,0.647712,0.491970
20661,0.678436,0.454873
20662,0.637274,0.418897
20663,0.653533,0.461613
20664,0.667079,0.498397
20665,0.609768,0.542206
20666,0.643538,0.498637
20667,0.663602,0.536453
20668,0.690432,0.493717
20669,0.647137,0.456153
20670,0.608298,0.424595
20671,0.553669,0.471824
20672,0.506136,0.512404
20673,0.540469,0.550849
20674,0.494815,0.584720
20675,0.459562,0.539803
20676,0.429898,0.501078
20677,0.392268,0.542984
20678,0.432911,0.575339
20679,0.468205,0.602352
20680,0.442879,0.564173
20681,0.421577,0.531093
20682,0.477491,0.479861
20683,0.450705,0.451615
20684,0.480864,0.482879
20685,0.506617,0.509569
20686,0.528486,0.532219
20687,0.546991,0.551371
20688,0.487955,0.601015
20689,0.437972,0.641679
20690,0.396416,0.674734
20691,0.374728,0.635212
20692,0.411599,0.650270
20693,0.371468,0.683833
20694,0.408734,0.695761
20695,0.369121,0.722266
20696,0.336761,0.743642
20697,0.310396,0.760942
20698,0.293987,0.718451
20699,0.273184,0.740561
20700,0.317434,0.749561
20701,0.370109,0.697738
20702,0.417516,0.649259
20703,0.462077,0.674396
20704,0.504242,0.627996
20705,0.467748,0.649971
20706,0.436982,0.668166
20707,0.398958,0.615087
20708,0.367550,0.567648
20709,0.411993,0.524589
20710,0.386670,0.557599
20711,0.437556,0.594758
20712,0.481913,0.625528
20713,0.446846,0.580815
20714,0.417435,0.541703
20715,0.381919,0.582276
20716,0.358170,0.542970
20717,0.399104,0.570111
20718,0.451201,0.518942
20719,0.413911,0.559704
20720,0.382956,0.593751
20721,0.426622,0.550815
20722,0.391389,0.505642
20723,0.437504,0.543234
20724,0.407272,0.504796
20725,0.382106,0.472060
20726,0.432863,0.429548
20727,0.403403,0.402491
20728,0.370598,0.452695
20729,0.346919,0.421828
20730,0.327366,0.396053
20731,0.368719,0.433403
20732,0.405482,0.465774
20733,0.460816,0.419241
20734,0.419391,0.470895
20735,0.393291,0.440627
20736,0.371568,0.415233
20737,0.338838,0.467405
20738,0.312167,0.512366
20739,0.361651,0.472284
20740,0.406207,0.438472
20741,0.372989,0.402675
20742,0.349163,0.445405
20743,0.322676,0.408435
20744,0.303791,0.450427
20745,0.288240,0.486709
20746,0.339082,0.532677
20747,0.317277,0.563357
20748,0.299349,0.589069
20749,0.349355,0.626347
20750,0.325716,0.647050
20751,0.306291,0.664228
20752,0.285267,0.609895
20753,0.332946,0.641036
20754,0.376405,0.666613
20755,0.415011,0.687615
20756,0.448688,0.704885
20757,0.502051,0.654774
20758,0.472592,0.608275
20759,0.522485,0.560718
20760,0.551496,0.593267
20761,0.593029,0.547576
20762,0.627339,0.508067
20763,0.655541,0.474385
20764,0.677585,0.520701
20765,0.628788,0.553008
20766,0.652782,0.517599
20767,0.672589,0.487347
20768,0.631020,0.514961
20769,0.594060,0.538367
20770,0.633747,0.586831
20771,0.651050,0.554390
20772,0.682671,0.600089
20773,0.696378,0.565899
20774,0.642111,0.511239
20775,0.592860,0.464513
20776,0.549056,0.499684
20777,0.504858,0.454754
20778,0.467202,0.417106
20779,0.435469,0.385831
20780,0.472111,0.429360
20781,0.445064,0.402481
20782,0.402533,0.452837
20783,0.367474,0.496456
20784,0.416858,0.459879
20785,0.459686,0.503628
20786,0.429147,0.465877
20787,0.465712,0.503084
20788,0.497101,0.534699
20789,0.545682,0.486679
20790,0.572031,0.520796
20791,0.520242,0.563332
20792,0.475832,0.598794
20793,0.517209,0.553913
20794,0.554227,0.589073
20795,0.585243,0.618275
20796,0.537906,0.647054
20797,0.571595,0.670378
20798,0.532237,0.626024
20799,0.498445,0.586546
20800,0.544565,0.534425
20801,0.583205,0.489477
20802,0.537908,0.529274
20803,0.496389,0.488167
20804,0.461114,0.453330
20805,0.505984,0.415752
20806,0.541782,0.457527
20807,0.571889,0.493537
20808,0.608829,0.449405
20809,0.639292,0.412483
20810,0.664344,0.381838
20811,0.616937,0.354194
20812,0.569621,0.400899
20813,0.526247,0.369904
20814,0.489038,0.344366
20815,0.457489,0.323337
20816,0.430928,0.306003
20817,0.390577,0.357276
20818,0.428815,0.402264
20819,0.480471,0.369689
20820,0.524754,0.342892
20821,0.562118,0.320868
20822,0.593349,0.302751
20823,0.546536,0.281443
20824,0.580350,0.267156
20825,0.535219,0.250355
20826,0.570887,0.239079
20827,0.529950,0.282476
20828,0.485667,0.261050
20829,0.448175,0.243686
20830,0.416748,0.229554
20831,0.382999,0.273419
20832,0.355160,0.314561
20833,0.400036,0.303488
20834,0.375904,0.340280
20835,0.344226,0.306049
20836,0.393906,0.362914
20837,0.366366,0.332731
20838,0.409439,0.382647
20839,0.447206,0.427164
20840,0.497164,0.392632
20841,0.455079,0.437967
20842,0.419781,0.477367
20843,0.463651,0.521985
20844,0.501417,0.559664
20845,0.469089,0.518691
20846,0.501204,0.550782
20847,0.528505,0.577741
20848,0.476785,0.616154
20849,0.449429,0.576651
20850,0.480263,0.599232
20851,0.531824,0.545253
20852,0.575166,0.498466
20853,0.537958,0.463635
20854,0.580278,0.424283
20855,0.542382,0.395593
20856,0.583961,0.363679
20857,0.536049,0.410891
20858,0.571555,0.383311
20859,0.530656,0.424033
20860,0.570079,0.473976
20861,0.602923,0.516881
20862,0.631777,0.478396
20863,0.585091,0.439650
20864,0.544132,0.407266
20865,0.572523,0.448633
20866,0.610744,0.410361
20867,0.570768,0.383371
20868,0.594566,0.423578
20869,0.614455,0.458591
20870,0.631069,0.488692
20871,0.573689,0.539638
20872,0.523238,0.582342
20873,0.479936,0.617719
20874,0.444990,0.575722
20875,0.415694,0.539118
20876,0.453189,0.564501
20877,0.485500,0.585820
20878,0.535036,0.530184
20879,0.562346,0.556983
20880,0.511111,0.599348
20881,0.553070,0.548494
20882,0.514101,0.510583
20883,0.470315,0.553031
20884,0.508028,0.583215
20885,0.540030,0.608400
20886,0.581102,0.557125
20887,0.615173,0.512517
20888,0.571910,0.473793
20889,0.607570,0.435995
20890,0.633254,0.478247
20891,0.661848,0.439731
20892,0.685266,0.407535
20893,0.638449,0.376151
20894,0.589372,0.421186
20895,0.545708,0.387438
20896,0.576193,0.432853
20897,0.538882,0.403866
20898,0.581082,0.370590
20899,0.543115,0.347290
20900,0.569089,0.389305
20901,0.536673,0.369042
20902,0.484109,0.423235
20903,0.531187,0.387964
20904,0.561180,0.430382
20905,0.586336,0.467285
20906,0.534020,0.515433
20907,0.499128,0.481415
20908,0.454091,0.527453
20909,0.490571,0.558921
20910,0.535806,0.511152
20911,0.573826,0.470353
20912,0.532053,0.434853
20913,0.496165,0.405181
20914,0.452427,0.453263
20915,0.422373,0.420547
20916,0.459529,0.460242
20917,0.491486,0.494404
20918,0.540436,0.448694
20919,0.492763,0.495243
20920,0.534391,0.456347
20921,0.494877,0.421609
20922,0.461320,0.392665
20923,0.421305,0.440760
20924,0.388065,0.482571
20925,0.432225,0.524389
20926,0.478230,0.484980
20927,0.517659,0.451609
20928,0.551020,0.423571
20929,0.579032,0.400112
20930,0.602456,0.380522
20931,0.549359,0.344287
20932,0.513335,0.382813
20933,0.541993,0.366419
20934,0.491534,0.330488
20935,0.460859,0.368049
20936,0.509636,0.425537
20937,0.476185,0.460208
20938,0.447907,0.489998
20939,0.479753,0.466157
20940,0.530521,0.520785
20941,0.557525,0.492287
20942,0.505918,0.442928
20943,0.548956,0.493443
20944,0.510827,0.526252
20945,0.553087,0.568984
20946,0.509204,0.522320
20947,0.470329,0.557057
20948,0.507823,0.518975
20949,0.539641,0.486414
20950,0.566444,0.458817
20951,0.607082,0.510187
20952,0.640518,0.553726
20953,0.591411,0.508659
20954,0.547598,0.545055
20955,0.509739,0.575632
20956,0.552247,0.611496
20957,0.582518,0.569553
20958,0.534439,0.521378
20959,0.493027,0.480077
20960,0.532732,0.443425
20961,0.566178,0.412733
20962,0.520279,0.379145
20963,0.480962,0.351465
20964,0.447708,0.328689
20965,0.409808,0.377446
20966,0.378396,0.420981
20967,0.423548,0.468705
20968,0.462991,0.509761
20969,0.509501,0.469733
20970,0.474118,0.433691
20971,0.444231,0.403582
20972,0.419132,0.378540
20973,0.452541,0.417760
20974,0.481292,0.451956
20975,0.505835,0.481398
20976,0.526680,0.506533
20977,0.544327,0.527878
20978,0.522684,0.505553
20979,0.537706,0.523703
20980,0.593192,0.464224
20981,0.605502,0.488540
20982,0.615862,0.509256
20983,0.590051,0.490258
20984,0.598980,0.507868
20985,0.576776,0.491719
20986,0.629864,0.432110
20987,0.672696,0.382878
20988,0.611088,0.442195
20989,0.648475,0.399932
20990,0.594863,0.450804
20991,0.547383,0.494914
20992,0.506300,0.532497
20993,0.540309,0.495677
20994,0.505355,0.527634
20995,0.475589,0.554630
20996,0.430014,0.502958
20997,0.479246,0.546487
20998,0.521451,0.582961
20999,0.557109,0.613282
21000,0.592178,0.566698
21001,0.621280,0.526117
21002,0.649543,0.565940
21003,0.672770,0.525463
21004,0.624546,0.481386
21005,0.648540,0.521649
21006,0.675366,0.480914
21007,0.630531,0.443653
21008,0.590527,0.412457
21009,0.611666,0.452049
21010,0.557068,0.499814
21011,0.509494,0.540451
21012,0.548567,0.499842
21013,0.508070,0.534404
21014,0.473543,0.563537
21015,0.444380,0.587968
21016,0.419882,0.608404
21017,0.452669,0.574989
21018,0.506307,0.618838
21019,0.459735,0.563875
21020,0.420663,0.515830
21021,0.392409,0.549540
21022,0.368939,0.577853
21023,0.408150,0.542148
21024,0.461015,0.585590
21025,0.496031,0.548849
21026,0.451020,0.498475
21027,0.487471,0.466704
21028,0.518575,0.439899
21029,0.563995,0.491617
21030,0.589811,0.460905
21031,0.626863,0.509650
21032,0.647646,0.476173
21033,0.664885,0.447872
21034,0.626540,0.479742
21035,0.662582,0.530492
21036,0.691817,0.573179
21037,0.639593,0.525927
21038,0.665374,0.562326
21039,0.687307,0.518840
21040,0.642041,0.553054
21041,0.661374,0.516016
21042,0.689246,0.559096
21043,0.711914,0.595052
21044,0.726534,0.552352
21045,0.738591,0.515413
21046,0.755939,0.558590
21047,0.770059,0.594632
21048,0.723314,0.549865
21049,0.740858,0.506418
21050,0.755189,0.469386
21051,0.709122,0.430901
21052,0.666205,0.398814
21053,0.627387,0.372196
21054,0.593025,0.350158
21055,0.535657,0.401420
21056,0.486078,0.446807
21057,0.444112,0.486128
21058,0.483017,0.529580
21059,0.441542,0.562872
21060,0.485563,0.525151
21061,0.450248,0.553519
21062,0.487728,0.521383
21063,0.519711,0.493917
21064,0.546781,0.470594
21065,0.569581,0.450865
21066,0.514681,0.401289
21067,0.484535,0.432274
21068,0.458991,0.459045
21069,0.486854,0.442335
21070,0.465120,0.465166
21071,0.488825,0.450924
21072,0.509018,0.438880
21073,0.451339,0.385232
21074,0.433070,0.411969
21075,0.458602,0.401964
21076,0.517758,0.466917
21077,0.539647,0.448316
21078,0.589138,0.507203
21079,0.557658,0.530872
21080,0.501586,0.476081
21081,0.453837,0.429906
21082,0.488010,0.405792
21083,0.460731,0.440311
21084,0.415621,0.396604
21085,0.393221,0.432316
21086,0.374525,0.463249
21087,0.408850,0.442370
21088,0.392712,0.468746
21089,0.351281,0.417082
21090,0.408411,0.473425
21091,0.386015,0.503863
21092,0.439396,0.552199
21093,0.476398,0.518629
21094,0.523215,0.564585
21095,0.562724,0.602825
21096,0.595711,0.634388
21097,0.623097,0.660349
21098,0.645781,0.681690
21099,0.674214,0.632682
21100,0.630662,0.585967
21101,0.591857,0.544967
21102,0.611780,0.573273
21103,0.578325,0.538250
21104,0.521632,0.582409
21105,0.472941,0.618960
21106,0.506493,0.641705
21107,0.460121,0.670924
21108,0.505519,0.621367
21109,0.540939,0.648145
21110,0.504692,0.603735
21111,0.473828,0.564559
21112,0.429462,0.604086
21113,0.477748,0.554960
21114,0.439931,0.588833
21115,0.407163,0.544084
21116,0.452684,0.501318
21117,0.492040,0.464927
21118,0.450773,0.426653
21119,0.490402,0.396650
21120,0.532973,0.444041
21121,0.494249,0.485872
21122,0.536228,0.527208
21123,0.497029,0.562657
21124,0.530809,0.523133
21125,0.559314,0.489288
21126,0.599861,0.535443
21127,0.623075,0.499787
21128,0.655691,0.544312
21129,0.614070,0.574265
21130,0.633562,0.537692
21131,0.667030,0.580559
21132,0.682525,0.543138
21133,0.628415,0.494078
21134,0.650547,0.461833
21135,0.678439,0.509287
21136,0.695980,0.474709
21137,0.710456,0.445494
21138,0.731843,0.495278
21139,0.681996,0.453619
21140,0.636009,0.418690
21141,0.586258,0.462835
21142,0.616418,0.430716
21143,0.641377,0.403855
21144,0.592009,0.368865
21145,0.548489,0.340155
21146,0.510877,0.316632
21147,0.466396,0.363553
21148,0.503492,0.412437
21149,0.460152,0.456118
21150,0.423755,0.493813
21151,0.393440,0.525926
21152,0.368293,0.553065
21153,0.418187,0.595856
21154,0.388816,0.618008
21155,0.436334,0.652488
21156,0.477702,0.680604
21157,0.513130,0.703522
21158,0.481043,0.655447
21159,0.453882,0.611868
21160,0.431002,0.573331
21161,0.460769,0.595535
21162,0.515970,0.541061
21163,0.487972,0.507215
21164,0.464226,0.478380
21165,0.489775,0.506132
21166,0.544422,0.454857
21167,0.516085,0.430663
21168,0.491910,0.410350
21169,0.546222,0.368821
21170,0.591588,0.334964
21171,0.539320,0.387773
21172,0.568717,0.429732
21173,0.519434,0.477969
21174,0.483787,0.444571
21175,0.453601,0.416559
21176,0.412136,0.466536
21177,0.460530,0.428891
21178,0.425100,0.471544
21179,0.469043,0.514141
21180,0.436202,0.475805
21181,0.473678,0.512021
21182,0.431223,0.554204
21183,0.469384,0.584404
21184,0.516161,0.536336
21185,0.548788,0.569453
21186,0.587821,0.523366
21187,0.541506,0.559141
21188,0.574863,0.519865
21189,0.529151,0.475526
21190,0.489117,0.512789
21191,0.530021,0.553969
21192,0.489859,0.585039
21193,0.525527,0.545923
21194,0.555655,0.512204
21195,0.580954,0.483442
21196,0.547361,0.510374
21197,0.494422,0.458370
21198,0.449476,0.414825
21199,0.420928,0.451496
21200,0.397063,0.483103
21201,0.377152,0.510085
21202,0.360545,0.532980
21203,0.346684,0.552336
21204,0.404875,0.601638
21205,0.383668,0.617416
21206,0.418870,0.586727
21207,0.474296,0.632168
21208,0.505424,0.599634
21209,0.552933,0.642675
21210,0.504611,0.585004
21211,0.538293,0.549573
21212,0.566662,0.519041
21213,0.532566,0.542176
21214,0.556756,0.516187
21215,0.527692,0.535873
21216,0.473477,0.477730
21217,0.448743,0.503229
21218,0.477449,0.481067
21219,0.531237,0.537144
21220,0.576442,0.584136
21221,0.540857,0.605043
21222,0.584448,0.643092
21223,0.547789,0.659832
21224,0.571972,0.622574
21225,0.592266,0.589704
21226,0.536003,0.531313
21227,0.504335,0.555690
21228,0.455772,0.501805
21229,0.503685,0.547391
21230,0.469547,0.575942
21231,0.503132,0.540316
21232,0.474106,0.564690
21233,0.524372,0.607633
21234,0.552773,0.571496
21235,0.594579,0.613240
21236,0.544903,0.560887
21237,0.501923,0.515246
21238,0.465343,0.476219
21239,0.509145,0.438279
21240,0.470528,0.479782
21241,0.507774,0.447463
21242,0.474941,0.482812
21243,0.447191,0.513009
21244,0.478695,0.485389
21245,0.505617,0.461975
21246,0.453645,0.413457
21247,0.430233,0.445864
21248,0.460567,0.426233
21249,0.515304,0.483730
21250,0.466463,0.437171
21251,0.499851,0.412088
21252,0.471481,0.446517
21253,0.447504,0.476204
21254,0.501791,0.529331
21255,0.530177,0.499567
21256,0.575931,0.549080
21257,0.613853,0.590453
21258,0.564680,0.541755
21259,0.595637,0.502741
21260,0.627417,0.544379
21261,0.652313,0.504987
21262,0.672845,0.471436
21263,0.622262,0.429708
21264,0.577597,0.468440
21265,0.531032,0.427204
21266,0.566106,0.473164
21267,0.521592,0.512678
21268,0.558184,0.551979
21269,0.592294,0.510730
21270,0.549518,0.544227
21271,0.504359,0.497912
21272,0.540746,0.462760
21273,0.571351,0.433156
21274,0.607983,0.482314
21275,0.560763,0.443088
21276,0.519706,0.410276
21277,0.551720,0.451567
21278,0.578609,0.487219
21279,0.527495,0.533651
21280,0.483547,0.572696
21281,0.448577,0.531758
21282,0.419233,0.496599
21283,0.394725,0.466727
21284,0.431181,0.497109
21285,0.462784,0.522960
21286,0.441401,0.497543
21287,0.394898,0.550749
21288,0.428159,0.572399
21289,0.410293,0.543178
21290,0.395289,0.518096
21291,0.382688,0.496700
21292,0.444425,0.440669
21293,0.473417,0.467570
21294,0.423808,0.524311
21295,0.382777,0.572109
21296,0.419993,0.594530
21297,0.473497,0.540199
21298,0.444746,0.506328
21299,0.420587,0.477480
21300,0.474014,0.430826
21301,0.432341,0.480854
21302,0.397633,0.523723
21303,0.368906,0.559913
21304,0.415748,0.594046
21305,0.383884,0.623560
21306,0.428982,0.651039
21307,0.468297,0.673640
21308,0.502047,0.692241
21309,0.547869,0.641907
21310,0.501740,0.665750
21311,0.465867,0.617415
21312,0.501479,0.642371
21313,0.531752,0.662999
21314,0.575671,0.611602
21315,0.600632,0.637565
21316,0.564458,0.595306
21317,0.533144,0.558212
21318,0.506311,0.526145
21319,0.558197,0.474727
21320,0.601366,0.431397
21321,0.549529,0.478513
21322,0.504560,0.518898
21323,0.541104,0.556482
21324,0.578228,0.513866
21325,0.609119,0.477458
21326,0.566645,0.511787
21327,0.519258,0.466036
21328,0.478670,0.427562
21329,0.441644,0.468994
21330,0.407921,0.430036
21331,0.450335,0.473636
21332,0.495830,0.436389
21333,0.459727,0.403784
21334,0.503878,0.373448
21335,0.466531,0.347224
21336,0.435062,0.325633
21337,0.397962,0.375140
21338,0.372375,0.348617
21339,0.412929,0.393244
21340,0.390851,0.370201
21341,0.354552,0.422050
21342,0.406808,0.388968
21343,0.375375,0.433592
21344,0.349447,0.472419
21345,0.324571,0.431146
21346,0.370925,0.476550
21347,0.342011,0.516095
21348,0.318315,0.549569
21349,0.298882,0.577686
21350,0.347495,0.615169
21351,0.391529,0.646006
21352,0.441382,0.602071
21353,0.410712,0.552629
21354,0.458180,0.512994
21355,0.424746,0.469938
21356,0.464430,0.511045
21357,0.424130,0.549256
21358,0.396243,0.507029
21359,0.363556,0.545872
21360,0.406618,0.580275
21361,0.372090,0.612161
21362,0.420367,0.568397
21363,0.389462,0.521972
21364,0.360527,0.556921
21365,0.336695,0.586205
21366,0.380573,0.548441
21367,0.431349,0.589897
21368,0.475721,0.624180
21369,0.513768,0.652387
21370,0.546001,0.675559
21371,0.585847,0.627555
21372,0.618875,0.584628
21373,0.646122,0.547073
21374,0.599098,0.497633
21375,0.557601,0.455607
21376,0.521660,0.420352
21377,0.549021,0.462238
21378,0.497559,0.506717
21379,0.528650,0.542737
21380,0.480147,0.580016
21381,0.513869,0.609607
21382,0.542446,0.634149
21383,0.566526,0.654481
21384,0.512638,0.682990
21385,0.541406,0.699091
21386,0.491034,0.721601
21387,0.535218,0.671842
21388,0.497883,0.624702
21389,0.455106,0.653311
21390,0.423799,0.608041
21391,0.461812,0.631482
21392,0.509719,0.580092
21393,0.542375,0.608268
21394,0.569859,0.631671
21395,0.592894,0.651092
21396,0.631599,0.597636
21397,0.579215,0.629545
21398,0.533187,0.655817
21399,0.567490,0.610812
21400,0.528221,0.633672
21401,0.569100,0.664434
21402,0.603144,0.689538
21403,0.630987,0.644645
21404,0.588022,0.663352
21405,0.622985,0.691309
21406,0.646211,0.649086
21407,0.605133,0.664922
21408,0.625290,0.627795
21409,0.659904,0.664768
21410,0.675957,0.627657
21411,0.621703,0.570017
21412,0.580534,0.593319
21413,0.604025,0.559623
21414,0.568619,0.579579
21415,0.588780,0.550747
21416,0.605689,0.525960
21417,0.619866,0.504786
21418,0.631759,0.486771
21419,0.602438,0.504068
21420,0.539618,0.444009
21421,0.559837,0.428942
21422,0.502486,0.379618
21423,0.476125,0.409647
21424,0.453816,0.435723
21425,0.479702,0.422966
21426,0.427315,0.372909
21427,0.383988,0.332360
21428,0.366121,0.366180
21429,0.351217,0.396018
21430,0.408837,0.458509
21431,0.372469,0.411257
21432,0.422271,0.464711
21433,0.392574,0.498761
21434,0.367933,0.527726
21435,0.347512,0.552207
21436,0.318662,0.498346
21437,0.295176,0.452544
21438,0.276028,0.414205
21439,0.261185,0.455273
21440,0.246083,0.416478
21441,0.234361,0.457246
21442,0.281215,0.503334
21443,0.325228,0.542495
21444,0.298899,0.577212
21445,0.349697,0.536145
21446,0.326367,0.565776
21447,0.307186,0.590605
21448,0.291386,0.611358
21449,0.278340,0.628690
21450,0.258197,0.571785
21451,0.307933,0.610071
21452,0.354097,0.641599
21453,0.404119,0.597920
21454,0.375780,0.548587
21455,0.418221,0.583531
21456,0.393798,0.541335
21457,0.430314,0.571186
21458,0.461977,0.596167
21459,0.414976,0.632670
21460,0.448726,0.652737
21461,0.502021,0.599981
21462,0.472503,0.558833
21463,0.501718,0.585302
21464,0.451725,0.622686
21465,0.501460,0.572704
21466,0.543751,0.528975
21467,0.579233,0.491425
21468,0.608776,0.459567
21469,0.561274,0.418445
21470,0.593842,0.392271
21471,0.548195,0.358982
21472,0.582942,0.338025
21473,0.538703,0.311564
21474,0.496158,0.355392
21475,0.458062,0.325715
21476,0.496734,0.376107
21477,0.529655,0.421209
21478,0.482709,0.467498
21479,0.525215,0.432873
21480,0.485301,0.472363
21481,0.526324,0.517588
21482,0.560937,0.555834
21483,0.589913,0.587847
21484,0.624389,0.541469
21485,0.647727,0.575851
21486,0.667029,0.604522
21487,0.626611,0.564612
21488,0.590780,0.529994
21489,0.559529,0.500327
21490,0.532580,0.475101
21491,0.550667,0.500278
21492,0.565937,0.521683
21493,0.578821,0.539818
21494,0.556137,0.518434
21495,0.492562,0.574639
21496,0.472945,0.548295
21497,0.419387,0.599364
21498,0.447763,0.614132
21499,0.505875,0.554120
21500,0.455553,0.597488
21501,0.413443,0.633215
21502,0.389000,0.592524
21503,0.426220,0.613993
21504,0.479065,0.559811
21505,0.449593,0.523610
21506,0.482202,0.550907
21507,0.457113,0.520073
21508,0.510597,0.468463
21509,0.538381,0.499508
21510,0.583227,0.451089
21511,0.532642,0.499582
21512,0.570926,0.458389
21513,0.529286,0.425210
21514,0.485700,0.471076
21515,0.450088,0.435839
21516,0.413714,0.480268
21517,0.384553,0.443556
21518,0.360393,0.412814
21519,0.331873,0.460307
21520,0.375924,0.500127
21521,0.344575,0.541097
21522,0.318941,0.575511
21523,0.297973,0.604211
21524,0.345124,0.636155
21525,0.387798,0.662407
21526,0.367151,0.616545
21527,0.404177,0.639439
21528,0.386324,0.599570
21529,0.347538,0.636406
21530,0.384166,0.655459
21531,0.441421,0.602033
21532,0.417179,0.561353
21533,0.450145,0.587067
21534,0.404693,0.624726
21535,0.457584,0.574216
21536,0.492986,0.603502
21537,0.523148,0.627834
21538,0.494038,0.588331
21539,0.444914,0.626231
21540,0.494932,0.575300
21541,0.462708,0.534612
21542,0.510187,0.489497
21543,0.468285,0.529433
21544,0.508659,0.491072
21545,0.468059,0.450213
21546,0.433857,0.415981
21547,0.405260,0.387495
21548,0.454268,0.357002
21549,0.419200,0.403916
21550,0.461098,0.377508
21551,0.497172,0.355612
21552,0.453041,0.326267
21553,0.497596,0.376298
21554,0.460052,0.350612
21555,0.423561,0.398732
21556,0.393170,0.441274
21557,0.440048,0.487718
21558,0.480789,0.527394
21559,0.440925,0.564202
21560,0.407609,0.594957
21561,0.452682,0.627030
21562,0.417408,0.651768
21563,0.461211,0.677340
21564,0.498948,0.698278
21565,0.456203,0.717144
21566,0.494662,0.733655
21567,0.537606,0.686481
21568,0.570000,0.708605
21569,0.605420,0.663244
21570,0.559608,0.680338
21571,0.593710,0.706017
21572,0.622015,0.726868
21573,0.650770,0.682668
21574,0.604295,0.696771
21575,0.557016,0.642905
21576,0.589979,0.600410
21577,0.617387,0.563032
21578,0.640118,0.530671
21579,0.658962,0.502948
21580,0.674596,0.479362
21581,0.636422,0.502506
21582,0.650148,0.482455
21583,0.661623,0.465454
21584,0.628721,0.485085
21585,0.567082,0.427329
21586,0.512920,0.379687
21587,0.557115,0.438108
21588,0.510983,0.397176
21589,0.548607,0.447317
21590,0.580172,0.490839
21591,0.606507,0.527968
21592,0.556126,0.566810
21593,0.590917,0.523780
21594,0.620491,0.561581
21595,0.644954,0.593177
21596,0.602978,0.552418
21597,0.566038,0.517187
21598,0.587879,0.544601
21599,0.628514,0.493117
21600,0.574913,0.537939
21601,0.536677,0.501173
21602,0.503815,0.469896
21603,0.550652,0.426532
21604,0.503243,0.474403
21605,0.537725,0.512095
21606,0.492168,0.553023
21607,0.453517,0.587278
21608,0.493343,0.545117
21609,0.535316,0.582966
21610,0.494341,0.538378
21611,0.534407,0.496179
21612,0.495190,0.532639
21613,0.529259,0.496752
21614,0.495911,0.527754
21615,0.524878,0.497239
21616,0.571041,0.546146
21617,0.521151,0.497654
21618,0.478371,0.456434
21619,0.443235,0.496192
21620,0.407675,0.455202
21621,0.378990,0.495137
21622,0.421274,0.461893
21623,0.396574,0.495866
21624,0.448522,0.542444
21625,0.485805,0.507224
21626,0.456201,0.536101
21627,0.487933,0.506140
21628,0.537604,0.555392
21629,0.579283,0.596454
21630,0.531980,0.547137
21631,0.567549,0.582272
21632,0.597258,0.611507
21633,0.629735,0.563891
21634,0.582963,0.595224
21635,0.537782,0.548583
21636,0.496176,0.582462
21637,0.532132,0.541332
21638,0.562448,0.505900
21639,0.527322,0.535154
21640,0.553158,0.505015
21641,0.574900,0.479359
21642,0.545232,0.504263
21643,0.519750,0.525419
21644,0.463617,0.468484
21645,0.416563,0.420669
21646,0.377696,0.381131
21647,0.428895,0.432411
21648,0.400032,0.472019
21649,0.439447,0.442451
21650,0.414709,0.476210
21651,0.467424,0.525843
21652,0.501787,0.493090
21653,0.547130,0.540142
21654,0.510931,0.568689
21655,0.480055,0.592607
21656,0.453921,0.612602
21657,0.483045,0.578968
21658,0.535661,0.622406
21659,0.485586,0.567279
21660,0.530326,0.604633
21661,0.487747,0.557284
21662,0.450967,0.590173
21663,0.415405,0.544640
21664,0.458884,0.502495
21665,0.496368,0.466620
21666,0.465030,0.502121
21667,0.422542,0.457442
21668,0.396734,0.494274
21669,0.434013,0.463801
21670,0.485946,0.512779
21671,0.518574,0.479481
21672,0.562719,0.526130
21673,0.589810,0.490837
21674,0.539296,0.447426
21675,0.495672,0.411121
21676,0.458566,0.453795
21677,0.496321,0.424230
21678,0.464758,0.460694
21679,0.496873,0.435458
21680,0.470031,0.466571
21681,0.497342,0.445054
21682,0.520575,0.426922
21683,0.497741,0.453244
21684,0.478335,0.475830
21685,0.461889,0.495111
21686,0.447973,0.511513
21687,0.436208,0.525437
21688,0.426263,0.537242
21689,0.492106,0.595454
21690,0.437197,0.531672
21691,0.419009,0.551346
21692,0.374101,0.493369
21693,0.337532,0.444167
21694,0.392345,0.494363
21695,0.432130,0.462300
21696,0.466671,0.435279
21697,0.496298,0.412603
21698,0.546494,0.467010
21699,0.571363,0.439239
21700,0.539551,0.471947
21701,0.586373,0.523080
21702,0.533638,0.476148
21703,0.562830,0.444857
21704,0.513215,0.405848
21705,0.553484,0.453076
21706,0.511233,0.419705
21707,0.545510,0.460082
21708,0.509549,0.431585
21709,0.538713,0.466050
21710,0.488647,0.516474
21711,0.458071,0.484396
21712,0.416148,0.532071
21713,0.381420,0.572173
21714,0.423918,0.600894
21715,0.460976,0.624781
21716,0.492835,0.644622
21717,0.541665,0.591033
21718,0.568476,0.616586
21719,0.516978,0.648626
21720,0.547703,0.669034
21721,0.573545,0.685898
21722,0.613651,0.633352
21723,0.646590,0.585986
21724,0.673548,0.544396
21725,0.695601,0.508527
21726,0.713670,0.477955
21727,0.668736,0.507248
21728,0.684879,0.481258
21729,0.698260,0.459240
21730,0.659225,0.484067
21731,0.671102,0.465333
21732,0.681028,0.449483
21733,0.712221,0.510737
21734,0.655821,0.457020
21735,0.673152,0.434506
21736,0.687523,0.415576
21737,0.699463,0.399676
21738,0.709404,0.386324
21739,0.717699,0.375108
21740,0.681053,0.402906
21741,0.620840,0.355735
21742,0.655843,0.417179
21743,0.672419,0.398016
21744,0.700168,0.454821
21745,0.658746,0.487083
21746,0.672802,0.461569
21747,0.684512,0.440034
21748,0.627201,0.393906
21749,0.575426,0.356099
21750,0.535489,0.394236
21751,0.564248,0.376721
21752,0.530179,0.409723
21753,0.554695,0.394613
21754,0.500908,0.351981
21755,0.529967,0.339893
21756,0.554516,0.329780
21757,0.575180,0.321305
21758,0.518613,0.288474
21759,0.489393,0.324192
21760,0.464604,0.356273
21761,0.490983,0.348784
21762,0.469899,0.376873
21763,0.526886,0.442572
21764,0.574837,0.500141
21765,0.596644,0.474314
21766,0.614888,0.452463
21767,0.653118,0.508641
21768,0.616073,0.534416
21769,0.631314,0.507345
21770,0.572745,0.454427
21771,0.539214,0.484217
21772,0.561955,0.461233
21773,0.581087,0.441822
21774,0.552737,0.467030
21775,0.601942,0.525302
21776,0.642243,0.574359
21777,0.586988,0.521512
21778,0.621836,0.563335
21779,0.650513,0.598213
21780,0.604140,0.553915
21781,0.629040,0.583783
21782,0.659111,0.535408
21783,0.615593,0.496893
21784,0.577056,0.464167
21785,0.598748,0.497359
21786,0.543978,0.544373
21787,0.496517,0.583754
21788,0.537408,0.537744
21789,0.571545,0.572576
21790,0.531813,0.532100
21791,0.497701,0.497338
21792,0.468709,0.467798
21793,0.423648,0.517598
21794,0.473393,0.472617
21795,0.509588,0.509326
21796,0.477378,0.476718
21797,0.508150,0.507927
21798,0.459409,0.554973
21799,0.492814,0.581018
21800,0.521271,0.602813
21801,0.545358,0.621026
21802,0.565671,0.636246
21803,0.582768,0.648973
21804,0.628218,0.589436
21805,0.665176,0.536604
21806,0.695092,0.490991
21807,0.719298,0.452309
21808,0.738925,0.419858
21809,0.695272,0.386359
21810,0.655139,0.358694
21811,0.598965,0.405724
21812,0.549012,0.447145
21813,0.510243,0.408983
21814,0.541698,0.455027
21815,0.493613,0.496764
21816,0.527629,0.536604
21817,0.569125,0.495589
21818,0.597253,0.535610
21819,0.558861,0.496251
21820,0.599329,0.455439
21821,0.560669,0.422444
21822,0.527200,0.394921
21823,0.476841,0.444355
21824,0.508981,0.484337
21825,0.555076,0.443749
21826,0.519661,0.412590
21827,0.472035,0.459716
21828,0.431915,0.500384
21829,0.398481,0.534968
21830,0.370776,0.564115
21831,0.342983,0.514495
21832,0.320918,0.546885
21833,0.298904,0.499668
21834,0.281482,0.534363
21835,0.267170,0.563607
21836,0.310763,0.529221
21837,0.285784,0.479372
21838,0.327958,0.450034
21839,0.382593,0.499796
21840,0.423159,0.467284
21841,0.458498,0.439854
21842,0.414722,0.398578
21843,0.391400,0.436448
21844,0.371954,0.469251
21845,0.337329,0.422972
21846,0.321853,0.457627
21847,0.376411,0.509000
21848,0.354248,0.538818
21849,0.394344,0.507650
21850,0.375110,0.533014
21851,0.339679,0.479673
21852,0.324361,0.509270
21853,0.311628,0.534385
21854,0.367623,0.582130
21855,0.418277,0.621571
21856,0.389560,0.641480
21857,0.430362,0.603911
21858,0.392479,0.548478
21859,0.432918,0.514626
21860,0.482165,0.560432
21861,0.517627,0.524893
21862,0.547644,0.494470
21863,0.589030,0.543483
21864,0.540532,0.495300
21865,0.575900,0.536987
21866,0.607809,0.497546
21867,0.562284,0.456606
21868,0.518091,0.496604
21869,0.478232,0.455811
21870,0.515379,0.497113
21871,0.556246,0.457422
21872,0.513073,0.497546
21873,0.547865,0.463784
21874,0.502708,0.423519
21875,0.539120,0.395715
21876,0.569759,0.372594
21877,0.533270,0.410997
21878,0.501957,0.444535
21879,0.528291,0.424123
21880,0.501663,0.452801
21881,0.479016,0.477433
21882,0.501414,0.459847
21883,0.482160,0.480815
21884,0.540691,0.540706
21885,0.515610,0.558417
21886,0.534609,0.534622
21887,0.475874,0.474903
21888,0.426407,0.424634
21889,0.479489,0.478663
21890,0.511986,0.450220
21891,0.557303,0.500748
21892,0.510188,0.457648
21893,0.544808,0.426180
21894,0.499457,0.390707
21895,0.460886,0.361422
21896,0.499538,0.406684
21897,0.466734,0.381351
21898,0.513756,0.349545
21899,0.471713,0.398614
21900,0.436265,0.442032
21901,0.406624,0.479675
21902,0.454799,0.525482
21903,0.422100,0.557459
21904,0.394822,0.584280
21905,0.433635,0.548900
21906,0.410227,0.571828
21907,0.443497,0.541602
21908,0.472193,0.515658
21909,0.526741,0.568107
21910,0.551160,0.538396
21911,0.571729,0.512917
21912,0.589022,0.491202
21913,0.530036,0.436330
21914,0.553939,0.418261
21915,0.499616,0.373399
21916,0.471060,0.406792
21917,0.446928,0.435883
21918,0.475393,0.420516
21919,0.499722,0.407573
21920,0.520408,0.396670
21921,0.499764,0.421186
21922,0.517349,0.411818
21923,0.499799,0.432853
21924,0.514748,0.424827
21925,0.574276,0.492291
21926,0.550720,0.510614
21927,0.530512,0.526167
21928,0.587352,0.583241
21929,0.599617,0.557919
21930,0.609946,0.536150
21931,0.545826,0.474475
21932,0.564647,0.455896
21933,0.612123,0.514906
21934,0.555035,0.462485
21935,0.595755,0.512671
21936,0.619607,0.480405
21937,0.639441,0.453096
21938,0.655937,0.430097
21939,0.600296,0.386999
21940,0.561796,0.422710
21941,0.511421,0.380927
21942,0.477811,0.417394
21943,0.435078,0.376563
21944,0.399474,0.343160
21945,0.444730,0.394475
21946,0.414229,0.365433
21947,0.388802,0.341486
21948,0.355596,0.390365
21949,0.335258,0.362042
21950,0.376284,0.406389
21951,0.342296,0.454740
21952,0.314612,0.496559
21953,0.364678,0.461500
21954,0.409721,0.431983
21955,0.384179,0.467257
21956,0.362953,0.497514
21957,0.415886,0.546990
21958,0.382681,0.497887
21959,0.426557,0.465116
21960,0.399762,0.498204
21961,0.377442,0.526352
21962,0.430382,0.572949
21963,0.402952,0.596205
21964,0.368595,0.542670
21965,0.340390,0.496326
21966,0.385477,0.461435
21967,0.363010,0.496877
21968,0.332609,0.452214
21969,0.382731,0.497346
21970,0.427441,0.535770
21971,0.473456,0.493545
21972,0.438277,0.455574
21973,0.482818,0.420201
21974,0.447461,0.462210
21975,0.492054,0.506585
21976,0.455243,0.542713
21977,0.498731,0.579907
21978,0.536788,0.537640
21979,0.568819,0.501258
21980,0.531285,0.532011
21981,0.499083,0.557970
21982,0.451778,0.505483
21983,0.499221,0.549336
21984,0.458976,0.504660
21985,0.424910,0.541454
21986,0.391789,0.497904
21987,0.436255,0.460400
21988,0.407616,0.498219
21989,0.456693,0.541176
21990,0.424696,0.572961
21991,0.471554,0.608334
21992,0.511815,0.637546
21993,0.550621,0.591576
21994,0.584234,0.623722
21995,0.539077,0.649060
21996,0.497288,0.600613
21997,0.536634,0.555440
21998,0.572187,0.590282
21999,0.601846,0.619216
22000,0.561478,0.576974
22001,0.586906,0.601876
22002,0.624827,0.550026
22003,0.585441,0.512821
22004,0.623623,0.467710
22005,0.654932,0.429748
22006,0.680539,0.398100
22007,0.699448,0.444153
22008,0.719667,0.410085
22009,0.736184,0.381776
22010,0.750520,0.429803
22011,0.763560,0.398146
22012,0.774267,0.371880
22013,0.727861,0.342715
22014,0.684027,0.318816
22015,0.630934,0.365628
22016,0.583104,0.407563
22017,0.538869,0.372006
22018,0.496300,0.413198
22019,0.534992,0.463794
22020,0.496855,0.426010
22021,0.454914,0.467980
22022,0.497327,0.436981
22023,0.461648,0.472773
22024,0.497728,0.446354
22025,0.542236,0.498538
22026,0.505255,0.529192
22027,0.535924,0.498758
22028,0.578804,0.547715
22029,0.530550,0.498944
22030,0.567139,0.540592
22031,0.599648,0.501158
22032,0.557164,0.534524
22033,0.594227,0.575405
22034,0.624925,0.609382
22035,0.650261,0.637464
22036,0.675667,0.590513
22037,0.695754,0.621881
22038,0.715824,0.576709
22039,0.669521,0.530689
22040,0.618990,0.565742
22041,0.573861,0.595042
22042,0.607813,0.628275
22043,0.634826,0.585114
22044,0.657146,0.547342
22045,0.675591,0.514783
22046,0.701199,0.561679
22047,0.651025,0.512566
22048,0.605515,0.470591
22049,0.637079,0.436036
22050,0.593098,0.401287
22051,0.617347,0.445548
22052,0.650280,0.409880
22053,0.608484,0.380866
22054,0.571632,0.356847
22055,0.612765,0.328938
22056,0.561004,0.377373
22057,0.522511,0.349718
22058,0.477129,0.396060
22059,0.519138,0.371162
22060,0.479888,0.341049
22061,0.441544,0.384546
22062,0.408924,0.352008
22063,0.381802,0.325379
22064,0.430852,0.306042
22065,0.473681,0.290122
22066,0.435776,0.269751
22067,0.477623,0.318522
22068,0.438777,0.366676
22069,0.406319,0.409860
22070,0.447888,0.385912
22071,0.420110,0.423148
22072,0.396883,0.455518
22073,0.450118,0.509153
22074,0.412001,0.462163
22075,0.384577,0.497086
22076,0.361823,0.526807
22077,0.342953,0.551929
22078,0.313815,0.498609
22079,0.365253,0.544184
22080,0.409752,0.508136
22081,0.376251,0.462724
22082,0.352004,0.498995
22083,0.331972,0.529848
22084,0.306039,0.481149
22085,0.355628,0.525380
22086,0.400419,0.562692
22087,0.448872,0.519992
22088,0.415042,0.553366
22089,0.386890,0.581372
22090,0.435349,0.618253
22091,0.477180,0.577570
22092,0.513013,0.542119
22093,0.468532,0.491472
22094,0.431085,0.448519
22095,0.399600,0.486674
22096,0.445867,0.531046
22097,0.485980,0.568407
22098,0.520238,0.599579
22099,0.549222,0.625466
22100,0.573606,0.646926
22101,0.594059,0.664716
22102,0.611194,0.679481
22103,0.651049,0.624417
22104,0.594954,0.654455
22105,0.545174,0.679062
22106,0.576492,0.699071
22107,0.611592,0.650736
22108,0.640559,0.607011
22109,0.594597,0.556985
22110,0.554145,0.513491
22111,0.593077,0.473673
22112,0.552821,0.436810
22113,0.518028,0.406001
22114,0.562965,0.373788
22115,0.526750,0.348998
22116,0.570262,0.323310
22117,0.596533,0.369006
22118,0.545608,0.418773
22119,0.501514,0.462461
22120,0.538796,0.430788
22121,0.495631,0.394634
22122,0.533823,0.368922
22123,0.570807,0.418370
22124,0.528761,0.387860
22125,0.485598,0.434347
22126,0.523856,0.478047
22127,0.562427,0.440769
22128,0.594156,0.483585
22129,0.625595,0.445422
22130,0.651521,0.413465
22131,0.603780,0.380764
22132,0.557709,0.424957
22133,0.514510,0.390268
22134,0.477593,0.361616
22135,0.437663,0.408010
22136,0.404326,0.448813
22137,0.374478,0.410053
22138,0.349827,0.377945
22139,0.323858,0.422472
22140,0.369363,0.469155
22141,0.409998,0.509298
22142,0.445556,0.543345
22143,0.497656,0.497487
22144,0.453671,0.536869
22145,0.498007,0.497864
22146,0.535745,0.464711
22147,0.492936,0.423783
22148,0.455553,0.463004
22149,0.424150,0.496726
22150,0.397921,0.525425
22151,0.376072,0.549695
22152,0.429338,0.595445
22153,0.402248,0.615271
22154,0.379674,0.631830
22155,0.432532,0.667987
22156,0.470711,0.630476
22157,0.517293,0.666890
22158,0.549909,0.629497
22159,0.577310,0.596422
22160,0.526590,0.537566
22161,0.557735,0.507997
22162,0.509664,0.457098
22163,0.549136,0.506798
22164,0.508215,0.463508
22165,0.548149,0.431217
22166,0.507368,0.395490
22167,0.466106,0.437924
22168,0.431372,0.474748
22169,0.471178,0.447160
22170,0.516290,0.498362
22171,0.550303,0.467100
22172,0.513848,0.498608
22173,0.542798,0.472023
22174,0.567188,0.449545
22175,0.513583,0.402461
22176,0.467722,0.363773
22177,0.429135,0.332199
22178,0.472554,0.383393
22179,0.435183,0.427143
22180,0.477777,0.474050
22181,0.519584,0.439618
22182,0.555864,0.484827
22183,0.516648,0.448605
22184,0.557867,0.412993
22185,0.514153,0.456272
22186,0.476798,0.493612
22187,0.512031,0.462805
22188,0.467045,0.420256
22189,0.435588,0.457978
22190,0.398382,0.416238
22191,0.372800,0.454495
22192,0.413291,0.428616
22193,0.448679,0.406916
22194,0.500545,0.461930
22195,0.531183,0.434861
22196,0.500463,0.467623
22197,0.526515,0.444544
22198,0.548551,0.425110
22199,0.492546,0.380052
22200,0.445033,0.343282
22201,0.479246,0.328290
22202,0.453225,0.365541
22203,0.505864,0.423471
22204,0.460209,0.384927
22205,0.421892,0.353244
22206,0.390027,0.327279
22207,0.363650,0.306004
22208,0.341850,0.288544
22209,0.392638,0.269721
22210,0.365809,0.255956
22211,0.408347,0.300140
22212,0.373254,0.352737
22213,0.414926,0.396604
22214,0.391613,0.373793
22215,0.372173,0.354832
22216,0.337499,0.409152
22217,0.376771,0.448141
22218,0.360478,0.422541
22219,0.346876,0.401099
22220,0.405311,0.362276
22221,0.457260,0.330613
22222,0.419245,0.382093
22223,0.463646,0.354435
22224,0.501875,0.331659
22225,0.459514,0.307963
22226,0.501594,0.355354
22227,0.465566,0.334431
22228,0.426883,0.385340
22229,0.470718,0.357787
22230,0.508364,0.335077
22231,0.540305,0.316351
22232,0.492617,0.292657
22233,0.534280,0.341863
22234,0.494793,0.389328
22235,0.461262,0.431434
22236,0.421236,0.394608
22237,0.461134,0.369444
22238,0.432895,0.410043
22239,0.466946,0.388313
22240,0.421793,0.352237
22241,0.398301,0.391549
22242,0.361674,0.354880
22243,0.331739,0.324980
22244,0.313697,0.367188
22245,0.298790,0.404771
22246,0.286444,0.437639
22247,0.264034,0.392669
22248,0.305628,0.374458
22249,0.294975,0.408374
22250,0.351048,0.466011
22251,0.332684,0.496228
22252,0.385692,0.545935
22253,0.427598,0.513422
22254,0.464079,0.485686
22255,0.421075,0.436752
22256,0.458439,0.413702
22257,0.416379,0.373741
22258,0.454371,0.355173
22259,0.428737,0.392034
22260,0.407240,0.424384
22261,0.439312,0.407827
22262,0.466989,0.393915
22263,0.523143,0.455091
22264,0.570473,0.508255
22265,0.593570,0.478563
22266,0.612886,0.453435
22267,0.650658,0.506836
22268,0.613022,0.535246
22269,0.556913,0.484507
22270,0.582236,0.455130
22271,0.529909,0.412730
22272,0.570077,0.461832
22273,0.603530,0.504198
22274,0.559674,0.467540
22275,0.521622,0.436637
22276,0.489061,0.410742
22277,0.443631,0.462306
22278,0.405713,0.506824
22279,0.374327,0.544607
22280,0.419590,0.505801
22281,0.465892,0.547570
22282,0.506052,0.508340
22283,0.470996,0.540469
22284,0.430596,0.492942
22285,0.396947,0.452610
22286,0.368768,0.493065
22287,0.416073,0.534542
22288,0.457574,0.569448
22289,0.419060,0.602916
22290,0.390646,0.558470
22291,0.359477,0.593797
22292,0.336729,0.550503
22293,0.386242,0.505683
22294,0.358799,0.468118
22295,0.402835,0.504830
22296,0.451777,0.461152
22297,0.494163,0.424462
22298,0.533831,0.467312
22299,0.492645,0.510296
22300,0.457693,0.546739
22301,0.502797,0.582978
22302,0.538874,0.540013
22303,0.502377,0.570713
22304,0.533061,0.534031
22305,0.558957,0.502544
22306,0.601705,0.550562
22307,0.622786,0.516691
22308,0.657165,0.562438
22309,0.673967,0.526897
22310,0.701214,0.570975
22311,0.649594,0.522869
22312,0.671902,0.485742
22313,0.622791,0.444679
22314,0.649839,0.413749
22315,0.673971,0.461118
22316,0.695420,0.427492
22317,0.713012,0.399415
22318,0.664154,0.366264
22319,0.687380,0.343730
22320,0.640613,0.317337
22321,0.598600,0.295784
22322,0.620418,0.342735
22323,0.566910,0.392376
22324,0.602914,0.365062
22325,0.629219,0.412858
22326,0.658132,0.382001
22327,0.613530,0.354495
22328,0.563833,0.401342
22329,0.596968,0.375325
22330,0.554340,0.415835
22331,0.591408,0.466793
22332,0.546240,0.428271
22333,0.503580,0.469684
22334,0.539335,0.438913
22335,0.494877,0.400543
22336,0.457124,0.368843
22337,0.499839,0.344632
22338,0.461314,0.319383
22339,0.428909,0.298718
22340,0.475553,0.280271
22341,0.439459,0.326205
22342,0.405359,0.301463
22343,0.377061,0.281297
22344,0.353643,0.264816
22345,0.325912,0.311810
22346,0.370085,0.361717
22347,0.350299,0.337843
22348,0.333874,0.318175
22349,0.388705,0.294842
22350,0.357299,0.343475
22351,0.335181,0.319227
22352,0.310231,0.365774
22353,0.358446,0.344404
22354,0.401858,0.326718
22355,0.451454,0.379774
22356,0.420114,0.421990
22357,0.393962,0.458820
22358,0.360323,0.416294
22359,0.409487,0.464975
22360,0.452793,0.506924
22361,0.416003,0.545057
22362,0.386753,0.502697
22363,0.362508,0.466637
22364,0.403276,0.502293
22365,0.455165,0.457744
22366,0.425652,0.427464
22367,0.474664,0.390785
22368,0.511331,0.432157
22369,0.542417,0.468109
22370,0.568593,0.498945
22371,0.609347,0.450357
22372,0.630578,0.483759
22373,0.593362,0.457765
22374,0.611707,0.486194
22375,0.579617,0.464076
22376,0.551789,0.445383
22377,0.567834,0.469450
22378,0.616972,0.415831
22379,0.656978,0.371723
22380,0.599938,0.428268
22381,0.634687,0.390286
22382,0.663174,0.358998
22383,0.615270,0.406322
22384,0.640112,0.379244
22385,0.590548,0.349255
22386,0.547227,0.393545
22387,0.577202,0.370758
22388,0.540176,0.409128
22389,0.491152,0.370428
22390,0.449577,0.338772
22391,0.492479,0.389165
22392,0.529057,0.433995
22393,0.559921,0.473001
22394,0.524707,0.443805
22395,0.494566,0.419282
22396,0.468968,0.398742
22397,0.522123,0.359655
22398,0.473614,0.413600
22399,0.432734,0.461201
22400,0.477566,0.426355
22401,0.442727,0.467003
22402,0.413538,0.501923
22403,0.462390,0.546774
22404,0.426302,0.501634
22405,0.396218,0.463215
22406,0.443518,0.426916
22407,0.410549,0.395251
22408,0.456044,0.365800
22409,0.498139,0.411804
22410,0.533964,0.452193
22411,0.489514,0.499241
22412,0.528882,0.459330
22413,0.487408,0.424927
22414,0.449747,0.469740
22415,0.489296,0.436054
22416,0.448241,0.400589
22417,0.413868,0.371227
22418,0.383052,0.417679
22419,0.357567,0.458382
22420,0.406401,0.504384
22421,0.376871,0.539460
22422,0.423545,0.578083
22423,0.391069,0.606935
22424,0.364193,0.630893
22425,0.412305,0.661341
22426,0.456701,0.618343
22427,0.495016,0.580244
22428,0.452817,0.527508
22429,0.491687,0.493803
22430,0.459861,0.523388
22431,0.492934,0.494732
22432,0.465861,0.519884
22433,0.493994,0.495522
22434,0.470970,0.516904
22435,0.494895,0.496194
22436,0.475317,0.514370
22437,0.458732,0.529791
22438,0.479014,0.512215
22439,0.464900,0.525331
22440,0.452946,0.536452
22441,0.396628,0.471040
22442,0.350764,0.416124
22443,0.411781,0.475376
22444,0.465956,0.526359
22445,0.499221,0.494757
22446,0.527514,0.467919
22447,0.551432,0.445245
22448,0.497076,0.399098
22449,0.525696,0.380620
22450,0.475086,0.343476
22451,0.507009,0.328742
22452,0.534109,0.316477
22453,0.505957,0.352790
22454,0.454166,0.316898
22455,0.410868,0.287994
22456,0.387870,0.327027
22457,0.368704,0.362230
22458,0.423831,0.422282
22459,0.398683,0.454912
22460,0.435117,0.433791
22461,0.393280,0.388477
22462,0.358885,0.351389
22463,0.338829,0.389771
22464,0.311487,0.352444
22465,0.361643,0.405877
22466,0.337557,0.373539
22467,0.381543,0.419731
22468,0.360529,0.391859
22469,0.343073,0.368702
22470,0.380575,0.407676
22471,0.365358,0.387669
22472,0.328706,0.443214
22473,0.299092,0.491629
22474,0.275166,0.532942
22475,0.316919,0.567470
22476,0.372085,0.522529
22477,0.412710,0.558733
22478,0.463866,0.514993
22479,0.507998,0.477605
22480,0.545440,0.446006
22481,0.506799,0.480961
22482,0.538654,0.454055
22483,0.505779,0.483815
22484,0.552575,0.535775
22485,0.504912,0.486241
22486,0.544735,0.530423
22487,0.578159,0.567634
22488,0.606030,0.598690
22489,0.556945,0.629803
22490,0.590506,0.584192
22491,0.548462,0.611036
22492,0.577166,0.571753
22493,0.601168,0.537615
22494,0.637488,0.582543
22495,0.667188,0.619713
22496,0.617702,0.570340
22497,0.644848,0.528738
22498,0.669922,0.567619
22499,0.691469,0.526388
22500,0.709156,0.491033
22501,0.728287,0.535897
22502,0.742230,0.499146
22503,0.698056,0.530527
22504,0.657337,0.557021
22505,0.601651,0.504970
22506,0.563095,0.535456
22507,0.603222,0.578568
22508,0.636292,0.614321
22509,0.588089,0.566937
22510,0.616664,0.597651
22511,0.568774,0.629240
22512,0.599672,0.583299
22513,0.625337,0.543043
22514,0.646616,0.508356
22515,0.594439,0.461752
22516,0.553190,0.497000
22517,0.591485,0.542324
22518,0.550618,0.571947
22519,0.578006,0.535999
22520,0.527299,0.486586
22521,0.566455,0.530614
22522,0.596983,0.493113
22523,0.549732,0.451210
22524,0.508815,0.416107
22525,0.473921,0.386909
22526,0.432901,0.434470
22527,0.398721,0.475905
22528,0.370411,0.511411
22529,0.417714,0.554289
22530,0.459187,0.590135
22531,0.420590,0.619002
22532,0.388511,0.642902
22533,0.433689,0.670957
22534,0.404792,0.622409
22535,0.443544,0.646945
22536,0.403270,0.673667
22537,0.370012,0.695534
22538,0.413037,0.714246
22539,0.461988,0.666539
22540,0.500322,0.690526
22541,0.532920,0.710144
22542,0.560421,0.726227
22543,0.583514,0.739452
22544,0.551427,0.696192
22545,0.523802,0.656429
22546,0.468908,0.688450
22547,0.422783,0.714334
22548,0.384576,0.735289
22549,0.434219,0.685475
22550,0.401398,0.704409
22551,0.443996,0.659752
22552,0.480891,0.619383
22553,0.452341,0.637115
22554,0.409749,0.581128
22555,0.374555,0.531774
22556,0.345634,0.489289
22557,0.392738,0.527018
22558,0.434451,0.558863
22559,0.408434,0.522971
22560,0.459796,0.475287
22561,0.496281,0.509703
22562,0.465806,0.478989
22563,0.496839,0.508248
22564,0.448445,0.556883
22565,0.497313,0.507011
22566,0.464069,0.473585
22567,0.436048,0.445347
22568,0.486635,0.403743
22569,0.520330,0.441584
22570,0.548838,0.474309
22571,0.517284,0.450283
22572,0.490343,0.430038
22573,0.439988,0.487117
22574,0.417550,0.461101
22575,0.448921,0.489049
22576,0.475920,0.512865
22577,0.424567,0.565315
22578,0.405660,0.535528
22579,0.463034,0.480846
22580,0.493839,0.509296
22581,0.520069,0.533439
22582,0.569314,0.479064
22583,0.610157,0.433183
22584,0.643722,0.395034
22585,0.671196,0.363565
22586,0.626525,0.340230
22587,0.657127,0.315197
22588,0.613896,0.296728
22589,0.646786,0.276969
22590,0.604674,0.262408
22591,0.567586,0.250426
22592,0.589338,0.293496
22593,0.607560,0.333306
22594,0.576164,0.321542
22595,0.548974,0.311716
22596,0.525624,0.303496
22597,0.466811,0.362734
22598,0.417472,0.416683
22599,0.398191,0.390941
22600,0.358200,0.441698
22601,0.394643,0.480795
22602,0.355308,0.525196
22603,0.323322,0.562653
22604,0.363573,0.595256
22605,0.418785,0.549703
22606,0.467432,0.510285
22607,0.430797,0.542286
22608,0.472306,0.508742
22609,0.515792,0.554923
22610,0.476454,0.507431
22611,0.443225,0.466923
22612,0.415363,0.432811
22613,0.392092,0.404295
22614,0.427867,0.442793
22615,0.385850,0.492635
22616,0.422411,0.526137
22617,0.476250,0.479668
22618,0.433901,0.522222
22619,0.472229,0.557454
22620,0.430537,0.592812
22621,0.402630,0.549502
22622,0.368720,0.586194
22623,0.411099,0.615114
22624,0.387685,0.573468
22625,0.353084,0.610425
22626,0.324822,0.640888
22627,0.301754,0.665927
22628,0.347481,0.688333
22629,0.398166,0.640946
22630,0.369210,0.662283
22631,0.413104,0.620708
22632,0.451564,0.583889
22633,0.410698,0.529633
22634,0.449474,0.496986
22635,0.482942,0.469246
22636,0.436864,0.423055
22637,0.398506,0.384791
22638,0.373832,0.424476
22639,0.424503,0.475302
22640,0.468904,0.518953
22641,0.507065,0.555855
22642,0.548383,0.512645
22643,0.506006,0.547532
22644,0.541161,0.510749
22645,0.579427,0.554151
22646,0.535009,0.509137
22647,0.496783,0.470729
22648,0.529771,0.507767
22649,0.557619,0.539198
22650,0.599010,0.491064
22651,0.633138,0.450244
22652,0.591075,0.418146
22653,0.554214,0.391387
22654,0.522390,0.369137
22655,0.569727,0.337319
22656,0.519035,0.388046
22657,0.475594,0.433212
22658,0.513622,0.478213
22659,0.545839,0.516774
22660,0.511579,0.481478
22661,0.464135,0.526431
22662,0.509843,0.484254
22663,0.548596,0.448557
22664,0.581097,0.418611
22665,0.534872,0.383309
22666,0.569101,0.430648
22667,0.529654,0.400304
22668,0.558840,0.440945
22669,0.598914,0.402398
22670,0.559900,0.377135
22671,0.510199,0.427506
22672,0.476179,0.398003
22673,0.434057,0.445890
22674,0.472581,0.487072
22675,0.505604,0.522237
22676,0.551487,0.477173
22677,0.589841,0.439130
22678,0.621622,0.407329
22679,0.576595,0.448189
22680,0.610479,0.495309
22681,0.565248,0.455917
22682,0.599571,0.421663
22683,0.628009,0.393115
22684,0.655460,0.441573
22685,0.609366,0.482732
22686,0.561353,0.443178
22687,0.593478,0.411266
22688,0.620180,0.384704
22689,0.642326,0.362649
22690,0.590578,0.331993
22691,0.549253,0.374213
22692,0.513560,0.411701
22693,0.483097,0.444411
22694,0.511526,0.424727
22695,0.560332,0.482133
22696,0.600954,0.531362
22697,0.623899,0.498290
22698,0.571584,0.451843
22699,0.599450,0.424137
22700,0.550033,0.385980
22701,0.510673,0.425824
22702,0.467716,0.387371
22703,0.434453,0.427044
22704,0.480526,0.477610
22705,0.518953,0.446218
22706,0.476659,0.407049
22707,0.441389,0.447109
22708,0.406268,0.407789
22709,0.377494,0.447753
22710,0.353689,0.482282
22711,0.334005,0.511779
22712,0.317713,0.536796
22713,0.371135,0.584204
22714,0.419228,0.623346
22715,0.388233,0.643147
22716,0.431177,0.605446
22717,0.478380,0.643708
22718,0.444086,0.660153
22719,0.415337,0.673836
22720,0.452418,0.637466
22721,0.410349,0.578532
22722,0.459521,0.617683
22723,0.423568,0.566906
22724,0.392234,0.596361
22725,0.438255,0.629215
22726,0.408000,0.582191
22727,0.382811,0.540973
22728,0.421552,0.570039
22729,0.473528,0.520512
22730,0.443459,0.484931
22731,0.418214,0.454793
22732,0.379172,0.503951
22733,0.347153,0.545712
22734,0.389524,0.577723
22735,0.355629,0.612030
22736,0.405665,0.566213
22737,0.448872,0.599983
22738,0.493843,0.555650
22739,0.457325,0.511145
22740,0.501092,0.472527
22741,0.463447,0.434847
22742,0.426465,0.477169
22743,0.468915,0.444533
22744,0.437369,0.480590
22745,0.473568,0.452799
22746,0.521470,0.503924
22747,0.487234,0.534703
22748,0.518252,0.503335
22749,0.469673,0.454670
22750,0.440800,0.488076
22751,0.416562,0.516567
22752,0.469777,0.564501
22753,0.503408,0.530870
22754,0.531983,0.502048
22755,0.556115,0.477532
22756,0.527196,0.501741
22757,0.472926,0.447526
22758,0.501725,0.427005
22759,0.476981,0.455351
22760,0.456032,0.479683
22761,0.406532,0.425992
22762,0.365861,0.381640
22763,0.402284,0.365056
22764,0.362390,0.329554
22765,0.416645,0.384506
22766,0.455058,0.362002
22767,0.414014,0.331836
22768,0.388596,0.374462
22769,0.439506,0.426802
22770,0.409841,0.466014
22771,0.458133,0.512329
22772,0.499846,0.551562
22773,0.535327,0.584431
22774,0.490596,0.616788
22775,0.455199,0.572152
22776,0.492007,0.599779
22777,0.448577,0.633449
22778,0.418927,0.591015
22779,0.467589,0.541153
22780,0.509481,0.498071
22781,0.547271,0.536308
22782,0.504653,0.572838
22783,0.543200,0.604360
22784,0.578305,0.558322
22785,0.607549,0.518352
22786,0.559724,0.474821
22787,0.592090,0.440884
22788,0.546191,0.404758
22789,0.578524,0.449686
22790,0.539294,0.418769
22791,0.492303,0.466343
22792,0.527265,0.505336
22793,0.493458,0.471379
22794,0.464757,0.442711
22795,0.494439,0.475665
22796,0.470030,0.451245
22797,0.495273,0.479311
22798,0.474517,0.458521
22799,0.531790,0.408448
22800,0.553119,0.439336
22801,0.600664,0.392621
22802,0.568060,0.375832
22803,0.511747,0.433496
22804,0.483218,0.410021
22805,0.509986,0.443379
22806,0.560433,0.398550
22807,0.528830,0.379107
22808,0.551438,0.413435
22809,0.598239,0.371040
22810,0.543765,0.426214
22811,0.509602,0.400966
22812,0.480479,0.379906
22813,0.508162,0.415512
22814,0.456810,0.470919
22815,0.487962,0.502490
22816,0.439822,0.550085
22817,0.399740,0.589866
22818,0.438682,0.615588
22819,0.472408,0.636960
22820,0.522601,0.584149
22821,0.476540,0.617244
22822,0.512341,0.643102
22823,0.542687,0.664452
22824,0.568243,0.682088
22825,0.609566,0.629844
22826,0.643519,0.582850
22827,0.663441,0.614669
22828,0.622946,0.570603
22829,0.587094,0.532216
22830,0.531648,0.573725
22831,0.558564,0.601013
22832,0.600547,0.551174
22833,0.563234,0.512056
22834,0.604407,0.468692
22835,0.553828,0.510248
22836,0.589109,0.473378
22837,0.618408,0.442250
22838,0.571245,0.403573
22839,0.527566,0.443893
22840,0.490077,0.478777
22841,0.533137,0.527080
22842,0.491566,0.481958
22843,0.453344,0.518558
22844,0.495605,0.559376
22845,0.460311,0.515776
22846,0.496264,0.550536
22847,0.541100,0.505397
22848,0.496825,0.542996
22849,0.459202,0.574591
22850,0.497301,0.536572
22851,0.465301,0.563534
22852,0.497706,0.531101
22853,0.545333,0.577680
22854,0.572535,0.543303
22855,0.538563,0.566177
22856,0.583598,0.610068
22857,0.548129,0.628626
22858,0.591540,0.663841
22859,0.627375,0.692423
22860,0.649032,0.650862
22861,0.666973,0.613603
22862,0.627748,0.629344
22863,0.662935,0.666659
22864,0.677910,0.630011
22865,0.690358,0.597616
22866,0.717593,0.640913
22867,0.677805,0.653896
22868,0.688405,0.620678
22869,0.630485,0.559905
22870,0.662347,0.603140
22871,0.688330,0.638690
22872,0.639387,0.588018
22873,0.595327,0.543381
22874,0.628866,0.500603
22875,0.586007,0.462040
22876,0.621187,0.426059
22877,0.650135,0.396064
22878,0.604898,0.365109
22879,0.636744,0.341052
22880,0.592980,0.316421
22881,0.544152,0.362350
22882,0.501931,0.403512
22883,0.540854,0.455022
22884,0.499107,0.491945
22885,0.538469,0.536599
22886,0.571572,0.574127
22887,0.606125,0.531944
22888,0.562772,0.488478
22889,0.516593,0.526465
22890,0.477084,0.558533
22891,0.439408,0.511266
22892,0.407906,0.470897
22893,0.375890,0.511518
22894,0.350525,0.471110
22895,0.329603,0.437038
22896,0.304868,0.482490
22897,0.349479,0.521184
22898,0.321068,0.559823
22899,0.297908,0.592123
22900,0.346029,0.550917
22901,0.394440,0.589345
22902,0.437328,0.621192
22903,0.483910,0.576387
22904,0.446651,0.603584
22905,0.489611,0.636861
22906,0.451450,0.658666
22907,0.493731,0.685141
22908,0.533552,0.640981
22909,0.492493,0.589252
22910,0.532504,0.548021
22911,0.493619,0.576090
22912,0.460609,0.599576
22913,0.494576,0.564816
22914,0.541354,0.608071
22915,0.569928,0.572221
22916,0.608479,0.614168
22917,0.640235,0.648563
22918,0.662574,0.607879
22919,0.687816,0.643419
22920,0.705488,0.603313
22921,0.661825,0.622858
22922,0.608862,0.567522
22923,0.561675,0.519063
22924,0.594495,0.482753
22925,0.624987,0.526843
22926,0.650157,0.564020
22927,0.670920,0.595081
22928,0.695672,0.548199
22929,0.651135,0.506814
22930,0.668798,0.541005
22931,0.629582,0.505792
22932,0.664619,0.460018
22933,0.625846,0.430379
22934,0.591545,0.405564
22935,0.561656,0.384838
22936,0.503701,0.439602
22937,0.454298,0.487393
22938,0.487072,0.523392
22939,0.461123,0.489284
22940,0.439226,0.460357
22941,0.393542,0.510615
22942,0.427424,0.541139
22943,0.456783,0.566853
22944,0.408035,0.608304
22945,0.367939,0.642374
22946,0.404994,0.662434
22947,0.365451,0.689510
22948,0.402802,0.705377
22949,0.457847,0.654067
22950,0.505514,0.607378
22951,0.539005,0.637780
22952,0.504687,0.591666
22953,0.550278,0.545097
22954,0.588408,0.504849
22955,0.620021,0.470569
22956,0.574944,0.429593
22957,0.602572,0.474975
22958,0.635699,0.439214
22959,0.662893,0.409291
22960,0.685198,0.384366
22961,0.639866,0.422660
22962,0.659507,0.401216
22963,0.606940,0.362372
22964,0.565112,0.400097
22965,0.517318,0.361457
22966,0.480671,0.399288
22967,0.440016,0.360796
22968,0.409568,0.398705
22969,0.448946,0.380807
22970,0.408968,0.343162
22971,0.383624,0.380393
22972,0.351375,0.342825
22973,0.324978,0.312351
22974,0.305541,0.352787
22975,0.284685,0.320425
22976,0.269356,0.360066
22977,0.252913,0.326326
22978,0.239469,0.298982
22979,0.284822,0.350664
22980,0.264837,0.395481
22981,0.313767,0.371987
22982,0.295706,0.410795
22983,0.280839,0.444700
22984,0.331389,0.498356
22985,0.377712,0.544042
22986,0.426384,0.508086
22987,0.395469,0.537463
22988,0.437300,0.506873
22989,0.410785,0.531860
22990,0.446627,0.505842
22991,0.498346,0.558424
22992,0.542380,0.602155
22993,0.579321,0.638114
22994,0.609316,0.597969
22995,0.562231,0.545402
22996,0.593335,0.583573
22997,0.619208,0.615267
22998,0.579594,0.571222
22999,0.545073,0.532846
23000,0.589406,0.485957
23001,0.553576,0.453098
23002,0.501821,0.499914
23003,0.457755,0.539742
23004,0.495112,0.574371
23005,0.526926,0.603256
23006,0.570375,0.554901
23007,0.606499,0.512927
23008,0.636331,0.477082
23009,0.660994,0.521567
23010,0.684721,0.484423
23011,0.704239,0.527802
23012,0.659085,0.486759
23013,0.607647,0.526816
23014,0.564719,0.485919
23015,0.591898,0.522800
23016,0.555097,0.488030
23017,0.597085,0.444621
23018,0.559609,0.415638
23019,0.527193,0.391445
23020,0.475928,0.443567
23021,0.448322,0.414757
23022,0.499530,0.379260
23023,0.468257,0.356019
23024,0.425167,0.406687
23025,0.462599,0.449230
23026,0.510909,0.411935
23027,0.551848,0.380994
23028,0.511988,0.353755
23029,0.544115,0.398305
23030,0.584377,0.365634
23031,0.544889,0.342843
23032,0.510853,0.324020
23033,0.463324,0.375812
23034,0.497801,0.419444
23035,0.452308,0.467232
23036,0.423731,0.433759
23037,0.386358,0.479633
23038,0.426892,0.518354
23039,0.388967,0.557424
23040,0.429180,0.589629
23041,0.479036,0.543488
23042,0.521784,0.503639
23043,0.482177,0.536990
23044,0.523469,0.577464
23045,0.559560,0.537900
23046,0.519952,0.565992
23047,0.475886,0.515519
23048,0.442228,0.547157
23049,0.405633,0.499305
23050,0.450833,0.540117
23051,0.415743,0.573865
23052,0.385158,0.528454
23053,0.359846,0.489451
23054,0.332355,0.531228
23055,0.309844,0.566420
23056,0.291389,0.595830
23057,0.340003,0.628823
23058,0.384210,0.655965
23059,0.423386,0.678270
23060,0.474782,0.629769
23061,0.518936,0.586330
23062,0.556263,0.548290
23063,0.513422,0.499123
23064,0.476827,0.457307
23065,0.445900,0.422208
23066,0.480299,0.463687
23067,0.528803,0.424938
23068,0.495098,0.395636
23069,0.466473,0.371296
23070,0.495834,0.410928
23071,0.471490,0.389917
23072,0.450900,0.372370
23073,0.475759,0.406003
23074,0.533081,0.363502
23075,0.506910,0.349001
23076,0.484629,0.336889
23077,0.465735,0.326759
23078,0.449750,0.318273
23079,0.436242,0.311154
23080,0.424834,0.305172
23081,0.373329,0.366644
23082,0.331654,0.422647
23083,0.364461,0.458931
23084,0.324517,0.508717
23085,0.383990,0.465070
23086,0.349070,0.507410
23087,0.400892,0.470296
23088,0.370596,0.506299
23089,0.345612,0.536864
23090,0.325020,0.562638
23091,0.308029,0.584288
23092,0.284718,0.528880
23093,0.271318,0.555917
23094,0.260244,0.578648
23095,0.311537,0.620323
23096,0.359175,0.654427
23097,0.402021,0.682232
23098,0.439685,0.704895
23099,0.490627,0.659572
23100,0.534124,0.618563
23101,0.570719,0.582297
23102,0.602574,0.623318
23103,0.560223,0.570130
23104,0.587532,0.605422
23105,0.551258,0.559719
23106,0.593859,0.515967
23107,0.556754,0.476023
23108,0.598411,0.438884
23109,0.621001,0.481771
23110,0.568199,0.522775
23111,0.595828,0.559219
23112,0.630260,0.515696
23113,0.588258,0.475593
23114,0.551490,0.441732
23115,0.500814,0.487477
23116,0.468962,0.451732
23117,0.516808,0.415181
23118,0.482530,0.385890
23119,0.439589,0.433311
23120,0.403762,0.474641
23121,0.448581,0.443221
23122,0.487376,0.416857
23123,0.445716,0.378979
23124,0.484915,0.357706
23125,0.453808,0.396564
23126,0.487176,0.378120
23127,0.440924,0.341452
23128,0.414933,0.379367
23129,0.466581,0.435780
23130,0.511097,0.485137
23131,0.474006,0.520099
23132,0.509433,0.487365
23133,0.552689,0.534473
23134,0.582265,0.499618
23135,0.606956,0.469981
23136,0.570101,0.499675
23137,0.538135,0.524926
23138,0.484986,0.471458
23139,0.532432,0.521192
23140,0.497850,0.550539
23141,0.452748,0.500795
23142,0.498173,0.542999
23143,0.536837,0.578418
23144,0.572923,0.534585
23145,0.531327,0.566808
23146,0.487432,0.519883
23147,0.525061,0.482136
23148,0.489317,0.516903
23149,0.533862,0.559525
23150,0.571332,0.595101
23151,0.602360,0.552078
23152,0.628111,0.514859
23153,0.649448,0.483076
23154,0.678198,0.531005
23155,0.628111,0.485613
23156,0.583206,0.447186
23157,0.616803,0.413642
23158,0.573230,0.382196
23159,0.535249,0.356210
23160,0.502623,0.334763
23161,0.549676,0.309368
23162,0.514971,0.292409
23163,0.467410,0.342481
23164,0.501895,0.389086
23165,0.531205,0.430400
23166,0.555959,0.466320
23167,0.526534,0.440733
23168,0.547620,0.471360
23169,0.565413,0.497572
23170,0.540511,0.475648
23171,0.593090,0.423541
23172,0.607792,0.453285
23173,0.650274,0.404996
23174,0.616593,0.387153
23175,0.587043,0.372218
23176,0.633415,0.333944
23177,0.574196,0.390715
23178,0.522053,0.441488
23179,0.488537,0.411609
23180,0.534976,0.377575
23181,0.499557,0.353493
23182,0.469439,0.333587
23183,0.518761,0.307217
23184,0.485736,0.291480
23185,0.441227,0.342540
23186,0.413744,0.320557
23187,0.377363,0.369224
23188,0.426478,0.345579
23189,0.469441,0.326059
23190,0.437381,0.367548
23191,0.410525,0.404456
23192,0.388103,0.436719
23193,0.369406,0.464582
23194,0.353813,0.488447
23195,0.319830,0.434164
23196,0.374731,0.490180
23197,0.353023,0.518704
23198,0.324060,0.468010
23199,0.306845,0.499833
23200,0.348668,0.472799
23201,0.403073,0.524750
23202,0.451334,0.568534
23203,0.417323,0.521042
23204,0.458597,0.558356
23205,0.494156,0.589579
23206,0.539643,0.542596
23207,0.495033,0.576371
23208,0.531999,0.609492
23209,0.570309,0.565097
23210,0.528671,0.519591
23211,0.485165,0.555385
23212,0.523134,0.590647
23213,0.555216,0.619919
23214,0.593562,0.572824
23215,0.625302,0.531690
23216,0.651470,0.496363
23217,0.673023,0.466349
23218,0.696710,0.515737
23219,0.716060,0.557515
23220,0.732419,0.518486
23221,0.684940,0.474128
23222,0.641242,0.436715
23223,0.671355,0.404188
23224,0.695900,0.377176
23225,0.715927,0.354794
23226,0.669599,0.326003
23227,0.627404,0.302513
23228,0.589913,0.283321
23229,0.629423,0.266969
23230,0.591690,0.251837
23231,0.537500,0.298216
23232,0.578182,0.283836
23233,0.531891,0.325758
23234,0.492076,0.363763
23235,0.452290,0.328284
23236,0.418984,0.366024
23237,0.386343,0.330116
23238,0.430968,0.385347
23239,0.402923,0.353998
23240,0.369068,0.397493
23241,0.341257,0.435814
23242,0.386760,0.486620
23243,0.427093,0.530065
23244,0.388987,0.563283
23245,0.357611,0.591090
23246,0.405202,0.553871
23247,0.450689,0.595559
23248,0.493435,0.557757
23249,0.532902,0.598778
23250,0.494420,0.549155
23251,0.453145,0.580446
23252,0.492807,0.614831
23253,0.534999,0.571818
23254,0.570495,0.534355
23255,0.526469,0.486473
23256,0.560032,0.529214
23257,0.522504,0.488502
23258,0.490388,0.453995
23259,0.538000,0.416028
23260,0.566433,0.457484
23261,0.516265,0.502941
23262,0.481812,0.466716
23263,0.513826,0.502500
23264,0.559254,0.458057
23265,0.597132,0.420771
23266,0.550431,0.464325
23267,0.508624,0.427325
23268,0.468057,0.470003
23269,0.508492,0.512782
23270,0.467945,0.549311
23271,0.507219,0.510866
23272,0.465693,0.467099
23273,0.505296,0.434614
23274,0.470827,0.472023
23275,0.504502,0.444333
23276,0.533106,0.421060
23277,0.578180,0.475262
23278,0.615524,0.521849
23279,0.566605,0.478968
23280,0.523936,0.442737
23281,0.481960,0.486487
23282,0.521238,0.526088
23283,0.559378,0.484800
23284,0.592003,0.524657
23285,0.619123,0.558309
23286,0.641611,0.586511
23287,0.660252,0.610051
23288,0.606868,0.644998
23289,0.559332,0.673550
23290,0.517254,0.630035
23291,0.556024,0.578262
23292,0.588722,0.606214
23293,0.542964,0.638370
23294,0.503460,0.664773
23295,0.536545,0.618468
23296,0.577316,0.648329
23297,0.531078,0.601230
23298,0.565865,0.627136
23299,0.600081,0.577593
23300,0.628430,0.534174
23301,0.651858,0.496829
23302,0.609846,0.529060
23303,0.644097,0.571805
23304,0.663664,0.533982
23305,0.690875,0.575913
23306,0.713017,0.610739
23307,0.727818,0.567868
23308,0.740017,0.530583
23309,0.689795,0.483052
23310,0.708746,0.451184
23311,0.660588,0.411530
23312,0.612042,0.451370
23313,0.568907,0.485752
23314,0.521866,0.440386
23315,0.481540,0.402563
23316,0.447430,0.371283
23317,0.410284,0.416089
23318,0.379477,0.455329
23319,0.425216,0.502995
23320,0.465162,0.543502
23321,0.510952,0.503136
23322,0.545216,0.543621
23323,0.574020,0.577607
23324,0.598122,0.605940
23325,0.545403,0.637843
23326,0.574177,0.660548
23327,0.598253,0.679288
23328,0.635081,0.627744
23329,0.665205,0.581466
23330,0.689804,0.540934
23331,0.709908,0.506028
23332,0.662914,0.459958
23333,0.620218,0.421298
23334,0.568286,0.462362
23335,0.529193,0.423305
23336,0.558144,0.467991
23337,0.508212,0.509290
23338,0.474669,0.469471
23339,0.506981,0.507896
23340,0.459554,0.548861
23341,0.419776,0.583190
23342,0.386745,0.611761
23343,0.431646,0.570894
23344,0.477051,0.608655
23345,0.515975,0.639778
23346,0.555253,0.595615
23347,0.513580,0.619692
23348,0.477987,0.639709
23349,0.522687,0.671506
23350,0.560427,0.697363
23351,0.591982,0.718407
23352,0.618231,0.735577
23353,0.640019,0.749633
23354,0.670344,0.702489
23355,0.695061,0.658658
23356,0.715229,0.619102
23357,0.668256,0.636157
23358,0.618404,0.579508
23359,0.645172,0.543617
23360,0.597659,0.493161
23361,0.555738,0.450342
23362,0.519445,0.414491
23363,0.472602,0.457689
23364,0.433130,0.494942
23365,0.402936,0.451842
23366,0.377828,0.415741
23367,0.346546,0.458776
23368,0.389499,0.502690
23369,0.440503,0.465154
23370,0.484913,0.433539
23371,0.449361,0.470367
23372,0.493824,0.518164
23373,0.456916,0.474804
23374,0.420432,0.512899
23375,0.463353,0.478579
23376,0.506787,0.524360
23377,0.543683,0.488323
23378,0.500250,0.445935
23379,0.463304,0.410489
23380,0.425766,0.453868
23381,0.394500,0.491326
23382,0.364873,0.448460
23383,0.410659,0.418364
23384,0.378207,0.383230
23385,0.422457,0.358916
23386,0.387959,0.330819
23387,0.362208,0.375139
23388,0.340919,0.414566
23389,0.323311,0.448984
23390,0.308725,0.478642
23391,0.296619,0.503979
23392,0.271867,0.450688
23393,0.324332,0.503382
23394,0.372764,0.548160
23395,0.416087,0.585645
23396,0.391188,0.540971
23397,0.442686,0.498523
23398,0.481016,0.537295
23399,0.439098,0.573215
23400,0.483861,0.531717
23401,0.522959,0.570597
23402,0.560972,0.529454
23403,0.592748,0.494142
23404,0.551898,0.525044
23405,0.579090,0.495020
23406,0.528252,0.446511
23407,0.484531,0.406028
23408,0.447527,0.372572
23409,0.486850,0.419860
23410,0.445649,0.464306
23411,0.485236,0.506288
23412,0.453751,0.469646
23413,0.413331,0.513428
23414,0.452595,0.549010
23415,0.500580,0.504543
23416,0.541394,0.466662
23417,0.574925,0.509371
23418,0.529363,0.546486
23419,0.490215,0.577649
23420,0.457016,0.603670
23421,0.491683,0.566150
23422,0.463438,0.588475
23423,0.514306,0.628605
23424,0.557353,0.661397
23425,0.593303,0.688114
23426,0.621487,0.644476
23427,0.573551,0.592092
23428,0.605103,0.551224
23429,0.631261,0.515911
23430,0.652911,0.485755
23431,0.670833,0.460195
23432,0.617756,0.413759
23433,0.575704,0.447939
23434,0.526981,0.403603
23435,0.485121,0.367089
23436,0.448143,0.407130
23437,0.491370,0.459336
23438,0.455878,0.420806
23439,0.418400,0.461962
23440,0.387252,0.497381
23441,0.430468,0.467651
23442,0.403706,0.497773
23443,0.368664,0.448598
23444,0.347162,0.481471
23445,0.398651,0.531114
23446,0.444305,0.572869
23447,0.409887,0.600110
23448,0.452605,0.562061
23449,0.423171,0.585413
23450,0.398566,0.604969
23451,0.450695,0.644117
23452,0.421572,0.659773
23453,0.458053,0.623466
23454,0.489435,0.591457
23455,0.516185,0.563614
23456,0.463997,0.503623
23457,0.513759,0.554153
23458,0.469383,0.503080
23459,0.437034,0.534432
23460,0.473967,0.502618
23461,0.521181,0.550359
23462,0.477866,0.502225
23463,0.516006,0.467994
23464,0.548296,0.439120
23465,0.501017,0.399159
23466,0.466231,0.438176
23467,0.500864,0.413959
23468,0.455465,0.374893
23469,0.500735,0.426663
23470,0.464375,0.466403
23471,0.433750,0.500541
23472,0.482052,0.546267
23473,0.448610,0.574892
23474,0.410706,0.525140
23475,0.456276,0.563791
23476,0.423874,0.521374
23477,0.396826,0.485051
23478,0.363349,0.529124
23479,0.335885,0.566259
23480,0.381216,0.598479
23481,0.421483,0.625225
23482,0.398497,0.584012
23483,0.361425,0.620724
23484,0.413389,0.571598
23485,0.454177,0.602230
23486,0.426174,0.560974
23487,0.402732,0.525208
23488,0.437121,0.551900
23489,0.393458,0.595267
23490,0.357609,0.631020
23491,0.397530,0.652016
23492,0.432594,0.669413
23493,0.389727,0.697142
23494,0.425786,0.710888
23495,0.384124,0.732759
23496,0.349976,0.750501
23497,0.401008,0.702110
23498,0.446191,0.657018
23499,0.415548,0.674534
23500,0.389996,0.689050
23501,0.440867,0.714930
23502,0.479953,0.673630
23503,0.524481,0.702467
23504,0.557693,0.662249
23505,0.520813,0.674852
23506,0.563917,0.705231
23507,0.591654,0.666664
23508,0.614787,0.632002
23509,0.634054,0.601410
23510,0.598052,0.612941
23511,0.541703,0.550029
23512,0.567478,0.522669
23513,0.608764,0.573757
23514,0.571284,0.593180
23515,0.611902,0.634743
23516,0.560706,0.579461
23517,0.590113,0.542330
23518,0.624202,0.584559
23519,0.647888,0.546747
23520,0.606186,0.572067
23521,0.569453,0.593300
23522,0.590640,0.561375
23523,0.559141,0.579564
23524,0.502905,0.521009
23525,0.475526,0.545553
23526,0.427974,0.491641
23527,0.479192,0.538750
23528,0.438660,0.492895
23529,0.478655,0.458102
23530,0.438209,0.419662
23531,0.481854,0.464364
23532,0.447403,0.431549
23533,0.484574,0.469695
23534,0.441594,0.516443
23535,0.412785,0.481230
23536,0.461932,0.439283
23537,0.500101,0.478092
23538,0.457709,0.523118
23539,0.500086,0.481375
23540,0.536129,0.446074
23541,0.500073,0.484166
23542,0.530725,0.454113
23543,0.574503,0.503333
23544,0.526125,0.460966
23545,0.559292,0.428330
23546,0.596019,0.474759
23547,0.623058,0.439899
23548,0.645460,0.410713
23549,0.664017,0.386382
23550,0.679405,0.366132
23551,0.624890,0.333329
23552,0.583797,0.373827
23553,0.606782,0.356821
23554,0.625958,0.342642
23555,0.641954,0.330807
23556,0.676488,0.389459
23557,0.621584,0.354605
23558,0.572263,0.326131
23559,0.530422,0.369681
23560,0.486860,0.338439
23561,0.449962,0.312936
23562,0.493292,0.295313
23563,0.455383,0.275187
23564,0.497941,0.261293
23565,0.459306,0.245419
23566,0.426829,0.232449
23567,0.392059,0.277845
23568,0.363327,0.320446
23569,0.407849,0.307486
23570,0.374492,0.281110
23571,0.350479,0.321482
23572,0.323870,0.292397
23573,0.304831,0.331800
23574,0.283811,0.300715
23575,0.266649,0.275647
23576,0.252591,0.255387
23577,0.238678,0.297669
23578,0.227273,0.336595
23579,0.273282,0.394208
23580,0.255564,0.431256
23581,0.241110,0.463380
23582,0.287250,0.441464
23583,0.337465,0.497393
23584,0.315947,0.450181
23585,0.294543,0.484749
23586,0.277561,0.439561
23587,0.260686,0.475626
23588,0.307229,0.448557
23589,0.350192,0.425781
23590,0.333780,0.456231
23591,0.304605,0.408421
23592,0.345327,0.389552
23593,0.381852,0.373767
23594,0.367328,0.405689
23595,0.426438,0.465386
23596,0.459553,0.442257
23597,0.512013,0.497165
23598,0.556442,0.543944
23599,0.510211,0.497590
23600,0.545586,0.462519
23601,0.575310,0.432984
23602,0.526512,0.394682
23603,0.484593,0.363093
23604,0.447748,0.407066
23605,0.486903,0.382803
23606,0.530385,0.434382
23607,0.563520,0.405555
23608,0.517284,0.371825
23609,0.554073,0.419454
23610,0.510729,0.463630
23611,0.473733,0.501663
23612,0.517234,0.543918
23613,0.554031,0.579367
23614,0.588706,0.535595
23615,0.544636,0.493038
23616,0.506589,0.456920
23617,0.548992,0.419781
23618,0.510324,0.390113
23619,0.477341,0.365510
23620,0.449448,0.345130
23621,0.480736,0.384901
23622,0.432868,0.439193
23623,0.483623,0.401678
23624,0.452247,0.375716
23625,0.425863,0.354190
23626,0.403757,0.336343
23627,0.436854,0.375060
23628,0.392116,0.431020
23629,0.426721,0.466554
23630,0.407897,0.441263
23631,0.392105,0.419998
23632,0.421464,0.450010
23633,0.446873,0.475818
23634,0.507687,0.423468
23635,0.484556,0.405576
23636,0.506534,0.434806
23637,0.486871,0.419472
23638,0.430997,0.480457
23639,0.384793,0.532829
23640,0.441244,0.483386
23641,0.490514,0.441576
23642,0.449993,0.485877
23643,0.417691,0.448932
23644,0.384476,0.492203
23645,0.358376,0.454261
23646,0.331811,0.496775
23647,0.378703,0.461092
23648,0.349588,0.422879
23649,0.396326,0.466910
23650,0.437638,0.504773
23651,0.411522,0.471862
23652,0.462927,0.429530
23653,0.424574,0.476075
23654,0.395015,0.441279
23655,0.435752,0.479660
23656,0.410394,0.450023
23657,0.372932,0.499532
23658,0.423606,0.457480
23659,0.468027,0.422184
23660,0.506217,0.392780
23661,0.547641,0.440485
23662,0.579601,0.408006
23663,0.540529,0.449345
23664,0.581177,0.495904
23665,0.607807,0.460709
23666,0.569170,0.496519
23667,0.535634,0.527000
23668,0.558899,0.497041
23669,0.603809,0.546419
23670,0.622739,0.513636
23671,0.588594,0.539488
23672,0.558870,0.561302
23673,0.606645,0.606957
23674,0.622715,0.573077
23675,0.661111,0.616641
23676,0.604900,0.562239
23677,0.638304,0.599652
23678,0.659718,0.558410
23679,0.608726,0.510852
23680,0.637084,0.549712
23681,0.592827,0.509224
23682,0.626366,0.467441
23683,0.650063,0.506839
23684,0.669644,0.540280
23685,0.695597,0.493866
23686,0.645791,0.534258
23687,0.599278,0.493692
23688,0.624924,0.529132
23689,0.655225,0.484323
23690,0.680036,0.446404
23691,0.700359,0.414639
23692,0.654945,0.454395
23693,0.672972,0.427246
23694,0.620188,0.388056
23695,0.577717,0.427142
23696,0.529166,0.387970
23697,0.562096,0.365982
23698,0.524799,0.404325
23699,0.478070,0.365921
23700,0.446304,0.404272
23701,0.419634,0.437837
23702,0.470873,0.492615
23703,0.440250,0.521872
23704,0.488719,0.568293
23705,0.455278,0.592525
23706,0.490411,0.558149
23707,0.520362,0.528472
23708,0.545714,0.503078
23709,0.591282,0.556229
23710,0.612032,0.526823
23711,0.577832,0.547850
23712,0.595677,0.522805
23713,0.610651,0.501421
23714,0.623218,0.483238
23715,0.594486,0.501208
23716,0.569536,0.516482
23717,0.548041,0.529442
23718,0.484496,0.465571
23719,0.430794,0.412074
23720,0.386344,0.368131
23721,0.368927,0.401946
23722,0.425601,0.460282
23723,0.475427,0.510804
23724,0.518207,0.553616
23725,0.553886,0.515382
23726,0.509594,0.470783
23727,0.471014,0.507807
23728,0.508155,0.475157
23729,0.550165,0.522352
23730,0.585343,0.562189
23731,0.541565,0.592920
23732,0.578168,0.625402
23733,0.535335,0.650137
23734,0.572963,0.676046
23735,0.530827,0.695656
23736,0.562141,0.651426
23737,0.588384,0.611622
23738,0.625364,0.647630
23739,0.575346,0.595323
23740,0.607191,0.626526
23741,0.564179,0.581300
23742,0.517541,0.614737
23743,0.477624,0.642344
23744,0.518653,0.667562
23745,0.555735,0.620592
23746,0.589875,0.649698
23747,0.620175,0.604563
23748,0.573980,0.556028
23749,0.533637,0.513875
23750,0.573440,0.472851
23751,0.533170,0.437131
23752,0.562549,0.476917
23753,0.587189,0.510987
23754,0.534464,0.555140
23755,0.563637,0.583550
23756,0.529307,0.546922
23757,0.574340,0.496690
23758,0.524919,0.539917
23759,0.482485,0.576218
23760,0.521373,0.607307
23761,0.554243,0.633075
23762,0.592114,0.583813
23763,0.550913,0.540813
23764,0.515311,0.503753
23765,0.559623,0.459855
23766,0.513016,0.503190
23767,0.550746,0.465857
23768,0.582382,0.434405
23769,0.543176,0.470966
23770,0.583613,0.518912
23771,0.544244,0.550124
23772,0.510320,0.576357
23773,0.556150,0.615620
23774,0.520533,0.636837
23775,0.564713,0.668265
23776,0.517456,0.617137
23777,0.477007,0.571486
23778,0.440132,0.605121
23779,0.409285,0.632961
23780,0.456541,0.659894
23781,0.422986,0.682048
23782,0.395000,0.700256
23783,0.434393,0.656722
23784,0.395102,0.603780
23785,0.444145,0.634463
23786,0.410469,0.588569
23787,0.379728,0.620978
23788,0.352579,0.576642
23789,0.397211,0.603399
23790,0.373656,0.565288
23791,0.341969,0.605684
23792,0.384189,0.627908
23793,0.436260,0.575223
23794,0.407764,0.536128
23795,0.456968,0.489430
23796,0.495691,0.524661
23797,0.463398,0.491016
23798,0.421980,0.537329
23799,0.387595,0.576226
23800,0.430748,0.605194
23801,0.477810,0.557009
23802,0.441031,0.589786
23803,0.484277,0.621208
23804,0.446466,0.647626
23805,0.488952,0.672712
23806,0.525215,0.693292
23807,0.565234,0.644825
23808,0.521438,0.666683
23809,0.558647,0.691452
23810,0.592168,0.646469
23811,0.549914,0.665049
23812,0.578592,0.625514
23813,0.615449,0.660628
23814,0.638635,0.621567
23815,0.657853,0.587054
23816,0.604773,0.530406
23817,0.557567,0.481571
23818,0.590568,0.451034
23819,0.621660,0.499794
23820,0.576237,0.533197
23821,0.536554,0.561368
23822,0.564942,0.528229
23823,0.588748,0.499851
23824,0.627629,0.550531
23825,0.575658,0.499873
23826,0.530077,0.456775
23827,0.565524,0.425452
23828,0.595150,0.399281
23829,0.555785,0.436503
23830,0.595567,0.488204
23831,0.547472,0.445947
23832,0.581510,0.489973
23833,0.540385,0.454005
23834,0.504968,0.423791
23835,0.474810,0.398540
23836,0.524117,0.363282
23837,0.491082,0.343031
23838,0.537912,0.314972
23839,0.502853,0.298941
23840,0.473017,0.285690
23841,0.427930,0.338303
23842,0.403276,0.318179
23843,0.438622,0.361182
23844,0.469179,0.399606
23845,0.421011,0.453956
23846,0.400130,0.426620
23847,0.432704,0.460832
23848,0.460868,0.490218
23849,0.485013,0.515257
23850,0.505596,0.536486
23851,0.487260,0.512970
23852,0.546534,0.456181
23853,0.522155,0.436374
23854,0.539586,0.462727
23855,0.479555,0.520611
23856,0.503437,0.543151
23857,0.448925,0.591487
23858,0.477275,0.609945
23859,0.531393,0.552926
23860,0.576869,0.503277
23861,0.526694,0.545034
23862,0.565482,0.502785
23863,0.596486,0.541673
23864,0.622257,0.574351
23865,0.652992,0.528043
23866,0.604504,0.563329
23867,0.631204,0.523844
23868,0.582620,0.479132
23869,0.539114,0.516084
23870,0.501633,0.547371
23871,0.544587,0.587758
23872,0.580609,0.621203
23873,0.611115,0.577768
23874,0.636388,0.539848
23875,0.657299,0.507232
23876,0.605661,0.459035
23877,0.563060,0.492897
23878,0.599744,0.540016
23879,0.553680,0.493963
23880,0.513754,0.454867
23881,0.545677,0.494868
23882,0.585836,0.454103
23883,0.619117,0.419909
23884,0.646564,0.391423
23885,0.601790,0.431760
23886,0.625597,0.407301
23887,0.574138,0.369707
23888,0.529049,0.338930
23889,0.490317,0.313789
23890,0.532319,0.295701
23891,0.493106,0.275859
23892,0.534680,0.261599
23893,0.568703,0.310160
23894,0.523366,0.358467
23895,0.484495,0.401966
23896,0.519865,0.378782
23897,0.561503,0.431056
23898,0.590873,0.403009
23899,0.615346,0.379650
23900,0.635704,0.360220
23901,0.581918,0.327970
23902,0.543205,0.368443
23903,0.495264,0.334657
23904,0.461890,0.374433
23905,0.508385,0.429445
23906,0.542441,0.403872
23907,0.571093,0.382533
23908,0.521245,0.347294
23909,0.485845,0.386921
23910,0.443314,0.350874
23911,0.407780,0.321501
23912,0.450967,0.305145
23913,0.488293,0.291616
23914,0.533139,0.344685
23915,0.564683,0.324278
23916,0.591100,0.307439
23917,0.540061,0.284133
23918,0.503309,0.327570
23919,0.546859,0.380967
23920,0.502813,0.351759
23921,0.465312,0.327766
23922,0.502391,0.372941
23923,0.459047,0.422978
23924,0.427546,0.393443
23925,0.391848,0.441071
23926,0.438294,0.409041
23927,0.478676,0.382399
23928,0.438558,0.351434
23929,0.478904,0.330158
23930,0.447701,0.372658
23931,0.408114,0.340249
23932,0.382614,0.381701
23933,0.361430,0.418371
23934,0.414291,0.472531
23935,0.454182,0.444374
23936,0.414427,0.402878
23937,0.387883,0.440770
23938,0.427064,0.417155
23939,0.387979,0.376993
23940,0.365919,0.414591
23941,0.334602,0.374888
23942,0.317064,0.412741
23943,0.369310,0.466399
23944,0.345728,0.500063
23945,0.388196,0.471427
23946,0.367678,0.500053
23947,0.404520,0.475706
23948,0.364828,0.425602
23949,0.347813,0.457106
23950,0.333648,0.484168
23951,0.321837,0.507249
23952,0.357100,0.486541
23953,0.417380,0.543820
23954,0.450221,0.517711
23955,0.404662,0.462414
23956,0.457649,0.515056
23957,0.418687,0.468035
23958,0.390708,0.502983
23959,0.430713,0.472820
23960,0.392133,0.428038
23961,0.368862,0.464128
23962,0.407913,0.438715
23963,0.369869,0.395997
23964,0.350530,0.432515
23965,0.404186,0.485292
23966,0.379023,0.517278
23967,0.358129,0.544366
23968,0.340780,0.567192
23969,0.378488,0.537738
23970,0.411759,0.512486
23971,0.440702,0.490966
23972,0.499202,0.547526
23973,0.474188,0.566916
23974,0.499322,0.540431
23975,0.552843,0.591690
23976,0.573879,0.561808
23977,0.591554,0.536041
23978,0.634841,0.588058
23979,0.649043,0.558663
23980,0.660912,0.533342
23981,0.627758,0.549928
23982,0.566420,0.489294
23983,0.609264,0.542478
23984,0.556549,0.490899
23985,0.519387,0.521954
23986,0.473299,0.473403
23987,0.441753,0.507075
23988,0.489470,0.552180
23989,0.525243,0.515867
23990,0.480700,0.469553
23991,0.517795,0.438800
23992,0.483592,0.474111
23993,0.529469,0.522702
23994,0.486052,0.477989
23995,0.450243,0.514939
23996,0.414005,0.471398
23997,0.383902,0.434702
23998,0.355415,0.477857
23999,0.400816,0.444409
24000,0.368699,0.407253
24001,0.344850,0.449034
24002,0.325169,0.485148
24003,0.376313,0.531487
24004,0.349645,0.487375
24005,0.325317,0.524819
24006,0.304172,0.481694
24007,0.349776,0.521101
24008,0.331062,0.484438
24009,0.315563,0.453391
24010,0.354830,0.486771
24011,0.411419,0.440537
24012,0.461503,0.402002
24013,0.498903,0.442368
24014,0.542112,0.403521
24015,0.499068,0.450953
24016,0.535819,0.417707
24017,0.573667,0.463251
24018,0.605191,0.502483
24019,0.562744,0.468748
24020,0.515763,0.514993
24021,0.475575,0.554131
24022,0.516369,0.586858
24023,0.554010,0.541048
24024,0.511390,0.499586
24025,0.549821,0.460055
24026,0.582044,0.426825
24027,0.608904,0.399079
24028,0.559101,0.365727
24029,0.589791,0.343461
24030,0.550301,0.385089
24031,0.576552,0.365697
24032,0.542796,0.401840
24033,0.490586,0.361740
24034,0.536401,0.416263
24035,0.574897,0.464336
24036,0.533563,0.503147
24037,0.563795,0.469672
24038,0.589134,0.441419
24039,0.554308,0.474212
24040,0.524267,0.502274
24041,0.498584,0.526121
24042,0.520631,0.501933
24043,0.573265,0.556114
24044,0.517539,0.501643
24045,0.562400,0.547753
24046,0.514910,0.501396
24047,0.478331,0.536802
24048,0.522196,0.575603
24049,0.481579,0.531298
24050,0.522011,0.489760
24051,0.481421,0.451788
24052,0.443958,0.494235
24053,0.412592,0.530405
24054,0.386467,0.560915
24055,0.425491,0.525853
24056,0.476801,0.570365
24057,0.511190,0.533997
24058,0.465493,0.485214
24059,0.509512,0.528910
24060,0.545496,0.491116
24061,0.582330,0.533909
24062,0.611855,0.495382
24063,0.636330,0.462658
24064,0.586175,0.421723
24065,0.615046,0.394795
24066,0.573452,0.433313
24067,0.537236,0.466718
24068,0.580420,0.517968
24069,0.605118,0.486590
24070,0.625702,0.459992
24071,0.642851,0.437555
24072,0.657148,0.418679
24073,0.599656,0.374391
24074,0.621151,0.359170
24075,0.639060,0.346451
24076,0.672667,0.405637
24077,0.699919,0.458277
24078,0.722030,0.503814
24079,0.678318,0.539371
24080,0.692402,0.503242
24081,0.638046,0.458630
24082,0.588819,0.421196
24083,0.618327,0.391507
24084,0.646851,0.438899
24085,0.600987,0.481300
24086,0.632576,0.522788
24087,0.586167,0.484103
24088,0.540360,0.526174
24089,0.573445,0.486486
24090,0.601072,0.452866
24091,0.562554,0.488513
24092,0.529190,0.518919
24093,0.478464,0.469819
24094,0.510293,0.441360
24095,0.537292,0.417461
24096,0.582976,0.471000
24097,0.620748,0.517089
24098,0.580978,0.550153
24099,0.619103,0.588587
24100,0.650413,0.620445
24101,0.676055,0.646742
24102,0.630256,0.672105
24103,0.651433,0.625753
24104,0.599544,0.576901
24105,0.625991,0.534180
24106,0.576842,0.490889
24107,0.533792,0.454174
24108,0.571284,0.418002
24109,0.528735,0.461018
24110,0.486011,0.423671
24111,0.524432,0.466846
24112,0.562773,0.429441
24113,0.520950,0.398220
24114,0.559851,0.367836
24115,0.518432,0.342774
24116,0.483003,0.322134
24117,0.453008,0.305116
24118,0.427769,0.291056
24119,0.480503,0.269021
24120,0.525719,0.251143
24121,0.489204,0.240552
24122,0.458241,0.231793
24123,0.416608,0.281003
24124,0.382109,0.327487
24125,0.353676,0.369900
24126,0.330288,0.407633
24127,0.311042,0.440606
24128,0.295178,0.469063
24129,0.346556,0.524257
24130,0.391786,0.496240
24131,0.368402,0.520623
24132,0.419833,0.571314
24133,0.465012,0.613297
24134,0.431695,0.560732
24135,0.477644,0.522987
24136,0.442296,0.476895
24137,0.407077,0.512669
24138,0.450502,0.555122
24139,0.488043,0.590608
24140,0.520076,0.620061
24141,0.564473,0.573132
24142,0.601443,0.532142
24143,0.554887,0.562286
24144,0.512437,0.513469
24145,0.546706,0.553019
24146,0.575504,0.586137
24147,0.525919,0.617971
24148,0.558057,0.644698
24149,0.522036,0.600801
24150,0.549410,0.623972
24151,0.572451,0.643236
24152,0.517842,0.674910
24153,0.561704,0.622699
24154,0.524546,0.579545
24155,0.477732,0.614864
24156,0.520869,0.567773
24157,0.557317,0.526721
24158,0.513752,0.482970
24159,0.476531,0.445959
24160,0.437028,0.489116
24161,0.404049,0.525952
24162,0.376670,0.557058
24163,0.425184,0.595877
24164,0.467627,0.627975
24165,0.436274,0.581776
24166,0.484024,0.536189
24167,0.445751,0.569683
24168,0.413700,0.597672
24169,0.387009,0.620980
24170,0.426441,0.583318
24171,0.460731,0.550503
24172,0.512016,0.596055
24173,0.466603,0.542968
24174,0.502907,0.507673
24175,0.458902,0.461689
24176,0.427976,0.497462
24177,0.475853,0.542270
24178,0.442202,0.572332
24179,0.479471,0.535953
24180,0.525629,0.579044
24181,0.557288,0.541758
24182,0.595612,0.583876
24183,0.627314,0.618762
24184,0.653437,0.647496
24185,0.677565,0.601865
24186,0.630593,0.553999
24187,0.658833,0.512811
24188,0.611720,0.545949
24189,0.569922,0.573811
24190,0.533566,0.597138
24191,0.502366,0.616631
24192,0.528543,0.582859
24193,0.576408,0.625951
24194,0.616029,0.661098
24195,0.636877,0.622108
24196,0.654206,0.587653
24197,0.668622,0.557660
24198,0.698874,0.605267
24199,0.710264,0.572946
24200,0.719742,0.544963
24201,0.727648,0.520945
24202,0.734257,0.500449
24203,0.678065,0.443062
24204,0.703471,0.500382
24205,0.653206,0.451544
24206,0.675748,0.500324
24207,0.694292,0.541819
24208,0.715888,0.502271
24209,0.730512,0.543462
24210,0.681209,0.576329
24211,0.633588,0.530248
24212,0.660988,0.490392
24213,0.615325,0.450901
24214,0.574808,0.417794
24215,0.612653,0.385214
24216,0.572464,0.358459
24217,0.537512,0.336383
24218,0.507496,0.318159
24219,0.481932,0.303093
24220,0.460271,0.290610
24221,0.484640,0.330103
24222,0.430862,0.387327
24223,0.412839,0.366613
24224,0.368983,0.420247
24225,0.425703,0.385857
24226,0.461055,0.428907
24227,0.417198,0.476256
24228,0.453697,0.514155
24229,0.485133,0.546259
24230,0.437290,0.586167
24231,0.397488,0.619241
24232,0.436555,0.644722
24233,0.396879,0.671148
24234,0.436024,0.691370
24235,0.486075,0.642380
24236,0.454043,0.595211
24237,0.488163,0.621955
24238,0.442528,0.651972
24239,0.478281,0.673306
24240,0.434245,0.697107
24241,0.471151,0.713961
24242,0.502786,0.727835
24243,0.550280,0.677496
24244,0.589975,0.631142
24245,0.615746,0.659872
24246,0.647777,0.615262
24247,0.674008,0.575722
24248,0.695486,0.541312
24249,0.648053,0.489864
24250,0.674234,0.460279
24251,0.628729,0.417154
24252,0.649829,0.466217
24253,0.597746,0.503926
24254,0.628444,0.471273
24255,0.583381,0.503337
24256,0.536613,0.455735
24257,0.496313,0.415866
24258,0.536935,0.389148
24259,0.571103,0.366942
24260,0.531411,0.405340
24261,0.497336,0.438936
24262,0.526709,0.419270
24263,0.572227,0.476512
24264,0.522708,0.431212
24265,0.486828,0.466958
24266,0.519306,0.441427
24267,0.563458,0.494268
24268,0.516412,0.450150
24269,0.476160,0.413229
24270,0.516901,0.384603
24271,0.554504,0.432523
24272,0.514368,0.401421
24273,0.554853,0.370323
24274,0.588723,0.344699
24275,0.546677,0.389074
24276,0.510382,0.428329
24277,0.479430,0.462441
24278,0.434210,0.417489
24279,0.482512,0.468058
24280,0.518743,0.436946
24281,0.474584,0.399212
24282,0.511998,0.373898
24283,0.553176,0.424019
24284,0.510199,0.392170
24285,0.470406,0.437744
24286,0.434056,0.403567
24287,0.401135,0.447722
24288,0.373824,0.485941
24289,0.351219,0.518576
24290,0.392106,0.488049
24291,0.356742,0.441072
24292,0.397010,0.415654
24293,0.377281,0.449846
24294,0.360823,0.479301
24295,0.347084,0.504459
24296,0.405415,0.557145
24297,0.457263,0.600984
24298,0.493623,0.565264
24299,0.449787,0.512031
24300,0.420266,0.541373
24301,0.469087,0.584412
24302,0.506642,0.547282
24303,0.548537,0.589322
24304,0.579954,0.551543
24305,0.532761,0.501747
24306,0.568123,0.543855
24307,0.597658,0.579184
24308,0.558004,0.537303
24309,0.583305,0.567463
24310,0.622014,0.518797
24311,0.570993,0.557441
24312,0.604294,0.515980
24313,0.560457,0.548885
24314,0.589012,0.513584
24315,0.551458,0.541589
24316,0.575884,0.511547
24317,0.522568,0.460515
24318,0.564640,0.509816
24319,0.519187,0.466418
24320,0.480270,0.429900
24321,0.447359,0.399433
24322,0.409238,0.446565
24323,0.377653,0.487432
24324,0.351592,0.447532
24325,0.395418,0.489316
24326,0.372795,0.455356
24327,0.425180,0.416701
24328,0.464508,0.457598
24329,0.423903,0.503530
24330,0.463403,0.538793
24331,0.422981,0.577374
24332,0.462605,0.606390
24333,0.509008,0.558308
24334,0.543048,0.590520
24335,0.581913,0.544423
24336,0.614185,0.504599
24337,0.641306,0.545524
24338,0.663676,0.579853
24339,0.688664,0.535144
24340,0.709080,0.496662
24341,0.662577,0.529886
24342,0.680763,0.497163
24343,0.695803,0.469356
24344,0.642673,0.423201
24345,0.594509,0.384965
24346,0.552047,0.353526
24347,0.506310,0.396908
24348,0.542174,0.446941
24349,0.572332,0.490374
24350,0.609148,0.452602
24351,0.567888,0.417576
24352,0.605472,0.386597
24353,0.630008,0.432611
24354,0.660174,0.399071
24355,0.611213,0.442623
24356,0.639341,0.488018
24357,0.664754,0.451964
24358,0.617699,0.415628
24359,0.646969,0.386078
24360,0.601760,0.356719
24361,0.561882,0.332573
24362,0.527324,0.312713
24363,0.497729,0.296352
24364,0.448433,0.347420
24365,0.407276,0.393835
24366,0.456125,0.369156
24367,0.423954,0.339272
24368,0.462679,0.388062
24369,0.435222,0.362032
24370,0.468261,0.404405
24371,0.422214,0.454731
24372,0.457038,0.492732
24373,0.508339,0.450303
24374,0.463457,0.493822
24375,0.507089,0.457719
24376,0.543771,0.501844
24377,0.500158,0.538896
24378,0.462372,0.495537
24379,0.425688,0.533563
24380,0.394561,0.490980
24381,0.440881,0.453705
24382,0.407193,0.418078
24383,0.377083,0.461605
24384,0.352205,0.499096
24385,0.401154,0.542199
24386,0.373331,0.499232
24387,0.415674,0.535893
24388,0.464992,0.492170
24389,0.432905,0.455678
24390,0.396703,0.499445
24391,0.438795,0.537159
24392,0.485919,0.494343
24393,0.522698,0.532843
24394,0.553783,0.565281
24395,0.519297,0.527927
24396,0.545765,0.555577
24397,0.590405,0.504480
24398,0.627241,0.460932
24399,0.577079,0.503808
24400,0.608817,0.466774
24401,0.635099,0.435564
24402,0.586422,0.398160
24403,0.615628,0.445145
24404,0.644927,0.411830
24405,0.599584,0.380539
24406,0.559618,0.354689
24407,0.525007,0.333358
24408,0.569922,0.308164
24409,0.595101,0.352733
24410,0.543172,0.404341
24411,0.498236,0.449988
24412,0.536722,0.418411
24413,0.498500,0.457451
24414,0.466008,0.491069
24415,0.424311,0.444955
24416,0.462898,0.418151
24417,0.421717,0.380385
24418,0.387527,0.349366
24419,0.433307,0.397779
24420,0.477750,0.368492
24421,0.517964,0.414824
24422,0.551984,0.455462
24423,0.589307,0.416295
24424,0.617131,0.456739
24425,0.640199,0.491594
24426,0.600075,0.463203
24427,0.636660,0.418585
24428,0.655863,0.454491
24429,0.616983,0.430626
24430,0.653359,0.388134
24431,0.682947,0.353281
24432,0.641259,0.334726
24433,0.673112,0.307049
24434,0.620980,0.358046
24435,0.645521,0.403270
24436,0.603400,0.378416
24437,0.552184,0.429221
24438,0.507716,0.473656
24439,0.469794,0.511785
24440,0.506559,0.477602
24441,0.537768,0.448697
24442,0.564075,0.424390
24443,0.586162,0.404009
24444,0.626928,0.460035
24445,0.573441,0.418126
24446,0.608545,0.466010
24447,0.562550,0.430233
24448,0.522556,0.400371
24449,0.478461,0.448066
24450,0.519177,0.415000
24451,0.478826,0.382910
24452,0.441576,0.427756
24453,0.484433,0.473617
24454,0.446289,0.513157
24455,0.414338,0.546656
24456,0.460859,0.585342
24457,0.426515,0.612799
24458,0.397856,0.635594
24459,0.374027,0.654507
24460,0.354237,0.670210
24461,0.392281,0.632527
24462,0.354479,0.575118
24463,0.408040,0.613396
24464,0.375311,0.563985
24465,0.419139,0.523076
24466,0.466781,0.562703
24467,0.431101,0.519619
24468,0.398166,0.557479
24469,0.443122,0.590670
24470,0.482113,0.618260
24471,0.440731,0.648335
24472,0.410756,0.603926
24473,0.458821,0.554771
24474,0.423917,0.588695
24475,0.464976,0.546607
24476,0.509822,0.584461
24477,0.545058,0.542927
24478,0.508349,0.571983
24479,0.463469,0.522507
24480,0.425752,0.480063
24481,0.394342,0.444186
24482,0.368302,0.414128
24483,0.417424,0.379762
24484,0.387322,0.426808
24485,0.362386,0.467903
24486,0.341752,0.503202
24487,0.324668,0.533195
24488,0.378065,0.577102
24489,0.425965,0.613515
24490,0.395774,0.565682
24491,0.436942,0.596955
24492,0.472655,0.622942
24493,0.428736,0.653368
24494,0.465579,0.674091
24495,0.514006,0.623795
24496,0.545569,0.649715
24497,0.586044,0.601824
24498,0.611914,0.631594
24499,0.561422,0.657260
24500,0.521751,0.609771
24501,0.487794,0.567659
24502,0.443739,0.604528
24503,0.406950,0.634975
24504,0.452122,0.589213
24505,0.416956,0.542541
24506,0.459269,0.576056
24507,0.495729,0.604017
24508,0.526770,0.627267
24509,0.496369,0.588773
24510,0.545382,0.535548
24511,0.571422,0.564253
24512,0.611762,0.514258
24513,0.573643,0.479930
24514,0.613592,0.437452
24515,0.646408,0.402030
24516,0.597022,0.446757
24517,0.625461,0.416426
24518,0.577998,0.381847
24519,0.536450,0.353354
24520,0.566448,0.399042
24521,0.530998,0.374331
24522,0.556574,0.413858
24523,0.600015,0.375840
24524,0.620855,0.415186
24525,0.638228,0.449524
24526,0.603292,0.427714
24527,0.572729,0.409391
24528,0.619097,0.366443
24529,0.561941,0.422746
24530,0.586102,0.458749
24531,0.625202,0.415526
24532,0.573389,0.464914
24533,0.527995,0.507483
24534,0.562506,0.470164
24535,0.517417,0.431789
24536,0.553617,0.400937
24537,0.588856,0.447811
24538,0.545274,0.489669
24539,0.575751,0.455594
24540,0.527610,0.416993
24541,0.489889,0.457946
24542,0.532753,0.503785
24543,0.494276,0.539090
24544,0.461605,0.568808
24545,0.508695,0.606632
24546,0.542200,0.566095
24547,0.581654,0.604389
24548,0.609169,0.564133
24549,0.632031,0.529216
24550,0.651011,0.499296
24551,0.666779,0.473860
24552,0.629475,0.499402
24553,0.596482,0.521120
24554,0.567722,0.539521
24555,0.508050,0.480315
24556,0.557662,0.533613
24557,0.598983,0.578367
24558,0.621737,0.542468
24559,0.640669,0.511587
24560,0.585989,0.461263
24561,0.547736,0.493341
24562,0.514753,0.520662
24563,0.486605,0.543794
24564,0.437866,0.488656
24565,0.488613,0.537251
24566,0.531975,0.578043
24567,0.493915,0.605131
24568,0.527189,0.566488
24569,0.555294,0.532973
24570,0.596892,0.578581
24571,0.547054,0.528038
24572,0.578246,0.492352
24573,0.613123,0.536926
24574,0.570430,0.568074
24575,0.533271,0.594142
24576,0.575788,0.630158
24577,0.528292,0.580286
24578,0.487479,0.536520
24579,0.527729,0.493839
24580,0.489356,0.531058
24581,0.523576,0.494763
24582,0.552502,0.463941
24583,0.593926,0.512624
24584,0.555825,0.544181
24585,0.505796,0.496216
24586,0.538000,0.462722
24587,0.579253,0.509122
24588,0.605742,0.473648
24589,0.639167,0.518440
24590,0.660390,0.481558
24591,0.619161,0.515676
24592,0.637673,0.484322
24593,0.653095,0.457759
24594,0.596272,0.412577
24595,0.559164,0.447771
24596,0.507865,0.404298
24597,0.475546,0.440580
24598,0.523021,0.492638
24599,0.479209,0.449427
24600,0.519572,0.493742
24601,0.557068,0.456666
24602,0.514389,0.420364
24603,0.477922,0.390156
24604,0.437562,0.437028
24605,0.477677,0.480096
24606,0.521636,0.442228
24607,0.484043,0.409094
24608,0.527042,0.378174
24609,0.486436,0.422491
24610,0.452039,0.461199
24611,0.497532,0.508581
24612,0.461403,0.541855
24613,0.430994,0.569858
24614,0.393770,0.519418
24615,0.441241,0.559487
24616,0.408525,0.590506
24617,0.449991,0.550631
24618,0.411746,0.502787
24619,0.380037,0.462045
24620,0.425036,0.427875
24621,0.471037,0.472983
24622,0.510795,0.437042
24623,0.475374,0.477029
24624,0.520216,0.521187
24625,0.483376,0.555235
24626,0.517186,0.518012
24627,0.560566,0.560891
24628,0.514610,0.515312
24629,0.551551,0.551829
24630,0.512420,0.513016
24631,0.479019,0.479883
24632,0.525581,0.436413
24633,0.482163,0.482898
24634,0.446963,0.447883
24635,0.484837,0.485462
24636,0.442447,0.530501
24637,0.480956,0.562314
24638,0.525839,0.514920
24639,0.558535,0.549207
24640,0.585943,0.578001
24641,0.608836,0.602073
24642,0.644543,0.549516
24643,0.673695,0.503908
24644,0.697470,0.465060
24645,0.716886,0.432351
24646,0.732782,0.404994
24647,0.745840,0.382188
24648,0.697230,0.348192
24649,0.652058,0.320448
24650,0.611343,0.297816
24651,0.558206,0.343479
24652,0.511915,0.384754
24653,0.472374,0.421219
24654,0.439016,0.452923
24655,0.411076,0.480184
24656,0.448092,0.459951
24657,0.498602,0.517596
24658,0.530680,0.491681
24659,0.498812,0.514958
24660,0.526087,0.492928
24661,0.474337,0.438038
24662,0.505287,0.419690
24663,0.478181,0.447257
24664,0.530079,0.506140
24665,0.573729,0.556121
24666,0.599262,0.524025
24667,0.562797,0.547759
24668,0.531242,0.567767
24669,0.553455,0.540629
24670,0.497682,0.482965
24671,0.525079,0.459699
24672,0.498030,0.485519
24673,0.446540,0.432939
24674,0.423921,0.462568
24675,0.404938,0.487971
24676,0.389020,0.509617
24677,0.375673,0.527992
24678,0.436347,0.582417
24679,0.415363,0.597551
24680,0.471331,0.641711
24681,0.519535,0.677476
24682,0.550432,0.640534
24683,0.516607,0.652686
24684,0.542908,0.620349
24685,0.490456,0.558786
24686,0.536497,0.602855
24687,0.575179,0.639073
24688,0.607368,0.668679
24689,0.634025,0.692846
24690,0.661687,0.647488
24691,0.682892,0.675549
24692,0.704787,0.631802
24693,0.722689,0.592796
24694,0.738786,0.630831
24695,0.752904,0.591940
24696,0.706300,0.538776
24697,0.662913,0.492832
24698,0.678276,0.532978
24699,0.705755,0.492191
24700,0.728001,0.457583
24701,0.685185,0.419080
24702,0.646097,0.387091
24703,0.611236,0.360635
24704,0.625190,0.403567
24705,0.594991,0.380667
24706,0.568733,0.361606
24707,0.546100,0.345738
24708,0.600352,0.313644
24709,0.539216,0.367687
24710,0.511471,0.345853
24711,0.562494,0.318466
24712,0.531429,0.301173
24713,0.504820,0.286903
24714,0.451899,0.338740
24715,0.504097,0.315635
24716,0.473617,0.295550
24717,0.428967,0.343203
24718,0.465196,0.392148
24719,0.421941,0.437406
24720,0.386067,0.476745
24721,0.356502,0.510431
24722,0.401727,0.554996
24723,0.369393,0.583090
24724,0.416165,0.546799
24725,0.388268,0.570808
24726,0.437024,0.612915
24727,0.405620,0.632365
24728,0.373961,0.577557
24729,0.419509,0.613256
24730,0.465561,0.571273
24731,0.505982,0.608062
24732,0.470714,0.560697
24733,0.505085,0.592255
24734,0.549912,0.545674
24735,0.578663,0.579721
24736,0.602698,0.608090
24737,0.638693,0.559541
24738,0.598622,0.518341
24739,0.618749,0.550677
24740,0.563672,0.589618
24741,0.589558,0.616069
24742,0.626602,0.566313
24743,0.656980,0.522901
24744,0.613544,0.481709
24745,0.562763,0.521653
24746,0.518495,0.555409
24747,0.555372,0.592345
24748,0.589745,0.550357
24749,0.619880,0.588143
24750,0.576513,0.542844
24751,0.528889,0.578099
24752,0.490552,0.534115
24753,0.458036,0.496280
24754,0.430664,0.464136
24755,0.407720,0.437036
24756,0.388525,0.414286
24757,0.350376,0.468694
24758,0.387774,0.501417
24759,0.349764,0.548205
24760,0.404156,0.501204
24761,0.443476,0.536063
24762,0.477485,0.565432
24763,0.526723,0.516034
24764,0.555618,0.548582
24765,0.596510,0.501528
24766,0.630266,0.461477
24767,0.582320,0.501299
24768,0.611437,0.467238
24769,0.641633,0.513196
24770,0.664932,0.477322
24771,0.684129,0.446997
24772,0.699970,0.421519
24773,0.648020,0.382042
24774,0.603503,0.420533
24775,0.626866,0.399210
24776,0.646274,0.381378
24777,0.592430,0.343566
24778,0.544790,0.312894
24779,0.504479,0.353218
24780,0.463240,0.320716
24781,0.503807,0.374213
24782,0.463411,0.416317
24783,0.428725,0.380347
24784,0.399769,0.350756
24785,0.367258,0.395510
24786,0.344012,0.363216
24787,0.318126,0.406593
24788,0.296965,0.444675
24789,0.343829,0.494661
24790,0.324641,0.452920
24791,0.376171,0.421126
24792,0.349180,0.459949
24793,0.325204,0.419073
24794,0.303804,0.458171
24795,0.284863,0.417592
24796,0.269335,0.383934
24797,0.256565,0.356161
24798,0.240800,0.402906
24799,0.227930,0.444114
24800,0.217378,0.479780
24801,0.262534,0.527271
24802,0.312414,0.492698
24803,0.293610,0.523186
24804,0.342176,0.568362
24805,0.318005,0.593605
24806,0.364497,0.630391
24807,0.406152,0.660528
24808,0.384022,0.611545
24809,0.419966,0.637794
24810,0.400920,0.595257
24811,0.360205,0.630109
24812,0.415472,0.581243
24813,0.453063,0.611540
24814,0.502455,0.564837
24815,0.469593,0.521418
24816,0.441856,0.484228
24817,0.492823,0.443459
24818,0.536304,0.409373
24819,0.493899,0.451883
24820,0.456027,0.414451
24821,0.420494,0.456300
24822,0.464191,0.501561
24823,0.432261,0.462829
24824,0.396048,0.504779
24825,0.366123,0.540408
24826,0.341040,0.495855
24827,0.320391,0.458009
24828,0.297368,0.500657
24829,0.342636,0.539143
24830,0.325001,0.500558
24831,0.310389,0.467738
24832,0.349497,0.500475
24833,0.316315,0.547396
24834,0.354838,0.574837
24835,0.320634,0.613401
24836,0.375624,0.563744
24837,0.416240,0.594331
24838,0.393663,0.554264
24839,0.447298,0.506153
24840,0.483219,0.539992
24841,0.455157,0.505230
24842,0.431520,0.475630
24843,0.461855,0.504446
24844,0.413743,0.554057
24845,0.467560,0.503779
24846,0.426478,0.545999
24847,0.465657,0.577581
24848,0.499317,0.603946
24849,0.527944,0.625897
24850,0.499419,0.588712
24851,0.448955,0.628557
24852,0.499506,0.575627
24853,0.467671,0.536716
24854,0.425147,0.577634
24855,0.463059,0.604693
24856,0.510892,0.554841
24857,0.468584,0.589355
24858,0.434636,0.545174
24859,0.399642,0.581297
24860,0.370669,0.611346
24861,0.417418,0.640811
24862,0.462584,0.595298
24863,0.427019,0.547866
24864,0.394734,0.581095
24865,0.365883,0.535492
24866,0.412408,0.494546
24867,0.458239,0.534634
24868,0.497791,0.568381
24869,0.464480,0.529452
24870,0.511054,0.483496
24871,0.544638,0.519384
24872,0.509396,0.485970
24873,0.537971,0.516479
24874,0.487396,0.562739
24875,0.457440,0.527642
24876,0.415114,0.572074
24877,0.380072,0.608976
24878,0.356306,0.567780
24879,0.397509,0.593043
24880,0.433738,0.614142
24881,0.412539,0.579342
24882,0.371305,0.621777
24883,0.407624,0.639239
24884,0.439327,0.653800
24885,0.466680,0.665956
24886,0.490096,0.676118
24887,0.546502,0.616595
24888,0.593581,0.563010
24889,0.560254,0.525940
24890,0.604939,0.478857
24891,0.623836,0.513790
24892,0.567995,0.556772
24893,0.592983,0.585865
24894,0.630095,0.536908
24895,0.660492,0.494688
24896,0.617375,0.456539
24897,0.650086,0.421148
24898,0.608083,0.389802
24899,0.571048,0.363846
24900,0.518335,0.412729
24901,0.485806,0.382823
24902,0.515586,0.425609
24903,0.562602,0.389677
24904,0.528142,0.364746
24905,0.478505,0.414583
24906,0.436608,0.458409
24907,0.475391,0.501676
24908,0.520813,0.463600
24909,0.479078,0.501425
24910,0.443809,0.533580
24911,0.408257,0.486010
24912,0.379455,0.520514
24913,0.355616,0.549702
24914,0.396976,0.517439
24915,0.361658,0.467433
24916,0.402333,0.440118
24917,0.381556,0.472307
24918,0.346063,0.425421
24919,0.329487,0.459643
24920,0.383787,0.511129
24921,0.360763,0.540532
24922,0.341679,0.565313
24923,0.394838,0.607809
24924,0.435992,0.571303
24925,0.471703,0.539633
24926,0.427810,0.486027
24927,0.475941,0.533708
24928,0.513204,0.499335
24929,0.544779,0.470109
24930,0.585381,0.520191
24931,0.611271,0.487813
24932,0.644092,0.535220
24933,0.664800,0.500626
24934,0.613633,0.455108
24935,0.570047,0.491194
24936,0.532097,0.521955
24937,0.499526,0.547980
24938,0.527293,0.518665
24939,0.499597,0.540818
24940,0.523205,0.515867
24941,0.574108,0.569146
24942,0.543270,0.587579
24943,0.488461,0.529522
24944,0.442040,0.479474
24945,0.415994,0.511879
24946,0.450672,0.482550
24947,0.480544,0.457706
24948,0.506053,0.436748
24949,0.558189,0.493390
24950,0.579466,0.466873
24951,0.549523,0.494382
24952,0.493124,0.443053
24953,0.445266,0.400317
24954,0.419852,0.437036
24955,0.472177,0.489121
24956,0.506281,0.458770
24957,0.460379,0.416540
24958,0.505339,0.464932
24959,0.468668,0.503389
24960,0.437746,0.536063
24961,0.399711,0.488954
24962,0.447008,0.530668
24963,0.488014,0.565814
24964,0.529752,0.521353
24965,0.490297,0.481277
24966,0.531685,0.443405
24967,0.566357,0.485774
24968,0.526943,0.451837
24969,0.493154,0.423326
24970,0.464471,0.399480
24971,0.440266,0.379574
24972,0.419908,0.362964
24973,0.376585,0.419941
24974,0.341222,0.470177
24975,0.312476,0.513400
24976,0.354418,0.549458
24977,0.323197,0.585543
24978,0.364093,0.615078
24979,0.331061,0.644222
24980,0.304222,0.668189
24981,0.346926,0.690974
24982,0.385307,0.709641
24983,0.348324,0.727896
24984,0.386548,0.742613
24985,0.369945,0.697702
24986,0.427400,0.645807
24987,0.477894,0.598758
24988,0.512848,0.629480
24989,0.481207,0.584251
24990,0.529259,0.537551
24991,0.484024,0.571803
24992,0.520523,0.605376
24993,0.561108,0.561145
24994,0.591415,0.596529
24995,0.552014,0.552046
24996,0.591932,0.508092
24997,0.617155,0.545446
24998,0.638115,0.576816
24999,0.585026,0.611814
25000,0.618247,0.565437
25001,0.574439,0.521662
25002,0.536231,0.484163
25003,0.563404,0.518416
25004,0.530811,0.486537
25005,0.479197,0.534373
25006,0.451377,0.500136
25007,0.502455,0.454390
25008,0.458634,0.500116
25009,0.427599,0.464152
25010,0.391511,0.508468
25011,0.361726,0.546060
25012,0.407150,0.581466
25013,0.447085,0.610930
25014,0.495151,0.563477
25015,0.461254,0.520873
25016,0.495878,0.554036
25017,0.541901,0.507606
25018,0.571013,0.542856
25019,0.535639,0.506465
25020,0.505273,0.475464
25021,0.530308,0.505496
25022,0.578819,0.456153
25023,0.599450,0.489004
25024,0.567151,0.462703
25025,0.584845,0.490653
25026,0.526048,0.543131
25027,0.475429,0.587042
25028,0.507346,0.609929
25029,0.479110,0.574195
25030,0.530051,0.519979
25031,0.498427,0.488537
25032,0.471547,0.461872
25033,0.448822,0.439372
25034,0.504199,0.394153
25035,0.476440,0.375861
25036,0.429052,0.432211
25037,0.462962,0.467276
25038,0.439581,0.442281
25039,0.419911,0.421258
25040,0.376030,0.477400
25041,0.431762,0.432914
25042,0.394014,0.480787
25043,0.434651,0.517624
25044,0.396405,0.558393
25045,0.444365,0.514982
25046,0.486000,0.477878
25047,0.527486,0.521296
25048,0.488099,0.481193
25049,0.448569,0.522063
25050,0.415453,0.556594
25051,0.461021,0.592682
25052,0.427943,0.548162
25053,0.473983,0.504701
25054,0.438633,0.540973
25055,0.404069,0.496974
25056,0.375263,0.534443
25057,0.347452,0.491393
25058,0.393475,0.454449
25059,0.441342,0.497814
25060,0.483052,0.459868
25061,0.518716,0.427959
25062,0.485593,0.465868
25063,0.457526,0.498421
25064,0.508482,0.545813
25065,0.551698,0.585488
25066,0.587852,0.618380
25067,0.543987,0.572863
25068,0.580424,0.527542
25069,0.537532,0.487380
25070,0.500605,0.453350
25071,0.531919,0.489272
25072,0.483621,0.535174
25073,0.442773,0.573757
25074,0.482597,0.603433
25075,0.441913,0.634743
25076,0.407913,0.660500
25077,0.379677,0.681677
25078,0.427639,0.703849
25079,0.469544,0.721972
25080,0.505527,0.736829
25081,0.536083,0.749049
25082,0.561853,0.759135
25083,0.530686,0.716977
25084,0.552650,0.726264
25085,0.599759,0.671516
25086,0.617672,0.688573
25087,0.655610,0.636476
25088,0.686389,0.589464
25089,0.711333,0.548138
25090,0.660562,0.576272
25091,0.682782,0.540952
25092,0.701040,0.510589
25093,0.716075,0.484710
25094,0.673579,0.509001
25095,0.619238,0.454778
25096,0.641970,0.433056
25097,0.671145,0.488952
25098,0.627940,0.517747
25099,0.647110,0.490608
25100,0.593122,0.440376
25101,0.626073,0.492017
25102,0.582526,0.524059
25103,0.607805,0.493214
25104,0.570325,0.520454
25105,0.610995,0.568793
25106,0.631975,0.535622
25107,0.594783,0.558577
25108,0.562271,0.577897
25109,0.506551,0.520262
25110,0.533862,0.491757
25111,0.556924,0.467563
25112,0.528795,0.492993
25113,0.473621,0.439938
25114,0.427172,0.395850
25115,0.403772,0.431200
25116,0.384216,0.461824
25117,0.417923,0.441417
25118,0.401087,0.467533
25119,0.358562,0.415690
25120,0.415616,0.472392
25121,0.466027,0.521216
25122,0.428083,0.476527
25123,0.396466,0.438807
25124,0.438753,0.480044
25125,0.401712,0.522708
25126,0.447867,0.483035
25127,0.490355,0.524268
25128,0.530488,0.484362
25129,0.491801,0.520632
25130,0.451104,0.476505
25131,0.491222,0.442799
25132,0.533256,0.488700
25133,0.492538,0.451320
25134,0.457985,0.419957
25135,0.503432,0.385554
25136,0.467193,0.360197
25137,0.428412,0.409337
25138,0.398503,0.379876
25139,0.367006,0.426795
25140,0.411334,0.470892
25141,0.459260,0.434148
25142,0.498829,0.477248
25143,0.465350,0.443936
25144,0.511788,0.406752
25145,0.545375,0.448488
25146,0.499154,0.494801
25147,0.459846,0.534269
25148,0.426803,0.567502
25149,0.392499,0.521458
25150,0.437659,0.557474
25151,0.403129,0.592184
25152,0.446933,0.548913
25153,0.491607,0.585663
25154,0.454871,0.614635
25155,0.498419,0.644318
25156,0.460621,0.667480
25157,0.498656,0.623641
25158,0.531016,0.584681
25159,0.498858,0.605701
25160,0.526373,0.572171
25161,0.474827,0.516216
25162,0.447630,0.543125
25163,0.499175,0.587866
25164,0.530285,0.552318
25165,0.481805,0.500470
25166,0.450932,0.531195
25167,0.484533,0.500399
25168,0.438531,0.451701
25169,0.412751,0.485033
25170,0.447678,0.458910
25171,0.477792,0.436877
25172,0.455481,0.465052
25173,0.407199,0.415016
25174,0.462131,0.470281
25175,0.495194,0.443146
25176,0.448542,0.401033
25177,0.495915,0.451616
25178,0.536273,0.495456
25179,0.496528,0.458838
25180,0.537618,0.421785
25181,0.497677,0.391677
25182,0.463731,0.366708
25183,0.423628,0.416648
25184,0.395672,0.387412
25185,0.363151,0.434968
25186,0.406328,0.477647
25187,0.444233,0.514207
25188,0.420118,0.480996
25189,0.379799,0.527718
25190,0.417440,0.558569
25191,0.450227,0.584450
25192,0.429645,0.549847
25193,0.412337,0.520036
25194,0.440088,0.542409
25195,0.499708,0.486609
25196,0.550459,0.439386
25197,0.592827,0.400058
25198,0.615892,0.439657
25199,0.650062,0.400283
25200,0.599006,0.448639
25201,0.556364,0.416351
25202,0.519426,0.389448
25203,0.547966,0.428712
25204,0.590512,0.389608
25205,0.540806,0.439291
25206,0.497866,0.482542
25207,0.536226,0.523125
25208,0.572668,0.482664
25209,0.529513,0.444895
25210,0.492456,0.413267
25211,0.450280,0.460021
25212,0.419299,0.425907
25213,0.384709,0.470998
25214,0.356183,0.509731
25215,0.402280,0.550151
25216,0.442905,0.584016
25217,0.490856,0.539066
25218,0.456933,0.497098
25219,0.417975,0.536293
25220,0.458662,0.572028
25221,0.430104,0.530864
25222,0.480067,0.486656
25223,0.448096,0.451421
25224,0.483055,0.488657
25225,0.438234,0.533527
25226,0.411532,0.496762
25227,0.462435,0.453674
25228,0.499002,0.491804
25229,0.455265,0.535450
25230,0.418597,0.572153
25231,0.461257,0.603659
25232,0.423599,0.633450
25233,0.392255,0.658004
25234,0.363128,0.609609
25235,0.338012,0.638357
25236,0.317353,0.662046
25237,0.300337,0.681567
25238,0.351270,0.705071
25239,0.328260,0.720479
25240,0.376770,0.739010
25241,0.352366,0.691003
25242,0.394655,0.707796
25243,0.373470,0.664651
25244,0.427149,0.611114
25245,0.465118,0.635230
25246,0.512630,0.584685
25247,0.545179,0.613311
25248,0.584907,0.565272
25249,0.617850,0.523413
25250,0.572365,0.555569
25251,0.527065,0.508313
25252,0.486949,0.542845
25253,0.452961,0.571890
25254,0.498815,0.609695
25255,0.534841,0.569308
25256,0.565195,0.534214
25257,0.603161,0.578449
25258,0.555503,0.529095
25259,0.514138,0.486652
25260,0.553583,0.449927
25261,0.512488,0.414500
25262,0.477402,0.385053
25263,0.447739,0.360659
25264,0.406878,0.410669
25265,0.373109,0.454726
25266,0.415903,0.498245
25267,0.453331,0.535283
25268,0.428329,0.498508
25269,0.387190,0.542100
25270,0.353422,0.578678
25271,0.333974,0.535843
25272,0.374390,0.567031
25273,0.340040,0.603980
25274,0.392596,0.557072
25275,0.434467,0.590350
25276,0.397284,0.621258
25277,0.371894,0.575652
25278,0.412346,0.603641
25279,0.375211,0.636269
25280,0.415268,0.658712
25281,0.393306,0.616644
25282,0.374967,0.579429
25283,0.338850,0.619815
25284,0.377010,0.639308
25285,0.433359,0.585022
25286,0.394862,0.619284
25287,0.434904,0.643803
25288,0.484284,0.594235
25289,0.526539,0.550490
25290,0.561327,0.586771
25291,0.522564,0.542957
25292,0.552201,0.573963
25293,0.593094,0.526214
25294,0.554505,0.488335
25295,0.595005,0.447497
25296,0.556169,0.415890
25297,0.506747,0.462766
25298,0.547800,0.428318
25299,0.507964,0.394883
25300,0.474004,0.367204
25301,0.432190,0.414834
25302,0.397370,0.456650
25303,0.368554,0.492705
25304,0.415296,0.537987
25305,0.456299,0.576018
25306,0.427809,0.532306
25307,0.477762,0.490122
25308,0.438518,0.527471
25309,0.407174,0.484275
25310,0.447667,0.523357
25311,0.482663,0.556371
25312,0.512557,0.584059
25313,0.559968,0.533827
25314,0.584847,0.565169
25315,0.623605,0.517448
25316,0.584852,0.480720
25317,0.532241,0.524458
25318,0.572318,0.483610
25319,0.601033,0.523843
25320,0.561590,0.486067
25321,0.527418,0.454065
25322,0.477633,0.501626
25323,0.510264,0.535784
25324,0.537942,0.564568
25325,0.561292,0.588705
25326,0.605695,0.535608
25327,0.642140,0.489782
25328,0.602710,0.455437
25329,0.568089,0.426560
25330,0.538114,0.402395
25331,0.483244,0.455083
25332,0.436868,0.500722
25333,0.471857,0.536651
25334,0.501830,0.566909
25335,0.476071,0.531169
25336,0.427080,0.574952
25337,0.386496,0.611292
25338,0.353175,0.641253
25339,0.394914,0.664817
25340,0.446618,0.616154
25341,0.484331,0.644149
25342,0.516545,0.667201
25343,0.468982,0.690916
25344,0.503475,0.709142
25345,0.532781,0.724124
25346,0.577328,0.674308
25347,0.614257,0.628562
25348,0.644662,0.587737
25349,0.597596,0.609960
25350,0.623941,0.574791
25351,0.574573,0.520007
25352,0.605960,0.563705
25353,0.559890,0.590990
25354,0.516446,0.540693
25355,0.554071,0.503213
25356,0.585590,0.471310
25357,0.611850,0.444365
25358,0.572950,0.475606
25359,0.521694,0.427829
25360,0.562131,0.479261
25361,0.518443,0.438536
25362,0.552887,0.482369
25363,0.507523,0.522475
25364,0.470158,0.481607
25365,0.513328,0.444348
25366,0.475080,0.410339
25367,0.517520,0.379892
25368,0.553593,0.425966
25369,0.588942,0.392836
25370,0.618437,0.437351
25371,0.646949,0.402284
25372,0.601082,0.374225
25373,0.560614,0.351015
25374,0.525547,0.331821
25375,0.476793,0.384016
25376,0.435661,0.430644
25377,0.401360,0.471305
25378,0.445228,0.440942
25379,0.490043,0.489650
25380,0.453392,0.449736
25381,0.417302,0.490496
25382,0.387293,0.525263
25383,0.362431,0.554637
25384,0.412163,0.595312
25385,0.382228,0.546493
25386,0.357458,0.504243
25387,0.336980,0.468259
25388,0.310357,0.512591
25389,0.294160,0.475334
25390,0.336555,0.510703
25391,0.322136,0.479029
25392,0.359650,0.509098
25393,0.392968,0.534613
25394,0.422107,0.556164
25395,0.408631,0.529434
25396,0.470834,0.472969
25397,0.422094,0.525027
25398,0.381789,0.568897
25399,0.361917,0.531941
25400,0.345385,0.500234
25401,0.401104,0.452332
25402,0.367379,0.500199
25403,0.345080,0.466061
25404,0.318222,0.511945
25405,0.296297,0.550819
25406,0.343516,0.510154
25407,0.386290,0.475461
25408,0.424113,0.446144
25409,0.384038,0.405283
25410,0.435357,0.454173
25411,0.480143,0.496476
25412,0.443740,0.535876
25413,0.487367,0.571511
25414,0.524628,0.601242
25415,0.563908,0.553513
25416,0.594790,0.586247
25417,0.554404,0.545535
25418,0.593381,0.499051
25419,0.546294,0.538734
25420,0.579884,0.573653
25421,0.612505,0.529233
25422,0.567848,0.488066
25423,0.596084,0.524856
25424,0.546827,0.564493
25425,0.578530,0.594978
25426,0.539835,0.554904
25427,0.580829,0.506723
25428,0.614840,0.465635
25429,0.640435,0.505610
25430,0.591548,0.545617
25431,0.620263,0.504769
25432,0.578060,0.538804
25433,0.541241,0.567465
25434,0.583775,0.606399
25435,0.608388,0.566794
25436,0.642802,0.605844
25437,0.662501,0.566308
25438,0.678816,0.532005
25439,0.625071,0.481704
25440,0.647828,0.452386
25441,0.597035,0.410419
25442,0.552110,0.375720
25443,0.582770,0.423628
25444,0.617233,0.392212
25445,0.574427,0.363151
25446,0.537115,0.339202
25447,0.505053,0.319468
25448,0.552547,0.295916
25449,0.504295,0.344617
25450,0.538041,0.392504
25451,0.578009,0.363151
25452,0.605776,0.409052
25453,0.638166,0.376804
25454,0.594973,0.351443
25455,0.557035,0.330519
25456,0.580999,0.372665
25457,0.621229,0.339950
25458,0.654182,0.313281
25459,0.612723,0.296507
25460,0.576123,0.282666
25461,0.544325,0.271214
25462,0.516999,0.261712
25463,0.493686,0.253807
25464,0.439749,0.307137
25465,0.494633,0.285641
25466,0.466583,0.270615
25467,0.517642,0.253666
25468,0.471584,0.300950
25469,0.432781,0.344825
25470,0.400417,0.384360
25471,0.445971,0.438911
25472,0.415040,0.401211
25473,0.389255,0.370043
25474,0.427589,0.415722
25475,0.405433,0.388831
25476,0.459990,0.356794
25477,0.419349,0.405067
25478,0.385623,0.447637
25479,0.357782,0.484462
25480,0.334840,0.515911
25481,0.384016,0.561476
25482,0.427814,0.599436
25483,0.474608,0.558650
25484,0.514769,0.523325
25485,0.548778,0.493100
25486,0.577343,0.467439
25487,0.601231,0.445758
25488,0.621169,0.427486
25489,0.566071,0.381036
25490,0.530047,0.413568
25491,0.556251,0.398342
25492,0.503936,0.355065
25493,0.459355,0.320027
25494,0.428832,0.357341
25495,0.392099,0.321866
25496,0.367345,0.358989
25497,0.337887,0.323197
25498,0.318195,0.360182
25499,0.368645,0.418667
25500,0.343493,0.380273
25501,0.322776,0.348757
25502,0.372776,0.328466
25503,0.347536,0.370323
25504,0.326730,0.407532
25505,0.377031,0.462270
25506,0.351020,0.421151
25507,0.394880,0.467913
25508,0.444634,0.433538
25509,0.484301,0.478639
25510,0.452885,0.443415
25511,0.426464,0.413902
25512,0.478146,0.379136
25513,0.447698,0.355333
25514,0.422113,0.335642
25515,0.400684,0.319341
25516,0.382761,0.305821
25517,0.344744,0.360495
25518,0.399831,0.332529
25519,0.376243,0.312763
25520,0.356640,0.296478
25521,0.394199,0.338688
25522,0.377193,0.324206
25523,0.409691,0.361519
25524,0.468477,0.325655
25525,0.444449,0.313575
25526,0.424224,0.303501
25527,0.407227,0.295084
25528,0.392950,0.288037
25529,0.349980,0.346618
25530,0.338566,0.331017
25531,0.329009,0.318040
25532,0.295413,0.374464
25533,0.353025,0.343356
25534,0.335855,0.323847
25535,0.306847,0.375016
25536,0.293271,0.349970
25537,0.270385,0.398594
25538,0.251841,0.441603
25539,0.295140,0.487596
25540,0.348532,0.452060
25541,0.391749,0.496583
25542,0.370127,0.459216
25543,0.352145,0.427794
25544,0.407121,0.391985
25545,0.445671,0.434166
25546,0.478979,0.470811
25547,0.453769,0.443951
25548,0.408175,0.495710
25549,0.460673,0.452302
25550,0.496054,0.490138
25551,0.526172,0.522404
25552,0.571159,0.474881
25553,0.596058,0.509433
25554,0.616845,0.538744
25555,0.634188,0.563458
25556,0.648662,0.584225
25557,0.590652,0.626429
25558,0.612334,0.643163
25559,0.630424,0.657119
25560,0.574297,0.690135
25561,0.538407,0.652145
25562,0.563282,0.663881
25563,0.606075,0.604673
25564,0.569727,0.569189
25565,0.611388,0.515302
25566,0.631493,0.544013
25567,0.595121,0.513008
25568,0.539377,0.561253
25569,0.506850,0.527801
25570,0.553923,0.477343
25571,0.593221,0.434774
25572,0.553283,0.406830
25573,0.505175,0.456468
25574,0.470497,0.424963
25575,0.429864,0.472250
25576,0.396033,0.512873
25577,0.368177,0.472461
25578,0.411270,0.510943
25579,0.460324,0.468721
25580,0.498772,0.507754
25581,0.456633,0.548227
25582,0.498956,0.506591
25583,0.463113,0.541029
25584,0.499113,0.505602
25585,0.468630,0.534896
25586,0.517636,0.579093
25587,0.484344,0.603206
25588,0.440283,0.550740
25589,0.412595,0.579510
25590,0.389481,0.603554
25591,0.370212,0.623610
25592,0.425351,0.658643
25593,0.400123,0.674622
25594,0.436417,0.636143
25595,0.488949,0.671226
25596,0.445873,0.616534
25597,0.490606,0.647182
25598,0.528777,0.672325
25599,0.492015,0.626136
25600,0.460820,0.584941
25601,0.434533,0.548941
25602,0.393294,0.591869
25603,0.430925,0.614657
25604,0.482891,0.561655
25605,0.441182,0.597941
25606,0.485456,0.552481
25607,0.448496,0.509339
25608,0.491746,0.469810
25609,0.528632,0.436488
25610,0.567568,0.482563
25611,0.598076,0.447205
25612,0.550860,0.411127
25613,0.584150,0.382211
25614,0.543272,0.424235
25615,0.508039,0.460864
25616,0.478015,0.492350
25617,0.432253,0.444412
25618,0.481309,0.493498
25619,0.448530,0.527526
25620,0.421003,0.556263
25621,0.471558,0.597169
25622,0.432697,0.547880
25623,0.400285,0.505192
25624,0.445793,0.465876
25625,0.485234,0.432769
25626,0.444167,0.397426
25627,0.413329,0.440287
25628,0.387632,0.477460
25629,0.426123,0.449177
25630,0.477843,0.499823
25631,0.522226,0.542917
25632,0.555919,0.504742
25633,0.592816,0.547063
25634,0.620324,0.508295
25635,0.643120,0.475244
25636,0.662005,0.447309
25637,0.677663,0.423816
25638,0.623221,0.382295
25639,0.652851,0.435104
25640,0.605338,0.399429
25641,0.563282,0.369908
25642,0.526779,0.345548
25643,0.553870,0.388714
25644,0.502263,0.439580
25645,0.458316,0.483883
25646,0.427440,0.446982
25647,0.391252,0.490253
25648,0.366222,0.452345
25649,0.407153,0.491715
25650,0.443014,0.525279
25651,0.420826,0.492957
25652,0.378811,0.540377
25653,0.414952,0.568578
25654,0.396419,0.534341
25655,0.453694,0.483667
25656,0.411602,0.529203
25657,0.376789,0.567558
25658,0.348151,0.599554
25659,0.393516,0.629742
25660,0.433612,0.654639
25661,0.483088,0.606259
25662,0.518227,0.635276
25663,0.560324,0.588974
25664,0.515495,0.615781
25665,0.476544,0.566317
25666,0.518391,0.525211
25667,0.480058,0.556462
25668,0.440917,0.508454
25669,0.408195,0.467489
25670,0.380997,0.432989
25671,0.358444,0.404153
25672,0.398308,0.442945
25673,0.451452,0.402733
25674,0.413226,0.451445
25675,0.454351,0.491257
25676,0.500488,0.450390
25677,0.536028,0.490352
25678,0.565965,0.524437
25679,0.530638,0.491799
25680,0.574787,0.445999
25681,0.538252,0.418755
25682,0.563702,0.454050
25683,0.510912,0.505324
25684,0.465802,0.548861
25685,0.509276,0.504525
25686,0.545758,0.541610
25687,0.576401,0.572790
25688,0.602003,0.598856
25689,0.623340,0.620586
25690,0.569593,0.654888
25691,0.596322,0.672217
25692,0.545782,0.699413
25693,0.502025,0.721485
25694,0.539639,0.734550
25695,0.576125,0.684369
25696,0.606514,0.637978
25697,0.564846,0.658774
25698,0.590922,0.618128
25699,0.539584,0.564429
25700,0.503153,0.591477
25701,0.533666,0.554850
25702,0.559414,0.523224
25703,0.602199,0.570708
25704,0.623156,0.536871
25705,0.569067,0.485511
25706,0.521703,0.442053
25707,0.484090,0.479644
25708,0.518450,0.450684
25709,0.547533,0.426319
25710,0.497512,0.385037
25711,0.529836,0.365319
25712,0.572373,0.419735
25713,0.534392,0.457726
25714,0.561637,0.431611
25715,0.529246,0.464044
25716,0.552465,0.441768
25717,0.497532,0.395928
25718,0.544641,0.450440
25719,0.497902,0.411179
25720,0.533025,0.384839
25721,0.498217,0.424280
25722,0.468631,0.458601
25723,0.443646,0.488100
25724,0.399681,0.438562
25725,0.452043,0.489884
25726,0.423066,0.522498
25727,0.386142,0.475268
25728,0.362699,0.510072
25729,0.402749,0.478973
25730,0.365905,0.433950
25731,0.346396,0.470009
25732,0.385244,0.443767
25733,0.368262,0.474499
25734,0.401974,0.452146
25735,0.359812,0.404493
25736,0.345776,0.437249
25737,0.334051,0.465541
25738,0.393090,0.521366
25739,0.445937,0.568456
25740,0.491890,0.607564
25741,0.531089,0.639775
25742,0.567688,0.596546
25743,0.600089,0.630717
25744,0.557633,0.582350
25745,0.511239,0.613013
25746,0.549048,0.570175
25747,0.506477,0.522733
25748,0.470193,0.482048
25749,0.505506,0.519327
25750,0.549472,0.476057
25751,0.512141,0.441702
25752,0.480287,0.412921
25753,0.510321,0.450384
25754,0.535799,0.482695
25755,0.582999,0.435644
25756,0.621989,0.396509
25757,0.653954,0.364236
25758,0.680085,0.337720
25759,0.632044,0.383795
25760,0.659216,0.432305
25761,0.613202,0.474409
25762,0.572395,0.510510
25763,0.610126,0.553029
25764,0.561656,0.508934
25765,0.593372,0.470280
25766,0.624971,0.512355
25767,0.650499,0.473180
25768,0.671546,0.440119
25769,0.621294,0.403410
25770,0.647467,0.376466
25771,0.599617,0.346925
25772,0.557353,0.322700
25773,0.520738,0.302825
25774,0.564067,0.282887
25775,0.517630,0.329865
25776,0.477885,0.372707
25777,0.440278,0.340590
25778,0.482801,0.322452
25779,0.449169,0.363185
25780,0.485379,0.347250
25781,0.441569,0.314895
25782,0.405005,0.288724
25783,0.374718,0.267527
25784,0.349713,0.250305
25785,0.329084,0.236260
25786,0.304226,0.281273
25787,0.353091,0.269473
25788,0.328060,0.250221
25789,0.374102,0.299915
25790,0.352190,0.282353
25791,0.334038,0.267927
25792,0.306186,0.317202
25793,0.291836,0.296519
25794,0.279956,0.279567
25795,0.258552,0.328079
25796,0.241218,0.372473
25797,0.232280,0.341718
25798,0.218554,0.384718
25799,0.207354,0.422772
25800,0.250161,0.475236
25801,0.290895,0.520312
25802,0.328420,0.558397
25803,0.387606,0.516249
25804,0.352507,0.549700
25805,0.392673,0.587894
25806,0.428020,0.619565
25807,0.458669,0.645718
25808,0.484978,0.667290
25809,0.507412,0.685095
25810,0.451638,0.709212
25811,0.506301,0.659416
25812,0.552697,0.614071
25813,0.517490,0.565027
25814,0.562088,0.523679
25815,0.525564,0.480597
25816,0.478063,0.518936
25817,0.446949,0.476566
25818,0.407421,0.515507
25819,0.382003,0.473655
25820,0.350136,0.513028
25821,0.324051,0.546388
25822,0.369474,0.585236
25823,0.339876,0.612581
25824,0.319884,0.563398
25825,0.370239,0.522347
25826,0.344985,0.553969
25827,0.389001,0.518999
25828,0.367029,0.545923
25829,0.419595,0.590160
25830,0.392464,0.612202
25831,0.359907,0.558417
25832,0.408197,0.595823
25833,0.378075,0.622349
25834,0.353181,0.644339
25835,0.332624,0.662568
25836,0.315635,0.677694
25837,0.301569,0.690267
25838,0.355287,0.717424
25839,0.404074,0.739335
25840,0.448558,0.697768
25841,0.492441,0.723471
25842,0.529860,0.744224
25843,0.561421,0.761040
25844,0.525389,0.712556
25845,0.569093,0.664771
25846,0.595415,0.688884
25847,0.558834,0.641513
25848,0.581379,0.662772
25849,0.622686,0.611910
25850,0.586039,0.568153
25851,0.626508,0.521747
25852,0.573335,0.558030
25853,0.526711,0.588406
25854,0.487790,0.540650
25855,0.529646,0.500943
25856,0.489621,0.534573
25857,0.525207,0.500802
25858,0.480506,0.454560
25859,0.442727,0.415831
25860,0.483428,0.461346
25861,0.526079,0.426124
25862,0.487384,0.393724
25863,0.447383,0.438910
25864,0.413889,0.478163
25865,0.459074,0.522797
25866,0.426603,0.481435
25867,0.399481,0.446455
25868,0.376895,0.417119
25869,0.343782,0.465984
25870,0.316769,0.508076
25871,0.360658,0.545912
25872,0.399924,0.577677
25873,0.380687,0.539055
25874,0.414616,0.566174
25875,0.444121,0.588923
25876,0.469522,0.607970
25877,0.452447,0.575808
25878,0.512697,0.518234
25879,0.489038,0.489939
25880,0.543810,0.440785
25881,0.565306,0.473513
25882,0.610482,0.427048
25883,0.576387,0.403684
25884,0.546809,0.384158
25885,0.595233,0.347144
25886,0.635021,0.317054
25887,0.597911,0.302193
25888,0.615560,0.342484
25889,0.630328,0.378644
25890,0.598720,0.364843
25891,0.571179,0.353282
25892,0.620157,0.316210
25893,0.659987,0.286415
25894,0.624877,0.277768
25895,0.565558,0.333621
25896,0.533389,0.316976
25897,0.505815,0.303185
25898,0.453557,0.357328
25899,0.409885,0.406474
25900,0.460492,0.377791
25901,0.423170,0.420243
25902,0.465436,0.469016
25903,0.501782,0.510983
25904,0.532676,0.546556
25905,0.484028,0.583546
25906,0.527786,0.539605
25907,0.561112,0.576139
25908,0.597382,0.533178
25909,0.627411,0.496244
25910,0.653709,0.539725
25911,0.675354,0.576240
25912,0.693185,0.606651
25913,0.715577,0.559781
25914,0.733815,0.519050
25915,0.747294,0.558927
25916,0.761688,0.518315
25917,0.773472,0.483582
25918,0.783751,0.529008
25919,0.792220,0.567275
25920,0.749230,0.524665
25921,0.708321,0.488136
25922,0.717143,0.520970
25923,0.660823,0.564551
25924,0.620291,0.527228
25925,0.654987,0.480187
25926,0.671983,0.515155
25927,0.699492,0.469931
25928,0.657784,0.438203
25929,0.620272,0.411616
25930,0.563510,0.462621
25931,0.602789,0.424654
25932,0.563291,0.394765
25933,0.513630,0.442157
25934,0.471167,0.483322
25935,0.511586,0.450772
25936,0.471007,0.411752
25937,0.436792,0.379416
25938,0.401628,0.423840
25939,0.444848,0.470479
25940,0.408322,0.509755
25941,0.378035,0.543064
25942,0.421829,0.508292
25943,0.469236,0.553441
25944,0.508004,0.517190
25945,0.466044,0.470633
25946,0.506804,0.514613
25947,0.541400,0.551845
25948,0.495982,0.586544
25949,0.457400,0.615391
25950,0.424984,0.639297
25951,0.471494,0.668083
25952,0.436103,0.619274
25953,0.480407,0.573121
25954,0.445605,0.601926
25955,0.416424,0.625876
25956,0.453713,0.586975
25957,0.411770,0.534291
25958,0.377075,0.488851
25959,0.353622,0.525157
25960,0.403921,0.565150
25961,0.374565,0.521389
25962,0.350309,0.483905
25963,0.323928,0.526996
25964,0.304697,0.488679
25965,0.354139,0.448156
25966,0.401006,0.488370
25967,0.370144,0.530735
25968,0.344709,0.566424
25969,0.388918,0.526134
25970,0.428023,0.491596
25971,0.388820,0.447429
25972,0.366692,0.484532
25973,0.419100,0.530113
25974,0.458975,0.493928
25975,0.431067,0.525604
25976,0.407677,0.552378
25977,0.388116,0.574905
25978,0.350341,0.519930
25979,0.404451,0.563803
25980,0.452405,0.600351
25981,0.419614,0.626708
25982,0.465617,0.656084
25983,0.505216,0.680158
25984,0.538844,0.699898
25985,0.567164,0.716117
25986,0.590903,0.729479
25987,0.629424,0.678889
25988,0.648521,0.698857
25989,0.679241,0.650462
25990,0.694377,0.675551
25991,0.641179,0.695913
25992,0.598102,0.647540
25993,0.620910,0.669013
25994,0.639890,0.686731
25995,0.603340,0.645237
25996,0.642732,0.590770
25997,0.674784,0.542593
25998,0.634406,0.503019
25999,0.598505,0.469332
26000,0.542024,0.515622
26001,0.493089,0.554789
26002,0.526385,0.587377
26003,0.568688,0.541469
26004,0.522433,0.574482
26005,0.483762,0.528464
26006,0.525846,0.488786
26007,0.561353,0.455151
26008,0.591063,0.426868
26009,0.615812,0.403190
26010,0.648649,0.456335
26011,0.606640,0.491660
26012,0.569619,0.521767
26013,0.517050,0.472411
26014,0.559283,0.518505
26015,0.588555,0.482731
26016,0.539859,0.441012
26017,0.572311,0.411265
26018,0.525746,0.377189
26019,0.485777,0.349136
26020,0.447102,0.395086
26021,0.414706,0.435694
26022,0.460861,0.484483
26023,0.426202,0.520025
26024,0.397289,0.550091
26025,0.445647,0.591005
26026,0.487616,0.624840
26027,0.523450,0.652685
26028,0.489473,0.606738
26029,0.535514,0.558785
26030,0.574210,0.517106
26031,0.533024,0.475220
26032,0.572128,0.439839
26033,0.601674,0.484245
26034,0.561428,0.448794
26035,0.512642,0.493332
26036,0.477494,0.456452
26037,0.522573,0.420024
26038,0.480866,0.462958
26039,0.444430,0.425474
26040,0.413908,0.394256
26041,0.452712,0.436522
26042,0.486173,0.473214
26043,0.534629,0.430108
26044,0.488246,0.477226
26045,0.523751,0.515195
26046,0.553757,0.547349
26047,0.504633,0.587025
26048,0.545743,0.540280
26049,0.580224,0.499949
26050,0.612056,0.540503
26051,0.639948,0.500139
26052,0.662944,0.465808
26053,0.613618,0.425673
26054,0.569727,0.392292
26055,0.523274,0.436562
26056,0.558167,0.481999
26057,0.587395,0.520886
26058,0.622146,0.478981
26059,0.579887,0.443012
26060,0.530928,0.486992
26061,0.488800,0.524560
26062,0.451475,0.481541
26063,0.494468,0.446103
26064,0.456253,0.410285
26065,0.424153,0.380555
26066,0.470906,0.352431
26067,0.436431,0.328690
26068,0.475262,0.373527
26069,0.433914,0.423848
26070,0.405120,0.394509
26071,0.371447,0.442360
26072,0.343761,0.483930
26073,0.389585,0.525764
26074,0.358665,0.561030
26075,0.402886,0.595723
26076,0.441790,0.624492
26077,0.475450,0.648282
26078,0.504249,0.667945
26079,0.528714,0.684214
26080,0.549406,0.697698
26081,0.492267,0.722566
26082,0.518551,0.733197
26083,0.568002,0.680601
26084,0.589792,0.698532
26085,0.608043,0.713314
26086,0.623325,0.725532
26087,0.564289,0.745509
26088,0.605427,0.695563
26089,0.567644,0.648758
26090,0.534879,0.606544
26091,0.482859,0.640872
26092,0.438888,0.668973
26093,0.411370,0.624637
26094,0.447983,0.645201
26095,0.498861,0.592289
26096,0.530587,0.618350
26097,0.557371,0.639984
26098,0.599678,0.587618
26099,0.621501,0.614469
26100,0.655546,0.564966
26101,0.683294,0.521803
26102,0.640050,0.480545
26103,0.670669,0.443783
26104,0.628667,0.409464
26105,0.661391,0.379435
26106,0.678640,0.425838
26107,0.625709,0.470495
26108,0.578161,0.508858
26109,0.607490,0.474913
26110,0.566588,0.507529
26111,0.591763,0.478671
26112,0.539685,0.431828
26113,0.494680,0.392915
26114,0.458896,0.432502
26115,0.503308,0.482554
26116,0.539898,0.450599
26117,0.502812,0.485169
26118,0.546086,0.532824
26119,0.502390,0.487393
26120,0.465194,0.448910
26121,0.502032,0.489283
26122,0.470402,0.456531
26123,0.427247,0.503490
26124,0.401132,0.468540
26125,0.438038,0.502967
26126,0.415654,0.473249
26127,0.396894,0.448130
26128,0.381180,0.426979
26129,0.341715,0.483194
26130,0.309788,0.531370
26131,0.283992,0.571900
26132,0.336050,0.526675
26133,0.380828,0.562524
26134,0.420588,0.592505
26135,0.471748,0.544585
26136,0.432341,0.578881
26137,0.473125,0.611113
26138,0.508097,0.637778
26139,0.551946,0.589624
26140,0.514561,0.545095
26141,0.544198,0.576409
26142,0.569154,0.602561
26143,0.610798,0.551821
26144,0.573732,0.513428
26145,0.614568,0.469246
26146,0.562799,0.511415
26147,0.597864,0.473850
26148,0.554534,0.435073
26149,0.590994,0.403960
26150,0.548544,0.372383
26151,0.577585,0.418084
26152,0.601863,0.458102
26153,0.622117,0.492569
26154,0.657292,0.447147
26155,0.685905,0.409191
26156,0.643680,0.382164
26157,0.674839,0.351554
26158,0.623086,0.399315
26159,0.576716,0.441518
26160,0.531774,0.404274
26161,0.493134,0.373444
26162,0.527018,0.418354
26163,0.494164,0.391777
26164,0.541122,0.358908
26165,0.495039,0.407606
26166,0.460118,0.377876
26167,0.430726,0.353299
26168,0.406113,0.332995
26169,0.441012,0.374283
26170,0.419933,0.356527
26171,0.377189,0.412034
26172,0.412612,0.449696
26173,0.395017,0.425013
26174,0.453038,0.384234
26175,0.410395,0.436127
26176,0.386952,0.407482
26177,0.352520,0.456548
26178,0.324395,0.498966
26179,0.373604,0.463040
26180,0.348963,0.499121
26181,0.323164,0.454970
26182,0.368750,0.424827
26183,0.339358,0.388525
26184,0.387710,0.435969
26185,0.359135,0.478641
26186,0.405411,0.520262
26187,0.452084,0.480681
26188,0.493620,0.521996
26189,0.529017,0.556900
26190,0.569131,0.512012
26191,0.598392,0.548499
26192,0.558866,0.510211
26193,0.583936,0.541260
26194,0.550100,0.508680
26195,0.520958,0.480917
26196,0.570591,0.432788
26197,0.538571,0.409771
26198,0.511090,0.390509
26199,0.487672,0.374398
26200,0.434802,0.432567
26201,0.464234,0.465956
26202,0.444494,0.442585
26203,0.396083,0.497294
26204,0.427796,0.525957
26205,0.455237,0.550195
26206,0.478785,0.570616
26207,0.424462,0.615677
26208,0.379629,0.652509
26209,0.413440,0.668311
26210,0.470670,0.613122
26211,0.500675,0.635612
26212,0.475062,0.596616
26213,0.426119,0.634403
26214,0.404955,0.595548
26215,0.460348,0.542020
26216,0.493218,0.570227
26217,0.446434,0.609023
26218,0.419930,0.569441
26219,0.381585,0.608374
26220,0.431778,0.559131
26221,0.401887,0.518594
26222,0.449629,0.475517
26223,0.416771,0.441087
26224,0.389400,0.412247
26225,0.429073,0.449859
26226,0.405558,0.425196
26227,0.439599,0.457341
26228,0.419456,0.436284
26229,0.402541,0.418561
26230,0.359795,0.477455
26231,0.346229,0.453245
26232,0.379937,0.480833
26233,0.440211,0.429848
26234,0.397392,0.483706
26235,0.376540,0.454992
26236,0.342113,0.505365
26237,0.381997,0.536574
26238,0.436394,0.488225
26239,0.409912,0.456256
26240,0.373452,0.503876
26241,0.343535,0.544332
26242,0.319037,0.578286
26243,0.365347,0.610907
26244,0.344237,0.566695
26245,0.384760,0.594707
26246,0.420534,0.618048
26247,0.451630,0.637473
26248,0.432295,0.600868
26249,0.458850,0.617689
26250,0.442353,0.586064
26251,0.428428,0.558602
26252,0.416680,0.534967
26253,0.367019,0.588801
26254,0.326877,0.632996
26255,0.360530,0.646836
26256,0.422140,0.588125
26257,0.453360,0.609360
26258,0.480198,0.627092
26259,0.503107,0.641903
26260,0.483166,0.608687
26261,0.428142,0.650500
26262,0.411623,0.616274
26263,0.438803,0.629029
26264,0.462204,0.639731
26265,0.522705,0.577720
26266,0.467857,0.619651
26267,0.444541,0.583344
26268,0.399047,0.624267
26269,0.433368,0.642456
26270,0.463067,0.657603
26271,0.518016,0.600903
26272,0.543440,0.623009
26273,0.490247,0.656525
26274,0.519927,0.674144
26275,0.566316,0.621110
26276,0.590924,0.644842
26277,0.538324,0.672634
26278,0.577525,0.624098
26279,0.536880,0.577399
26280,0.576319,0.532686
26281,0.535836,0.491323
26282,0.501029,0.456236
26283,0.471421,0.426735
26284,0.426413,0.475792
26285,0.462258,0.512271
26286,0.493052,0.543191
26287,0.444516,0.584611
26288,0.477851,0.609977
26289,0.506354,0.631086
26290,0.455711,0.663769
26291,0.413332,0.690381
26292,0.450932,0.706431
26293,0.500581,0.655408
26294,0.458255,0.678393
26295,0.500494,0.633314
26296,0.461555,0.582839
26297,0.503317,0.541031
26298,0.467304,0.570593
26299,0.436944,0.595340
26300,0.485558,0.632192
26301,0.527132,0.662364
26302,0.562394,0.619218
26303,0.517941,0.567773
26304,0.553111,0.601877
26305,0.515251,0.557705
26306,0.482915,0.519398
26307,0.512965,0.549110
26308,0.463583,0.590488
26309,0.496486,0.614795
26310,0.449680,0.648189
26311,0.484583,0.667608
26312,0.532039,0.615559
26313,0.497461,0.572676
26314,0.527243,0.598719
26315,0.497842,0.561896
26316,0.448365,0.603551
26317,0.423765,0.566109
26318,0.456066,0.588372
26319,0.409819,0.628572
26320,0.462630,0.575336
26321,0.497499,0.602186
26322,0.527170,0.624542
26323,0.497874,0.587198
26324,0.523100,0.606480
26325,0.544456,0.622615
26326,0.487814,0.660979
26327,0.439857,0.692025
26328,0.473578,0.704227
26329,0.427950,0.728725
26330,0.477536,0.676423
26331,0.513325,0.695131
26332,0.468805,0.716421
26333,0.505885,0.731174
26334,0.548299,0.682075
26335,0.509628,0.634251
26336,0.466234,0.661413
26337,0.429721,0.683700
26338,0.472888,0.704570
26339,0.509928,0.721665
26340,0.541343,0.735708
26341,0.582674,0.686577
26342,0.616938,0.641180
26343,0.570452,0.660728
26344,0.603424,0.688565
26345,0.632078,0.645946
26346,0.658539,0.676544
26347,0.681347,0.635087
26348,0.702300,0.667710
26349,0.655167,0.683735
26350,0.680887,0.709544
26351,0.633104,0.658213
26352,0.590275,0.611396
26353,0.625209,0.563908
26354,0.583301,0.521289
26355,0.546681,0.484792
26356,0.515135,0.453881
26357,0.562879,0.412965
26358,0.586975,0.451791
26359,0.607139,0.485280
26360,0.645371,0.439169
26361,0.607708,0.413368
26362,0.574634,0.391798
26363,0.618789,0.354904
26364,0.584312,0.337648
26365,0.601508,0.375681
26366,0.571855,0.360608
26367,0.512494,0.418773
26368,0.561194,0.380644
26369,0.510621,0.430787
26370,0.552087,0.398003
26371,0.583247,0.443079
26372,0.617215,0.408221
26373,0.570943,0.451559
26374,0.530577,0.489010
26375,0.495928,0.520958
26376,0.451179,0.473163
26377,0.496539,0.517817
26378,0.533320,0.480818
26379,0.489678,0.440435
26380,0.453499,0.480602
26381,0.497499,0.524110
26382,0.535301,0.486138
26383,0.497874,0.520498
26384,0.466064,0.549564
26385,0.513925,0.591394
26386,0.479669,0.615165
26387,0.450689,0.634951
26388,0.482716,0.598378
26389,0.532901,0.638101
26390,0.560012,0.601156
26391,0.582785,0.568802
26392,0.528287,0.512183
26393,0.556129,0.483861
26394,0.505208,0.435716
26395,0.472938,0.469174
26396,0.429892,0.423452
26397,0.476991,0.473789
26398,0.517383,0.517039
26399,0.555202,0.478848
26400,0.512758,0.439783
26401,0.472143,0.481054
26402,0.510845,0.448746
26403,0.468810,0.409883
26404,0.434597,0.450327
26405,0.473479,0.423168
26406,0.519077,0.474112
26407,0.477451,0.434549
26408,0.442291,0.401545
26409,0.406919,0.446606
26410,0.378225,0.411578
26411,0.425703,0.381725
26412,0.469407,0.428420
26413,0.436718,0.398937
26414,0.400316,0.446887
26415,0.373713,0.414326
26416,0.351679,0.387214
26417,0.333430,0.364700
26418,0.318299,0.346013
26419,0.291356,0.399880
26420,0.279416,0.375214
26421,0.258173,0.425981
26422,0.299981,0.466693
26423,0.289634,0.436955
26424,0.264973,0.486100
26425,0.256815,0.453289
26426,0.295829,0.488184
26427,0.331548,0.517949
26428,0.363535,0.543157
26429,0.322985,0.589295
26430,0.315173,0.554988
26431,0.283113,0.599089
26432,0.318832,0.619569
26433,0.350986,0.636652
26434,0.311753,0.671408
26435,0.344664,0.684975
26436,0.337793,0.647342
26437,0.300232,0.682097
26438,0.333303,0.693444
26439,0.362782,0.702909
26440,0.388688,0.710820
26441,0.411220,0.717445
26442,0.430673,0.723003
26443,0.498728,0.664376
26444,0.515685,0.678696
26445,0.573385,0.623158
26446,0.513333,0.653762
26447,0.562503,0.605284
26448,0.585488,0.634288
26449,0.604741,0.658206
26450,0.644178,0.609276
26451,0.659591,0.637582
26452,0.690939,0.590832
26453,0.651603,0.544916
26454,0.616434,0.505246
26455,0.585534,0.471454
26456,0.630873,0.429924
26457,0.572903,0.475729
26458,0.521932,0.515018
26459,0.487415,0.473464
26460,0.533011,0.438089
26461,0.563948,0.482458
26462,0.601663,0.445645
26463,0.560777,0.411040
26464,0.525340,0.382288
26465,0.569548,0.353036
26466,0.595375,0.398263
26467,0.631349,0.366177
26468,0.660835,0.339796
26469,0.616963,0.317268
26470,0.578078,0.298766
26471,0.526270,0.348194
26472,0.481738,0.393000
26473,0.444086,0.432589
26474,0.410447,0.393558
26475,0.379680,0.433078
26476,0.352561,0.393961
26477,0.330227,0.361729
26478,0.306479,0.405049
26479,0.354095,0.381617
26480,0.327862,0.348237
26481,0.307694,0.389529
26482,0.291107,0.425945
26483,0.341359,0.479536
26484,0.319404,0.436925
26485,0.367980,0.408634
26486,0.341276,0.373881
26487,0.318699,0.415883
26488,0.297554,0.379853
26489,0.279731,0.421144
26490,0.325167,0.397319
26491,0.309187,0.432817
26492,0.362009,0.486466
26493,0.409756,0.532363
26494,0.379058,0.563154
26495,0.353696,0.588958
26496,0.402340,0.626183
26497,0.445299,0.656709
26498,0.408529,0.676667
26499,0.380664,0.625944
26500,0.351024,0.651300
26501,0.395756,0.676477
26502,0.435235,0.697108
26503,0.469471,0.714044
26504,0.519628,0.664725
26505,0.548862,0.687475
26506,0.573456,0.706132
26507,0.614593,0.657405
26508,0.577314,0.609490
26509,0.617768,0.563158
26510,0.637607,0.596640
26511,0.600625,0.553764
26512,0.639844,0.508189
26513,0.656303,0.544160
26514,0.687506,0.499947
26515,0.700532,0.537200
26516,0.711355,0.568558
26517,0.673126,0.531636
26518,0.614597,0.574405
26519,0.633986,0.600538
26520,0.579233,0.635265
26521,0.531050,0.663730
26522,0.564238,0.683876
26523,0.526402,0.640599
26524,0.479917,0.671139
26525,0.447655,0.629113
26526,0.408947,0.661777
26527,0.455461,0.610437
26528,0.495652,0.564732
26529,0.455037,0.520433
26530,0.495289,0.480343
26531,0.454731,0.442632
26532,0.421647,0.485121
26533,0.467472,0.525998
26534,0.432311,0.562028
26535,0.472341,0.522104
26536,0.506669,0.487924
26537,0.551285,0.533804
26538,0.588597,0.572386
26539,0.619548,0.604522
26540,0.575529,0.561649
26541,0.610339,0.515168
26542,0.567432,0.477684
26543,0.530122,0.446003
26544,0.482676,0.493696
26545,0.525612,0.454053
26546,0.561837,0.420789
26547,0.518190,0.387778
26548,0.480844,0.360494
26549,0.440748,0.407987
26550,0.409711,0.377186
26551,0.376975,0.422788
26552,0.349994,0.462646
26553,0.327784,0.496925
26554,0.371402,0.468232
26555,0.410236,0.444000
26556,0.444170,0.423606
26557,0.497865,0.480366
26558,0.468745,0.509551
26559,0.518909,0.558039
26560,0.473424,0.508119
26561,0.516074,0.549395
26562,0.477404,0.506901
26563,0.438974,0.545518
26564,0.406856,0.577936
26565,0.448056,0.538720
26566,0.420571,0.566395
26567,0.455803,0.532931
26568,0.432326,0.556529
26569,0.389203,0.501995
26570,0.425017,0.473281
26571,0.405388,0.501696
26572,0.436131,0.477283
26573,0.462663,0.456612
26574,0.411332,0.406780
26575,0.394799,0.437799
26576,0.424411,0.420506
26577,0.450024,0.405956
26578,0.398415,0.360639
26579,0.457481,0.419798
26580,0.434101,0.453459
26581,0.390571,0.408458
26582,0.426114,0.387295
26583,0.456954,0.369631
26584,0.511732,0.426135
26585,0.558123,0.475794
26586,0.584165,0.443672
26587,0.605943,0.416723
26588,0.551597,0.379344
26589,0.516431,0.419455
26590,0.486397,0.454430
26591,0.513967,0.431371
26592,0.462482,0.388085
26593,0.437209,0.423697
26594,0.394652,0.381775
26595,0.374110,0.418176
26596,0.356997,0.449850
26597,0.342729,0.477108
26598,0.377503,0.457333
26599,0.436967,0.515341
26600,0.468757,0.489746
26601,0.421640,0.438359
26602,0.399784,0.469137
26603,0.381511,0.495494
26604,0.438218,0.548580
26605,0.413657,0.570693
26606,0.466484,0.614364
26607,0.500866,0.579216
26608,0.546335,0.621363
26609,0.584415,0.655827
26610,0.539416,0.603731
26611,0.500625,0.557465
26612,0.533523,0.588527
26613,0.486582,0.621577
26614,0.521621,0.646616
26615,0.476448,0.673005
26616,0.518381,0.625643
26617,0.554746,0.653976
26618,0.589651,0.608524
26619,0.545817,0.559980
26620,0.502036,0.591714
26621,0.464771,0.618109
26622,0.507988,0.649171
26623,0.544653,0.674625
26624,0.575458,0.695487
26625,0.537983,0.650174
26626,0.580076,0.599171
26627,0.541980,0.556466
26628,0.493656,0.593374
26629,0.535707,0.548053
26630,0.494608,0.579627
26631,0.534566,0.613936
26632,0.568206,0.642248
26633,0.596325,0.665566
26634,0.546978,0.689411
26635,0.578598,0.707851
26636,0.539964,0.663239
26637,0.566962,0.679663
26638,0.607346,0.626099
26639,0.640576,0.577938
26640,0.667813,0.535762
26641,0.688086,0.573936
26642,0.704773,0.605722
26643,0.662065,0.562973
26644,0.676911,0.590240
26645,0.639140,0.553606
26646,0.674553,0.502554
26647,0.686948,0.533931
26648,0.714945,0.485703
26649,0.661056,0.528854
26650,0.686023,0.487846
26651,0.704288,0.527929
26652,0.660238,0.489669
26653,0.620441,0.457225
26654,0.655754,0.416993
26655,0.672102,0.456560
26656,0.633617,0.429262
26657,0.599484,0.406387
26658,0.641189,0.367692
26659,0.606151,0.349308
26660,0.646617,0.318470
26661,0.610945,0.303905
26662,0.579642,0.291825
26663,0.520886,0.346233
26664,0.493278,0.326871
26665,0.544680,0.301473
26666,0.513590,0.286178
26667,0.561752,0.266149
26668,0.585700,0.310144
26669,0.532323,0.363059
26670,0.486312,0.410868
26671,0.522144,0.455668
26672,0.477646,0.498420
26673,0.518826,0.462290
26674,0.478871,0.424245
26675,0.441282,0.465932
26676,0.483844,0.510107
26677,0.520232,0.547559
26678,0.476205,0.582822
26679,0.439044,0.612158
26680,0.405894,0.564663
26681,0.375595,0.597070
26682,0.421526,0.627403
26683,0.467037,0.581697
26684,0.433144,0.608957
26685,0.471970,0.569615
26686,0.505260,0.535448
26687,0.533531,0.506129
26688,0.482662,0.455301
26689,0.528513,0.505209
26690,0.492551,0.536837
26691,0.524244,0.504428
26692,0.493668,0.531327
26693,0.467707,0.554056
26694,0.445772,0.573202
26695,0.427288,0.589308
26696,0.485802,0.634295
26697,0.512750,0.601527
26698,0.535605,0.572928
26699,0.554918,0.548221
26700,0.530278,0.562111
26701,0.546733,0.541023
26702,0.599426,0.596759
26703,0.642522,0.642301
26704,0.608758,0.653210
26705,0.549433,0.592382
26706,0.497805,0.538267
26707,0.528752,0.504437
26708,0.554893,0.475638
26709,0.598175,0.526098
26710,0.546712,0.479287
26711,0.509545,0.514452
26712,0.464879,0.469398
26713,0.508114,0.512285
26714,0.470133,0.473979
26715,0.512781,0.435801
26716,0.474090,0.404066
26717,0.436216,0.450332
26718,0.404157,0.416175
26719,0.377526,0.387749
26720,0.355449,0.364166
26721,0.395308,0.404135
26722,0.430342,0.439162
26723,0.387569,0.492494
26724,0.423586,0.523014
26725,0.382012,0.568192
26726,0.347959,0.605750
26727,0.388653,0.630254
26728,0.424534,0.650573
26729,0.382791,0.679900
26730,0.435717,0.629092
26731,0.407991,0.584267
26732,0.445276,0.610420
26733,0.495891,0.560089
26734,0.528267,0.590275
26735,0.496508,0.551144
26736,0.524034,0.576968
26737,0.497031,0.543515
26738,0.520433,0.565567
26739,0.465402,0.610241
26740,0.493513,0.628134
26741,0.545419,0.571685
26742,0.588819,0.522126
26743,0.624679,0.479617
26744,0.654137,0.443690
26745,0.606599,0.482671
26746,0.564498,0.515991
26747,0.527941,0.544213
26748,0.554909,0.513594
26749,0.503218,0.462749
26750,0.534039,0.436896
26751,0.577115,0.489355
26752,0.528945,0.446282
26753,0.487537,0.410268
26754,0.452451,0.380380
26755,0.415230,0.426963
26756,0.459549,0.397775
26757,0.497759,0.373516
26758,0.465596,0.412768
26759,0.498095,0.391839
26760,0.525743,0.374353
26761,0.572859,0.431316
26762,0.521887,0.392564
26763,0.487377,0.432268
26764,0.458124,0.466737
26765,0.415098,0.421944
26766,0.391095,0.457822
26767,0.356293,0.414526
26768,0.337086,0.451397
26769,0.321170,0.483179
26770,0.375269,0.533506
26771,0.416748,0.501383
26772,0.466742,0.548879
26773,0.509811,0.588595
26774,0.546330,0.621490
26775,0.582577,0.577602
26776,0.539603,0.530336
26777,0.502580,0.489694
26778,0.545910,0.450976
26779,0.576585,0.492774
26780,0.539054,0.458292
26781,0.506783,0.429280
26782,0.479297,0.404989
26783,0.505765,0.439776
26784,0.482400,0.418968
26785,0.430356,0.475217
26786,0.460366,0.505510
26787,0.412032,0.553709
26788,0.392924,0.520052
26789,0.353833,0.565902
26790,0.408594,0.517047
26791,0.447223,0.550037
26792,0.480585,0.577748
26793,0.509092,0.600930
26794,0.483495,0.566235
26795,0.433132,0.609472
26796,0.464642,0.628673
26797,0.491660,0.644683
26798,0.514670,0.658044
26799,0.567496,0.599792
26800,0.611268,0.547880
26801,0.647142,0.502873
26802,0.595018,0.540733
26803,0.626101,0.502442
26804,0.580952,0.459787
26805,0.614477,0.427589
26806,0.568978,0.465798
26807,0.529333,0.498613
26808,0.484013,0.451703
26809,0.445667,0.412460
26810,0.413557,0.379938
26811,0.380963,0.424233
26812,0.354065,0.462897
26813,0.401406,0.510097
26814,0.370927,0.543296
26815,0.416397,0.582814
26816,0.462817,0.542632
26817,0.428318,0.496046
26818,0.473157,0.461403
26819,0.438953,0.496639
26820,0.410316,0.526630
26821,0.386436,0.551981
26822,0.438555,0.596434
26823,0.403003,0.544228
26824,0.445957,0.508008
26825,0.491495,0.551936
26826,0.454014,0.506807
26827,0.418503,0.543181
26828,0.388955,0.573756
26829,0.359029,0.525633
26830,0.405174,0.562819
26831,0.451987,0.520015
26832,0.493411,0.558104
26833,0.534010,0.515953
26834,0.568190,0.479922
26835,0.522972,0.438872
26836,0.558062,0.482931
26837,0.519530,0.447969
26838,0.486577,0.418638
26839,0.516603,0.455729
26840,0.563247,0.413540
26841,0.602065,0.378627
26842,0.634099,0.349894
26843,0.590310,0.327157
26844,0.541744,0.375802
26845,0.502615,0.348467
26846,0.535506,0.393817
26847,0.576614,0.362166
26848,0.603704,0.406017
26849,0.565265,0.381997
26850,0.514442,0.433740
26851,0.545803,0.472798
26852,0.572187,0.506280
26853,0.538963,0.476872
26854,0.561478,0.505338
26855,0.606529,0.454674
26856,0.572115,0.430000
26857,0.590935,0.461443
26858,0.633419,0.414277
26859,0.667996,0.375351
26860,0.696042,0.343465
26861,0.654414,0.324552
26862,0.617035,0.308912
26863,0.584115,0.295951
26864,0.555518,0.285187
26865,0.530911,0.276224
26866,0.509871,0.268745
26867,0.491956,0.262489
26868,0.551542,0.240334
26869,0.527504,0.235392
26870,0.469007,0.288787
26871,0.494188,0.331503
26872,0.515620,0.370170
26873,0.569605,0.334685
26874,0.614274,0.305910
26875,0.631394,0.347121
26876,0.645692,0.384080
26877,0.612414,0.368895
26878,0.653892,0.331496
26879,0.596006,0.387836
26880,0.631990,0.355211
26881,0.591431,0.334488
26882,0.555925,0.317359
26883,0.577960,0.357838
26884,0.522660,0.413129
26885,0.549971,0.450897
26886,0.593172,0.409472
26887,0.628820,0.375221
26888,0.579454,0.422815
26889,0.609426,0.466699
26890,0.639329,0.429902
26891,0.593430,0.471682
26892,0.546511,0.432941
26893,0.505935,0.400625
26894,0.546198,0.370661
26895,0.579368,0.416557
26896,0.612427,0.383827
26897,0.568140,0.357464
26898,0.529590,0.335708
26899,0.571040,0.310362
26900,0.532094,0.293156
26901,0.498661,0.278979
26902,0.452462,0.329920
26903,0.487929,0.375873
26904,0.443437,0.425004
26905,0.406291,0.468006
26906,0.448039,0.510767
26907,0.494395,0.472183
26908,0.455789,0.509153
26909,0.423369,0.540514
26910,0.469820,0.582032
26911,0.434721,0.534458
26912,0.474339,0.569903
26913,0.433684,0.602847
26914,0.473444,0.631635
26915,0.432935,0.658078
26916,0.472798,0.680996
26917,0.506977,0.699815
26918,0.535991,0.715302
26919,0.580231,0.664833
26920,0.543963,0.618476
26921,0.586861,0.570078
26922,0.549710,0.527627
26923,0.591632,0.484966
26924,0.553854,0.448689
26925,0.595069,0.413108
26926,0.629100,0.383547
26927,0.586678,0.354696
26928,0.537207,0.400396
26929,0.573883,0.375500
26930,0.531642,0.415022
26931,0.495353,0.449520
26932,0.452080,0.405387
26933,0.496050,0.457052
26934,0.534089,0.427271
26935,0.491521,0.390221
26936,0.455411,0.359677
26937,0.425066,0.334568
26938,0.462071,0.379834
26939,0.510821,0.349210
26940,0.467743,0.397303
26941,0.434577,0.367772
26942,0.398954,0.413844
26943,0.444302,0.386863
26944,0.487914,0.436328
26945,0.525157,0.479436
26946,0.489727,0.445798
26947,0.446606,0.491820
26948,0.417041,0.456231
26949,0.381725,0.500773
26950,0.352643,0.538653
26951,0.328745,0.570520
26952,0.376524,0.606275
26953,0.423899,0.563957
26954,0.392009,0.516726
26955,0.437540,0.479674
26956,0.481747,0.523136
26957,0.446832,0.482720
26958,0.491788,0.444905
26959,0.455291,0.411256
26960,0.493020,0.453116
26961,0.450354,0.498760
26962,0.488787,0.534974
26963,0.457763,0.498946
26964,0.431637,0.468316
26965,0.390800,0.517196
26966,0.428638,0.547886
26967,0.461489,0.573698
26968,0.489689,0.595333
26969,0.542100,0.540359
26970,0.511834,0.507036
26971,0.486031,0.478650
26972,0.539010,0.431416
26973,0.583405,0.392192
26974,0.533177,0.441602
26975,0.571079,0.407963
26976,0.529117,0.377666
26977,0.560531,0.421521
26978,0.598474,0.386739
26979,0.557627,0.361455
26980,0.522260,0.340546
26981,0.566608,0.313524
26982,0.592844,0.357071
26983,0.556710,0.339362
26984,0.579172,0.377567
26985,0.524279,0.433835
26986,0.567453,0.395344
26987,0.594503,0.435417
26988,0.629657,0.396652
26989,0.580596,0.445019
26990,0.537712,0.412899
26991,0.568673,0.453214
26992,0.605507,0.413858
26993,0.635917,0.381229
26994,0.660202,0.425512
26995,0.616338,0.398508
26996,0.577470,0.376024
26997,0.616568,0.343005
26998,0.577672,0.325087
26999,0.616734,0.298921
27000,0.637895,0.341616
27001,0.655475,0.380079
27002,0.670092,0.414024
27003,0.699877,0.371269
27004,0.723944,0.336421
27005,0.672542,0.389893
27006,0.627029,0.365641
27007,0.648340,0.405983
27008,0.677339,0.369169
27009,0.700969,0.339013
27010,0.720251,0.314359
27011,0.673515,0.361805
27012,0.623364,0.334678
27013,0.578500,0.312441
27014,0.612413,0.292342
27015,0.568858,0.274796
27016,0.522197,0.322163
27017,0.483909,0.299168
27018,0.444115,0.344667
27019,0.484865,0.395662
27020,0.452442,0.366751
27021,0.413025,0.413286
27022,0.386467,0.381313
27023,0.425862,0.426086
27024,0.476802,0.391832
27025,0.445752,0.365131
27026,0.493978,0.337675
27027,0.460236,0.316439
27028,0.506399,0.294709
27029,0.541036,0.340809
27030,0.579752,0.314600
27031,0.538775,0.297185
27032,0.577866,0.276499
27033,0.610363,0.259632
27034,0.565479,0.246454
27035,0.520366,0.293824
27036,0.555746,0.278891
27037,0.511238,0.260119
27038,0.548063,0.248342
27039,0.509553,0.291409
27040,0.466032,0.268458
27041,0.433517,0.310178
27042,0.406311,0.348284
27043,0.456560,0.406273
27044,0.425577,0.442111
27045,0.473330,0.494379
27046,0.439643,0.525550
27047,0.403534,0.477103
27048,0.373626,0.436224
27049,0.348933,0.402123
27050,0.391934,0.445708
27051,0.370477,0.416506
27052,0.337756,0.465462
27053,0.389207,0.428846
27054,0.360703,0.470630
27055,0.407157,0.514102
27056,0.453518,0.476107
27057,0.493602,0.444010
27058,0.460459,0.479686
27059,0.432547,0.510190
27060,0.409148,0.536067
27061,0.462792,0.582890
27062,0.509127,0.621580
27063,0.468357,0.570638
27064,0.508621,0.530418
27065,0.547920,0.570425
27066,0.507328,0.525864
27067,0.472729,0.487632
27068,0.431660,0.530074
27069,0.476813,0.489486
27070,0.441810,0.525571
27071,0.486585,0.565680
27072,0.525292,0.525439
27073,0.557973,0.490950
27074,0.521503,0.521628
27075,0.549339,0.492307
27076,0.498286,0.443636
27077,0.454877,0.403063
27078,0.424134,0.441748
27079,0.398446,0.475214
27080,0.449635,0.525238
27081,0.419746,0.553707
27082,0.384185,0.503272
27083,0.431620,0.545700
27084,0.399356,0.577160
27085,0.369595,0.529906
27086,0.345045,0.489280
27087,0.319980,0.529679
27088,0.299456,0.563736
27089,0.345069,0.525236
27090,0.395941,0.566851
27091,0.367103,0.521455
27092,0.411191,0.556918
27093,0.449853,0.586625
27094,0.424290,0.548438
27095,0.384362,0.589535
27096,0.351585,0.623533
27097,0.393664,0.647424
27098,0.430745,0.667173
27099,0.409231,0.626347
27100,0.464503,0.572269
27101,0.496982,0.598560
27102,0.544657,0.547747
27103,0.571932,0.578071
27104,0.611172,0.529877
27105,0.572086,0.491908
27106,0.538120,0.459690
27107,0.583175,0.418845
27108,0.605840,0.457962
27109,0.624757,0.491643
27110,0.660468,0.445571
27111,0.689467,0.407102
27112,0.647951,0.380885
27113,0.593387,0.430661
27114,0.545062,0.474145
27115,0.577636,0.515674
27116,0.538331,0.478018
27117,0.491529,0.520967
27118,0.532599,0.481312
27119,0.492596,0.443080
27120,0.533502,0.410096
27121,0.568277,0.455559
27122,0.597328,0.494826
27123,0.630322,0.453437
27124,0.657453,0.418734
27125,0.679740,0.389842
27126,0.631370,0.359214
27127,0.588021,0.334043
27128,0.539265,0.381199
27129,0.500605,0.352107
27130,0.458539,0.397398
27131,0.426061,0.365431
27132,0.391433,0.409246
27133,0.434593,0.457829
27134,0.481234,0.425365
27135,0.446391,0.390854
27136,0.410032,0.434081
27137,0.454384,0.406811
27138,0.423296,0.443879
27139,0.470883,0.494853
27140,0.511788,0.538307
27141,0.471620,0.570159
27142,0.435385,0.523014
27143,0.478952,0.485035
27144,0.444992,0.519566
27145,0.490724,0.561956
27146,0.529750,0.597314
27147,0.566714,0.554208
27148,0.523827,0.508785
27149,0.561749,0.471290
27150,0.520257,0.507467
27151,0.552561,0.475589
27152,0.591196,0.523440
27153,0.550605,0.554023
27154,0.577758,0.519928
27155,0.600480,0.490788
27156,0.546682,0.442207
27157,0.511584,0.475454
27158,0.539711,0.450815
27159,0.509847,0.479131
27160,0.458919,0.428801
27161,0.490458,0.408301
27162,0.442597,0.367319
27163,0.402703,0.333908
27164,0.369756,0.306748
27165,0.413030,0.291734
27166,0.378265,0.270308
27167,0.354633,0.313623
27168,0.335083,0.353228
27169,0.318897,0.388582
27170,0.305472,0.419600
27171,0.294313,0.446485
27172,0.269301,0.396090
27173,0.309327,0.381626
27174,0.299759,0.411319
27175,0.357359,0.472464
27176,0.327134,0.424400
27177,0.310278,0.457590
27178,0.351375,0.435603
27179,0.406369,0.491336
27180,0.455098,0.538935
27181,0.420153,0.492636
27182,0.391052,0.453349
27183,0.360355,0.494705
27184,0.404894,0.535173
27185,0.371751,0.570036
27186,0.414991,0.603432
27187,0.452833,0.631093
27188,0.427547,0.588270
27189,0.459875,0.612153
27190,0.487632,0.632043
27191,0.465873,0.595781
27192,0.415310,0.635944
27193,0.446062,0.652428
27194,0.427820,0.616361
27195,0.486558,0.558548
27196,0.513213,0.582304
27197,0.460957,0.622454
27198,0.511232,0.570135
27199,0.553827,0.524346
27200,0.583752,0.559778
27201,0.535424,0.594558
27202,0.568349,0.623451
27203,0.595878,0.647346
27204,0.618820,0.667099
27205,0.566192,0.693447
27206,0.520203,0.714899
27207,0.480809,0.732406
27208,0.447492,0.746738
27209,0.493821,0.760575
27210,0.455322,0.714858
27211,0.420429,0.734558
27212,0.464669,0.746727
27213,0.506785,0.697430
27214,0.542531,0.651552
27215,0.580072,0.678749
27216,0.611287,0.700959
27217,0.639826,0.654783
27218,0.664813,0.681387
27219,0.687492,0.636955
27220,0.707256,0.666831
27221,0.725150,0.623832
27222,0.678090,0.571948
27223,0.701329,0.532447
27224,0.720303,0.498527
27225,0.735838,0.469694
27226,0.748599,0.445337
27227,0.700118,0.400552
27228,0.716564,0.453485
27229,0.735105,0.424941
27230,0.750241,0.401060
27231,0.704241,0.436066
27232,0.661527,0.466346
27233,0.676436,0.445574
27234,0.688834,0.428063
27235,0.699165,0.413317
27236,0.662728,0.438735
27237,0.630136,0.460602
27238,0.639721,0.447852
27239,0.611324,0.466493
27240,0.656965,0.530475
27241,0.664842,0.509971
27242,0.701056,0.567106
27243,0.707279,0.541328
27244,0.647394,0.482394
27245,0.592471,0.432618
27246,0.553905,0.464610
27247,0.520587,0.492046
27248,0.492110,0.515410
27249,0.542788,0.567818
27250,0.511058,0.587202
27251,0.536395,0.557744
27252,0.483055,0.499888
27253,0.456104,0.525468
27254,0.411532,0.472280
27255,0.389448,0.501999
27256,0.371023,0.527257
27257,0.426951,0.576103
27258,0.476068,0.616521
27259,0.443474,0.636632
27260,0.490337,0.668982
27261,0.530337,0.695291
27262,0.566391,0.652070
27263,0.525795,0.668460
27264,0.556525,0.630399
27265,0.521931,0.644750
27266,0.473278,0.586336
27267,0.432282,0.534624
27268,0.477280,0.573590
27269,0.515850,0.606027
27270,0.548505,0.632893
27271,0.587565,0.584569
27272,0.614303,0.615130
27273,0.645845,0.568858
27274,0.671704,0.528524
27275,0.625677,0.483909
27276,0.584642,0.446160
27277,0.534112,0.488692
27278,0.490561,0.524997
27279,0.529007,0.490387
27280,0.486752,0.446471
27281,0.525778,0.417587
27282,0.484000,0.381615
27283,0.448642,0.352012
27284,0.418976,0.327704
27285,0.394204,0.307738
27286,0.359409,0.356860
27287,0.339568,0.331684
27288,0.379601,0.377384
27289,0.344488,0.426660
27290,0.383988,0.468649
27291,0.438598,0.430177
27292,0.474582,0.471691
27293,0.447735,0.440543
27294,0.425146,0.414420
27295,0.480070,0.376809
27296,0.510891,0.416562
27297,0.557791,0.378571
27298,0.509257,0.428894
27299,0.474365,0.399272
27300,0.433270,0.447119
27301,0.478205,0.414055
27302,0.441978,0.382141
27303,0.481471,0.426745
27304,0.440531,0.472927
27305,0.484249,0.437609
27306,0.446841,0.403203
27307,0.415494,0.374674
27308,0.381915,0.422070
27309,0.356611,0.390303
27310,0.335708,0.364003
27311,0.309686,0.412600
27312,0.353696,0.456528
27313,0.324342,0.499940
27314,0.366959,0.537883
27315,0.348917,0.499949
27316,0.333912,0.467688
27317,0.303596,0.515178
27318,0.343222,0.547354
27319,0.330550,0.512902
27320,0.299092,0.558237
27321,0.337231,0.585132
27322,0.326539,0.549564
27323,0.360243,0.572558
27324,0.390032,0.591864
27325,0.416025,0.608056
27326,0.366501,0.649291
27327,0.395516,0.662236
27328,0.420781,0.673052
27329,0.442593,0.682104
27330,0.388158,0.713761
27331,0.343933,0.739128
27332,0.404487,0.684960
27333,0.438084,0.700902
27334,0.393706,0.723154
27335,0.374818,0.679710
27336,0.409267,0.693416
27337,0.439280,0.704804
27338,0.465154,0.714288
27339,0.487302,0.722204
27340,0.506170,0.728825
27341,0.522196,0.734375
27342,0.505244,0.698543
27343,0.518870,0.703577
27344,0.578796,0.642174
27345,0.516041,0.675843
27346,0.492540,0.636954
27347,0.472585,0.602402
27348,0.419368,0.643550
27349,0.375516,0.676958
27350,0.339753,0.704016
27351,0.310711,0.725949
27352,0.352210,0.738178
27353,0.406784,0.687729
27354,0.445730,0.706735
27355,0.405524,0.725338
27356,0.453820,0.678665
27357,0.421265,0.628417
27358,0.387588,0.653974
27359,0.361249,0.606114
27360,0.334291,0.635595
27361,0.379916,0.660687
27362,0.429102,0.612993
27363,0.470928,0.642086
27364,0.514324,0.596349
27365,0.476263,0.549033
27366,0.512176,0.582181
27367,0.542618,0.609796
27368,0.493684,0.641521
27369,0.452148,0.667559
27370,0.494631,0.621208
27371,0.530828,0.579949
27372,0.569974,0.616866
27373,0.529038,0.639727
27374,0.559587,0.599847
27375,0.585212,0.564852
27376,0.623296,0.607906
27377,0.643956,0.571878
27378,0.674372,0.613693
27379,0.699131,0.647988
27380,0.649951,0.597109
27381,0.605428,0.552104
27382,0.637851,0.508604
27383,0.594663,0.469488
27384,0.628998,0.432724
27385,0.586828,0.400383
27386,0.622547,0.370486
27387,0.651911,0.345822
27388,0.676004,0.325485
27389,0.628849,0.301148
27390,0.586697,0.281300
27391,0.549812,0.265071
27392,0.518007,0.251756
27393,0.490847,0.240793
27394,0.440595,0.289349
27395,0.472387,0.337135
27396,0.449439,0.317829
27397,0.430097,0.301895
27398,0.413821,0.288714
27399,0.473794,0.266482
27400,0.450626,0.256090
27401,0.431097,0.247468
27402,0.384990,0.299210
27403,0.369172,0.283101
27404,0.332221,0.332813
27405,0.302339,0.378271
27406,0.278180,0.418707
27407,0.258604,0.453981
27408,0.301956,0.505282
27409,0.355431,0.474022
27410,0.329091,0.504489
27411,0.307508,0.530369
27412,0.355176,0.578170
27413,0.403711,0.544843
27414,0.448456,0.590192
27415,0.487187,0.627598
27416,0.445478,0.647951
27417,0.484629,0.677791
27418,0.443328,0.693926
27419,0.486933,0.652964
27420,0.449374,0.597668
27421,0.488893,0.631179
27422,0.456927,0.583314
27423,0.490558,0.612228
27424,0.538222,0.564375
27425,0.578228,0.522696
27426,0.605924,0.561677
27427,0.628949,0.594242
27428,0.660535,0.548609
27429,0.610295,0.580371
27430,0.637800,0.541354
27431,0.664022,0.582018
27432,0.685550,0.615749
27433,0.706632,0.572229
27434,0.659819,0.598883
27435,0.685332,0.633511
27436,0.703311,0.591901
27437,0.718116,0.555439
27438,0.730341,0.523954
27439,0.688875,0.547177
27440,0.651037,0.566761
27441,0.592820,0.509028
27442,0.629497,0.556841
27443,0.589360,0.581929
27444,0.626655,0.621071
27445,0.657231,0.653166
27446,0.608309,0.603479
27447,0.636697,0.559230
27448,0.589954,0.514242
27449,0.544109,0.550599
27450,0.576692,0.512107
27451,0.530380,0.468200
27452,0.565193,0.435652
27453,0.599509,0.482366
27454,0.627832,0.447558
27455,0.584897,0.485010
27456,0.547331,0.516993
27457,0.588999,0.561935
27458,0.623463,0.599381
27459,0.581042,0.625197
27460,0.616901,0.655308
27461,0.646428,0.679967
27462,0.670686,0.700172
27463,0.692720,0.652134
27464,0.710787,0.608666
27465,0.725638,0.570279
27466,0.743517,0.610182
27467,0.695659,0.559847
27468,0.716006,0.520205
27469,0.731590,0.560980
27470,0.686977,0.517177
27471,0.711329,0.477109
27472,0.661083,0.514602
27473,0.614572,0.471524
27474,0.638279,0.512413
27475,0.597867,0.475788
27476,0.545553,0.519609
27477,0.509274,0.481900
27478,0.463891,0.524804
27479,0.507883,0.484613
27480,0.470366,0.446309
27481,0.432123,0.488371
27482,0.400223,0.524278
27483,0.370000,0.479847
27484,0.415629,0.445866
27485,0.461977,0.491598
27486,0.501930,0.530611
27487,0.535891,0.563499
27488,0.576046,0.517052
27489,0.536162,0.479279
27490,0.576273,0.439794
27491,0.609614,0.406801
27492,0.565413,0.376202
27493,0.519699,0.421915
27494,0.555313,0.467584
27495,0.585159,0.506867
27496,0.619833,0.465352
27497,0.577364,0.431275
27498,0.602409,0.470536
27499,0.637647,0.429686
27500,0.666494,0.395679
27501,0.690081,0.367532
27502,0.643025,0.410965
27503,0.593975,0.376469
27504,0.550711,0.348086
27505,0.505839,0.393666
27506,0.468295,0.362225
27507,0.430418,0.406261
27508,0.398834,0.444946
27509,0.444978,0.494368
27510,0.410950,0.527984
27511,0.382668,0.556372
27512,0.430771,0.597545
27513,0.473400,0.559399
27514,0.509966,0.526395
27515,0.466124,0.475748
27516,0.503761,0.447649
27517,0.460877,0.405519
27518,0.424850,0.370746
27519,0.393340,0.412524
27520,0.439269,0.462653
27521,0.405321,0.499872
27522,0.377147,0.531526
27523,0.425006,0.574337
27524,0.394981,0.526807
27525,0.436122,0.563316
27526,0.410364,0.522792
27527,0.373231,0.562753
27528,0.413161,0.593281
27529,0.448047,0.618685
27530,0.478122,0.639785
27531,0.503819,0.657309
27532,0.556154,0.602689
27533,0.503247,0.634976
27534,0.458171,0.661509
27535,0.428258,0.615140
27536,0.464422,0.638653
27537,0.495475,0.658135
27538,0.544589,0.605311
27539,0.496153,0.635699
27540,0.529846,0.660046
27541,0.496730,0.616149
27542,0.525378,0.637371
27543,0.497221,0.599228
27544,0.473294,0.565811
27545,0.527881,0.510476
27546,0.573811,0.463184
27547,0.523705,0.508905
27548,0.488203,0.472853
27549,0.532959,0.432976
27550,0.489972,0.476919
27551,0.528359,0.517677
27552,0.491476,0.480377
27553,0.449306,0.523629
27554,0.414003,0.560142
27555,0.383918,0.516699
27556,0.430543,0.476387
27557,0.397638,0.439497
27558,0.368725,0.482611
27559,0.415394,0.523302
27560,0.387689,0.485218
27561,0.364690,0.452963
27562,0.404083,0.487434
27563,0.384189,0.459986
27564,0.418190,0.489318
27565,0.474763,0.439617
27566,0.523423,0.398264
27567,0.553326,0.436055
27568,0.504106,0.487304
27569,0.537028,0.520336
27570,0.577852,0.473462
27571,0.538598,0.442550
27572,0.579161,0.403641
27573,0.539733,0.378435
27574,0.505803,0.357508
27575,0.551706,0.327004
27576,0.516061,0.310397
27577,0.543994,0.351261
27578,0.513653,0.336590
27579,0.487776,0.324362
27580,0.436946,0.382069
27581,0.468161,0.419768
27582,0.446325,0.399233
27583,0.472927,0.431639
27584,0.421325,0.488162
27585,0.451421,0.516521
27586,0.432972,0.489937
27587,0.491671,0.439348
27588,0.517674,0.470826
27589,0.567505,0.423385
27590,0.535563,0.401480
27591,0.582411,0.362955
27592,0.530242,0.415953
27593,0.560031,0.455573
27594,0.510857,0.502876
27595,0.551095,0.462210
27596,0.509229,0.502444
27597,0.548341,0.542713
27598,0.507845,0.502078
27599,0.473321,0.467495
27600,0.506668,0.501766
27601,0.534978,0.530896
27602,0.505668,0.501501
27603,0.555477,0.451448
27604,0.596993,0.409624
27605,0.547209,0.458695
27606,0.508501,0.426618
27607,0.475501,0.399820
27608,0.432639,0.450119
27609,0.479171,0.414526
27610,0.444284,0.384578
27611,0.489212,0.355834
27612,0.527568,0.332184
27613,0.485227,0.309071
27614,0.448638,0.355559
27615,0.417953,0.397383
27616,0.383375,0.362434
27617,0.358587,0.403480
27618,0.338089,0.439490
27619,0.378886,0.417672
27620,0.432650,0.473006
27621,0.479686,0.520623
27622,0.519985,0.560839
27623,0.554056,0.594426
27624,0.516990,0.551784
27625,0.485319,0.514904
27626,0.533336,0.469214
27627,0.562194,0.505301
27628,0.528347,0.473823
27629,0.499359,0.447219
27630,0.524102,0.477744
27631,0.470204,0.529933
27632,0.424883,0.573828
27633,0.387298,0.610273
27634,0.427706,0.634800
27635,0.389629,0.664004
27636,0.358271,0.687889
27637,0.332526,0.707440
27638,0.379046,0.725464
27639,0.356116,0.679296
27640,0.337126,0.637036
27641,0.389976,0.583694
27642,0.431752,0.609943
27643,0.479936,0.559670
27644,0.516618,0.589926
27645,0.482943,0.550787
27646,0.529268,0.502278
27647,0.485500,0.543210
27648,0.448445,0.577571
27649,0.487674,0.536754
27650,0.530982,0.576051
27651,0.489522,0.531257
27652,0.529211,0.490150
27653,0.562678,0.455293
27654,0.516704,0.417391
27655,0.478571,0.458955
27656,0.446337,0.494763
27657,0.493565,0.539948
27658,0.529177,0.503513
27659,0.569085,0.547328
27660,0.528770,0.577360
27661,0.568745,0.613346
27662,0.598189,0.571614
27663,0.622680,0.535296
27664,0.583762,0.560988
27665,0.531409,0.508340
27666,0.486310,0.463396
27667,0.522920,0.432504
27668,0.553860,0.406642
27669,0.519485,0.442531
27670,0.564741,0.494704
27671,0.516565,0.451091
27672,0.480351,0.488732
27673,0.439385,0.446067
27674,0.479030,0.416218
27675,0.448407,0.454108
27676,0.408218,0.412657
27677,0.456102,0.460961
27678,0.497489,0.502642
27679,0.462660,0.466798
27680,0.497866,0.502245
27681,0.468245,0.471767
27682,0.443234,0.446016
27683,0.422193,0.424348
27684,0.451691,0.454064
27685,0.433715,0.435559
27686,0.385856,0.494273
27687,0.443566,0.445140
27688,0.419616,0.420804
27689,0.399547,0.400412
27690,0.359923,0.456267
27691,0.414292,0.415036
27692,0.389071,0.389581
27693,0.426949,0.427586
27694,0.459851,0.460595
27695,0.437783,0.438328
27696,0.392504,0.493886
27697,0.355387,0.541285
27698,0.325132,0.581027
27699,0.367048,0.608423
27700,0.334628,0.640594
27701,0.317959,0.597391
27702,0.292302,0.631527
27703,0.271479,0.659556
27704,0.315485,0.680910
27705,0.355730,0.698487
27706,0.411345,0.647924
27707,0.376401,0.671304
27708,0.418403,0.693905
27709,0.394335,0.647251
27710,0.374268,0.605212
27711,0.428971,0.553773
27712,0.392490,0.589802
27713,0.362381,0.619701
27714,0.337602,0.644430
27715,0.317212,0.664866
27716,0.366947,0.691139
27717,0.412989,0.647435
27718,0.386147,0.664772
27719,0.435693,0.693517
27720,0.476516,0.652218
27721,0.520024,0.683339
27722,0.554803,0.643013
27723,0.583962,0.607037
27724,0.534988,0.549882
27725,0.492783,0.500180
27726,0.529753,0.542439
27727,0.568433,0.503549
27728,0.525298,0.536097
27729,0.558270,0.503017
27730,0.511767,0.455852
27731,0.546879,0.428067
27732,0.501978,0.389243
27733,0.538618,0.366728
27734,0.576086,0.418801
27735,0.533918,0.459007
27736,0.490181,0.419340
27737,0.453096,0.386403
27738,0.417416,0.430727
27739,0.387739,0.469327
27740,0.429625,0.441013
27741,0.477939,0.491470
27742,0.444607,0.524607
27743,0.490866,0.567337
27744,0.527693,0.529368
27745,0.558777,0.496808
27746,0.523546,0.524971
27747,0.550025,0.497286
27748,0.572317,0.473761
27749,0.542561,0.497693
27750,0.561589,0.477691
27751,0.536201,0.498039
27752,0.477633,0.440629
27753,0.428267,0.392991
27754,0.460479,0.376879
27755,0.438910,0.408651
27756,0.495079,0.468194
27757,0.522797,0.444834
27758,0.495817,0.472955
27759,0.547725,0.527888
27760,0.496445,0.477006
27761,0.540601,0.523712
27762,0.503299,0.555215
27763,0.546383,0.594037
27764,0.577182,0.553732
27765,0.539457,0.580196
27766,0.491134,0.528774
27767,0.450155,0.484536
27768,0.418205,0.521883
27769,0.391566,0.553453
27770,0.430301,0.518604
27771,0.390662,0.470643
27772,0.429509,0.441095
27773,0.480547,0.490501
27774,0.514677,0.457828
27775,0.558191,0.504871
27776,0.594515,0.544822
27777,0.552103,0.578486
27778,0.580606,0.538127
27779,0.604425,0.503403
27780,0.568681,0.532426
27781,0.610907,0.577269
27782,0.574341,0.601184
27783,0.594707,0.565825
27784,0.538611,0.512208
27785,0.564723,0.481286
27786,0.512525,0.435736
27787,0.467896,0.397824
27788,0.510647,0.445292
27789,0.472701,0.412810
27790,0.509050,0.453447
27791,0.465029,0.500124
27792,0.428008,0.539830
27793,0.396733,0.498736
27794,0.438689,0.533875
27795,0.411872,0.498926
27796,0.462691,0.453969
27797,0.424874,0.499087
27798,0.393390,0.537478
27799,0.436009,0.499224
27800,0.482976,0.541552
27801,0.520296,0.502708
27802,0.485528,0.535342
27803,0.442517,0.488191
27804,0.413572,0.523043
27805,0.389422,0.552505
27806,0.426331,0.519591
27807,0.385359,0.469831
27808,0.365329,0.502459
27809,0.402073,0.474348
27810,0.457735,0.525390
27811,0.416463,0.478190
27812,0.390778,0.513024
27813,0.441576,0.556211
27814,0.411714,0.585232
27815,0.450277,0.547836
27816,0.424738,0.572644
27817,0.457696,0.540695
27818,0.411941,0.487190
27819,0.446622,0.459755
27820,0.424933,0.489111
27821,0.381738,0.439434
27822,0.364202,0.471687
27823,0.398948,0.448449
27824,0.456709,0.503381
27825,0.432225,0.530985
27826,0.485732,0.577251
27827,0.517028,0.542593
27828,0.562540,0.586903
27829,0.526803,0.609489
27830,0.478452,0.556028
27831,0.437634,0.509490
27832,0.481681,0.547679
27833,0.446912,0.508066
27834,0.484427,0.540562
27835,0.441742,0.581134
27836,0.406100,0.614799
27837,0.450418,0.569133
27838,0.488747,0.529337
27839,0.532670,0.569736
27840,0.569637,0.603381
27841,0.600476,0.631242
27842,0.626087,0.654263
27843,0.656183,0.604218
27844,0.680825,0.559843
27845,0.634627,0.514898
27846,0.593267,0.476476
27847,0.542224,0.518772
27848,0.505216,0.479766
27849,0.535914,0.515958
27850,0.504433,0.482798
27851,0.455696,0.529561
27852,0.429247,0.494379
27853,0.462315,0.525135
27854,0.490697,0.551137
27855,0.440170,0.595206
27856,0.398135,0.631522
27857,0.435340,0.651968
27858,0.487188,0.599482
27859,0.531523,0.552943
27860,0.563759,0.586725
27861,0.526804,0.545049
27862,0.554277,0.573924
27863,0.522789,0.538320
27864,0.570401,0.488301
27865,0.609905,0.445929
27866,0.559951,0.490055
27867,0.593843,0.453990
27868,0.549327,0.417312
27869,0.510827,0.386824
27870,0.477983,0.361579
27871,0.450204,0.340700
27872,0.501297,0.313622
27873,0.457634,0.363281
27874,0.426635,0.337965
27875,0.463965,0.382966
27876,0.437515,0.360886
27877,0.469356,0.400008
27878,0.496628,0.434317
27879,0.445065,0.488848
27880,0.402105,0.535460
27881,0.438718,0.565146
27882,0.396857,0.603666
27883,0.362401,0.635446
27884,0.403866,0.658732
27885,0.368155,0.684019
27886,0.418004,0.636222
27887,0.387195,0.658464
27888,0.361689,0.676842
27889,0.340599,0.692047
27890,0.323152,0.704654
27891,0.308697,0.715130
27892,0.362836,0.738681
27893,0.404853,0.698468
27894,0.441725,0.661676
27895,0.493127,0.695702
27896,0.536977,0.723049
27897,0.568720,0.684050
27898,0.531446,0.693321
27899,0.573922,0.722437
27900,0.600382,0.684890
27901,0.622428,0.650931
27902,0.640780,0.620791
27903,0.585600,0.557165
27904,0.610117,0.529708
27905,0.558358,0.473827
27906,0.520147,0.501255
27907,0.549667,0.477747
27908,0.574495,0.457839
27909,0.542255,0.481082
27910,0.563451,0.464140
27911,0.581290,0.449803
27912,0.626424,0.512352
27913,0.640805,0.490669
27914,0.652835,0.472262
27915,0.662910,0.456674
27916,0.602128,0.402657
27917,0.639881,0.463147
27918,0.657504,0.440789
27919,0.672151,0.421968
27920,0.635147,0.449605
27921,0.647996,0.433522
27922,0.615669,0.457124
27923,0.657692,0.518149
27924,0.598814,0.463530
27925,0.619140,0.440714
27926,0.636098,0.421511
27927,0.579360,0.376947
27928,0.543563,0.410818
27929,0.567615,0.394808
27930,0.513732,0.352859
27931,0.467629,0.318875
27932,0.428841,0.291414
27933,0.472474,0.344094
27934,0.439401,0.319679
27935,0.476596,0.366250
27936,0.448420,0.344804
27937,0.424721,0.327055
27938,0.404842,0.312345
27939,0.364032,0.366636
27940,0.330794,0.415677
27941,0.370684,0.458924
27942,0.354594,0.428135
27943,0.411422,0.391748
27944,0.375411,0.438797
27945,0.416439,0.481514
27946,0.452273,0.518062
27947,0.483140,0.548992
27948,0.459397,0.515355
27949,0.485668,0.541681
27950,0.465467,0.513053
27951,0.523181,0.460593
27952,0.545474,0.490849
27953,0.564284,0.516628
27954,0.505828,0.566818
27955,0.554726,0.514135
27956,0.504953,0.556890
27957,0.462531,0.592605
27958,0.501341,0.621111
27959,0.542985,0.573431
27960,0.577938,0.531761
27961,0.536562,0.562541
27962,0.566398,0.527007
27963,0.531093,0.553237
27964,0.556531,0.522962
27965,0.526439,0.545299
27966,0.473283,0.489504
27967,0.428525,0.442229
27968,0.477284,0.491078
27969,0.513824,0.457919
27970,0.544782,0.430012
27971,0.496316,0.390927
27972,0.538093,0.440401
27973,0.496868,0.406874
27974,0.532396,0.449274
27975,0.562353,0.485929
27976,0.601160,0.442484
27977,0.553077,0.488039
27978,0.512187,0.452121
27979,0.470321,0.496321
27980,0.510359,0.459269
27981,0.474764,0.496873
27982,0.508806,0.465357
27983,0.537689,0.438774
27984,0.562051,0.416446
27985,0.532053,0.447886
27986,0.552818,0.428794
27987,0.600879,0.486829
27988,0.544942,0.439361
27989,0.586074,0.488804
27990,0.538229,0.448386
27991,0.573366,0.490483
27992,0.529121,0.530932
27993,0.562486,0.491910
27994,0.524761,0.526301
27995,0.478405,0.480589
27996,0.521052,0.522362
27997,0.557085,0.557647
27998,0.517897,0.519011
27999,0.484393,0.485972
28000,0.440502,0.532827
28001,0.412636,0.497745
28002,0.462585,0.453082
28003,0.425529,0.498083
28004,0.394660,0.536387
28005,0.441206,0.572848
28006,0.410088,0.530944
28007,0.384182,0.494955
28008,0.434422,0.451489
28009,0.478256,0.415091
28010,0.515807,0.384849
28011,0.556266,0.431394
28012,0.590100,0.471968
28013,0.618216,0.506772
28014,0.570024,0.550970
28015,0.601013,0.505756
28016,0.631732,0.542074
28017,0.657039,0.572611
28018,0.681073,0.524420
28019,0.701114,0.557795
28020,0.720089,0.511625
28021,0.673344,0.474369
28022,0.630655,0.442908
28023,0.662612,0.404386
28024,0.621024,0.378725
28025,0.654753,0.347706
28026,0.614005,0.327235
28027,0.578041,0.310333
28028,0.523621,0.362454
28029,0.491882,0.339400
28030,0.520082,0.382248
28031,0.469111,0.433871
28032,0.426246,0.478957
28033,0.400074,0.442839
28034,0.365260,0.486689
28035,0.336722,0.524149
28036,0.384684,0.488685
28037,0.356010,0.445757
28038,0.401491,0.490381
28039,0.369396,0.528680
28040,0.342983,0.560988
28041,0.389845,0.598115
28042,0.431383,0.628830
28043,0.479818,0.583545
28044,0.516299,0.616794
28045,0.482843,0.571198
28046,0.529354,0.526118
28047,0.485415,0.560633
28048,0.450146,0.515499
28049,0.487602,0.551608
28050,0.444802,0.587275
28051,0.415284,0.543992
28052,0.390655,0.506645
28053,0.356442,0.549639
28054,0.336736,0.511485
28055,0.388919,0.467379
28056,0.363608,0.435132
28057,0.413033,0.398656
28058,0.383578,0.372431
28059,0.359187,0.350709
28060,0.331096,0.402291
28061,0.375447,0.444348
28062,0.344399,0.490866
28063,0.387375,0.527471
28064,0.366517,0.492236
28065,0.334121,0.537193
28066,0.307750,0.574965
28067,0.357515,0.531630
28068,0.403943,0.568948
28069,0.444845,0.600081
28070,0.492325,0.553496
28071,0.527897,0.587214
28072,0.557927,0.615257
28073,0.583131,0.638514
28074,0.621951,0.587455
28075,0.583147,0.545767
28076,0.530752,0.583993
28077,0.570858,0.538932
28078,0.526148,0.571582
28079,0.560342,0.533111
28080,0.514928,0.486269
28081,0.476101,0.446611
28082,0.518054,0.414184
28083,0.479682,0.454571
28084,0.440634,0.415224
28085,0.408754,0.455474
28086,0.382236,0.490172
28087,0.422199,0.462125
28088,0.457011,0.438465
28089,0.508327,0.492837
28090,0.477054,0.522414
28091,0.432493,0.472610
28092,0.480492,0.519055
28093,0.517260,0.483580
28094,0.473559,0.441474
28095,0.514673,0.486042
28096,0.474670,0.525003
28097,0.515619,0.562799
28098,0.478464,0.521258
28099,0.438592,0.560392
28100,0.479147,0.592019
28101,0.513858,0.618327
28102,0.482272,0.578464
28103,0.511780,0.601108
28104,0.559640,0.547272
28105,0.584205,0.575002
28106,0.604767,0.598214
28107,0.549309,0.635746
28108,0.575545,0.654375
28109,0.614957,0.600488
28110,0.636183,0.625110
28111,0.598199,0.585738
28112,0.636737,0.533599
28113,0.654363,0.563307
28114,0.617050,0.528571
28115,0.584191,0.498814
28116,0.526347,0.548342
28117,0.551356,0.573456
28118,0.522401,0.541126
28119,0.497663,0.513359
28120,0.444286,0.564326
28121,0.473511,0.585510
28122,0.424095,0.627131
28123,0.456131,0.644195
28124,0.483662,0.658419
28125,0.462685,0.623534
28126,0.486111,0.635947
28127,0.431509,0.674561
28128,0.488194,0.616364
28129,0.516409,0.635900
28130,0.564600,0.581408
28131,0.531188,0.543383
28132,0.576939,0.494819
28133,0.614846,0.453580
28134,0.637305,0.493279
28135,0.667649,0.452283
28136,0.625128,0.419981
28137,0.572714,0.466415
28138,0.606987,0.431821
28139,0.633902,0.476686
28140,0.585690,0.516679
28141,0.616277,0.554946
28142,0.573036,0.514178
28143,0.525655,0.554131
28144,0.559690,0.586186
28145,0.595634,0.539775
28146,0.552949,0.498997
28147,0.590030,0.458973
28148,0.620781,0.425344
28149,0.575009,0.391787
28150,0.603228,0.436411
28151,0.635751,0.401484
28152,0.588094,0.445868
28153,0.619010,0.490153
28154,0.646269,0.453112
28155,0.601698,0.491630
28156,0.562406,0.524466
28157,0.512663,0.477429
28158,0.544987,0.446024
28159,0.510764,0.480811
28160,0.538268,0.454071
28161,0.486786,0.409684
28162,0.457693,0.445429
28163,0.414610,0.402525
28164,0.378964,0.367168
28165,0.427221,0.416852
28166,0.396552,0.386339
28167,0.371097,0.361078
28168,0.350004,0.340188
28169,0.332521,0.322903
28170,0.304456,0.375953
28171,0.346122,0.418389
28172,0.400773,0.382577
28173,0.449314,0.353092
28174,0.489525,0.398122
28175,0.449027,0.446542
28176,0.489278,0.487177
28177,0.531480,0.447086
28178,0.490886,0.489100
28179,0.456454,0.524958
28180,0.418000,0.480486
28181,0.462960,0.521219
28182,0.427207,0.558141
28183,0.468500,0.518039
28184,0.438004,0.549482
28185,0.486528,0.589369
28186,0.522016,0.549766
28187,0.477227,0.501789
28188,0.518717,0.542340
28189,0.553805,0.576393
28190,0.515912,0.536013
28191,0.545783,0.565076
28192,0.587616,0.515408
28193,0.538946,0.555401
28194,0.500250,0.514810
28195,0.467338,0.480132
28196,0.439574,0.450792
28197,0.490465,0.409124
28198,0.459065,0.385125
28199,0.432619,0.365151
28200,0.391863,0.419332
28201,0.358344,0.467026
28202,0.407680,0.431266
28203,0.451361,0.475121
28204,0.489116,0.512730
28205,0.458620,0.478848
28206,0.507524,0.436173
28207,0.464805,0.482018
28208,0.431823,0.446476
28209,0.470070,0.484714
28210,0.502877,0.517375
28211,0.530755,0.545032
28212,0.479534,0.588822
28213,0.451329,0.552508
28214,0.502079,0.501309
28215,0.458594,0.544677
28216,0.496455,0.575530
28217,0.528687,0.601309
28218,0.481151,0.636171
28219,0.449583,0.594949
28220,0.423055,0.558800
28221,0.457105,0.580979
28222,0.486379,0.599581
28223,0.511343,0.615172
28224,0.488421,0.584958
28225,0.435013,0.630907
28226,0.490157,0.572409
28227,0.444674,0.611992
28228,0.480604,0.633656
28229,0.511317,0.651659
28230,0.483511,0.614376
28231,0.534806,0.557837
28232,0.503517,0.523952
28233,0.551688,0.474405
28234,0.517968,0.445591
28235,0.469132,0.495719
28236,0.428044,0.538434
28237,0.467269,0.570880
28238,0.500952,0.597999
28239,0.547000,0.547871
28240,0.585549,0.504442
28241,0.613079,0.542301
28242,0.572915,0.503776
28243,0.522792,0.545814
28244,0.487426,0.506785
28245,0.444615,0.548349
28246,0.415139,0.508958
28247,0.380109,0.550179
28248,0.422271,0.581872
28249,0.471102,0.534985
28250,0.438403,0.495223
28251,0.485059,0.454908
28252,0.450142,0.421592
28253,0.487299,0.461643
28254,0.457582,0.433200
28255,0.489204,0.467379
28256,0.463921,0.443126
28257,0.442570,0.422718
28258,0.395827,0.479437
28259,0.428933,0.508778
28260,0.411092,0.482519
28261,0.439479,0.507462
28262,0.390663,0.559847
28263,0.350786,0.603394
28264,0.336742,0.567547
28265,0.372093,0.588237
28266,0.359814,0.557512
28267,0.390607,0.575220
28268,0.452706,0.516112
28269,0.406598,0.564071
28270,0.368628,0.603950
28271,0.349477,0.565020
28272,0.403214,0.514660
28273,0.443211,0.546414
28274,0.404011,0.586583
28275,0.443905,0.612602
28276,0.418128,0.573802
28277,0.452264,0.596168
28278,0.504776,0.541863
28279,0.459390,0.582026
28280,0.421305,0.615350
28281,0.389636,0.642861
28282,0.432955,0.598538
28283,0.479632,0.631630
28284,0.442916,0.584062
28285,0.486259,0.539501
28286,0.451420,0.571641
28287,0.496526,0.606968
28288,0.458671,0.561012
28289,0.501319,0.517342
28290,0.537580,0.479987
28291,0.493533,0.440037
28292,0.456145,0.406659
28293,0.499157,0.376399
28294,0.462697,0.420402
28295,0.424857,0.385813
28296,0.393354,0.357278
28297,0.435994,0.402465
28298,0.482944,0.370048
28299,0.520284,0.413795
28300,0.551861,0.452112
28301,0.504039,0.500987
28302,0.469280,0.467700
28303,0.503433,0.500839
28304,0.548700,0.454174
28305,0.586582,0.415100
28306,0.618013,0.382688
28307,0.643985,0.355922
28308,0.595691,0.330387
28309,0.623351,0.376568
28310,0.575081,0.425443
28311,0.532013,0.394760
28312,0.563953,0.436495
28313,0.516710,0.484194
28314,0.479670,0.450187
28315,0.514205,0.486564
28316,0.557455,0.442869
28317,0.593571,0.406386
28318,0.550939,0.378694
28319,0.505483,0.427064
28320,0.543340,0.396318
28321,0.578994,0.443054
28322,0.610099,0.409623
28323,0.635862,0.381835
28324,0.594010,0.422945
28325,0.557302,0.458771
28326,0.505870,0.415398
28327,0.462012,0.379508
28328,0.430444,0.420898
28329,0.394268,0.384043
28330,0.364388,0.353713
28331,0.339618,0.398064
28332,0.315849,0.365237
28333,0.296244,0.408300
28334,0.277484,0.373661
28335,0.323998,0.421810
28336,0.307160,0.391964
28337,0.283912,0.439246
28338,0.327372,0.481707
28339,0.300314,0.523087
28340,0.342391,0.559166
28341,0.396772,0.515330
28342,0.364761,0.550356
28343,0.408490,0.587136
28344,0.446865,0.617667
28345,0.496330,0.571519
28346,0.538470,0.531256
28347,0.496881,0.560907
28348,0.461540,0.585782
28349,0.497348,0.551843
28350,0.467291,0.573115
28351,0.441920,0.590989
28352,0.494907,0.634225
28353,0.540083,0.669376
28354,0.503642,0.683051
28355,0.459235,0.627363
28356,0.496320,0.587261
28357,0.527891,0.552216
28358,0.479791,0.499939
28359,0.448911,0.530304
28360,0.408843,0.481192
28361,0.375692,0.439694
28362,0.422276,0.484011
28363,0.393722,0.448670
28364,0.362063,0.493300
28365,0.336052,0.531348
28366,0.382658,0.568864
28367,0.424086,0.600160
28368,0.460184,0.626144
28369,0.491215,0.647678
28370,0.466137,0.607867
28371,0.444949,0.572836
28372,0.397639,0.615442
28373,0.430358,0.634000
28374,0.486750,0.578522
28375,0.535006,0.529693
28376,0.501134,0.492302
28377,0.472321,0.460570
28378,0.426500,0.508447
28379,0.461659,0.541321
28380,0.437399,0.507180
28381,0.467392,0.535145
28382,0.418807,0.580400
28383,0.472273,0.529887
28384,0.430816,0.568504
28385,0.402666,0.527075
28386,0.441089,0.558330
28387,0.491197,0.510367
28388,0.533969,0.469413
28389,0.495423,0.434197
28390,0.462683,0.404764
28391,0.509725,0.371676
28392,0.543115,0.414958
28393,0.582506,0.380080
28394,0.542206,0.356181
28395,0.581749,0.328313
28396,0.541549,0.309345
28397,0.495116,0.359523
28398,0.460481,0.335023
28399,0.421503,0.382855
28400,0.393017,0.354215
28401,0.441523,0.330521
28402,0.409685,0.307789
28403,0.377603,0.354475
28404,0.351951,0.327386
28405,0.326343,0.372256
28406,0.305996,0.341934
28407,0.285762,0.385325
28408,0.332114,0.436228
28409,0.314611,0.402044
28410,0.290317,0.446121
28411,0.276508,0.410271
28412,0.327468,0.381331
28413,0.373420,0.428788
28414,0.343936,0.472200
28415,0.388221,0.514051
28416,0.427407,0.549494
28417,0.478370,0.504918
28418,0.512854,0.541792
28419,0.467229,0.578525
28420,0.436277,0.535815
28421,0.472134,0.566899
28422,0.502855,0.592923
28423,0.551110,0.541624
28424,0.591419,0.497270
28425,0.552260,0.460545
28426,0.592373,0.423290
28427,0.617355,0.465619
28428,0.578768,0.434654
28429,0.600269,0.470763
28430,0.618249,0.501714
28431,0.585550,0.475141
28432,0.557137,0.452658
28433,0.572916,0.478865
28434,0.548625,0.459726
28435,0.601393,0.408081
28436,0.541368,0.465746
28437,0.563958,0.495971
28438,0.608491,0.446908
28439,0.573745,0.422212
28440,0.543612,0.401517
28441,0.591695,0.362011
28442,0.559134,0.345410
28443,0.531040,0.331588
28444,0.475520,0.388532
28445,0.451571,0.367468
28446,0.405332,0.420857
28447,0.385758,0.394366
28448,0.348463,0.444659
28449,0.318140,0.488361
28450,0.293512,0.525676
28451,0.279290,0.482444
28452,0.259873,0.520652
28453,0.303544,0.559784
28454,0.343723,0.592490
28455,0.312045,0.623456
28456,0.286421,0.649016
28457,0.328109,0.674499
28458,0.299417,0.694769
28459,0.276196,0.711428
28460,0.257359,0.725155
28461,0.301194,0.744022
28462,0.277636,0.754850
28463,0.320031,0.769756
28464,0.292883,0.778329
28465,0.334021,0.790161
28466,0.389548,0.747504
28467,0.428850,0.765105
28468,0.479554,0.723538
28469,0.439408,0.731794
28470,0.482618,0.693762
28471,0.519578,0.659190
28472,0.476037,0.597510
28473,0.513980,0.564816
28474,0.479627,0.583179
28475,0.511884,0.555180
28476,0.557419,0.604569
28477,0.584291,0.573714
28478,0.533369,0.515210
28479,0.497338,0.539945
28480,0.453541,0.486127
28481,0.491065,0.459117
28482,0.460478,0.488207
28483,0.509326,0.540086
28484,0.475937,0.564611
28485,0.522506,0.607445
28486,0.554315,0.571205
28487,0.581018,0.539772
28488,0.529830,0.485942
28489,0.494478,0.515104
28490,0.525364,0.488050
28491,0.569846,0.539961
28492,0.521564,0.489842
28493,0.484765,0.522151
28494,0.528435,0.565977
28495,0.487049,0.518832
28496,0.449370,0.553243
28497,0.414828,0.507859
28498,0.386098,0.469151
28499,0.427407,0.506681
28500,0.390116,0.548591
28501,0.430931,0.579986
28502,0.466401,0.606182
28503,0.422464,0.639757
28504,0.386033,0.667272
28505,0.433947,0.619673
28506,0.475707,0.577277
28507,0.436837,0.528703
28508,0.404378,0.486945
28509,0.373809,0.526394
28510,0.419394,0.563555
28511,0.465425,0.520749
28512,0.431319,0.554103
28513,0.476584,0.591601
28514,0.516244,0.550059
28515,0.475000,0.503749
28516,0.440188,0.464304
28517,0.411039,0.431104
28518,0.376521,0.477135
28519,0.424160,0.441335
28520,0.394439,0.480561
28521,0.435397,0.450071
28522,0.397388,0.409478
28523,0.372646,0.448433
28524,0.352121,0.482070
28525,0.404862,0.530972
28526,0.378849,0.559470
28527,0.428678,0.599994
28528,0.472244,0.633417
28529,0.509637,0.660864
28530,0.551203,0.615231
28531,0.586002,0.574744
28532,0.616496,0.612617
28533,0.570246,0.635538
28534,0.603432,0.665873
28535,0.631912,0.623183
28536,0.658545,0.655783
28537,0.681215,0.614155
28538,0.699838,0.577380
28539,0.650358,0.523754
28540,0.672507,0.565920
28541,0.628905,0.520195
28542,0.590081,0.481031
28543,0.610257,0.517169
28544,0.627118,0.547760
28545,0.663992,0.499027
28546,0.677409,0.532434
28547,0.688590,0.560615
28548,0.717199,0.510083
28549,0.726017,0.541780
28550,0.688050,0.508571
28551,0.718099,0.460678
28552,0.680807,0.432697
28553,0.621235,0.483228
28554,0.585128,0.451668
28555,0.553684,0.425135
28556,0.498070,0.476679
28557,0.545680,0.436232
28558,0.498360,0.480173
28559,0.458127,0.517792
28560,0.498748,0.557877
28561,0.533309,0.591387
28562,0.573401,0.546436
28563,0.528325,0.577921
28564,0.562516,0.539502
28565,0.524083,0.566383
28566,0.565786,0.606968
28567,0.520475,0.556518
28568,0.556414,0.517343
28569,0.591375,0.558580
28570,0.620726,0.519116
28571,0.573748,0.475043
28572,0.606114,0.441526
28573,0.632924,0.413437
28574,0.584552,0.377605
28575,0.542072,0.348149
28576,0.505452,0.323984
28577,0.460926,0.371074
28578,0.430095,0.342790
28579,0.404299,0.319587
28580,0.382775,0.300538
28581,0.347636,0.349681
28582,0.330457,0.325240
28583,0.302583,0.372212
28584,0.279971,0.414172
28585,0.261586,0.450871
28586,0.306420,0.501316
28587,0.283087,0.533057
28588,0.333061,0.501119
28589,0.379936,0.548775
28590,0.356585,0.500951
28591,0.328198,0.535111
28592,0.309665,0.489255
28593,0.294377,0.450390
28594,0.335942,0.490867
28595,0.306282,0.532645
28596,0.282261,0.567824
28597,0.324838,0.601364
28598,0.363495,0.629157
28599,0.328597,0.656893
28600,0.366862,0.679029
28601,0.400786,0.697236
28602,0.386074,0.654056
28603,0.415357,0.670190
28604,0.440736,0.683597
28605,0.462560,0.694759
28606,0.524368,0.638015
28607,0.543010,0.656878
28608,0.594577,0.603403
28609,0.565080,0.562669
28610,0.612743,0.514175
28611,0.651662,0.472708
28612,0.615081,0.437383
28613,0.557840,0.481776
28614,0.524584,0.444999
28615,0.496132,0.414190
28616,0.446123,0.461681
28617,0.404418,0.502638
28618,0.454155,0.467411
28619,0.418477,0.502242
28620,0.388793,0.531845
28621,0.364184,0.556841
28622,0.343806,0.577868
28623,0.396005,0.621071
28624,0.437966,0.585928
28625,0.411246,0.603479
28626,0.462122,0.644531
28627,0.506039,0.677852
28628,0.542638,0.638863
28629,0.498939,0.582327
28630,0.536267,0.618896
28631,0.573560,0.577988
28632,0.530842,0.601600
28633,0.562652,0.566440
28634,0.589302,0.536004
28635,0.538388,0.481818
28636,0.568986,0.455773
28637,0.520737,0.410513
28638,0.554158,0.389178
28639,0.507949,0.352614
28640,0.546084,0.405367
28641,0.506757,0.373687
28642,0.548069,0.348491
28643,0.508459,0.323230
28644,0.466038,0.369290
28645,0.430338,0.410448
28646,0.400538,0.446471
28647,0.448296,0.498050
28648,0.489690,0.541969
28649,0.530854,0.504483
28650,0.490919,0.460838
28651,0.457045,0.424181
28652,0.503057,0.393309
28653,0.463463,0.435416
28654,0.504688,0.482904
28655,0.539701,0.523548
28656,0.578335,0.483140
28657,0.607131,0.523748
28658,0.638428,0.483310
28659,0.594316,0.445419
28660,0.555553,0.413687
28661,0.522044,0.387256
28662,0.493393,0.365294
28663,0.543913,0.334026
28664,0.512062,0.316567
28665,0.537352,0.357432
28666,0.483981,0.412376
28667,0.531766,0.377882
28668,0.497467,0.354108
28669,0.452184,0.404165
28670,0.414278,0.448389
28671,0.382819,0.486661
28672,0.426936,0.456087
28673,0.465402,0.430348
28674,0.437772,0.462647
28675,0.414579,0.490362
28676,0.468617,0.543084
28677,0.427195,0.491807
28678,0.466108,0.461787
28679,0.499531,0.436478
28680,0.453123,0.394084
28681,0.425168,0.430777
28682,0.387021,0.389383
28683,0.426935,0.368914
28684,0.461648,0.351876
28685,0.417232,0.319440
28686,0.453257,0.305937
28687,0.484283,0.294715
28688,0.436113,0.269668
28689,0.469562,0.260821
28690,0.520387,0.314256
28691,0.548938,0.297737
28692,0.498488,0.276228
28693,0.466780,0.320248
28694,0.424301,0.294505
28695,0.398166,0.337058
28696,0.435519,0.322443
28697,0.413104,0.360091
28698,0.467755,0.417953
28699,0.425930,0.380194
28700,0.464462,0.358587
28701,0.423182,0.328403
28702,0.462084,0.311251
28703,0.509182,0.363244
28704,0.542606,0.340001
28705,0.507805,0.382934
28706,0.552939,0.434431
28707,0.506635,0.399980
28708,0.467155,0.371442
28709,0.431081,0.418618
28710,0.398472,0.386866
28711,0.371434,0.360603
28712,0.349061,0.338910
28713,0.321441,0.389538
28714,0.298898,0.434580
28715,0.280470,0.473767
28716,0.264119,0.432761
28717,0.309852,0.477696
28718,0.361014,0.441481
28719,0.407189,0.411166
28720,0.447807,0.385908
28721,0.420856,0.424268
28722,0.398307,0.457627
28723,0.452197,0.510127
28724,0.487341,0.479852
28725,0.534189,0.529065
28726,0.489239,0.482872
28727,0.451140,0.443806
28728,0.416638,0.485170
28729,0.387926,0.520512
28730,0.435961,0.562069
28731,0.478106,0.522962
28732,0.439501,0.478046
28733,0.481387,0.519521
28734,0.517220,0.554587
28735,0.558897,0.509788
28736,0.519814,0.471615
28737,0.475316,0.514108
28738,0.512444,0.550672
28739,0.479014,0.511992
28740,0.435933,0.553761
28741,0.473695,0.584380
28742,0.520231,0.536671
28743,0.559544,0.495547
28744,0.517199,0.531186
28745,0.550680,0.496215
28746,0.578793,0.466506
28747,0.543119,0.496783
28748,0.567129,0.471518
28749,0.513198,0.422886
28750,0.467063,0.382655
28751,0.502758,0.362554
28752,0.471993,0.399740
28753,0.520776,0.455207
28754,0.476187,0.414458
28755,0.517662,0.461898
28756,0.477960,0.501567
28757,0.440305,0.460432
28758,0.407337,0.500314
28759,0.379943,0.534230
28760,0.357238,0.562824
28761,0.338426,0.586813
28762,0.391545,0.625916
28763,0.438870,0.657929
28764,0.480026,0.684066
28765,0.515246,0.705410
28766,0.545077,0.722875
28767,0.570191,0.737208
28768,0.611514,0.688547
28769,0.645444,0.643568
28770,0.673192,0.603198
28771,0.628948,0.550392
28772,0.659708,0.513993
28773,0.616836,0.468023
28774,0.637076,0.511895
28775,0.599821,0.472809
28776,0.567201,0.439827
28777,0.511001,0.486277
28778,0.557217,0.448784
28779,0.595767,0.417350
28780,0.627649,0.391139
28781,0.583288,0.358102
28782,0.535894,0.400464
28783,0.495057,0.437708
28784,0.460376,0.469946
28785,0.505743,0.521762
28786,0.544261,0.565483
28787,0.579209,0.528305
28788,0.535004,0.480992
28789,0.496964,0.441009
28790,0.464641,0.407595
28791,0.512054,0.377186
28792,0.477425,0.350275
28793,0.510246,0.395014
28794,0.555568,0.362746
28795,0.519506,0.340214
28796,0.488678,0.321610
28797,0.441853,0.373363
28798,0.416174,0.348977
28799,0.394693,0.328848
28800,0.449328,0.303643
28801,0.422436,0.287739
28802,0.456888,0.330592
28803,0.412422,0.384514
28804,0.390087,0.361094
28805,0.371454,0.341689
28806,0.427229,0.313238
28807,0.476200,0.290102
28808,0.438023,0.339108
28809,0.406121,0.383717
28810,0.447244,0.361887
28811,0.419940,0.400657
28812,0.397104,0.434640
28813,0.378036,0.464030
28814,0.433843,0.519115
28815,0.482697,0.565626
28816,0.524522,0.604304
28817,0.559996,0.564371
28818,0.589689,0.529737
28819,0.541400,0.480031
28820,0.499697,0.438052
28821,0.539089,0.409041
28822,0.499742,0.447269
28823,0.458390,0.406386
28824,0.498062,0.382263
28825,0.456971,0.349307
28826,0.498352,0.399401
28827,0.463400,0.370803
28828,0.498599,0.414167
28829,0.468875,0.389490
28830,0.424394,0.441089
28831,0.460620,0.479502
28832,0.417518,0.524672
28833,0.381822,0.562780
28834,0.423518,0.594826
28835,0.459862,0.621455
28836,0.491111,0.643534
28837,0.465863,0.603810
28838,0.418185,0.640470
28839,0.451485,0.658848
28840,0.480148,0.674104
28841,0.430083,0.702543
28842,0.388585,0.725553
28843,0.425739,0.737017
28844,0.458012,0.746516
28845,0.511406,0.694719
28846,0.539146,0.711587
28847,0.562542,0.725481
28848,0.533293,0.683010
28849,0.553238,0.695517
28850,0.528311,0.657572
28851,0.470459,0.691038
28852,0.496196,0.701535
28853,0.549696,0.644927
28854,0.496767,0.674021
28855,0.542281,0.624172
28856,0.580450,0.579575
28857,0.535962,0.606160
28858,0.568547,0.567798
28859,0.595797,0.534520
28860,0.630541,0.580277
28861,0.652440,0.545295
28862,0.670565,0.515191
28863,0.685585,0.489506
28864,0.711798,0.542565
28865,0.723647,0.512854
28866,0.733478,0.487520
28867,0.753660,0.540887
28868,0.769986,0.585570
28869,0.777386,0.549880
28870,0.790344,0.593032
28871,0.743248,0.542437
28872,0.757396,0.505009
28873,0.711665,0.536095
28874,0.669020,0.562310
28875,0.697198,0.604186
28876,0.720046,0.638642
28877,0.738615,0.666863
28878,0.750819,0.622437
28879,0.760889,0.582951
28880,0.711760,0.531189
28881,0.665605,0.486613
28882,0.691073,0.451697
28883,0.646660,0.414467
28884,0.594926,0.456490
28885,0.625681,0.427099
28886,0.580959,0.462991
28887,0.541839,0.493819
28888,0.494427,0.445299
28889,0.454172,0.404827
28890,0.494716,0.380664
28891,0.454416,0.348058
28892,0.421172,0.390000
28893,0.393454,0.427005
28894,0.361174,0.386077
28895,0.404414,0.365872
28896,0.453948,0.419900
28897,0.418474,0.385215
28898,0.388956,0.356607
28899,0.430531,0.401949
28900,0.479025,0.369701
28901,0.440846,0.416356
28902,0.482895,0.461706
28903,0.444096,0.503228
28904,0.411626,0.538509
28905,0.457593,0.577124
28906,0.499085,0.535966
28907,0.538789,0.575000
28908,0.572175,0.607478
28909,0.526401,0.635744
28910,0.486783,0.588828
28911,0.522446,0.616188
28912,0.552595,0.638886
28913,0.577930,0.657708
28914,0.544752,0.618917
28915,0.566390,0.635326
28916,0.510409,0.670889
28917,0.462563,0.699670
28918,0.508848,0.646886
28919,0.548103,0.598948
28920,0.581024,0.556614
28921,0.540922,0.584414
28922,0.580682,0.620888
28923,0.608128,0.580020
28924,0.558787,0.529795
28925,0.515874,0.486582
28926,0.550033,0.525334
28927,0.578715,0.558053
28928,0.615546,0.511330
28929,0.645860,0.471427
28930,0.601463,0.435002
28931,0.624984,0.475705
28932,0.644527,0.510581
28933,0.675714,0.465300
28934,0.701061,0.427227
28935,0.657649,0.396955
28936,0.618514,0.371820
28937,0.654548,0.341764
28938,0.670569,0.385369
28939,0.632563,0.364212
28940,0.668371,0.332523
28941,0.630599,0.315710
28942,0.573392,0.368465
28943,0.538566,0.345412
28944,0.508651,0.326367
28945,0.483165,0.310615
28946,0.536426,0.285781
28947,0.581100,0.265637
28948,0.530977,0.314629
28949,0.487835,0.359851
28950,0.451281,0.400391
28951,0.420602,0.435982
28952,0.468446,0.489187
28953,0.506936,0.459795
28954,0.473169,0.490808
28955,0.431332,0.442497
28956,0.396502,0.402236
28957,0.441530,0.451063
28958,0.406702,0.490818
28959,0.450237,0.458366
28960,0.420439,0.492195
28961,0.384674,0.446239
28962,0.426482,0.419083
28963,0.475197,0.469886
28964,0.442283,0.505610
28965,0.414687,0.535945
28966,0.464949,0.579099
28967,0.433675,0.604063
28968,0.481421,0.639043
28969,0.447519,0.659049
28970,0.419068,0.675623
28971,0.395293,0.689374
28972,0.359482,0.634401
28973,0.340437,0.655206
28974,0.324641,0.672437
28975,0.379181,0.699664
28976,0.356761,0.713275
28977,0.396739,0.672353
28978,0.449910,0.701661
28979,0.421724,0.713209
28980,0.384408,0.658911
28981,0.433313,0.684465
28982,0.402227,0.702594
28983,0.448962,0.722763
28984,0.489443,0.739229
28985,0.523982,0.752716
28986,0.565644,0.705507
28987,0.600365,0.661525
28988,0.556862,0.608882
28989,0.519158,0.561993
28990,0.486921,0.521211
28991,0.534450,0.477980
28992,0.488882,0.518032
28993,0.454456,0.477119
28994,0.416342,0.517300
28995,0.388106,0.476497
28996,0.357292,0.516771
28997,0.404442,0.480019
28998,0.445996,0.448933
28999,0.481944,0.422811
29000,0.454047,0.456551
29001,0.505100,0.508859
29002,0.535768,0.478430
29003,0.578676,0.527512
29004,0.530417,0.481662
29005,0.563561,0.448591
29006,0.517333,0.410385
29007,0.477774,0.378720
29008,0.444347,0.352584
29009,0.416313,0.331034
29010,0.392895,0.313254
29011,0.445763,0.289465
29012,0.408569,0.339122
29013,0.453848,0.317933
29014,0.418704,0.295853
29015,0.387611,0.341776
29016,0.359190,0.315309
29017,0.334309,0.359523
29018,0.313855,0.399116
29019,0.363191,0.452440
29020,0.339655,0.413921
29021,0.320249,0.381970
29022,0.296273,0.426879
29023,0.280954,0.392697
29024,0.262050,0.436304
29025,0.246641,0.474190
29026,0.234032,0.506646
29027,0.222853,0.459344
29028,0.212850,0.493971
29029,0.204608,0.523462
29030,0.197791,0.548410
29031,0.243016,0.593832
29032,0.233235,0.541184
29033,0.275721,0.580020
29034,0.254437,0.608341
29035,0.295672,0.639784
29036,0.333596,0.665610
29037,0.367644,0.686815
29038,0.357055,0.642249
29039,0.386751,0.660939
29040,0.412683,0.676443
29041,0.435119,0.689325
29042,0.425569,0.651776
29043,0.372421,0.686166
29044,0.436603,0.630142
29045,0.464169,0.650403
29046,0.520809,0.597629
29047,0.544374,0.623437
29048,0.517691,0.583281
29049,0.569471,0.532091
29050,0.515039,0.570972
29051,0.543286,0.600910
29052,0.586896,0.553342
29053,0.622948,0.512090
29054,0.581850,0.470548
29055,0.618791,0.435637
29056,0.578193,0.401252
29057,0.615777,0.372840
29058,0.646689,0.349353
29059,0.598907,0.391254
29060,0.553257,0.356822
29061,0.510192,0.397894
29062,0.470475,0.362263
29063,0.434051,0.402715
29064,0.477420,0.454942
29065,0.443853,0.417014
29066,0.415706,0.385513
29067,0.392199,0.359460
29068,0.372598,0.337942
29069,0.407969,0.379646
29070,0.464330,0.345962
29071,0.421526,0.397140
29072,0.396162,0.370315
29073,0.361459,0.418893
29074,0.333043,0.461501
29075,0.377291,0.505445
29076,0.416617,0.542758
29077,0.450921,0.574117
29078,0.480465,0.600321
29079,0.533100,0.549517
29080,0.558123,0.579774
29081,0.579167,0.605039
29082,0.596835,0.626087
29083,0.639098,0.572261
29084,0.673429,0.525068
29085,0.701234,0.484565
29086,0.649121,0.521313
29087,0.604727,0.477592
29088,0.627826,0.518119
29089,0.589385,0.480950
29090,0.609322,0.515403
29091,0.625990,0.544587
29092,0.663246,0.494608
29093,0.626242,0.463067
29094,0.593562,0.436477
29095,0.565104,0.414154
29096,0.540566,0.395448
29097,0.555426,0.426830
29098,0.607836,0.381172
29099,0.650558,0.343916
29100,0.685092,0.313672
29101,0.647868,0.299641
29102,0.589205,0.353176
29103,0.626734,0.327028
29104,0.657494,0.305610
29105,0.682649,0.288038
29106,0.635138,0.332341
29107,0.586879,0.305467
29108,0.617351,0.290497
29109,0.645294,0.342131
29110,0.600266,0.318858
29111,0.632627,0.298230
29112,0.589015,0.279857
29113,0.550782,0.264796
29114,0.517786,0.252409
29115,0.489605,0.242187
29116,0.440409,0.291644
29117,0.473093,0.338582
29118,0.501068,0.381191
29119,0.450036,0.433109
29120,0.407430,0.478474
29121,0.372252,0.517346
29122,0.350143,0.475431
29123,0.390745,0.514746
29124,0.371532,0.479112
29125,0.355512,0.448975
29126,0.342143,0.423641
29127,0.308815,0.476163
29128,0.281956,0.521272
29129,0.260276,0.559373
29130,0.242720,0.591235
29131,0.228444,0.617738
29132,0.275449,0.577791
29133,0.319803,0.542994
29134,0.360298,0.513069
29135,0.344913,0.536570
29136,0.401609,0.585270
29137,0.379314,0.604574
29138,0.416065,0.572676
29139,0.448072,0.545068
29140,0.401900,0.487218
29141,0.382915,0.512933
29142,0.367050,0.534743
29143,0.424963,0.585158
29144,0.386237,0.529545
29145,0.354396,0.481633
29146,0.402831,0.525121
29147,0.447740,0.487135
29148,0.412531,0.446576
29149,0.382645,0.486727
29150,0.357912,0.521012
29151,0.407425,0.563373
29152,0.378415,0.591817
29153,0.354415,0.615528
29154,0.334570,0.635264
29155,0.386441,0.668192
29156,0.357910,0.615771
29157,0.333376,0.640495
29158,0.381029,0.668385
29159,0.423461,0.691206
29160,0.460466,0.709901
29161,0.418029,0.728079
29162,0.455763,0.742818
29163,0.504690,0.695312
29164,0.537231,0.716022
29165,0.564654,0.732941
29166,0.605114,0.686038
29167,0.555041,0.702276
29168,0.585688,0.724004
29169,0.619612,0.680208
29170,0.573034,0.694183
29171,0.602218,0.655097
29172,0.554068,0.597916
29173,0.587226,0.633043
29174,0.546008,0.583527
29175,0.584625,0.540784
29176,0.539137,0.571183
29177,0.574366,0.608014
29178,0.606671,0.566706
29179,0.561424,0.518274
29180,0.595923,0.482048
29181,0.552284,0.515535
29182,0.581815,0.484739
29183,0.606473,0.458644
29184,0.554642,0.412921
29185,0.509585,0.375172
29186,0.471133,0.344219
29187,0.433543,0.387261
29188,0.402166,0.425317
29189,0.443419,0.403714
29190,0.479133,0.385638
29191,0.435043,0.347168
29192,0.471924,0.332737
29193,0.519463,0.389240
29194,0.550933,0.367727
29195,0.590542,0.420741
29196,0.543335,0.386824
29197,0.502819,0.430333
29198,0.468331,0.468211
29199,0.427902,0.426257
29200,0.473071,0.472969
29201,0.437180,0.511856
29202,0.407167,0.544815
29203,0.446525,0.510078
29204,0.406634,0.463262
29205,0.446060,0.433955
29206,0.420380,0.468757
29207,0.381282,0.424182
29208,0.360537,0.460321
29209,0.343302,0.491386
29210,0.398226,0.541109
29211,0.365557,0.492678
29212,0.342779,0.526408
29213,0.384942,0.493776
29214,0.365101,0.522452
29215,0.419394,0.569261
29216,0.467189,0.608131
29217,0.508330,0.640145
29218,0.472100,0.592315
29219,0.507080,0.620011
29220,0.461913,0.649652
29221,0.498384,0.671760
29222,0.529413,0.689975
29223,0.498627,0.647651
29224,0.547287,0.593873
29225,0.573301,0.619065
29226,0.595103,0.639990
29227,0.562430,0.601745
29228,0.506834,0.639812
29229,0.553143,0.586819
29230,0.591824,0.540081
29231,0.623850,0.499758
29232,0.650258,0.465465
29233,0.605882,0.499794
29234,0.638397,0.545473
29235,0.660501,0.509531
29236,0.678759,0.478889
29237,0.693863,0.452958
29238,0.640579,0.408101
29239,0.597607,0.443381
29240,0.547654,0.400175
29241,0.504384,0.364606
29242,0.540540,0.414832
29243,0.503727,0.384116
29244,0.472387,0.358705
29245,0.445910,0.337706
29246,0.423636,0.320343
29247,0.404941,0.305963
29248,0.363158,0.359878
29249,0.398448,0.402225
29250,0.455758,0.367383
29251,0.413347,0.416594
29252,0.378257,0.459816
29253,0.420252,0.503436
29254,0.469436,0.465641
29255,0.511753,0.433806
29256,0.472786,0.397234
29257,0.435356,0.439037
29258,0.404093,0.475289
29259,0.372612,0.431753
29260,0.347471,0.469011
29261,0.391056,0.441890
29262,0.441359,0.493382
29263,0.406985,0.450544
29264,0.451127,0.420066
29265,0.420682,0.457924
29266,0.395260,0.490508
29267,0.446519,0.539071
29268,0.484638,0.505498
29269,0.517197,0.476909
29270,0.486941,0.504673
29271,0.439915,0.453422
29272,0.400742,0.410580
29273,0.368394,0.375176
29274,0.344790,0.416706
29275,0.325307,0.452988
29276,0.309205,0.484241
29277,0.295872,0.510913
29278,0.349611,0.561290
29279,0.398574,0.603180
29280,0.441896,0.637658
29281,0.479456,0.665906
29282,0.525366,0.621415
29283,0.482535,0.642508
29284,0.521566,0.603776
29285,0.485153,0.622066
29286,0.529150,0.658820
29287,0.491612,0.673394
29288,0.459763,0.685526
29289,0.432937,0.695643
29290,0.410434,0.704096
29291,0.464903,0.731577
29292,0.498039,0.693818
29293,0.526229,0.659511
29294,0.475256,0.597564
29295,0.522301,0.636903
29296,0.562012,0.668981
29297,0.592877,0.628074
29298,0.618558,0.591770
29299,0.639883,0.560087
29300,0.601308,0.578250
29301,0.619783,0.551143
29302,0.635222,0.527853
29303,0.648130,0.507957
29304,0.658936,0.491024
29305,0.598477,0.432185
29306,0.544532,0.383570
29307,0.584009,0.442258
29308,0.543839,0.474209
29309,0.497091,0.427068
29310,0.457364,0.387981
29311,0.423997,0.355834
29312,0.396158,0.329483
29313,0.363448,0.375193
29314,0.341128,0.345346
29315,0.315104,0.389436
29316,0.297437,0.357028
29317,0.276896,0.399848
29318,0.262967,0.365577
29319,0.246768,0.407427
29320,0.233537,0.444115
29321,0.222685,0.475804
29322,0.268453,0.527272
29323,0.311734,0.570611
29324,0.351345,0.606642
29325,0.407763,0.564578
29326,0.384783,0.517052
29327,0.421349,0.554977
29328,0.401576,0.514496
29329,0.385015,0.479916
29330,0.416036,0.512323
29331,0.370703,0.557662
29332,0.403520,0.584653
29333,0.360500,0.621737
29334,0.325587,0.652194
29335,0.312767,0.608425
29336,0.302089,0.569767
29337,0.358933,0.518640
29338,0.398490,0.549644
29339,0.433211,0.575707
29340,0.487503,0.523789
29341,0.533936,0.479205
29342,0.498502,0.445454
29343,0.454020,0.491373
29344,0.498727,0.453584
29345,0.460886,0.492667
29346,0.424500,0.451156
29347,0.393348,0.490585
29348,0.363853,0.449404
29349,0.338884,0.489081
29350,0.386649,0.531802
29351,0.361692,0.490718
29352,0.411287,0.452215
29353,0.454955,0.419913
29354,0.424373,0.459348
29355,0.388513,0.419013
29356,0.435580,0.465425
29357,0.478630,0.430831
29358,0.440783,0.397057
29359,0.483115,0.368957
29360,0.449600,0.412151
29361,0.485646,0.387890
29362,0.531970,0.439762
29363,0.570948,0.484960
29364,0.600812,0.448800
29365,0.553175,0.413103
29366,0.586016,0.456437
29367,0.540271,0.500380
29368,0.498848,0.462894
29369,0.538488,0.425873
29370,0.497323,0.394988
29371,0.532733,0.436863
29372,0.487920,0.484397
29373,0.449953,0.525057
29374,0.489732,0.486736
29375,0.457421,0.521304
29376,0.417045,0.475732
29377,0.383557,0.437282
29378,0.427245,0.405506
29379,0.400519,0.446611
29380,0.450914,0.493703
29381,0.489299,0.458996
29382,0.447255,0.420332
29383,0.416687,0.461356
29384,0.464481,0.506700
29385,0.429001,0.467135
29386,0.469795,0.505695
29387,0.430269,0.546886
29388,0.400634,0.507153
29389,0.368504,0.548115
29390,0.344704,0.508207
29391,0.387497,0.540933
29392,0.438798,0.493919
29393,0.403918,0.534814
29394,0.447488,0.569380
29395,0.418048,0.529606
29396,0.382441,0.570015
29397,0.424250,0.598874
29398,0.473195,0.550282
29399,0.515246,0.508172
29400,0.552005,0.547094
29401,0.587067,0.505437
29402,0.616204,0.469945
29403,0.645445,0.514706
29404,0.599275,0.474445
29405,0.624622,0.512501
29406,0.574434,0.553059
29407,0.603987,0.584801
29408,0.635288,0.538068
29409,0.590953,0.497784
29410,0.615792,0.532375
29411,0.577549,0.498117
29412,0.544275,0.468998
29413,0.491454,0.519164
29414,0.521442,0.548462
29415,0.492736,0.516291
29416,0.443480,0.563483
29417,0.476182,0.587929
29418,0.526726,0.535066
29419,0.569302,0.489456
29420,0.604728,0.450795
29421,0.634013,0.418376
29422,0.589385,0.458138
29423,0.541666,0.418125
29424,0.576204,0.464394
29425,0.535439,0.430232
29426,0.574824,0.396214
29427,0.534244,0.368474
29428,0.499370,0.345552
29429,0.454281,0.395668
29430,0.416509,0.440112
29431,0.458149,0.485001
29432,0.428848,0.449027
29433,0.391115,0.493125
29434,0.367357,0.455873
29435,0.418393,0.419853
29436,0.386503,0.462465
29437,0.360130,0.499147
29438,0.408384,0.542929
29439,0.452994,0.505340
29440,0.491546,0.473324
29441,0.449603,0.430002
29442,0.414483,0.393976
29443,0.458304,0.368288
29444,0.501589,0.417714
29445,0.463529,0.460425
29446,0.501351,0.429880
29447,0.543832,0.478141
29448,0.505149,0.514998
29449,0.547033,0.556170
29450,0.507892,0.586862
29451,0.540011,0.547800
29452,0.492471,0.499589
29453,0.452134,0.458581
29454,0.419311,0.498548
29455,0.391951,0.532554
29456,0.431248,0.498765
29457,0.465366,0.470042
29458,0.516183,0.520549
29459,0.559156,0.563192
29460,0.513756,0.517469
29461,0.549772,0.479014
29462,0.505687,0.440143
29463,0.468119,0.407652
29464,0.504834,0.449054
29465,0.536017,0.484833
29466,0.504109,0.456654
29467,0.455783,0.507503
29468,0.503493,0.463130
29469,0.462389,0.506378
29470,0.502318,0.543494
29471,0.468014,0.505421
29472,0.501971,0.536996
29473,0.547630,0.488960
29474,0.511705,0.456613
29475,0.555817,0.416407
29476,0.518734,0.389863
29477,0.472670,0.439872
29478,0.441204,0.409409
29479,0.402992,0.457001
29480,0.371394,0.498116
29481,0.346590,0.458251
29482,0.395151,0.423992
29483,0.440545,0.468896
29484,0.410511,0.435254
29485,0.458516,0.399898
29486,0.423707,0.444880
29487,0.468133,0.488750
29488,0.509639,0.451382
29489,0.547730,0.494335
29490,0.579691,0.530937
29491,0.613673,0.487124
29492,0.570247,0.451483
29493,0.532437,0.421560
29494,0.499985,0.396562
29495,0.452752,0.448253
29496,0.487344,0.485794
29497,0.534663,0.443103
29498,0.489242,0.487924
29499,0.525562,0.526402
29500,0.481484,0.564374
29501,0.521733,0.522448
29502,0.558979,0.561224
29503,0.592410,0.519732
29504,0.550197,0.552113
29505,0.578799,0.516775
29506,0.542707,0.544341
29507,0.492543,0.492983
29508,0.461466,0.524210
29509,0.419371,0.475807
29510,0.393822,0.509612
29511,0.359726,0.463431
29512,0.401303,0.433567
29513,0.365864,0.395427
29514,0.345239,0.435802
29515,0.385208,0.410748
29516,0.367251,0.445348
29517,0.423340,0.498314
29518,0.386411,0.453495
29519,0.427326,0.424157
29520,0.389702,0.387324
29521,0.430212,0.363577
29522,0.465418,0.343898
29523,0.440572,0.383223
29524,0.419680,0.417919
29525,0.449420,0.400230
29526,0.474995,0.385394
29527,0.422474,0.344381
29528,0.451832,0.332543
29529,0.403279,0.300009
29530,0.363411,0.273841
29531,0.400342,0.264995
29532,0.361012,0.244357
29533,0.344471,0.284674
29534,0.330699,0.321916
29535,0.300080,0.290073
29536,0.354510,0.346777
29537,0.334307,0.386802
29538,0.308023,0.351105
29539,0.292049,0.390649
29540,0.278861,0.425453
29541,0.320247,0.406634
29542,0.375756,0.464124
29543,0.354499,0.494697
29544,0.324874,0.445948
29545,0.375329,0.495492
29546,0.349625,0.528843
29547,0.393408,0.496168
29548,0.432053,0.468409
29549,0.482992,0.519726
29550,0.442146,0.473138
29551,0.408010,0.433871
29552,0.450763,0.477161
29553,0.413583,0.518451
29554,0.382721,0.553372
29555,0.357201,0.582660
29556,0.399796,0.545414
29557,0.365336,0.495912
29558,0.344034,0.528696
29559,0.395442,0.571041
29560,0.368944,0.598129
29561,0.417713,0.632553
29562,0.461020,0.590702
29563,0.504414,0.626446
29564,0.466848,0.577334
29565,0.509826,0.534806
29566,0.546643,0.572711
29567,0.577558,0.604289
29568,0.603375,0.630474
29569,0.566072,0.589007
29570,0.607113,0.538452
29571,0.556252,0.575880
29572,0.512029,0.607041
29573,0.549081,0.636453
29574,0.584410,0.590576
29575,0.613787,0.550265
29576,0.643312,0.589482
29577,0.666805,0.549313
29578,0.686148,0.514635
29579,0.702099,0.485034
29580,0.715283,0.459948
29581,0.726209,0.438778
29582,0.672964,0.392582
29583,0.623832,0.354741
29584,0.579918,0.323926
29585,0.541539,0.298870
29586,0.493518,0.342529
29587,0.452760,0.381897
29588,0.492854,0.436780
29589,0.459812,0.399085
29590,0.493926,0.446183
29591,0.448183,0.488031
29592,0.409949,0.523757
29593,0.455911,0.489826
29594,0.423224,0.520197
29595,0.469444,0.565964
29596,0.509219,0.530533
29597,0.474018,0.556160
29598,0.433238,0.503351
29599,0.472880,0.472965
29600,0.443159,0.502848
29601,0.492462,0.551811
29602,0.451627,0.502421
29603,0.419304,0.535222
29604,0.385804,0.488214
29605,0.358143,0.448387
29606,0.405134,0.415790
29607,0.374093,0.383171
29608,0.419092,0.428232
29609,0.465681,0.394106
29610,0.431229,0.366861
29611,0.476198,0.339489
29612,0.516166,0.385219
29613,0.549998,0.425789
29614,0.504059,0.475685
29615,0.542537,0.436791
29616,0.500434,0.405467
29617,0.461322,0.452148
29618,0.500369,0.419379
29619,0.533575,0.392061
29620,0.486896,0.359732
29621,0.453714,0.402823
29622,0.500267,0.452631
29623,0.460626,0.417108
29624,0.500227,0.459703
29625,0.533905,0.496403
29626,0.500193,0.465727
29627,0.546360,0.422570
29628,0.500164,0.470855
29629,0.460864,0.512367
29630,0.500139,0.475219
29631,0.541570,0.518595
29632,0.576362,0.555270
29633,0.605365,0.585994
29634,0.629455,0.611602
29635,0.649443,0.632901
29636,0.596353,0.665064
29637,0.621975,0.682000
29638,0.582185,0.641769
29639,0.604261,0.656680
29640,0.550088,0.689031
29641,0.588983,0.634426
29642,0.542614,0.662902
29643,0.576962,0.683210
29644,0.536247,0.639874
29645,0.490943,0.670430
29646,0.452522,0.695328
29647,0.420286,0.715635
29648,0.386532,0.669520
29649,0.358662,0.627533
29650,0.403085,0.645682
29651,0.442171,0.660787
29652,0.417333,0.624829
29653,0.378128,0.663044
29654,0.358088,0.626836
29655,0.326760,0.664671
29656,0.367908,0.677186
29657,0.422030,0.619883
29658,0.386981,0.652430
29659,0.433575,0.602453
29660,0.400484,0.558549
29661,0.443446,0.587428
29662,0.480668,0.611518
29663,0.512493,0.631579
29664,0.539475,0.648284
29665,0.584794,0.592216
29666,0.606946,0.615507
29667,0.552976,0.649573
29668,0.591295,0.598674
29669,0.623034,0.553619
29670,0.578252,0.509986
29671,0.612251,0.470785
29672,0.568759,0.433879
29673,0.595866,0.475160
29674,0.545628,0.518458
29675,0.502141,0.555070
29676,0.539983,0.589714
29677,0.571807,0.618492
29678,0.524690,0.647568
29679,0.484257,0.671461
29680,0.520991,0.626472
29681,0.486618,0.647389
29682,0.532339,0.676896
29683,0.488624,0.626316
29684,0.452668,0.651765
29685,0.496845,0.676772
29686,0.534592,0.630490
29687,0.571818,0.659342
29688,0.602849,0.682980
29689,0.628601,0.702361
29690,0.587769,0.657546
29691,0.552060,0.617066
29692,0.595105,0.563289
29693,0.617193,0.590326
29694,0.581113,0.553875
29695,0.600129,0.577012
29696,0.543108,0.618666
29697,0.493673,0.652775
29698,0.536667,0.601401
29699,0.569175,0.628164
29700,0.604653,0.579430
29701,0.562013,0.536360
29702,0.598715,0.493093
29703,0.625260,0.531220
29704,0.576149,0.568691
29705,0.533735,0.526292
29706,0.564866,0.558490
29707,0.602256,0.511334
29708,0.633142,0.471058
29709,0.588299,0.435005
29710,0.540874,0.478716
29711,0.499936,0.516156
29712,0.465119,0.547854
29713,0.510417,0.587817
29714,0.545179,0.548213
29715,0.508855,0.574860
29716,0.552680,0.614066
29717,0.589324,0.646286
29718,0.544824,0.597430
29719,0.580687,0.552887
29720,0.611307,0.588381
29721,0.568750,0.545000
29722,0.531734,0.507555
29723,0.483816,0.550451
29724,0.452157,0.512229
29725,0.412160,0.554382
29726,0.451734,0.584576
29727,0.499553,0.536510
29728,0.540240,0.495078
29729,0.574428,0.459891
29730,0.602952,0.430279
29731,0.626666,0.405488
29732,0.646360,0.384782
29733,0.662721,0.367501
29734,0.676330,0.353074
29735,0.687669,0.341016
29736,0.630342,0.306885
29737,0.578462,0.279432
29738,0.532908,0.257317
29739,0.492249,0.298231
29740,0.453150,0.272467
29741,0.419127,0.312257
29742,0.390788,0.348436
29743,0.367258,0.380647
29744,0.336842,0.338822
29745,0.311998,0.305119
29746,0.294051,0.342010
29747,0.338010,0.331905
29748,0.390688,0.392211
29749,0.365671,0.426867
29750,0.344957,0.456915
29751,0.316867,0.408741
29752,0.300464,0.441243
29753,0.351959,0.496551
29754,0.329381,0.524805
29755,0.378375,0.571573
29756,0.422115,0.610377
29757,0.460310,0.642316
29758,0.508254,0.599044
29759,0.548921,0.560977
29760,0.507016,0.584497
29761,0.471295,0.604195
29762,0.431399,0.547960
29763,0.398154,0.499117
29764,0.442844,0.465944
29765,0.481602,0.437971
29766,0.526180,0.488646
29767,0.484360,0.447200
29768,0.448961,0.412516
29769,0.493547,0.382207
29770,0.531554,0.357136
29771,0.488940,0.330005
29772,0.452005,0.375086
29773,0.416390,0.344703
29774,0.386112,0.388276
29775,0.428746,0.366782
29776,0.402723,0.404589
29777,0.367275,0.365711
29778,0.346375,0.403644
29779,0.398327,0.458083
29780,0.444417,0.505210
29781,0.410368,0.539206
29782,0.454933,0.578767
29783,0.497981,0.538473
29784,0.459762,0.492515
29785,0.498283,0.532720
29786,0.465777,0.493638
29787,0.498541,0.527823
29788,0.526411,0.556690
29789,0.573229,0.506654
29790,0.612051,0.463980
29791,0.643986,0.428092
29792,0.595693,0.469368
29793,0.623352,0.438760
29794,0.652357,0.487208
29795,0.605451,0.447874
29796,0.563954,0.414926
29797,0.527937,0.387495
29798,0.571583,0.356155
29799,0.534518,0.334216
29800,0.502694,0.316112
29801,0.529353,0.357599
29802,0.502290,0.341652
29803,0.479269,0.328370
29804,0.427462,0.385506
29805,0.384599,0.436760
29806,0.420371,0.475942
29807,0.378775,0.520945
29808,0.344744,0.558960
29809,0.327275,0.516766
29810,0.300295,0.555450
29811,0.278394,0.587829
29812,0.260569,0.614777
29813,0.307981,0.574869
29814,0.357424,0.613230
29815,0.332479,0.635639
29816,0.379689,0.666362
29817,0.356074,0.616096
29818,0.336531,0.571277
29819,0.388842,0.525493
29820,0.435471,0.486205
29821,0.405077,0.521674
29822,0.452537,0.562936
29823,0.493325,0.523600
29824,0.534480,0.564550
29825,0.494563,0.593946
29826,0.460668,0.618422
29827,0.432129,0.638769
29828,0.466549,0.601190
29829,0.442211,0.618815
29830,0.471555,0.586342
29831,0.525636,0.630311
29832,0.550621,0.596412
29833,0.571665,0.566841
29834,0.589353,0.541318
29835,0.561032,0.556910
29836,0.609878,0.608450
29837,0.624466,0.579604
29838,0.564890,0.518662
29839,0.512659,0.466347
29840,0.542849,0.441144
29841,0.568274,0.419952
29842,0.536447,0.449908
29843,0.558134,0.431796
29844,0.530995,0.457382
29845,0.549476,0.441927
29846,0.600013,0.503390
29847,0.615093,0.480868
29848,0.555405,0.428378
29849,0.598316,0.483736
29850,0.561681,0.513696
29851,0.603505,0.560867
29852,0.566203,0.585788
29853,0.607239,0.624333
29854,0.628648,0.585446
29855,0.591546,0.606299
29856,0.631280,0.644144
29857,0.578058,0.590737
29858,0.539183,0.616470
29859,0.505741,0.637847
29860,0.458470,0.585103
29861,0.493113,0.545159
29862,0.447830,0.498049
29863,0.419843,0.532853
29864,0.382718,0.487527
29865,0.431703,0.527936
29866,0.399794,0.489397
29867,0.445708,0.448949
29868,0.414505,0.490987
29869,0.453801,0.456565
29870,0.487683,0.427615
29871,0.535559,0.477170
29872,0.575778,0.519688
29873,0.609214,0.555629
29874,0.564550,0.516737
29875,0.525712,0.483500
29876,0.567028,0.439529
29877,0.527850,0.411899
29878,0.494257,0.388835
29879,0.465731,0.369611
29880,0.441653,0.353586
29881,0.397308,0.410397
29882,0.432515,0.446996
29883,0.486455,0.404745
29884,0.517278,0.442083
29885,0.468535,0.493032
29886,0.427534,0.536495
29887,0.393428,0.573033
29888,0.437138,0.604513
29889,0.409027,0.562202
29890,0.446489,0.589200
29891,0.404991,0.625413
29892,0.370731,0.655144
29893,0.412947,0.676055
29894,0.462640,0.626113
29895,0.500243,0.652143
29896,0.532221,0.673582
29897,0.574645,0.623868
29898,0.536641,0.578293
29899,0.563580,0.605898
29900,0.604632,0.556577
29901,0.626527,0.587802
29902,0.659504,0.540747
29903,0.608198,0.574847
29904,0.636897,0.534657
29905,0.592373,0.563753
29906,0.617189,0.529471
29907,0.649699,0.574539
29908,0.669514,0.538775
29909,0.617988,0.488836
29910,0.571946,0.446523
29911,0.531771,0.411133
29912,0.486584,0.454586
29913,0.448319,0.492101
29914,0.488596,0.461369
29915,0.530874,0.510103
29916,0.491886,0.541999
29917,0.451430,0.494293
29918,0.417520,0.453790
29919,0.389284,0.419817
29920,0.437804,0.387564
29921,0.480043,0.360892
29922,0.516196,0.338869
29923,0.483034,0.380891
29924,0.513768,0.361679
29925,0.539819,0.345686
29926,0.585847,0.401907
29927,0.533866,0.367642
29928,0.563700,0.345722
29929,0.528798,0.386750
29930,0.479453,0.351916
29931,0.449677,0.392262
29932,0.499061,0.445460
29933,0.541089,0.491734
29934,0.573662,0.456361
29935,0.527241,0.418701
29936,0.488074,0.460520
29937,0.523161,0.430725
29938,0.478032,0.393049
29939,0.514628,0.368872
29940,0.556079,0.419647
29941,0.512435,0.387817
29942,0.547722,0.431536
29943,0.584746,0.396083
29944,0.542517,0.369526
29945,0.497736,0.418284
29946,0.459673,0.461065
29947,0.502156,0.504913
29948,0.538267,0.542151
29949,0.568663,0.573453
29950,0.605960,0.525942
29951,0.636737,0.485150
29952,0.660564,0.525427
29953,0.685043,0.484711
29954,0.703899,0.525054
29955,0.723220,0.484394
29956,0.738086,0.524785
29957,0.753323,0.484165
29958,0.707802,0.446293
29959,0.665477,0.414567
29960,0.627243,0.388136
29961,0.663319,0.355867
29962,0.608818,0.404469
29963,0.640239,0.376520
29964,0.592906,0.418521
29965,0.547344,0.382329
29966,0.579225,0.430571
29967,0.532404,0.473095
29968,0.566717,0.515597
29969,0.595402,0.551571
29970,0.619289,0.581744
29971,0.639154,0.606928
29972,0.671186,0.555576
29973,0.630446,0.517307
29974,0.576036,0.559314
29975,0.528232,0.594388
29976,0.561832,0.623076
29977,0.589964,0.646808
29978,0.613430,0.666432
29979,0.647769,0.614457
29980,0.666521,0.639681
29981,0.682059,0.660538
29982,0.708605,0.609127
29983,0.667118,0.566071
29984,0.629660,0.528644
29985,0.666189,0.481499
29986,0.628831,0.449546
29987,0.665518,0.410250
29988,0.610193,0.457074
29989,0.632800,0.497877
29990,0.594092,0.463488
29991,0.560223,0.434515
29992,0.580243,0.468949
29993,0.523288,0.519007
29994,0.474335,0.561297
29995,0.433073,0.596580
29996,0.472301,0.624681
29997,0.431371,0.653068
29998,0.470832,0.675473
29999,0.516289,0.626788
